over_number,wickets_fallen,batsman_avg,bowler_econ,strike_rate,match_phase,runs_in_over
5,0,43.7,5.88,81.6,0,6.0
39,9,36.5,6.1,105.0,1,4.0
33,8,22.0,5.34,107.9,1,5.0
22,5,44.6,5.48,93.2,1,3.0
22,9,47.1,4.64,83.8,1,2.0
43,9,38.0,6.1,93.8,2,6.0
5,1,55.4,5.57,84.4,0,4.0
35,9,44.2,5.06,84.5,1,2.0
11,2,42.1,6.54,129.2,1,7.0
5,2,46.7,6.27,80.5,0,14.0
27,7,30.9,3.66,100.2,1,1.0
49,9,24.6,5.56,89.4,2,3.0
37,9,34.2,4.35,65.5,1,5.0
39,9,48.2,5.67,64.8,1,6.0
36,9,32.7,2.0,88.4,1,1.0
40,9,41.7,5.74,50.9,2,9.0
26,6,42.6,6.35,89.4,1,12.0
7,4,40.0,5.37,82.8,0,5.0
42,6,27.8,4.1,81.1,2,3.0
23,2,40.7,7.85,114.5,1,9.0
26,9,34.6,6.89,87.2,1,8.0
19,7,51.6,4.86,89.4,1,2.0
10,2,47.1,5.19,78.5,0,3.0
47,9,38.0,3.12,89.4,2,2.0
40,9,52.1,6.07,109.4,2,5.0
33,9,40.7,3.86,72.8,1,5.0
21,6,24.6,6.3,100.6,1,1.0
42,9,37.4,6.73,41.7,2,8.0
28,9,51.1,5.42,115.3,1,3.0
23,6,31.4,4.22,78.9,1,1.0
23,8,37.5,5.5,88.3,1,5.0
12,6,27.1,5.5,88.0,1,1.0
5,2,28.4,5.61,70.5,0,3.0
28,9,31.3,4.38,69.0,1,5.0
45,9,28.2,5.73,100.4,2,2.0
4,2,33.1,5.26,101.4,0,6.0
43,9,51.9,3.91,72.3,2,8.0
42,9,37.7,7.11,100.8,2,8.0
14,4,44.3,7.61,101.2,1,10.0
32,8,46.7,6.72,82.4,1,10.0
9,4,29.1,6.54,64.1,0,7.0
38,9,31.3,7.62,89.2,1,7.0
36,9,44.1,4.24,97.3,1,3.0
18,0,32.9,4.23,88.8,1,7.0
4,0,43.6,5.0,78.2,0,5.0
49,9,38.0,5.86,99.3,2,8.0
23,6,26.4,5.5,115.3,1,3.0
45,9,35.1,4.28,74.6,2,1.0
34,9,38.0,5.5,84.0,1,4.0
39,9,33.8,5.39,144.9,1,4.0
38,8,33.1,6.51,95.8,1,4.0
10,0,34.1,5.5,64.7,0,4.0
19,8,37.9,3.21,80.4,1,1.0
24,5,39.3,5.96,89.4,1,7.0
25,9,45.6,7.4,97.6,1,6.0
3,1,37.8,5.53,96.2,0,7.0
28,5,46.9,6.68,77.3,1,7.0
8,3,33.3,4.89,127.1,0,6.0
38,9,28.4,6.18,91.7,1,4.0
35,9,35.6,4.61,80.9,1,3.0
47,9,41.7,5.2,65.6,2,8.0
38,9,44.9,5.21,72.1,1,2.0
19,6,49.7,6.07,65.1,1,5.0
49,9,40.3,4.51,86.2,2,4.0
21,3,44.0,3.74,72.3,1,5.0
17,3,49.0,6.06,105.7,1,14.0
46,9,31.8,6.02,78.3,2,6.0
19,5,36.3,5.63,106.8,1,4.0
4,4,60.2,6.62,99.8,0,13.0
24,9,44.9,5.5,102.9,1,2.0
40,9,42.1,5.84,107.9,2,6.0
10,2,45.1,5.08,129.9,0,14.0
24,5,27.3,5.19,73.0,1,4.0
7,5,32.8,5.91,106.9,0,4.0
35,9,29.9,8.22,98.0,1,4.0
24,5,41.3,6.39,111.3,1,6.0
17,4,35.0,6.16,92.2,1,5.0
12,1,38.8,6.43,113.5,1,7.0
29,6,35.5,2.68,64.2,1,1.0
34,6,25.0,5.88,69.9,1,1.0
48,9,45.1,6.59,78.6,2,6.0
22,4,23.9,5.6,88.5,1,5.0
9,1,32.2,5.45,90.9,0,6.0
42,9,27.5,4.37,75.2,2,2.0
32,9,31.0,4.98,70.2,1,5.0
36,9,39.6,4.5,76.9,1,2.0
5,1,47.9,6.7,55.8,0,9.0
16,2,25.5,7.3,84.2,1,10.0
39,9,33.5,7.82,88.8,1,5.0
42,9,24.0,4.48,98.8,2,1.0
22,9,33.2,4.7,93.3,1,5.0
41,6,38.6,4.6,125.9,2,2.0
43,9,44.1,4.28,106.2,2,7.0
20,7,21.1,4.3,104.7,1,2.0
45,9,42.4,4.88,97.3,2,7.0
15,4,30.2,6.55,100.7,1,8.0
12,4,28.3,4.64,85.6,1,2.0
35,9,38.5,6.76,92.0,1,6.0
32,9,43.0,7.14,128.4,1,5.0
7,4,38.0,5.84,88.6,0,6.0
42,7,38.0,6.97,63.4,2,7.0
10,1,38.0,3.87,103.9,0,7.0
41,8,32.2,4.83,107.5,2,6.0
1,1,42.8,5.73,93.1,0,4.0
40,9,46.6,5.5,52.4,2,3.0
40,9,46.1,7.22,115.7,2,10.0
40,9,37.8,4.3,94.6,2,7.0
34,9,47.0,4.86,83.8,1,5.0
24,7,29.8,5.4,113.8,1,3.0
36,9,52.3,4.88,49.5,1,3.0
14,5,29.8,4.25,92.2,1,2.0
40,9,38.0,4.93,79.2,2,2.0
28,9,38.0,5.21,89.4,1,6.0
23,7,38.0,7.24,94.9,1,6.0
26,9,38.9,4.28,72.7,1,2.0
29,9,29.8,6.48,112.8,1,6.0
2,1,56.9,7.03,40.8,0,10.0
7,2,52.6,4.88,100.2,0,9.0
13,2,50.4,5.81,64.7,1,6.0
6,5,38.7,6.19,80.8,0,1.0
22,6,45.8,5.99,85.2,1,9.0
34,9,37.6,5.6,108.2,1,4.0
33,9,47.0,4.69,134.1,1,5.0
24,9,34.7,6.29,54.4,1,1.0
43,9,50.7,5.05,98.9,2,10.0
29,9,34.3,5.53,134.0,1,3.0
4,1,35.2,5.71,89.4,0,5.0
39,8,34.3,6.53,77.3,1,3.0
29,7,39.5,7.81,94.7,1,6.0
32,9,34.9,4.61,106.6,1,4.0
29,6,41.9,5.56,103.2,1,5.0
28,5,34.2,3.72,82.8,1,2.0
5,0,44.3,7.28,73.9,0,6.0
28,9,50.1,5.55,116.3,1,3.0
40,6,38.6,5.14,74.5,2,5.0
16,7,55.7,5.56,51.7,1,2.0
31,5,47.0,5.62,60.9,1,5.0
2,0,55.1,5.5,78.5,0,12.0
18,4,37.5,6.93,119.9,1,7.0
22,4,24.7,5.5,66.2,1,4.0
50,9,32.4,6.44,120.4,2,7.0
11,1,33.2,4.68,116.1,1,4.0
14,7,30.4,4.62,94.5,1,1.0
21,2,20.4,5.36,39.0,1,1.0
50,9,46.2,6.46,66.3,2,5.0
43,9,23.1,6.1,77.3,2,4.0
2,0,45.4,4.57,124.6,0,5.0
12,2,55.5,6.3,78.6,1,10.0
42,9,31.8,4.33,74.5,2,4.0
3,0,41.1,4.71,93.8,0,6.0
43,9,34.8,5.69,61.8,2,13.0
15,6,44.6,4.09,89.5,1,2.0
46,9,28.4,4.34,74.0,2,2.0
15,3,36.9,7.36,143.8,1,13.0
22,7,47.0,7.14,71.6,1,4.0
34,9,37.6,8.25,128.6,1,10.0
7,4,25.0,6.04,67.2,0,4.0
28,6,47.9,6.27,95.3,1,7.0
26,5,27.6,5.31,100.0,1,5.0
40,9,38.6,5.08,92.8,2,10.0
50,9,42.7,6.55,91.6,2,8.0
34,9,39.0,7.13,107.2,1,2.0
21,3,58.3,6.44,98.3,1,8.0
21,5,43.9,4.49,89.4,1,6.0
21,6,36.4,5.97,76.5,1,2.0
41,9,42.8,4.58,86.7,2,3.0
17,3,39.7,5.11,86.4,1,9.0
9,2,38.4,7.46,86.0,0,7.0
17,1,40.0,5.5,91.5,1,7.0
2,1,34.5,8.1,61.8,0,9.0
6,4,39.7,6.16,69.4,0,6.0
5,0,34.0,4.94,106.6,0,2.0
39,9,22.8,5.58,45.0,1,5.0
37,5,47.1,4.68,113.9,1,7.0
35,9,33.5,4.84,78.8,1,5.0
24,6,39.1,5.59,123.4,1,3.0
36,8,31.9,5.5,114.5,1,2.0
9,3,32.2,4.38,83.5,0,2.0
46,9,29.7,5.23,85.5,2,4.0
26,9,45.6,3.92,121.9,1,5.0
47,9,47.5,3.97,115.5,2,13.0
8,2,38.2,3.96,109.5,0,2.0
25,9,33.7,7.51,112.9,1,1.0
35,9,24.5,5.99,68.2,1,1.0
25,5,44.4,6.22,94.1,1,5.0
23,4,32.6,5.51,74.6,1,3.0
9,5,29.1,6.11,67.7,0,3.0
20,8,38.2,6.91,93.3,1,3.0
12,3,35.3,5.99,81.7,1,2.0
16,8,25.9,7.47,86.7,1,3.0
35,8,38.0,5.46,80.0,1,2.0
32,6,40.7,6.22,64.9,1,4.0
31,9,32.8,5.5,123.9,1,3.0
19,8,42.1,4.38,93.1,1,2.0
48,9,39.2,5.55,61.2,2,7.0
5,0,46.4,3.29,93.6,0,6.0
18,3,31.3,5.34,120.4,1,6.0
6,2,39.9,5.17,109.2,0,7.0
17,6,43.1,5.09,79.6,1,5.0
49,9,33.0,5.01,80.1,2,8.0
19,3,47.0,6.11,70.9,1,5.0
46,9,24.7,4.44,75.2,2,2.0
25,9,31.3,7.73,76.8,1,1.0
35,9,24.4,6.18,60.6,1,5.0
23,9,32.1,4.54,81.1,1,5.0
14,6,36.8,6.28,96.9,1,2.0
39,9,44.7,6.69,81.7,1,11.0
49,9,36.8,5.94,94.3,2,8.0
14,8,33.2,4.29,122.4,1,2.0
39,9,25.6,8.18,126.7,1,6.0
14,6,28.3,6.27,88.6,1,4.0
36,9,40.5,4.0,107.6,1,5.0
40,9,45.1,5.75,86.7,2,6.0
23,4,34.6,5.24,80.2,1,5.0
37,9,47.7,5.51,67.7,1,3.0
14,4,30.4,4.07,91.7,1,2.0
4,1,34.9,5.57,111.7,0,9.0
5,2,35.6,4.5,64.5,0,6.0
23,9,50.2,5.08,84.3,1,3.0
46,9,39.1,5.96,83.3,2,12.0
7,4,23.6,4.93,89.4,0,5.0
23,9,45.6,5.15,95.3,1,2.0
36,9,52.8,6.48,100.7,1,8.0
11,3,36.0,4.43,127.9,1,3.0
37,9,30.8,4.72,72.6,1,1.0
16,9,44.9,3.99,71.5,1,5.0
41,9,53.7,4.51,94.9,2,7.0
29,9,44.8,5.65,119.1,1,2.0
28,4,25.0,5.5,60.8,1,6.0
9,1,44.0,4.53,96.6,0,3.0
24,8,38.0,6.23,86.0,1,2.0
43,9,30.4,5.63,107.1,2,7.0
1,0,48.3,3.84,102.6,0,9.0
38,9,41.5,5.71,91.0,1,5.0
25,9,48.5,6.93,99.8,1,3.0
36,9,29.5,3.23,76.8,1,5.0
34,9,41.2,7.91,106.0,1,7.0
22,3,30.8,4.77,117.7,1,4.0
16,3,40.0,3.52,89.4,1,2.0
32,7,49.8,5.67,89.4,1,5.0
8,1,26.6,6.5,87.1,0,8.0
30,9,27.0,5.16,105.8,1,5.0
5,1,45.6,5.87,89.2,0,8.0
33,9,37.9,8.04,66.0,1,5.0
32,9,47.4,5.75,109.0,1,4.0
5,0,31.5,9.08,70.3,0,10.0
38,9,38.4,7.02,98.5,1,5.0
21,5,43.5,5.56,52.7,1,13.0
40,9,39.7,5.85,92.2,2,9.0
3,0,38.0,5.12,88.6,0,2.0
9,2,60.6,5.8,50.7,0,3.0
25,9,39.7,6.17,96.7,1,6.0
10,6,38.0,5.02,68.0,0,1.0
17,9,40.5,3.84,91.7,1,3.0
34,9,41.4,7.09,81.8,1,4.0
8,2,46.0,5.5,60.4,0,7.0
34,5,45.4,3.8,69.1,1,2.0
6,2,36.3,5.5,70.7,0,6.0
9,1,24.2,6.73,109.6,0,4.0
30,9,41.7,6.61,106.7,1,5.0
40,6,24.9,4.67,133.9,2,7.0
9,0,38.0,6.68,79.8,0,3.0
15,9,32.1,5.52,79.1,1,1.0
47,9,43.1,5.97,92.7,2,11.0
50,9,32.8,4.4,82.9,2,8.0
30,7,34.1,2.0,78.3,1,2.0
23,7,31.6,4.57,91.1,1,5.0
18,3,43.7,6.14,104.1,1,7.0
31,9,33.0,5.25,47.8,1,5.0
30,9,44.1,6.28,78.6,1,5.0
15,6,33.2,6.83,61.9,1,4.0
2,0,36.1,5.1,86.9,0,6.0
8,2,38.3,4.99,98.7,0,6.0
48,9,39.2,2.88,89.4,2,6.0
21,9,30.6,3.64,81.3,1,1.0
25,8,43.6,3.89,92.1,1,1.0
24,6,35.8,6.17,56.4,1,2.0
40,9,42.4,5.12,72.8,2,6.0
4,1,37.9,4.86,94.1,0,9.0
5,0,42.7,4.72,62.8,0,8.0
14,1,34.7,4.57,114.7,1,3.0
25,4,31.7,6.61,100.5,1,10.0
34,9,41.4,5.61,71.9,1,3.0
25,9,34.1,6.69,60.4,1,2.0
23,8,49.7,2.87,75.6,1,4.0
47,9,38.5,6.14,72.0,2,7.0
9,6,27.0,4.92,65.7,0,3.0
29,9,33.3,5.16,61.9,1,1.0
28,9,30.0,7.12,85.4,1,2.0
24,6,46.6,5.03,104.6,1,3.0
41,9,44.2,5.5,75.8,2,11.0
14,4,37.5,4.28,98.9,1,3.0
48,9,38.0,5.54,83.4,2,6.0
17,8,37.3,3.59,102.2,1,1.0
28,6,44.9,5.43,74.3,1,4.0
27,7,42.2,5.96,95.6,1,3.0
43,6,43.6,6.83,92.4,2,11.0
22,4,36.5,4.52,117.2,1,4.0
15,4,32.9,4.87,101.2,1,3.0
2,0,43.3,4.73,95.1,0,6.0
19,7,50.4,5.2,60.6,1,5.0
42,9,46.8,4.34,79.5,2,6.0
1,0,38.0,2.91,74.0,0,7.0
45,9,39.3,4.25,73.6,2,5.0
28,7,30.2,5.44,90.3,1,2.0
8,1,31.0,5.32,94.8,0,4.0
16,4,49.0,6.16,95.6,1,4.0
28,9,23.1,6.51,115.2,1,2.0
16,7,38.0,5.5,99.7,1,4.0
6,1,31.7,3.6,65.4,0,2.0
34,9,53.4,5.98,94.1,1,6.0
34,9,37.4,5.49,101.7,1,2.0
6,1,43.8,5.19,115.2,0,6.0
15,4,57.1,6.96,86.9,1,7.0
13,8,35.4,6.04,87.1,1,5.0
33,9,35.2,5.65,111.6,1,3.0
37,9,32.4,5.7,93.6,1,2.0
37,7,30.0,6.52,58.0,1,3.0
47,9,35.4,4.67,53.7,2,7.0
39,9,33.6,4.44,126.8,1,4.0
17,5,28.0,5.5,55.7,1,2.0
6,3,36.3,4.09,86.7,0,5.0
31,7,41.6,5.45,107.7,1,8.0
46,9,30.8,5.5,54.7,2,2.0
49,9,36.7,5.42,68.4,2,9.0
12,4,49.3,5.07,65.1,1,3.0
12,7,26.6,7.48,126.0,1,5.0
2,1,53.5,6.63,130.4,0,7.0
8,3,32.6,5.38,75.3,0,4.0
28,9,39.6,5.61,101.6,1,3.0
28,9,48.2,7.15,89.4,1,7.0
19,4,50.7,4.8,84.4,1,5.0
16,4,41.8,4.34,57.5,1,8.0
42,9,32.4,5.77,136.1,2,7.0
24,7,31.7,6.0,53.7,1,2.0
41,9,33.4,6.09,94.2,2,8.0
49,9,53.1,6.49,77.0,2,11.0
16,9,34.9,4.62,110.2,1,5.0
11,1,40.6,3.81,106.9,1,9.0
48,9,29.6,4.8,70.4,2,6.0
32,9,28.7,6.2,74.2,1,2.0
15,5,38.2,4.39,59.0,1,4.0
32,7,35.4,3.18,93.9,1,2.0
26,6,36.0,5.67,104.2,1,1.0
46,9,26.2,4.82,81.2,2,4.0
13,4,37.4,3.43,85.1,1,5.0
50,9,50.4,5.59,128.2,2,11.0
47,9,38.0,5.04,89.4,2,8.0
10,6,45.2,7.51,117.0,0,15.0
9,3,10.3,5.61,45.2,0,5.0
27,7,31.6,6.2,100.9,1,3.0
3,0,22.7,5.48,95.0,0,5.0
15,8,47.9,4.78,89.4,1,2.0
22,9,45.0,4.91,69.1,1,3.0
49,9,29.7,6.8,85.6,2,8.0
50,9,40.3,6.4,63.2,2,8.0
8,0,47.6,3.71,74.0,0,10.0
45,9,48.9,4.0,80.8,2,4.0
5,0,34.8,4.07,101.5,0,6.0
38,9,20.3,6.77,75.9,1,5.0
43,9,30.8,3.42,81.1,2,5.0
45,7,38.0,6.44,110.5,2,7.0
12,3,54.8,5.98,54.7,1,7.0
45,9,37.6,5.68,94.5,2,5.0
6,3,33.1,4.93,97.8,0,4.0
26,4,57.2,6.93,98.3,1,8.0
24,7,41.2,5.64,80.0,1,2.0
16,8,28.2,3.77,68.7,1,1.0
2,0,37.0,4.05,120.4,0,3.0
39,9,46.0,3.53,72.9,1,5.0
17,5,37.4,6.94,67.7,1,4.0
34,9,44.4,7.21,90.4,1,7.0
21,1,38.0,5.5,75.2,1,4.0
19,3,26.5,5.33,89.4,1,4.0
45,8,32.1,3.79,84.7,2,6.0
5,1,35.7,4.24,113.6,0,9.0
37,9,40.7,4.31,99.0,1,2.0
38,9,43.1,5.45,89.4,1,3.0
19,4,57.7,7.16,112.3,1,10.0
14,7,38.0,7.16,77.0,1,5.0
1,0,35.5,4.91,83.6,0,7.0
47,9,32.3,2.82,100.6,2,4.0
48,9,46.6,4.1,94.5,2,6.0
13,2,47.1,6.93,76.5,1,7.0
2,0,34.4,5.78,59.3,0,8.0
7,1,54.5,5.07,89.6,0,11.0
4,0,32.3,4.99,75.5,0,6.0
42,9,46.2,4.6,90.6,2,6.0
45,9,49.6,4.06,81.6,2,6.0
8,2,27.1,7.99,75.6,0,14.0
38,9,42.6,7.56,84.6,1,8.0
9,2,16.2,4.51,88.5,0,2.0
19,8,44.6,3.4,103.9,1,3.0
30,8,29.2,5.7,98.5,1,2.0
36,9,42.5,5.32,131.9,1,1.0
44,9,44.0,6.25,92.8,2,10.0
3,0,47.0,6.53,76.5,0,8.0
10,1,45.1,4.1,86.7,0,6.0
15,4,38.4,7.04,101.4,1,9.0
16,0,35.0,5.08,110.1,1,8.0
50,9,37.4,6.23,116.8,2,12.0
39,8,29.1,5.19,69.7,1,3.0
17,4,36.3,6.61,115.6,1,6.0
49,9,35.7,2.67,89.1,2,3.0
25,9,31.7,6.39,71.5,1,3.0
26,6,24.1,4.5,85.9,1,1.0
22,7,27.8,5.59,114.2,1,2.0
8,1,12.8,6.99,99.1,0,3.0
47,9,35.5,4.54,65.8,2,2.0
1,1,40.9,4.35,65.9,0,8.0
9,3,16.5,5.05,65.4,0,2.0
12,1,39.9,4.98,75.4,1,10.0
14,6,37.0,4.24,91.5,1,4.0
7,3,28.6,5.63,67.5,0,2.0
1,2,34.6,5.69,89.4,0,3.0
34,9,46.4,6.06,118.0,1,11.0
49,9,30.2,4.52,122.4,2,9.0
7,0,38.6,4.37,121.0,0,5.0
15,5,40.8,5.36,54.1,1,1.0
26,6,31.4,5.21,123.5,1,3.0
47,9,46.1,5.23,91.8,2,8.0
35,9,41.2,4.65,91.6,1,2.0
39,9,38.0,5.9,110.6,1,5.0
30,8,56.9,4.37,104.1,1,6.0
21,5,38.0,5.35,52.6,1,6.0
10,6,24.5,5.13,77.8,0,5.0
44,9,34.9,5.46,82.7,2,5.0
41,9,57.7,6.92,63.4,2,8.0
2,0,38.0,3.92,109.9,0,3.0
36,9,38.5,2.63,118.8,1,2.0
5,2,47.8,4.79,89.8,0,13.0
37,9,43.2,4.12,96.0,1,2.0
42,9,44.4,2.0,89.8,2,3.0
7,2,43.9,7.6,92.0,0,8.0
22,4,38.2,6.17,112.4,1,9.0
7,3,31.7,6.3,54.7,0,8.0
29,7,41.5,5.16,99.7,1,2.0
47,9,34.8,6.0,90.2,2,9.0
5,0,38.0,4.99,75.7,0,8.0
20,7,49.9,6.48,79.9,1,8.0
49,9,35.0,5.73,126.6,2,7.0
16,8,38.0,5.46,63.4,1,9.0
7,3,40.1,5.55,86.6,0,6.0
25,7,36.7,7.26,122.6,1,6.0
26,9,23.5,5.7,64.6,1,2.0
34,9,55.0,4.26,80.9,1,6.0
16,3,38.0,5.9,90.8,1,6.0
48,9,19.8,6.09,98.3,2,7.0
27,9,45.9,5.33,88.4,1,2.0
15,3,37.6,5.44,72.1,1,4.0
49,9,30.5,5.5,98.9,2,3.0
47,9,45.4,5.62,88.0,2,10.0
25,3,17.6,4.04,102.6,1,1.0
2,0,32.3,5.2,89.4,0,1.0
30,9,35.6,4.7,60.3,1,5.0
28,9,44.8,6.68,110.7,1,6.0
8,0,55.9,7.36,84.9,0,9.0
32,8,36.0,4.13,106.5,1,1.0
43,9,41.7,5.49,99.9,2,12.0
6,0,60.0,5.13,127.1,0,14.0
37,6,38.0,6.06,90.1,1,1.0
8,0,41.7,5.62,81.9,0,7.0
38,9,28.1,5.04,79.7,1,1.0
21,9,53.7,5.61,69.3,1,8.0
1,0,32.3,5.24,106.2,0,8.0
49,9,40.1,7.41,68.0,2,7.0
9,1,39.9,4.55,106.0,0,6.0
30,7,38.7,5.81,85.5,1,4.0
10,3,34.5,6.11,54.7,0,9.0
47,9,39.9,6.03,119.8,2,8.0
37,7,38.0,5.14,30.0,1,4.0
41,9,56.2,7.14,88.4,2,9.0
22,6,36.6,2.99,94.7,1,1.0
24,7,34.4,4.19,43.9,1,2.0
32,6,31.5,6.3,98.8,1,7.0
40,9,59.5,4.44,76.6,2,9.0
43,8,39.0,4.37,85.0,2,5.0
1,0,38.0,4.94,116.9,0,8.0
34,9,43.6,4.56,89.4,1,1.0
6,4,55.7,6.26,83.0,0,13.0
15,7,36.0,6.59,86.6,1,3.0
42,9,38.0,5.61,125.5,2,7.0
13,3,52.9,6.77,98.1,1,12.0
40,9,45.2,3.84,72.3,2,7.0
24,3,41.7,5.59,89.4,1,3.0
12,8,50.3,7.12,66.2,1,5.0
17,3,42.1,6.67,81.0,1,8.0
27,9,50.6,7.22,122.2,1,8.0
39,4,40.0,4.79,86.7,1,1.0
31,9,38.0,6.6,63.3,1,6.0
47,9,42.2,4.99,98.6,2,9.0
44,9,35.4,6.21,82.1,2,7.0
38,9,36.4,7.07,101.2,1,1.0
31,9,34.9,4.55,85.2,1,4.0
15,0,40.1,3.27,118.9,1,5.0
21,5,34.4,7.72,71.8,1,6.0
6,1,41.5,6.09,66.7,0,8.0
19,4,41.2,5.37,108.8,1,2.0
47,9,39.6,5.31,49.9,2,6.0
22,5,39.8,2.98,86.6,1,3.0
6,3,33.5,5.75,106.0,0,6.0
33,9,35.7,4.86,46.1,1,5.0
49,9,24.6,5.56,91.3,2,5.0
44,9,37.0,5.54,60.1,2,6.0
14,5,30.1,2.0,53.1,1,1.0
23,6,38.8,6.09,68.7,1,5.0
27,9,32.3,5.73,86.3,1,1.0
13,6,21.6,5.89,75.9,1,1.0
14,4,56.0,5.28,89.4,1,5.0
12,6,36.1,5.56,91.6,1,6.0
50,9,49.6,5.71,80.2,2,13.0
38,8,33.8,5.83,63.8,1,3.0
43,9,51.6,6.07,94.5,2,10.0
41,9,28.8,5.84,131.2,2,3.0
48,9,39.4,7.72,75.9,2,9.0
6,1,29.3,4.63,78.3,0,5.0
45,9,58.8,5.05,68.8,2,10.0
4,1,36.0,7.53,113.7,0,8.0
24,9,44.6,5.5,108.5,1,5.0
30,9,41.6,6.62,81.1,1,3.0
18,3,37.8,5.66,78.0,1,6.0
8,0,42.1,5.23,71.1,0,9.0
10,2,48.9,6.68,84.2,0,8.0
42,9,43.3,6.12,110.4,2,10.0
16,4,39.3,3.66,90.8,1,2.0
16,6,42.2,5.71,115.8,1,2.0
47,9,53.3,4.31,75.6,2,6.0
8,2,34.7,7.03,43.7,0,6.0
46,9,23.2,7.6,142.1,2,6.0
47,9,29.2,7.75,94.3,2,6.0
30,9,29.8,5.93,105.6,1,3.0
9,0,30.9,4.95,74.2,0,5.0
8,4,31.2,5.5,62.7,0,5.0
15,4,37.8,4.37,93.1,1,5.0
29,9,40.0,8.31,50.2,1,3.0
8,0,39.9,6.93,84.7,0,16.0
23,6,32.2,5.87,110.4,1,5.0
6,2,46.0,6.7,99.0,0,9.0
28,7,42.3,4.91,95.1,1,2.0
2,1,50.7,4.17,124.9,0,4.0
36,9,44.8,2.84,97.5,1,1.0
3,0,35.2,5.6,51.9,0,7.0
10,4,48.4,5.25,87.0,0,4.0
9,0,38.0,6.12,128.5,0,12.0
42,9,44.4,5.52,83.8,2,2.0
3,0,43.8,6.07,127.3,0,13.0
22,7,37.0,6.47,110.5,1,3.0
30,9,38.8,3.75,81.8,1,1.0
26,9,36.9,6.54,68.4,1,2.0
35,9,31.2,5.01,96.8,1,1.0
41,9,20.8,6.12,115.4,2,4.0
20,5,32.4,6.73,58.4,1,4.0
42,9,39.6,6.73,92.4,2,8.0
16,5,46.7,5.65,49.2,1,4.0
50,9,44.4,5.71,83.2,2,9.0
26,8,35.8,6.57,56.9,1,7.0
37,9,32.6,3.7,101.2,1,5.0
44,9,36.6,4.36,76.2,2,5.0
40,9,30.2,5.16,113.2,2,12.0
43,9,21.1,3.9,79.2,2,1.0
27,5,25.6,5.17,77.4,1,2.0
3,0,49.0,5.11,57.7,0,7.0
25,9,52.9,5.6,97.8,1,3.0
10,2,44.0,5.43,99.8,0,8.0
45,9,37.5,6.78,108.8,2,12.0
12,4,26.9,6.19,103.1,1,5.0
12,4,36.7,5.41,98.0,1,4.0
13,4,42.9,5.1,89.4,1,5.0
33,3,44.6,5.5,103.9,1,13.0
29,5,43.5,5.46,108.2,1,7.0
48,9,47.7,8.52,59.4,2,13.0
21,9,53.5,3.75,80.8,1,1.0
15,2,34.8,4.39,57.5,1,2.0
3,1,38.0,4.21,96.6,0,6.0
1,0,21.8,5.82,122.6,0,3.0
19,3,31.8,5.78,107.9,1,9.0
47,9,39.6,4.81,77.9,2,3.0
27,7,42.4,6.58,100.1,1,6.0
45,8,36.5,5.94,97.0,2,3.0
6,0,34.0,6.63,94.7,0,6.0
5,0,55.6,6.94,63.9,0,10.0
42,9,33.7,2.94,116.3,2,2.0
6,0,29.8,6.32,66.4,0,7.0
3,0,51.5,5.5,82.7,0,8.0
21,8,44.8,5.8,109.2,1,6.0
47,8,46.8,5.41,89.4,2,9.0
35,9,39.6,5.46,91.6,1,2.0
5,1,27.0,4.05,92.4,0,7.0
42,9,38.7,6.74,91.3,2,8.0
43,9,25.9,3.95,92.3,2,4.0
41,9,39.9,6.4,94.3,2,11.0
46,9,43.2,3.78,91.5,2,5.0
12,1,46.6,5.48,72.1,1,10.0
49,9,37.3,7.67,59.0,2,9.0
17,7,44.0,5.5,110.0,1,6.0
41,9,30.8,3.56,110.9,2,7.0
29,9,45.7,4.65,96.7,1,3.0
39,9,43.4,4.87,96.6,1,6.0
32,9,31.6,8.21,71.7,1,5.0
33,8,42.2,5.42,41.2,1,6.0
31,8,46.7,6.79,85.0,1,8.0
39,9,38.6,5.86,52.1,1,2.0
37,9,38.0,4.06,93.7,1,2.0
7,2,39.4,3.27,116.1,0,5.0
42,8,42.4,4.76,77.7,2,9.0
27,9,31.4,8.28,89.4,1,4.0
17,3,29.9,5.81,69.9,1,1.0
26,9,42.2,5.5,90.9,1,4.0
49,9,44.6,3.8,89.4,2,9.0
43,9,55.2,5.5,69.6,2,12.0
42,9,43.3,6.43,108.3,2,14.0
24,8,28.3,4.19,144.0,1,1.0
40,9,54.3,5.42,113.8,2,10.0
20,7,46.4,4.44,87.8,1,3.0
35,8,22.0,6.49,87.5,1,2.0
32,9,29.8,5.98,79.7,1,5.0
13,2,34.1,6.32,79.3,1,3.0
14,3,44.7,6.55,109.2,1,10.0
4,2,19.0,5.23,110.0,0,10.0
7,1,37.0,6.7,66.6,0,4.0
22,7,38.0,4.79,97.3,1,4.0
24,6,15.3,6.25,112.2,1,1.0
9,7,44.0,3.13,83.0,0,1.0
21,7,44.9,4.6,85.8,1,2.0
31,9,31.2,8.28,103.9,1,5.0
12,5,28.8,6.23,104.5,1,3.0
17,3,38.0,6.23,98.6,1,8.0
19,3,38.0,4.51,95.1,1,5.0
26,6,35.4,4.19,97.8,1,2.0
19,5,39.8,5.18,84.4,1,6.0
37,0,28.2,5.42,67.6,1,3.0
17,6,45.8,7.8,58.9,1,4.0
22,8,38.8,6.72,101.9,1,3.0
19,2,40.1,5.63,92.2,1,7.0
10,2,34.8,5.58,99.1,0,4.0
35,9,43.9,6.41,73.4,1,7.0
12,4,48.3,3.92,92.1,1,7.0
15,3,34.7,3.19,91.6,1,3.0
40,8,44.1,6.39,115.6,2,7.0
48,9,44.2,5.59,89.4,2,17.0
34,8,41.3,3.93,75.2,1,1.0
46,9,51.4,2.99,100.1,2,8.0
43,9,32.2,6.57,75.1,2,5.0
25,9,34.6,4.87,37.7,1,1.0
39,9,31.8,5.98,124.5,1,2.0
17,7,43.8,5.18,82.5,1,2.0
24,5,35.8,5.46,110.8,1,2.0
27,6,32.4,4.79,76.8,1,3.0
49,9,51.3,5.41,73.9,2,9.0
43,9,52.5,6.19,79.1,2,8.0
25,3,35.4,5.17,95.1,1,5.0
33,9,27.1,5.1,93.5,1,5.0
11,4,52.9,6.23,100.0,1,7.0
41,9,41.8,6.31,80.1,2,8.0
28,9,41.4,4.14,90.8,1,2.0
27,8,38.8,5.5,73.1,1,4.0
39,9,31.6,4.87,119.4,1,6.0
32,6,38.0,5.52,63.7,1,7.0
4,3,43.4,5.5,73.6,0,5.0
15,3,34.4,5.93,81.5,1,2.0
9,1,38.0,8.1,137.8,0,17.0
37,9,38.1,5.76,105.3,1,7.0
2,1,29.5,5.3,72.9,0,5.0
11,5,51.0,5.48,106.4,1,5.0
30,8,42.8,5.67,100.3,1,4.0
35,8,40.6,5.89,95.5,1,3.0
26,6,42.4,4.31,103.9,1,4.0
44,8,23.7,5.22,91.2,2,8.0
46,9,34.1,4.63,93.4,2,10.0
7,5,25.8,6.74,58.9,0,3.0
48,9,39.0,3.19,118.9,2,8.0
31,9,40.6,5.69,81.0,1,4.0
32,9,39.1,3.68,65.3,1,1.0
5,0,47.4,6.02,79.9,0,9.0
32,8,26.0,5.02,80.7,1,5.0
37,9,31.6,3.32,74.0,1,5.0
30,7,41.3,6.63,105.6,1,6.0
5,1,40.1,2.48,109.5,0,3.0
27,9,27.5,5.46,50.8,1,5.0
47,9,47.6,6.33,79.7,2,9.0
37,9,50.3,7.15,81.1,1,8.0
7,2,41.4,3.57,86.6,0,5.0
48,8,25.9,4.88,124.1,2,4.0
48,9,39.3,6.8,73.7,2,8.0
9,1,40.7,6.88,89.4,0,10.0
41,9,35.8,7.04,87.1,2,8.0
21,8,48.8,8.57,121.4,1,8.0
30,9,37.1,4.89,83.8,1,1.0
23,9,54.8,5.95,81.4,1,2.0
40,9,44.3,5.08,89.5,2,11.0
50,9,38.0,3.13,115.8,2,4.0
40,9,45.4,5.39,93.2,2,11.0
47,9,50.2,3.11,94.2,2,12.0
48,9,45.2,4.88,102.7,2,8.0
5,2,37.4,3.74,72.4,0,1.0
13,3,32.7,6.03,96.7,1,7.0
37,9,29.0,4.57,77.4,1,1.0
30,9,18.5,3.36,119.4,1,1.0
3,1,39.4,6.54,98.4,0,5.0
5,3,34.9,4.78,89.4,0,2.0
27,8,35.3,4.98,49.2,1,4.0
31,9,46.2,4.33,104.1,1,2.0
9,1,37.1,6.88,86.4,0,5.0
9,4,53.2,5.82,61.3,0,7.0
7,1,33.4,4.76,91.9,0,4.0
29,9,30.2,3.2,59.6,1,2.0
1,0,27.9,8.51,102.2,0,11.0
29,7,43.8,7.88,118.7,1,5.0
24,5,38.0,7.23,54.2,1,12.0
24,6,33.2,4.66,89.4,1,2.0
34,9,29.5,4.9,86.7,1,2.0
27,5,50.2,5.98,50.2,1,2.0
37,9,26.4,4.43,108.3,1,5.0
39,9,46.1,4.31,102.5,1,3.0
47,9,33.4,7.25,130.5,2,6.0
40,7,41.2,5.43,99.9,2,5.0
26,8,46.6,4.16,72.4,1,6.0
25,9,41.8,6.64,100.3,1,7.0
12,2,35.6,4.81,115.7,1,7.0
30,9,49.2,3.12,80.7,1,3.0
7,1,38.0,4.14,107.0,0,5.0
47,9,65.0,4.88,42.9,2,11.0
43,9,24.4,5.76,119.5,2,2.0
6,2,24.2,5.71,106.0,0,6.0
40,9,46.0,6.97,39.1,2,6.0
6,1,37.7,5.22,97.7,0,13.0
37,9,44.3,4.94,50.3,1,2.0
5,0,29.2,6.99,77.8,0,6.0
25,7,38.0,6.67,103.6,1,7.0
33,9,41.7,5.24,87.3,1,4.0
37,9,33.7,5.85,115.1,1,1.0
21,5,39.9,4.93,91.3,1,5.0
47,9,27.1,4.11,89.4,2,1.0
39,7,41.2,8.14,112.0,1,10.0
11,8,49.6,4.85,83.2,1,1.0
34,6,28.1,5.85,89.5,1,3.0
37,7,27.6,5.5,92.1,1,5.0
17,7,47.5,6.38,88.6,1,7.0
37,9,27.5,4.05,113.2,1,2.0
45,6,44.7,7.51,76.7,2,8.0
41,9,38.4,7.66,73.4,2,5.0
39,9,34.7,6.18,68.8,1,1.0
32,6,49.7,5.5,47.2,1,5.0
14,6,45.4,5.28,119.7,1,7.0
40,9,40.2,5.44,72.0,2,12.0
19,4,20.8,5.99,89.4,1,1.0
27,3,43.7,5.61,121.2,1,5.0
16,6,38.0,6.68,87.2,1,6.0
16,5,36.2,4.4,100.3,1,7.0
8,2,38.1,7.33,61.6,0,12.0
49,9,53.2,5.5,118.0,2,4.0
8,2,36.0,4.6,87.6,0,7.0
5,1,26.6,5.94,69.6,0,3.0
47,8,49.8,6.01,69.6,2,10.0
28,6,43.8,3.42,123.8,1,4.0
22,7,44.1,4.92,78.3,1,1.0
37,9,49.9,2.89,70.1,1,3.0
20,8,51.8,5.5,81.3,1,3.0
7,1,30.9,4.74,90.9,0,7.0
37,9,26.9,5.86,93.0,1,3.0
9,2,44.7,4.55,98.9,0,5.0
28,2,35.9,4.84,94.7,1,7.0
48,9,36.6,7.06,102.9,2,6.0
47,9,29.0,7.98,84.5,2,13.0
19,2,42.7,4.39,131.4,1,9.0
40,9,38.0,6.72,80.2,2,9.0
31,9,36.8,5.97,117.0,1,3.0
24,5,26.9,3.41,78.0,1,1.0
7,5,47.7,4.55,61.4,0,5.0
19,4,40.0,2.0,56.7,1,5.0
33,5,46.9,5.5,96.1,1,5.0
50,9,21.2,4.21,113.2,2,6.0
1,0,38.0,5.66,67.0,0,5.0
36,9,38.0,8.59,72.5,1,9.0
43,9,38.3,7.41,97.7,2,10.0
48,9,45.5,4.58,89.9,2,3.0
22,6,41.0,4.29,78.3,1,1.0
6,2,38.1,7.05,64.4,0,8.0
14,4,38.1,4.29,96.2,1,3.0
43,9,25.5,6.69,103.1,2,8.0
44,9,30.7,8.78,99.8,2,11.0
32,9,47.0,6.31,90.5,1,7.0
7,0,38.0,5.5,68.9,0,4.0
7,1,47.1,6.78,96.3,0,11.0
24,7,44.6,4.83,94.8,1,2.0
30,7,45.0,5.85,63.7,1,3.0
2,0,40.7,4.35,84.0,0,2.0
35,9,34.5,7.05,97.3,1,4.0
28,9,36.8,4.2,88.4,1,5.0
1,0,43.1,6.34,50.8,0,5.0
5,0,21.0,6.86,77.2,0,5.0
23,8,48.0,4.91,75.9,1,4.0
37,9,34.0,4.63,101.2,1,5.0
42,9,37.3,5.3,142.0,2,5.0
22,4,37.4,4.43,92.7,1,3.0
15,5,37.7,5.69,66.0,1,5.0
49,9,27.5,4.4,86.8,2,7.0
23,1,39.2,4.49,90.2,1,3.0
16,4,42.8,6.16,105.1,1,5.0
23,8,21.6,5.5,114.8,1,2.0
1,1,27.6,5.15,117.8,0,5.0
16,9,45.2,3.52,100.7,1,5.0
26,8,43.7,6.91,90.0,1,10.0
46,9,40.4,4.96,119.7,2,9.0
37,9,32.5,7.97,83.0,1,2.0
40,9,43.7,5.34,91.1,2,8.0
28,9,28.4,5.66,85.1,1,5.0
6,1,36.9,4.98,47.4,0,2.0
20,8,27.5,5.79,115.4,1,3.0
50,9,36.7,9.67,103.5,2,15.0
3,3,29.8,5.08,42.6,0,3.0
44,9,44.0,7.03,89.4,2,18.0
35,9,41.5,5.5,83.9,1,3.0
15,6,33.4,5.5,109.8,1,4.0
39,9,46.7,3.18,91.5,1,3.0
42,9,30.3,7.83,62.9,2,1.0
3,1,37.7,5.91,90.5,0,8.0
6,3,33.1,5.18,72.0,0,1.0
34,8,43.9,6.58,65.5,1,5.0
50,9,43.1,5.67,107.3,2,7.0
2,2,48.4,4.12,97.8,0,4.0
34,9,38.7,2.59,120.0,1,1.0
7,2,14.3,7.69,82.1,0,6.0
33,9,34.6,5.23,70.7,1,4.0
32,4,50.5,4.76,102.8,1,8.0
5,1,35.4,4.86,73.3,0,7.0
35,7,22.7,7.26,83.8,1,2.0
45,9,41.6,4.91,100.5,2,6.0
44,9,38.0,6.27,89.4,2,8.0
2,1,32.2,5.1,80.2,0,4.0
13,2,36.0,3.99,61.9,1,6.0
13,6,38.0,6.58,108.7,1,5.0
23,3,42.2,5.5,82.6,1,10.0
8,1,38.5,4.68,102.4,0,7.0
43,9,28.7,5.45,99.7,2,9.0
39,9,37.9,5.62,111.8,1,4.0
41,9,32.1,6.03,85.3,2,7.0
10,6,49.7,7.87,83.0,0,7.0
1,0,45.1,5.11,67.8,0,5.0
46,9,37.0,5.1,79.1,2,4.0
15,5,38.6,5.29,96.8,1,6.0
33,9,46.1,4.37,89.4,1,5.0
46,9,36.6,3.43,96.3,2,4.0
2,0,44.1,5.66,119.3,0,9.0
1,0,49.8,6.13,81.1,0,12.0
1,1,34.1,5.5,63.7,0,4.0
8,1,51.2,5.42,81.7,0,6.0
3,1,38.0,4.42,61.5,0,9.0
41,9,40.0,5.8,116.7,2,2.0
31,9,34.4,5.5,91.7,1,2.0
50,9,39.9,6.07,75.4,2,6.0
41,9,36.0,5.89,78.8,2,5.0
49,9,31.7,5.97,66.4,2,9.0
12,5,38.0,7.08,110.2,1,1.0
15,5,29.8,6.19,126.7,1,1.0
43,9,35.3,6.08,60.1,2,4.0
13,4,35.4,3.41,110.9,1,4.0
3,0,27.1,6.76,85.1,0,7.0
34,9,38.0,5.5,115.3,1,1.0
41,4,38.0,5.6,53.3,2,7.0
49,9,48.4,3.97,94.5,2,8.0
47,9,36.0,8.01,81.8,2,7.0
7,3,34.7,2.53,103.2,0,2.0
39,9,30.8,5.5,91.2,1,3.0
43,8,38.3,6.01,90.4,2,7.0
35,9,38.0,3.21,87.9,1,2.0
41,9,43.9,7.94,121.2,2,21.0
42,9,38.5,6.12,86.5,2,9.0
23,5,54.8,2.67,107.3,1,5.0
3,1,38.0,4.99,102.6,0,6.0
23,5,30.1,6.14,107.8,1,1.0
11,3,29.4,7.56,69.7,1,5.0
6,0,42.3,5.01,89.4,0,12.0
7,4,29.9,5.5,96.7,0,5.0
35,9,42.8,7.25,66.2,1,3.0
26,9,45.2,6.1,85.8,1,4.0
27,5,45.4,2.82,135.9,1,5.0
38,9,31.0,5.91,82.2,1,3.0
28,6,45.4,6.04,82.6,1,3.0
32,7,40.6,5.11,99.0,1,11.0
5,0,33.1,5.5,79.2,0,7.0
43,9,36.7,4.77,92.8,2,4.0
23,6,41.8,5.11,81.0,1,3.0
8,2,32.6,5.93,98.0,0,9.0
41,9,38.0,5.5,88.8,2,11.0
37,8,49.6,2.92,129.0,1,1.0
3,1,38.0,5.81,90.9,0,6.0
10,4,38.7,6.09,85.5,0,6.0
1,0,39.9,5.7,110.6,0,7.0
14,2,33.7,5.5,62.2,1,3.0
5,1,33.9,7.2,123.8,0,10.0
36,9,25.7,7.11,70.2,1,2.0
27,2,40.0,5.06,113.8,1,6.0
50,9,43.5,5.4,119.1,2,5.0
38,9,37.4,6.43,79.5,1,2.0
31,9,31.0,7.04,81.4,1,3.0
26,7,38.5,4.52,87.8,1,5.0
3,1,48.7,4.24,102.4,0,5.0
4,0,45.2,5.83,70.0,0,7.0
31,9,37.8,4.15,87.8,1,3.0
1,1,54.4,3.17,83.7,0,6.0
3,1,59.6,4.52,67.0,0,9.0
11,2,34.2,6.0,69.1,1,2.0
45,9,36.0,7.36,92.6,2,7.0
23,7,43.5,4.65,92.2,1,3.0
36,7,30.7,5.35,74.7,1,5.0
21,9,44.8,5.69,91.6,1,2.0
9,1,38.8,4.72,77.1,0,10.0
19,3,41.0,4.63,116.1,1,4.0
5,3,33.4,5.9,87.9,0,4.0
39,9,31.7,4.06,112.0,1,1.0
10,1,22.1,4.58,56.1,0,4.0
19,5,49.9,5.26,96.5,1,4.0
50,9,38.0,5.89,101.9,2,5.0
30,8,43.4,3.68,87.2,1,1.0
23,8,40.8,5.34,79.2,1,2.0
28,9,19.6,3.95,86.9,1,5.0
40,9,32.0,4.68,104.8,2,11.0
13,2,36.0,6.45,65.8,1,4.0
32,9,29.3,5.41,104.0,1,5.0
44,9,24.5,7.5,96.4,2,5.0
29,9,30.2,5.41,84.8,1,5.0
23,6,38.4,6.66,85.6,1,6.0
8,2,38.4,6.45,91.2,0,7.0
13,2,45.3,5.48,123.2,1,6.0
48,9,54.5,3.92,97.0,2,6.0
28,7,43.5,5.37,71.1,1,3.0
16,8,36.6,4.86,81.3,1,5.0
21,8,52.4,4.81,67.1,1,2.0
29,5,25.3,5.69,52.2,1,3.0
27,6,21.4,3.76,66.8,1,1.0
35,9,30.9,4.45,92.4,1,5.0
13,4,44.5,5.5,115.5,1,5.0
33,5,38.0,5.19,109.9,1,1.0
23,9,29.0,4.58,66.9,1,3.0
48,9,32.2,4.66,74.0,2,5.0
8,2,28.1,5.66,71.2,0,4.0
8,4,28.1,4.97,38.4,0,2.0
24,9,50.4,5.51,86.6,1,4.0
26,9,38.0,4.16,106.1,1,2.0
35,9,52.2,4.51,85.0,1,2.0
21,8,30.9,7.95,64.6,1,4.0
46,9,41.9,5.5,73.1,2,12.0
24,9,39.8,5.5,83.4,1,5.0
7,2,45.0,5.91,105.4,0,12.0
6,2,40.0,4.65,86.3,0,3.0
49,9,45.9,5.79,102.7,2,10.0
7,0,38.0,5.39,88.4,0,8.0
48,9,29.3,6.16,94.7,2,8.0
14,5,43.9,5.5,71.2,1,2.0
5,2,37.2,5.23,76.3,0,8.0
16,8,31.8,6.88,64.9,1,2.0
31,4,43.6,2.84,102.0,1,5.0
22,9,45.4,3.91,84.2,1,3.0
40,9,34.1,4.51,30.0,2,1.0
31,4,35.2,3.47,99.6,1,6.0
21,3,26.9,4.92,109.5,1,1.0
32,5,23.6,4.81,89.4,1,1.0
49,9,36.1,6.67,99.6,2,11.0
21,5,44.3,5.39,85.8,1,7.0
8,1,33.4,5.5,47.6,0,2.0
21,3,49.4,5.04,129.1,1,1.0
43,9,36.4,4.24,85.9,2,7.0
11,1,36.4,6.57,94.0,1,6.0
48,9,35.7,6.95,89.4,2,8.0
30,8,45.9,4.05,84.1,1,4.0
31,5,30.3,7.44,93.2,1,4.0
16,2,37.0,4.69,69.1,1,2.0
47,9,33.6,4.6,123.9,2,3.0
2,1,33.5,6.07,106.8,0,10.0
15,5,38.3,6.17,100.3,1,10.0
21,9,38.0,5.41,87.2,1,2.0
24,9,46.4,5.08,74.8,1,5.0
24,3,37.9,6.91,110.6,1,8.0
8,1,42.4,4.75,102.2,0,5.0
12,1,39.4,5.42,82.0,1,10.0
5,2,38.0,7.53,68.3,0,11.0
29,9,35.6,3.9,58.5,1,2.0
18,8,35.6,4.95,89.4,1,1.0
29,8,44.0,6.73,85.0,1,5.0
30,9,35.5,6.13,113.7,1,3.0
36,7,42.0,6.57,109.8,1,6.0
28,8,56.7,3.91,90.8,1,1.0
33,6,30.2,5.89,88.4,1,2.0
30,9,50.3,5.16,67.0,1,2.0
33,9,34.1,8.23,111.2,1,3.0
31,6,48.7,6.47,88.9,1,3.0
16,7,43.5,5.47,102.1,1,5.0
13,4,42.8,5.84,113.5,1,6.0
40,8,36.8,5.57,78.7,2,9.0
18,3,38.0,6.34,73.4,1,6.0
28,7,32.2,4.47,89.4,1,1.0
10,5,38.1,7.14,101.9,0,8.0
22,9,36.5,5.5,84.4,1,2.0
27,7,39.5,5.75,114.8,1,9.0
32,7,26.7,4.51,83.8,1,3.0
27,9,38.2,5.55,96.5,1,2.0
19,3,48.1,6.69,78.6,1,8.0
49,9,45.6,3.45,89.7,2,7.0
26,9,38.2,5.3,84.5,1,4.0
41,9,58.5,3.77,75.0,2,5.0
37,9,33.4,5.16,94.9,1,2.0
28,8,37.3,3.77,77.2,1,1.0
45,9,26.4,5.69,101.5,2,6.0
7,2,34.8,4.99,83.9,0,5.0
47,9,52.3,6.4,55.6,2,10.0
43,5,35.1,6.97,102.4,2,10.0
26,9,25.8,5.51,102.8,1,5.0
37,9,45.0,6.57,135.1,1,9.0
27,8,41.1,7.16,90.4,1,8.0
14,4,44.6,4.39,93.7,1,3.0
40,7,35.6,7.22,99.6,2,17.0
13,4,29.9,5.46,110.4,1,2.0
16,5,36.5,4.33,109.1,1,2.0
26,9,42.4,5.86,96.4,1,2.0
42,9,37.4,5.41,89.3,2,7.0
20,5,41.1,3.81,106.9,1,2.0
25,6,33.7,4.18,88.5,1,2.0
3,0,41.4,7.46,64.2,0,4.0
6,0,38.0,5.83,60.0,0,8.0
3,0,32.4,7.28,84.1,0,10.0
4,0,39.1,5.0,92.4,0,8.0
44,9,34.9,4.54,139.4,2,12.0
43,9,42.9,3.48,87.6,2,4.0
42,9,45.0,6.66,90.9,2,8.0
3,1,42.0,5.99,81.9,0,6.0
4,0,24.9,5.01,102.4,0,5.0
15,6,30.3,4.55,95.6,1,5.0
29,8,32.9,6.85,89.4,1,8.0
17,5,31.6,5.29,69.8,1,2.0
25,6,33.7,5.3,82.0,1,1.0
9,1,45.4,4.78,73.1,0,14.0
37,9,43.6,5.01,85.4,1,3.0
16,5,34.6,6.16,92.8,1,5.0
4,2,42.7,3.8,80.0,0,4.0
38,9,40.6,5.6,119.1,1,5.0
46,9,37.7,6.65,113.2,2,8.0
1,0,47.2,5.4,85.4,0,14.0
22,9,32.7,6.77,70.7,1,1.0
42,9,38.4,7.11,89.4,2,11.0
36,9,29.6,6.58,87.3,1,2.0
43,9,30.0,4.86,88.7,2,4.0
21,9,27.1,5.46,82.0,1,5.0
19,4,30.1,5.91,69.0,1,2.0
36,7,38.7,4.94,90.7,1,3.0
8,3,35.6,4.9,83.0,0,4.0
12,5,35.8,4.82,84.8,1,2.0
31,9,35.6,8.55,91.9,1,8.0
34,9,52.2,5.17,88.6,1,8.0
6,3,28.9,6.78,91.4,0,3.0
26,3,28.0,4.46,82.1,1,3.0
19,5,38.0,7.54,97.2,1,12.0
26,4,37.4,5.05,75.6,1,3.0
48,9,42.1,5.56,68.2,2,4.0
4,0,38.0,3.3,72.2,0,9.0
50,9,45.6,6.84,76.5,2,10.0
23,5,37.1,7.1,64.2,1,8.0
39,9,34.8,4.08,56.1,1,5.0
22,9,51.1,6.91,100.1,1,8.0
16,3,15.7,3.9,115.5,1,1.0
39,9,38.5,6.26,101.2,1,4.0
35,9,41.4,5.15,80.3,1,4.0
8,2,53.0,5.5,55.7,0,16.0
36,7,24.7,5.8,93.8,1,2.0
38,9,38.0,6.62,57.9,1,3.0
20,9,27.1,6.99,88.3,1,4.0
47,9,23.6,5.5,89.4,2,6.0
33,9,36.4,5.47,44.4,1,1.0
17,6,44.7,4.17,119.6,1,2.0
1,0,47.6,5.14,64.9,0,5.0
34,9,33.7,7.81,82.9,1,2.0
11,5,43.3,6.41,87.4,1,7.0
38,9,36.4,4.25,80.6,1,2.0
27,7,42.5,7.46,99.3,1,9.0
24,6,38.0,5.97,75.2,1,4.0
9,4,36.4,6.5,97.6,0,7.0
36,9,46.6,6.09,96.4,1,2.0
9,4,28.3,6.0,62.4,0,4.0
21,9,43.3,3.1,94.7,1,5.0
42,9,46.3,6.83,68.9,2,9.0
47,9,45.4,2.79,66.7,2,5.0
50,9,28.5,6.72,95.8,2,1.0
48,9,36.4,5.62,81.8,2,5.0
28,7,40.4,6.5,97.5,1,7.0
11,4,41.5,5.69,97.6,1,3.0
42,9,38.9,6.75,61.4,2,1.0
41,9,38.0,5.52,104.8,2,10.0
50,9,27.6,5.84,95.7,2,6.0
33,9,36.1,5.99,78.3,1,1.0
8,3,24.5,7.75,87.3,0,7.0
26,8,43.0,6.22,105.4,1,6.0
23,9,42.4,3.92,83.6,1,5.0
43,9,64.8,4.82,89.4,2,10.0
20,8,38.0,6.22,119.8,1,6.0
17,5,40.7,7.01,92.3,1,8.0
5,1,40.0,4.63,85.4,0,4.0
42,9,35.5,8.19,89.4,2,15.0
38,4,39.0,5.71,78.0,1,4.0
3,0,40.2,6.0,92.5,0,8.0
22,9,22.3,5.5,103.8,1,2.0
24,9,39.6,6.84,89.4,1,4.0
24,8,38.8,4.97,102.9,1,4.0
46,9,52.0,4.6,108.7,2,7.0
8,3,36.9,5.12,101.4,0,3.0
16,2,31.9,7.16,87.4,1,5.0
10,4,38.0,6.06,89.4,0,10.0
13,6,38.6,4.43,116.0,1,4.0
46,9,37.0,4.86,88.8,2,6.0
48,9,27.8,7.19,89.4,2,7.0
3,0,36.8,5.22,132.7,0,9.0
32,9,38.0,6.17,96.1,1,2.0
12,2,36.3,6.47,69.9,1,4.0
10,2,43.9,2.0,107.5,0,5.0
15,7,32.6,7.02,98.0,1,4.0
10,4,38.0,4.48,76.9,0,3.0
25,4,42.3,5.07,67.9,1,2.0
50,9,35.8,5.5,94.8,2,11.0
30,4,58.9,7.24,88.8,1,8.0
37,9,40.0,6.09,65.1,1,4.0
25,8,28.1,6.37,88.2,1,1.0
1,0,31.3,6.67,87.0,0,7.0
5,1,30.5,7.22,88.8,0,4.0
14,5,31.4,7.37,99.8,1,11.0
13,3,42.3,5.63,54.8,1,3.0
43,9,29.1,4.62,67.8,2,2.0
43,9,35.4,5.19,80.3,2,7.0
43,9,47.1,5.65,116.5,2,2.0
32,9,33.8,5.44,137.4,1,5.0
28,9,43.4,4.29,89.4,1,2.0
33,8,24.5,6.02,90.9,1,1.0
21,6,35.0,3.62,41.1,1,1.0
34,8,30.9,5.6,108.1,1,2.0
40,9,40.4,5.5,99.0,2,8.0
39,9,29.7,5.64,89.4,1,1.0
31,9,54.6,6.52,65.1,1,2.0
3,0,24.9,6.36,129.6,0,4.0
37,9,47.1,5.5,120.4,1,5.0
19,5,45.0,4.88,95.9,1,6.0
38,9,40.5,5.84,109.8,1,5.0
27,9,38.4,5.76,91.0,1,5.0
45,9,52.8,5.7,106.4,2,7.0
17,4,57.8,3.98,63.9,1,2.0
47,9,36.3,4.08,44.5,2,3.0
43,9,39.3,5.5,64.6,2,9.0
17,4,33.6,3.61,73.9,1,1.0
25,9,28.6,5.1,77.1,1,5.0
27,9,41.7,4.72,99.0,1,1.0
39,9,40.0,5.14,84.9,1,5.0
35,9,25.1,6.86,89.4,1,3.0
43,9,41.6,4.21,66.3,2,10.0
19,1,40.3,6.54,64.6,1,9.0
26,8,33.2,4.81,90.8,1,1.0
22,9,32.7,5.5,79.2,1,3.0
46,9,41.4,6.06,90.1,2,4.0
16,4,50.9,5.17,100.9,1,14.0
30,9,41.2,4.43,122.8,1,4.0
7,3,44.2,5.06,89.6,0,6.0
43,9,31.3,3.37,126.3,2,4.0
20,6,34.7,5.96,98.1,1,7.0
18,4,42.9,2.0,103.8,1,1.0
30,9,27.1,6.57,111.1,1,1.0
25,8,39.7,6.24,104.4,1,4.0
43,9,41.9,7.42,74.0,2,12.0
27,9,37.7,8.12,111.7,1,4.0
26,9,40.6,6.62,82.5,1,2.0
6,2,38.5,4.75,96.0,0,3.0
2,0,33.0,8.11,92.7,0,10.0
20,5,28.6,4.07,112.9,1,5.0
50,9,38.0,3.22,97.9,2,4.0
46,9,48.4,7.72,62.3,2,7.0
32,9,46.2,6.22,89.4,1,4.0
32,9,35.2,3.25,106.7,1,1.0
20,4,35.1,3.87,79.0,1,1.0
9,3,38.0,6.16,67.3,0,4.0
1,0,34.5,4.46,109.0,0,5.0
17,8,40.3,4.63,69.6,1,1.0
16,2,46.5,7.86,106.0,1,9.0
10,3,56.1,8.08,111.4,0,15.0
13,5,31.4,5.68,77.0,1,2.0
2,2,43.2,5.32,75.2,0,7.0
31,9,42.3,6.58,80.6,1,2.0
47,9,35.4,4.83,70.2,2,8.0
35,9,29.8,2.82,94.6,1,2.0
23,9,38.0,2.19,97.4,1,2.0
22,6,55.0,5.41,104.5,1,2.0
16,2,40.2,6.56,73.3,1,5.0
8,2,31.7,5.52,106.8,0,6.0
30,9,36.7,6.47,70.2,1,4.0
29,9,28.9,6.59,89.4,1,2.0
1,0,38.1,7.16,60.3,0,6.0
21,5,43.5,5.72,121.4,1,3.0
14,6,32.5,5.83,79.6,1,3.0
9,3,12.0,5.46,102.0,0,2.0
36,9,40.2,5.19,103.6,1,2.0
27,9,34.0,3.61,64.6,1,1.0
32,9,32.0,5.5,106.7,1,7.0
36,9,31.9,5.04,79.0,1,3.0
50,9,41.2,4.97,89.4,2,10.0
41,9,34.7,5.5,76.6,2,14.0
32,8,45.4,3.89,122.3,1,2.0
44,9,45.6,5.4,66.6,2,9.0
24,8,35.8,6.12,98.6,1,2.0
50,9,33.8,4.65,77.5,2,5.0
39,8,39.0,6.75,111.8,1,2.0
33,9,36.8,5.06,136.4,1,4.0
46,9,24.0,3.66,77.4,2,2.0
26,9,53.3,7.15,92.8,1,5.0
37,9,43.7,5.74,82.3,1,8.0
15,3,34.3,6.54,110.8,1,8.0
49,9,22.7,6.56,85.0,2,10.0
32,9,36.6,4.36,108.1,1,1.0
40,9,33.3,4.87,82.0,2,5.0
24,9,37.5,6.74,134.9,1,3.0
44,9,20.7,7.7,46.2,2,4.0
4,0,38.0,5.58,97.5,0,8.0
6,2,34.7,4.75,89.8,0,5.0
26,7,36.5,7.52,89.1,1,4.0
37,9,36.1,4.75,95.7,1,4.0
41,9,38.4,5.89,91.2,2,10.0
23,8,50.2,4.99,94.4,1,1.0
33,9,33.9,5.82,98.2,1,2.0
28,9,30.7,4.37,125.0,1,2.0
49,9,24.2,5.05,34.7,2,6.0
33,9,33.9,4.75,126.9,1,4.0
21,9,26.8,6.29,141.2,1,2.0
49,9,38.0,5.7,55.0,2,8.0
6,0,37.2,6.56,91.0,0,14.0
50,9,45.5,4.51,117.4,2,9.0
8,3,49.7,5.5,108.4,0,10.0
15,7,31.1,6.25,123.5,1,7.0
42,8,35.2,6.53,97.4,2,9.0
37,6,48.7,5.5,49.3,1,2.0
49,9,39.5,5.88,116.1,2,15.0
38,9,42.2,4.52,102.7,1,4.0
32,7,46.3,6.59,119.3,1,7.0
18,4,45.2,7.73,59.3,1,14.0
1,0,41.3,2.37,65.7,0,4.0
7,4,49.2,4.71,90.3,0,6.0
15,8,37.5,5.82,116.7,1,3.0
3,1,42.2,5.5,122.2,0,10.0
26,9,36.6,6.63,75.5,1,5.0
39,9,46.2,5.59,81.9,1,7.0
49,9,38.0,4.86,147.4,2,9.0
25,6,24.5,4.28,78.9,1,1.0
44,9,43.2,4.07,103.5,2,7.0
50,9,29.8,4.61,81.0,2,13.0
43,9,29.0,4.82,99.5,2,6.0
24,4,48.1,5.96,72.7,1,6.0
17,6,45.7,5.31,73.2,1,7.0
49,9,35.3,5.5,82.6,2,6.0
13,3,13.6,4.29,79.1,1,5.0
21,4,42.3,4.66,83.9,1,1.0
4,2,43.3,4.82,100.5,0,6.0
40,8,42.1,4.6,127.8,2,8.0
33,9,41.8,6.31,78.2,1,4.0
5,0,36.5,7.14,70.2,0,4.0
12,3,34.7,4.09,90.2,1,8.0
28,5,38.0,5.5,73.0,1,2.0
28,9,32.4,6.33,57.3,1,4.0
41,9,40.6,5.72,111.3,2,6.0
14,4,40.7,7.33,91.6,1,7.0
47,9,44.3,5.3,93.6,2,9.0
23,8,26.7,5.98,51.5,1,2.0
42,8,24.7,5.65,78.3,2,3.0
12,5,35.0,5.56,61.7,1,5.0
2,2,29.8,6.05,89.6,0,7.0
3,0,39.5,5.56,92.7,0,7.0
19,4,38.0,5.5,92.7,1,1.0
48,9,47.4,4.7,76.7,2,11.0
3,0,31.4,4.73,72.9,0,4.0
19,5,50.7,4.69,86.1,1,6.0
6,1,42.2,5.06,97.1,0,6.0
47,9,29.6,6.72,78.4,2,7.0
34,9,54.8,4.95,71.3,1,11.0
39,7,40.1,6.28,72.1,1,4.0
36,9,39.3,5.82,76.8,1,4.0
33,4,37.5,4.97,80.9,1,2.0
39,5,41.7,7.07,68.0,1,7.0
1,0,42.2,6.38,81.1,0,9.0
44,9,31.1,5.5,114.7,2,3.0
37,9,36.3,5.4,84.1,1,5.0
37,6,38.9,5.61,65.2,1,5.0
20,6,42.7,3.66,44.8,1,2.0
41,9,42.8,4.51,126.7,2,1.0
20,3,39.3,6.06,112.8,1,4.0
3,2,33.6,3.6,95.7,0,2.0
46,9,33.2,4.6,89.4,2,6.0
12,4,28.5,5.03,100.6,1,5.0
6,1,42.7,8.98,88.5,0,15.0
32,7,33.1,6.31,65.2,1,4.0
12,4,36.5,6.82,128.2,1,3.0
43,9,39.9,4.53,81.3,2,11.0
23,7,38.0,5.93,82.4,1,3.0
1,1,38.0,3.39,90.7,0,2.0
48,9,30.8,5.1,91.1,2,9.0
26,9,40.2,5.5,89.4,1,4.0
14,3,35.5,5.5,99.2,1,5.0
34,7,37.3,5.97,78.5,1,6.0
27,9,47.3,6.07,89.4,1,3.0
2,0,42.0,4.78,100.9,0,8.0
38,9,38.0,4.5,76.8,1,5.0
21,8,36.8,4.64,89.4,1,3.0
35,9,50.8,5.08,89.6,1,6.0
45,7,35.5,5.12,122.0,2,4.0
31,8,38.3,6.11,62.2,1,5.0
34,9,43.3,4.86,103.1,1,3.0
13,4,39.7,7.42,72.2,1,1.0
12,5,35.0,7.41,77.3,1,3.0
21,5,32.1,5.78,108.1,1,3.0
43,9,37.9,5.09,85.4,2,5.0
27,7,43.3,4.86,141.9,1,7.0
18,8,48.6,5.88,100.4,1,5.0
39,9,26.3,5.5,76.1,1,2.0
43,9,52.1,5.26,100.4,2,10.0
46,9,35.7,5.03,85.3,2,9.0
15,3,45.4,5.92,106.6,1,11.0
36,8,32.1,5.58,84.1,1,3.0
30,9,25.1,4.81,98.1,1,1.0
23,7,27.5,5.64,94.0,1,3.0
20,5,35.4,5.5,91.6,1,6.0
6,1,42.2,4.6,110.8,0,8.0
14,6,38.2,5.49,53.9,1,2.0
28,6,36.0,4.81,92.0,1,2.0
45,9,46.9,4.62,76.0,2,2.0
44,8,38.0,6.75,63.0,2,7.0
10,3,40.2,5.03,89.4,0,4.0
34,9,62.9,7.71,77.6,1,4.0
5,0,37.9,6.25,85.3,0,8.0
34,8,32.4,4.52,96.7,1,1.0
18,6,41.8,6.89,89.4,1,7.0
23,7,43.9,4.64,81.8,1,4.0
36,9,40.4,7.87,121.7,1,9.0
22,6,39.3,5.77,89.4,1,4.0
41,9,49.9,6.15,51.1,2,9.0
27,9,48.9,5.54,83.1,1,7.0
50,9,37.1,5.82,90.9,2,12.0
32,9,32.9,5.23,30.0,1,3.0
15,0,41.4,4.39,114.1,1,7.0
39,9,32.8,5.91,88.0,1,5.0
21,6,45.1,6.73,67.0,1,3.0
27,9,41.4,4.07,70.8,1,2.0
7,0,59.4,7.35,105.2,0,12.0
6,2,49.8,6.22,107.7,0,6.0
29,7,29.4,4.98,89.4,1,2.0
10,2,33.8,4.95,62.9,0,4.0
50,9,22.7,7.74,92.6,2,5.0
43,9,20.9,6.63,96.3,2,6.0
36,5,38.9,6.87,101.3,1,9.0
37,9,28.5,5.2,78.7,1,1.0
30,9,51.1,6.17,87.6,1,4.0
4,2,47.3,5.92,90.4,0,5.0
20,4,35.8,5.29,109.3,1,6.0
25,3,35.4,5.63,116.6,1,6.0
46,9,49.9,6.83,122.0,2,6.0
11,3,51.7,7.42,116.0,1,6.0
25,9,30.5,5.2,89.4,1,2.0
18,7,29.5,3.92,110.3,1,1.0
7,3,35.6,5.5,89.4,0,8.0
6,5,41.4,7.49,120.7,0,9.0
19,7,33.9,5.98,62.5,1,5.0
5,2,41.6,7.65,137.3,0,11.0
4,0,53.6,5.89,70.5,0,13.0
18,5,26.8,4.41,107.8,1,3.0
11,3,34.4,3.93,118.9,1,1.0
28,7,26.9,3.91,99.2,1,5.0
1,1,31.3,5.51,49.0,0,5.0
16,4,35.6,4.94,71.0,1,1.0
23,8,32.2,4.81,97.1,1,2.0
49,9,42.2,5.37,102.7,2,11.0
32,8,39.2,6.53,86.4,1,4.0
45,9,40.4,5.5,91.5,2,8.0
18,9,38.0,4.64,60.6,1,2.0
23,6,36.3,4.92,125.5,1,3.0
22,6,35.2,6.61,82.4,1,4.0
45,9,36.0,5.42,105.8,2,10.0
48,9,41.4,5.84,89.4,2,4.0
49,9,22.6,7.36,66.9,2,10.0
38,9,40.3,8.91,92.6,1,10.0
26,9,31.1,6.27,95.6,1,5.0
28,9,35.3,6.15,84.8,1,2.0
50,9,25.5,4.08,108.5,2,2.0
15,6,35.1,5.94,76.7,1,2.0
18,9,40.2,5.57,91.1,1,1.0
45,9,41.7,6.57,82.6,2,6.0
20,9,28.5,5.03,136.5,1,1.0
12,2,41.3,5.74,76.7,1,5.0
29,9,47.1,6.23,104.9,1,7.0
17,4,34.1,7.78,125.9,1,6.0
45,9,38.0,7.38,71.6,2,11.0
46,9,21.5,7.02,91.9,2,5.0
16,3,30.8,6.37,70.3,1,1.0
27,7,40.2,4.98,49.7,1,1.0
50,9,45.6,6.37,74.3,2,13.0
38,9,33.2,4.57,78.6,1,1.0
11,4,59.4,5.25,79.8,1,4.0
30,8,40.5,7.63,84.0,1,4.0
31,9,38.0,6.15,90.1,1,3.0
33,8,48.3,5.77,66.1,1,5.0
2,1,28.0,5.93,97.0,0,6.0
15,7,40.6,5.39,114.3,1,2.0
43,9,30.6,2.91,116.6,2,3.0
13,8,27.1,3.98,84.8,1,1.0
15,4,45.7,6.24,107.9,1,5.0
17,4,35.9,4.4,76.4,1,4.0
9,4,38.0,5.37,89.4,0,3.0
8,3,29.9,4.03,98.0,0,1.0
18,9,25.5,4.64,83.3,1,3.0
44,9,38.0,5.49,64.7,2,5.0
1,0,61.1,6.61,106.7,0,12.0
15,5,44.7,6.85,73.4,1,7.0
4,1,42.4,4.62,79.6,0,4.0
29,8,42.7,5.87,111.2,1,8.0
13,4,34.1,3.79,100.7,1,3.0
40,9,59.8,5.57,93.5,2,13.0
30,9,41.7,6.64,60.6,1,2.0
40,9,40.9,5.42,66.7,2,7.0
32,9,45.9,7.08,97.9,1,11.0
22,5,27.8,6.5,102.6,1,4.0
44,9,31.0,5.5,95.1,2,11.0
24,7,36.0,5.2,80.5,1,5.0
48,9,45.9,4.86,79.9,2,5.0
50,9,27.6,3.75,94.3,2,5.0
30,9,37.5,3.95,89.4,1,3.0
34,5,36.3,6.69,89.4,1,10.0
13,5,25.4,7.32,62.2,1,3.0
41,9,33.9,5.5,68.9,2,4.0
34,9,42.3,5.58,93.6,1,4.0
46,9,26.1,3.61,101.7,2,6.0
14,4,49.3,4.33,96.8,1,6.0
40,9,41.7,5.81,89.4,2,9.0
24,5,40.8,4.88,52.6,1,4.0
10,1,38.1,3.2,89.8,0,6.0
9,2,38.0,7.56,52.0,0,6.0
29,9,32.8,5.44,108.9,1,2.0
16,9,40.9,4.17,68.4,1,5.0
6,1,32.8,5.65,134.7,0,6.0
22,3,39.5,5.4,70.8,1,9.0
33,9,30.8,6.01,99.3,1,2.0
16,3,41.6,5.09,75.3,1,3.0
48,9,42.2,5.88,86.6,2,5.0
39,9,25.0,6.63,93.7,1,5.0
26,5,38.0,3.92,107.2,1,3.0
47,7,25.8,4.67,110.4,2,3.0
22,8,23.1,6.51,89.4,1,4.0
7,4,33.2,4.84,110.8,0,5.0
2,0,60.4,5.4,77.7,0,17.0
47,9,44.2,4.94,103.0,2,8.0
48,9,49.1,5.5,83.2,2,11.0
37,9,42.9,4.91,109.7,1,3.0
6,2,39.6,3.99,92.3,0,3.0
15,7,45.2,6.05,102.4,1,4.0
3,1,32.9,6.77,95.8,0,10.0
3,0,41.8,5.29,105.2,0,8.0
13,8,47.4,5.5,73.8,1,5.0
29,9,43.6,4.91,58.6,1,1.0
4,2,47.9,4.84,109.8,0,6.0
50,9,39.5,5.99,116.9,2,5.0
23,7,51.5,6.01,87.7,1,9.0
14,7,36.3,5.36,106.2,1,1.0
26,9,38.0,5.5,57.4,1,1.0
40,9,42.6,3.96,77.6,2,8.0
16,4,34.9,5.5,91.6,1,3.0
3,1,28.6,6.66,55.3,0,5.0
3,1,31.5,6.65,59.4,0,7.0
43,8,30.3,6.5,93.2,2,6.0
6,2,37.3,6.72,77.9,0,6.0
32,7,27.8,5.05,83.1,1,1.0
20,3,48.3,3.45,81.9,1,4.0
39,9,38.9,5.19,64.3,1,2.0
4,0,38.6,6.26,85.6,0,6.0
45,9,28.7,6.46,89.7,2,7.0
35,9,31.8,4.87,78.3,1,1.0
23,3,20.2,4.34,80.0,1,1.0
11,1,50.9,4.46,85.9,1,11.0
49,9,26.7,5.5,106.4,2,4.0
16,7,27.3,3.22,88.1,1,5.0
25,7,49.3,5.5,51.5,1,2.0
20,3,41.1,5.56,66.1,1,5.0
12,8,39.0,5.38,108.6,1,1.0
21,4,40.7,5.1,76.3,1,5.0
8,4,45.6,4.67,88.2,0,9.0
1,0,38.8,4.81,128.5,0,1.0
15,3,25.7,4.83,102.6,1,2.0
6,2,43.9,6.35,47.0,0,10.0
21,8,41.4,5.5,118.9,1,4.0
44,8,47.4,9.3,93.0,2,17.0
9,3,28.0,5.1,97.4,0,4.0
1,0,32.2,5.5,96.1,0,6.0
6,1,41.1,5.13,108.3,0,8.0
26,6,30.4,5.1,88.4,1,3.0
14,1,19.2,5.5,60.4,1,7.0
25,4,39.6,6.7,96.5,1,7.0
2,0,45.2,3.39,62.4,0,8.0
17,4,37.0,4.27,126.3,1,3.0
21,6,42.4,5.34,82.8,1,9.0
22,4,41.2,5.5,89.0,1,4.0
28,7,38.1,3.69,76.5,1,5.0
40,9,39.1,5.64,96.8,2,11.0
24,6,48.8,3.25,99.1,1,3.0
43,9,30.3,5.65,76.4,2,5.0
27,9,44.2,6.38,99.1,1,6.0
14,1,28.6,6.55,91.4,1,3.0
12,3,31.6,5.33,88.1,1,5.0
17,5,47.6,7.31,75.0,1,6.0
30,5,28.3,5.9,136.3,1,4.0
13,3,36.1,6.51,113.7,1,5.0
46,9,56.9,4.62,89.4,2,12.0
24,7,46.2,7.33,112.5,1,9.0
44,8,32.1,5.5,96.0,2,10.0
35,9,33.5,7.39,83.0,1,8.0
17,6,36.6,7.13,37.1,1,7.0
12,0,48.5,5.81,65.6,1,5.0
38,9,30.0,5.99,133.3,1,5.0
17,8,29.5,5.28,113.2,1,3.0
13,6,43.7,4.52,94.0,1,5.0
47,9,24.6,6.21,58.4,2,5.0
25,7,30.7,6.15,102.7,1,1.0
3,0,37.3,3.56,84.4,0,4.0
25,6,38.0,5.4,104.0,1,4.0
24,9,27.1,6.54,67.8,1,1.0
44,9,40.8,7.26,80.2,2,12.0
36,9,42.4,5.5,107.7,1,5.0
10,0,32.7,3.68,128.6,0,6.0
8,3,51.3,4.23,76.8,0,4.0
31,7,40.7,5.5,70.0,1,6.0
3,1,30.0,7.18,110.5,0,5.0
16,4,51.0,4.77,64.8,1,4.0
7,0,33.8,6.77,66.2,0,6.0
2,0,39.4,4.75,95.3,0,5.0
46,9,34.1,5.5,131.7,2,5.0
5,2,43.0,4.37,73.0,0,6.0
1,1,34.1,5.27,82.6,0,9.0
47,9,34.6,4.14,92.2,2,4.0
10,3,36.7,7.23,80.5,0,4.0
41,9,34.0,4.67,54.7,2,8.0
2,2,46.6,3.64,106.0,0,4.0
8,4,27.9,3.55,93.7,0,6.0
6,1,37.7,5.4,97.3,0,5.0
36,9,38.7,5.5,89.4,1,2.0
32,9,37.0,6.28,120.3,1,6.0
24,7,45.7,5.22,89.4,1,3.0
13,1,26.0,6.9,68.5,1,9.0
5,1,42.5,5.04,123.3,0,7.0
29,9,38.0,6.73,46.0,1,5.0
12,6,33.9,5.5,86.9,1,1.0
30,8,27.2,3.7,88.5,1,2.0
35,9,35.3,4.51,87.7,1,5.0
43,9,33.4,4.15,59.0,2,2.0
25,4,51.1,4.01,66.3,1,3.0
1,0,39.9,6.0,109.2,0,6.0
15,4,41.5,5.18,117.7,1,8.0
43,9,29.1,5.67,81.7,2,5.0
27,9,43.9,6.13,71.4,1,2.0
31,9,51.1,5.5,54.3,1,3.0
23,9,45.0,6.18,108.8,1,3.0
9,3,27.5,4.05,110.0,0,5.0
45,9,34.3,4.81,33.8,2,5.0
39,9,38.9,3.23,41.5,1,5.0
50,9,33.4,6.29,92.7,2,6.0
43,9,58.3,3.47,95.3,2,7.0
15,4,34.1,4.06,80.5,1,2.0
13,5,37.7,4.15,89.3,1,3.0
13,2,33.2,5.35,89.4,1,5.0
46,9,39.9,5.31,90.5,2,5.0
28,5,49.1,6.47,72.0,1,4.0
23,7,38.0,5.37,89.8,1,2.0
49,9,36.2,6.66,76.5,2,4.0
31,5,29.4,5.96,74.8,1,3.0
46,9,47.7,4.37,52.7,2,8.0
50,6,36.9,4.7,86.5,2,8.0
4,1,36.5,7.31,106.1,0,9.0
19,6,19.3,6.97,83.5,1,1.0
37,9,37.0,5.5,82.9,1,5.0
41,8,34.8,6.65,115.1,2,9.0
8,2,23.4,6.06,110.5,0,5.0
16,4,45.9,5.9,124.7,1,9.0
28,5,33.7,5.56,135.1,1,2.0
40,6,53.2,7.54,89.4,2,13.0
6,1,49.3,4.94,66.9,0,6.0
31,5,32.2,5.79,79.6,1,4.0
15,7,49.0,3.45,101.5,1,2.0
11,4,50.9,3.78,118.8,1,7.0
26,3,33.5,7.68,69.0,1,8.0
21,1,29.7,5.5,95.1,1,5.0
32,3,20.8,5.24,74.1,1,1.0
16,7,41.0,5.59,87.1,1,2.0
42,9,30.2,3.87,86.8,2,2.0
4,0,41.3,4.99,97.6,0,1.0
44,9,33.5,3.75,130.6,2,6.0
2,1,31.8,5.15,99.5,0,2.0
37,9,33.5,6.32,81.4,1,5.0
18,5,27.6,6.04,78.1,1,3.0
20,1,33.5,7.41,86.2,1,8.0
1,0,32.1,5.85,72.6,0,7.0
36,9,37.9,2.53,92.8,1,1.0
9,0,38.8,7.84,41.8,0,7.0
33,9,29.4,4.49,85.8,1,5.0
37,8,46.8,5.69,87.4,1,4.0
43,9,36.7,5.62,66.8,2,5.0
36,9,50.0,5.79,82.4,1,10.0
16,5,39.9,5.56,112.4,1,5.0
37,7,38.6,5.58,113.8,1,10.0
42,9,34.1,3.91,79.3,2,8.0
16,7,42.9,8.6,100.5,1,13.0
7,2,38.3,6.28,60.0,0,6.0
45,9,38.0,5.5,84.1,2,10.0
8,2,50.8,7.71,94.6,0,11.0
30,9,32.2,4.21,120.5,1,1.0
12,0,42.9,6.54,113.9,1,9.0
7,5,42.7,4.83,94.2,0,5.0
39,9,38.0,5.98,71.8,1,3.0
8,2,34.5,6.01,117.2,0,15.0
34,7,34.7,2.7,83.2,1,5.0
35,8,33.3,3.78,99.0,1,1.0
4,2,33.2,7.4,87.5,0,4.0
9,2,31.3,5.2,129.8,0,2.0
40,9,37.2,7.9,77.8,2,9.0
26,9,31.9,7.07,89.4,1,6.0
7,2,41.5,5.24,88.3,0,2.0
50,9,38.5,5.13,101.4,2,10.0
14,7,39.4,7.48,122.4,1,13.0
1,0,35.8,8.02,49.9,0,10.0
47,7,38.6,5.16,88.7,2,9.0
1,1,36.0,7.35,72.1,0,9.0
28,5,44.2,6.74,98.9,1,8.0
50,9,34.5,6.94,103.8,2,17.0
29,4,41.0,5.62,80.6,1,9.0
30,9,27.5,4.69,79.6,1,1.0
20,5,38.0,4.23,94.1,1,5.0
7,2,33.5,3.93,64.5,0,5.0
29,7,30.7,7.79,96.7,1,9.0
45,9,28.9,5.51,73.6,2,8.0
5,2,28.3,4.13,104.7,0,5.0
45,9,34.1,6.7,63.6,2,5.0
21,6,50.0,4.93,78.7,1,5.0
27,4,32.9,4.72,75.0,1,2.0
9,3,20.3,7.98,84.0,0,4.0
32,9,40.9,3.9,117.5,1,4.0
10,0,29.1,5.78,106.9,0,8.0
14,5,44.5,4.79,80.4,1,5.0
37,9,34.6,4.6,80.4,1,2.0
3,0,35.8,3.74,107.7,0,5.0
23,6,47.6,5.57,66.7,1,5.0
30,9,42.9,4.45,90.4,1,3.0
7,2,28.0,6.21,77.9,0,7.0
15,5,29.2,5.5,86.6,1,2.0
18,4,23.7,5.12,106.2,1,5.0
34,8,58.8,4.46,76.6,1,4.0
49,9,31.1,7.22,109.5,2,5.0
42,9,38.0,6.38,134.0,2,8.0
10,3,33.7,4.68,102.1,0,1.0
1,0,29.4,3.87,88.3,0,5.0
3,2,38.2,3.23,89.4,0,6.0
30,6,35.4,6.86,67.8,1,2.0
8,2,44.4,6.59,120.4,0,6.0
12,2,44.5,6.76,74.9,1,12.0
43,9,33.3,5.36,133.4,2,9.0
44,9,26.5,6.47,75.7,2,4.0
42,9,28.4,6.73,103.2,2,5.0
13,3,19.7,5.42,58.8,1,2.0
31,9,35.8,5.5,85.7,1,3.0
31,9,38.0,4.33,68.4,1,5.0
10,5,38.0,6.01,61.2,0,5.0
28,9,27.9,5.5,114.1,1,3.0
27,9,37.9,5.01,65.4,1,1.0
20,7,32.9,5.15,75.3,1,3.0
38,9,36.3,5.24,73.0,1,2.0
34,9,35.1,6.45,112.8,1,5.0
27,8,40.0,3.85,89.4,1,5.0
37,9,33.5,4.17,115.4,1,1.0
39,9,34.1,4.2,74.3,1,5.0
29,9,22.9,5.32,117.0,1,2.0
14,4,37.6,5.88,74.1,1,5.0
38,9,38.7,4.22,74.9,1,3.0
36,9,36.6,6.59,76.0,1,6.0
50,9,53.3,7.26,76.8,2,13.0
8,1,39.3,6.0,88.2,0,9.0
21,7,36.7,6.85,73.2,1,1.0
47,9,42.0,4.4,94.6,2,5.0
26,7,54.9,4.43,37.8,1,6.0
48,9,40.0,6.12,94.6,2,4.0
1,0,20.2,5.45,68.2,0,3.0
2,1,41.5,4.43,76.6,0,8.0
40,9,31.0,7.21,77.1,2,6.0
18,8,22.6,5.86,89.4,1,5.0
27,9,51.6,5.5,100.1,1,3.0
22,8,49.9,4.69,86.7,1,2.0
21,9,30.8,7.52,75.7,1,5.0
47,9,30.8,5.31,105.7,2,3.0
5,0,39.3,6.72,125.9,0,6.0
39,9,30.9,4.8,89.4,1,1.0
45,9,36.9,5.7,58.0,2,4.0
33,9,32.3,6.17,75.9,1,5.0
20,5,34.8,7.89,101.2,1,8.0
9,5,26.8,4.97,81.1,0,3.0
35,7,44.6,5.74,72.8,1,12.0
24,9,47.6,5.5,72.0,1,6.0
8,3,37.2,3.8,91.8,0,6.0
18,5,37.7,2.89,59.3,1,5.0
49,9,43.0,4.3,89.3,2,6.0
14,4,38.0,6.66,91.8,1,4.0
9,4,51.8,7.56,81.0,0,11.0
35,6,27.5,4.39,69.1,1,2.0
10,5,44.9,4.04,110.4,0,4.0
46,9,37.1,7.34,63.3,2,11.0
43,9,29.0,4.82,93.5,2,3.0
50,9,56.0,5.05,104.6,2,5.0
46,9,57.1,7.25,93.2,2,16.0
13,2,36.3,7.05,114.6,1,9.0
11,2,41.6,6.62,67.3,1,7.0
18,6,34.2,3.45,74.2,1,1.0
24,7,35.5,3.99,80.8,1,4.0
44,9,28.9,6.84,155.8,2,10.0
37,9,27.8,5.88,100.2,1,5.0
33,7,52.8,4.57,103.9,1,5.0
44,9,37.7,5.09,103.1,2,9.0
33,9,38.4,6.83,91.6,1,3.0
19,9,31.5,7.33,111.0,1,1.0
21,6,39.5,5.49,52.6,1,3.0
26,8,38.0,4.68,95.5,1,5.0
5,1,31.8,5.17,98.6,0,6.0
38,9,28.4,7.11,110.4,1,6.0
33,9,48.3,7.09,66.9,1,3.0
37,9,24.8,5.73,68.4,1,4.0
27,5,38.0,4.86,69.6,1,2.0
40,9,21.6,6.8,100.4,2,7.0
48,9,30.9,5.5,89.4,2,6.0
29,8,34.3,3.76,71.0,1,3.0
23,5,45.8,5.22,128.3,1,4.0
6,3,36.2,6.89,95.7,0,7.0
39,9,34.7,5.59,92.5,1,3.0
46,9,40.4,4.91,85.8,2,7.0
35,9,38.0,5.72,108.6,1,6.0
44,9,57.3,5.94,97.8,2,10.0
44,9,33.3,4.15,127.8,2,8.0
40,9,41.3,5.61,65.7,2,7.0
26,9,44.6,5.94,59.1,1,2.0
5,5,33.0,4.91,75.2,0,5.0
1,1,39.3,4.56,101.1,0,3.0
11,4,34.0,4.85,81.4,1,1.0
22,9,40.2,4.33,115.4,1,5.0
38,9,38.8,6.52,89.4,1,2.0
23,5,36.9,4.32,111.6,1,1.0
2,0,28.8,5.73,73.4,0,7.0
11,6,52.9,5.05,113.7,1,6.0
49,9,42.7,4.65,117.4,2,7.0
50,9,25.3,7.15,78.7,2,14.0
19,5,34.6,5.34,99.8,1,1.0
41,9,25.4,4.7,95.4,2,6.0
36,9,44.1,4.58,100.3,1,8.0
47,9,37.8,5.91,115.7,2,8.0
45,9,38.0,6.49,109.5,2,10.0
32,9,31.3,7.02,100.3,1,2.0
20,9,35.5,5.3,103.3,1,1.0
32,9,44.3,5.5,64.6,1,3.0
16,5,46.4,5.66,89.2,1,7.0
18,4,44.8,5.7,89.4,1,4.0
31,9,25.6,4.57,89.6,1,1.0
29,9,36.5,7.25,112.3,1,5.0
30,9,40.0,5.53,89.9,1,3.0
20,4,32.1,6.14,39.9,1,1.0
21,7,24.7,6.01,69.1,1,1.0
1,0,27.7,5.98,101.6,0,5.0
31,8,38.0,4.3,79.2,1,5.0
29,9,28.5,5.49,105.7,1,1.0
47,9,38.4,8.24,65.9,2,6.0
26,9,36.7,7.4,97.6,1,4.0
24,4,36.8,5.69,98.6,1,7.0
4,0,38.0,5.06,105.8,0,6.0
10,2,44.3,2.84,76.9,0,5.0
17,3,38.3,5.5,105.6,1,4.0
19,4,33.0,5.41,120.1,1,6.0
19,6,38.4,5.12,44.5,1,5.0
20,9,27.8,5.2,91.0,1,1.0
39,9,41.8,6.25,53.9,1,1.0
7,1,32.6,4.3,72.8,0,3.0
17,6,33.0,5.83,89.4,1,5.0
9,2,42.1,5.37,88.7,0,6.0
16,4,34.7,4.44,89.4,1,3.0
35,7,35.2,7.51,108.1,1,12.0
3,0,47.3,6.4,95.3,0,13.0
17,4,30.2,4.56,103.5,1,2.0
2,0,42.0,6.12,68.4,0,8.0
48,9,45.6,3.83,111.1,2,2.0
37,9,47.3,4.7,30.0,1,3.0
13,3,55.4,5.5,120.5,1,3.0
10,1,32.9,5.92,116.9,0,12.0
5,2,31.1,5.83,105.0,0,5.0
24,5,44.5,6.68,89.4,1,9.0
38,9,45.5,6.23,89.4,1,5.0
30,9,31.7,5.5,105.6,1,1.0
45,9,41.9,6.62,92.7,2,8.0
18,5,59.8,3.47,94.9,1,4.0
14,5,38.8,4.7,66.7,1,2.0
24,4,45.4,5.38,97.9,1,7.0
11,4,50.6,6.16,97.0,1,7.0
49,9,58.0,5.11,76.2,2,10.0
10,3,40.0,3.36,88.6,0,3.0
24,5,48.0,3.19,63.7,1,2.0
27,5,31.7,5.42,82.1,1,4.0
3,1,38.2,4.93,109.2,0,3.0
24,8,34.4,4.41,89.4,1,5.0
23,9,22.9,4.21,105.4,1,5.0
13,1,25.2,5.66,109.2,1,2.0
7,1,38.0,7.06,109.5,0,5.0
3,1,41.6,5.66,77.1,0,5.0
1,0,29.7,7.08,96.8,0,9.0
25,3,50.5,5.05,111.7,1,4.0
5,1,29.1,6.03,62.4,0,8.0
48,9,40.1,7.12,62.3,2,12.0
13,4,34.7,5.31,61.2,1,4.0
33,8,38.9,5.53,54.3,1,1.0
34,7,45.2,5.05,89.4,1,4.0
25,6,38.0,6.21,79.5,1,7.0
45,9,43.7,6.58,120.2,2,12.0
6,0,42.6,5.92,81.3,0,4.0
12,2,27.8,5.22,59.7,1,2.0
13,1,47.1,3.7,93.3,1,5.0
7,1,29.5,5.44,86.2,0,6.0
15,4,37.2,5.5,74.4,1,6.0
16,7,35.2,5.78,78.2,1,1.0
39,9,40.8,5.5,111.3,1,2.0
16,4,34.1,7.39,61.8,1,4.0
44,9,36.7,4.66,56.7,2,5.0
39,9,51.0,3.61,99.3,1,4.0
46,9,38.0,4.13,77.7,2,3.0
6,2,38.0,4.74,121.0,0,3.0
50,9,29.1,6.8,86.9,2,12.0
31,9,43.4,3.94,88.0,1,2.0
50,9,32.2,4.1,105.7,2,9.0
18,6,38.3,6.0,56.6,1,6.0
48,8,27.4,6.52,96.8,2,8.0
30,9,48.3,3.64,82.7,1,1.0
4,2,38.6,3.37,110.5,0,7.0
21,3,39.1,4.56,77.1,1,3.0
7,4,44.6,6.29,93.5,0,13.0
48,9,28.0,5.67,82.8,2,5.0
16,4,33.1,4.6,98.3,1,4.0
12,1,39.4,6.39,85.0,1,9.0
28,9,23.9,5.65,95.2,1,5.0
22,3,24.8,5.37,125.1,1,5.0
5,1,31.4,3.56,84.3,0,1.0
41,9,28.9,5.5,98.1,2,3.0
43,9,35.2,5.5,135.7,2,13.0
38,9,42.2,5.1,97.8,1,4.0
31,3,44.0,5.5,41.3,1,5.0
21,8,52.5,5.04,76.7,1,2.0
28,6,37.8,5.64,65.9,1,3.0
27,4,39.2,6.56,108.4,1,3.0
9,4,37.8,6.25,88.1,0,10.0
5,3,40.6,4.69,111.3,0,7.0
13,1,41.2,7.03,102.2,1,7.0
23,7,45.4,6.48,102.1,1,9.0
9,3,45.3,4.97,65.5,0,4.0
6,1,42.2,5.35,100.1,0,8.0
43,9,50.1,6.22,117.3,2,18.0
19,7,38.2,6.79,61.1,1,1.0
30,5,33.1,3.68,83.7,1,1.0
27,9,34.4,5.58,97.1,1,1.0
37,9,37.2,5.46,92.0,1,2.0
37,9,29.3,4.82,118.7,1,1.0
15,3,33.1,4.81,104.6,1,2.0
43,9,38.0,6.77,98.1,2,8.0
19,4,40.8,6.14,106.4,1,5.0
42,9,40.8,8.03,105.3,2,7.0
21,8,23.8,4.82,90.8,1,5.0
6,1,32.8,5.66,82.9,0,6.0
39,9,52.6,5.87,109.8,1,8.0
2,1,43.0,6.58,75.1,0,5.0
39,9,41.6,7.13,88.6,1,9.0
3,2,32.7,5.61,66.9,0,3.0
11,1,40.3,4.19,104.6,1,4.0
31,9,37.9,5.5,114.7,1,1.0
48,9,31.6,5.5,71.3,2,9.0
21,5,34.0,6.85,86.9,1,5.0
7,0,34.2,3.76,80.4,0,5.0
12,0,26.1,4.1,111.5,1,3.0
45,7,27.4,6.41,118.3,2,1.0
37,8,36.4,3.95,80.4,1,5.0
6,1,31.2,4.15,30.0,0,2.0
20,5,35.6,6.86,113.1,1,3.0
14,6,25.2,5.23,90.9,1,1.0
9,3,44.4,5.14,91.0,0,4.0
43,8,54.6,7.14,109.3,2,17.0
31,9,46.2,4.22,82.7,1,1.0
9,3,47.0,3.98,77.4,0,3.0
33,9,43.0,7.46,82.9,1,4.0
21,9,40.1,5.78,99.8,1,5.0
4,0,38.7,6.32,107.6,0,16.0
23,9,30.7,5.13,122.7,1,3.0
10,4,43.5,5.37,98.1,0,4.0
13,6,43.0,4.66,87.1,1,3.0
44,9,34.3,5.88,89.4,2,8.0
36,8,42.2,6.5,70.6,1,5.0
7,0,32.4,5.74,118.4,0,6.0
43,9,33.0,6.77,94.2,2,1.0
29,5,44.2,6.29,85.4,1,5.0
44,9,41.4,4.24,70.6,2,4.0
38,9,36.1,5.33,102.5,1,3.0
17,6,35.2,4.96,84.4,1,4.0
27,5,39.4,6.4,88.1,1,9.0
27,9,23.3,6.05,56.6,1,1.0
36,9,31.9,5.65,81.3,1,3.0
13,4,27.9,6.72,78.6,1,2.0
17,8,38.1,3.26,98.4,1,3.0
13,2,46.7,4.78,84.6,1,4.0
15,4,41.8,4.88,37.0,1,2.0
9,2,33.9,5.8,81.7,0,9.0
2,0,32.3,6.16,60.9,0,9.0
48,9,32.0,5.5,69.1,2,5.0
4,0,54.0,3.92,110.1,0,9.0
45,9,38.5,5.99,56.2,2,6.0
1,0,39.6,5.65,95.9,0,10.0
39,9,21.1,3.74,79.9,1,2.0
17,2,28.6,5.15,76.0,1,6.0
26,9,37.6,5.95,70.4,1,5.0
15,4,34.0,7.48,96.4,1,5.0
25,9,39.1,5.5,98.6,1,1.0
23,7,39.0,6.45,55.5,1,3.0
27,4,42.8,5.5,113.0,1,9.0
20,8,23.0,3.98,89.4,1,1.0
27,9,29.2,4.05,97.8,1,2.0
42,8,37.2,6.23,66.4,2,5.0
22,7,32.8,5.66,80.8,1,3.0
19,9,35.5,5.12,89.4,1,2.0
7,0,38.9,6.05,79.4,0,12.0
18,2,32.0,5.55,86.0,1,5.0
7,3,39.5,5.63,67.0,0,10.0
10,0,42.4,5.14,96.3,0,5.0
48,9,38.5,4.27,98.9,2,4.0
5,3,43.8,7.53,144.1,0,7.0
25,4,20.6,7.18,89.4,1,6.0
42,9,33.3,7.41,113.5,2,11.0
48,9,45.1,4.85,54.6,2,5.0
8,0,31.1,4.68,50.8,0,5.0
9,1,30.0,5.0,84.1,0,5.0
19,5,37.0,6.79,125.7,1,7.0
28,9,37.9,5.5,139.5,1,2.0
48,9,33.7,5.5,76.2,2,4.0
11,3,52.7,5.94,78.3,1,8.0
9,5,40.3,4.62,100.9,0,10.0
13,9,30.8,3.87,86.1,1,5.0
44,9,26.5,5.66,86.6,2,2.0
2,1,41.2,4.88,102.7,0,6.0
20,8,30.6,5.48,144.3,1,2.0
6,1,55.2,2.28,116.1,0,9.0
8,2,41.4,4.43,89.4,0,2.0
46,9,42.5,5.45,53.1,2,8.0
1,0,40.0,3.68,111.5,0,2.0
17,3,47.0,3.72,71.0,1,3.0
46,9,18.8,5.55,123.5,2,2.0
31,7,28.4,6.34,117.1,1,5.0
4,0,46.3,4.43,102.1,0,4.0
24,6,50.0,5.5,75.1,1,2.0
49,9,28.1,5.21,80.3,2,7.0
21,8,23.5,3.63,81.9,1,1.0
27,8,39.3,6.92,105.2,1,8.0
27,7,41.9,5.28,98.1,1,4.0
34,9,39.2,5.29,118.4,1,3.0
10,4,37.5,5.95,122.2,0,9.0
42,9,23.2,3.63,73.1,2,8.0
50,9,35.0,6.6,99.5,2,8.0
8,2,36.2,6.76,99.3,0,6.0
41,9,33.6,5.67,88.1,2,6.0
41,9,22.7,6.05,108.8,2,2.0
38,9,42.7,5.11,99.8,1,6.0
19,5,44.9,6.54,78.5,1,13.0
24,7,31.6,4.51,87.2,1,1.0
42,7,36.5,5.46,83.0,2,9.0
8,4,34.0,5.53,75.4,0,3.0
42,9,34.1,5.45,88.3,2,6.0
47,9,41.9,5.5,64.1,2,4.0
35,9,42.1,8.13,99.5,1,6.0
18,4,46.6,5.37,118.1,1,6.0
28,8,46.4,6.06,91.0,1,2.0
3,0,36.6,4.54,108.9,0,6.0
47,9,60.7,6.74,93.1,2,13.0
18,5,50.4,4.88,69.6,1,7.0
3,1,32.7,9.27,130.1,0,9.0
40,9,39.0,3.5,41.6,2,3.0
33,9,22.1,8.08,89.4,1,5.0
32,6,38.2,6.69,74.6,1,4.0
3,1,51.4,4.15,121.6,0,8.0
38,9,60.3,8.28,89.4,1,10.0
32,9,37.0,4.39,141.1,1,2.0
40,9,40.7,5.12,90.7,2,3.0
42,9,42.8,3.94,74.8,2,11.0
11,7,53.8,5.32,55.8,1,3.0
11,3,30.1,5.44,112.1,1,4.0
47,9,59.2,6.5,73.3,2,10.0
27,7,35.5,8.43,81.6,1,7.0
22,5,28.6,4.88,114.6,1,2.0
15,2,35.5,2.2,111.1,1,2.0
32,9,31.5,6.28,77.8,1,2.0
38,9,41.4,5.5,80.9,1,7.0
1,0,24.8,7.68,54.9,0,2.0
28,7,39.1,5.46,48.9,1,3.0
50,9,43.3,4.59,105.3,2,5.0
15,2,49.9,4.28,107.5,1,3.0
15,3,43.4,6.25,97.1,1,4.0
44,9,49.4,5.17,93.7,2,9.0
4,4,33.2,7.26,75.9,0,4.0
20,5,41.2,5.25,119.4,1,5.0
23,5,20.2,7.2,54.3,1,2.0
40,9,37.1,3.84,80.6,2,5.0
7,6,41.1,3.41,89.4,0,4.0
22,3,41.8,6.5,90.0,1,6.0
8,3,25.4,4.94,90.0,0,4.0
40,9,34.9,5.18,79.6,2,3.0
32,9,36.0,4.29,100.8,1,5.0
25,3,34.6,4.2,65.7,1,5.0
20,3,43.8,5.5,87.1,1,3.0
8,3,36.3,5.48,98.6,0,3.0
47,9,38.8,4.23,83.3,2,7.0
33,6,34.1,6.45,90.1,1,4.0
16,5,46.5,6.91,94.3,1,5.0
21,7,47.1,5.37,54.8,1,5.0
37,9,35.5,6.7,56.7,1,3.0
36,9,60.8,4.3,92.7,1,4.0
24,8,31.9,6.19,77.8,1,3.0
16,4,46.1,5.5,79.0,1,2.0
33,9,30.4,4.55,101.4,1,1.0
33,8,44.2,7.96,70.2,1,5.0
30,8,43.6,5.78,41.7,1,3.0
4,2,29.9,4.79,123.1,0,2.0
24,7,37.0,5.52,114.2,1,8.0
31,9,52.9,5.5,113.9,1,5.0
48,9,31.5,4.11,67.6,2,5.0
27,9,38.0,4.96,89.4,1,2.0
18,2,40.7,5.04,64.6,1,5.0
28,9,37.7,4.53,88.8,1,2.0
9,3,24.2,7.0,83.0,0,4.0
5,0,44.6,4.58,68.4,0,2.0
34,9,38.1,4.38,100.1,1,3.0
50,9,38.0,4.08,84.8,2,5.0
43,9,39.9,3.96,124.5,2,5.0
30,9,38.5,6.73,91.7,1,5.0
3,1,41.0,5.81,39.0,0,9.0
50,9,30.1,6.33,53.8,2,3.0
23,3,50.5,6.72,131.9,1,10.0
15,6,35.0,5.1,82.8,1,4.0
45,9,35.1,7.27,94.8,2,8.0
38,9,48.3,4.75,90.2,1,5.0
38,9,40.0,4.19,118.3,1,5.0
14,3,36.1,5.95,51.9,1,2.0
50,9,41.3,5.67,116.6,2,10.0
23,9,43.0,5.67,115.2,1,7.0
27,7,37.1,6.72,90.1,1,5.0
38,9,45.4,5.63,98.3,1,5.0
33,9,27.8,5.88,82.6,1,2.0
9,2,40.1,7.13,56.3,0,7.0
16,5,44.4,5.82,101.6,1,2.0
19,7,43.0,6.09,94.9,1,2.0
48,9,20.1,3.8,95.3,2,5.0
36,5,37.0,9.96,99.6,1,13.0
19,7,28.3,3.59,77.9,1,1.0
37,8,48.3,5.5,119.9,1,5.0
37,9,34.9,4.82,90.2,1,2.0
20,5,47.4,8.03,100.8,1,9.0
21,6,28.3,4.78,84.6,1,5.0
45,9,41.1,6.03,111.0,2,11.0
29,9,38.1,4.82,92.1,1,4.0
8,1,60.1,4.25,88.3,0,8.0
36,9,47.4,6.18,114.1,1,8.0
30,9,46.9,4.64,55.5,1,2.0
26,5,54.2,5.75,84.4,1,6.0
37,9,40.3,6.25,77.7,1,2.0
46,9,37.2,7.79,97.5,2,5.0
17,8,36.3,3.99,96.3,1,1.0
21,6,40.6,5.32,89.8,1,4.0
10,2,15.8,5.37,75.7,0,3.0
33,9,38.0,5.5,89.5,1,3.0
21,8,39.8,8.58,96.5,1,10.0
18,8,36.8,5.29,86.4,1,2.0
35,9,25.8,2.48,112.2,1,1.0
21,7,36.8,5.26,102.2,1,1.0
24,5,25.7,5.36,90.4,1,3.0
23,6,52.2,5.21,43.1,1,2.0
13,2,35.9,4.64,85.6,1,5.0
7,1,21.5,3.91,102.6,0,2.0
42,9,36.3,8.09,84.4,2,17.0
5,1,45.2,5.88,96.1,0,10.0
17,7,39.4,5.27,85.5,1,4.0
34,9,30.7,8.05,94.6,1,7.0
7,3,32.6,4.46,118.0,0,8.0
33,8,35.7,6.22,105.7,1,4.0
37,6,34.5,4.0,64.1,1,5.0
34,9,27.9,6.4,56.8,1,1.0
16,5,37.5,4.14,98.9,1,3.0
1,0,27.3,6.06,113.4,0,7.0
45,9,45.6,7.84,56.8,2,13.0
17,9,46.6,5.61,85.8,1,2.0
41,8,30.0,2.87,137.5,2,3.0
10,2,32.3,5.54,84.6,0,9.0
9,2,34.6,6.08,140.5,0,7.0
39,9,37.7,6.58,89.4,1,6.0
47,9,40.1,7.27,77.1,2,8.0
44,9,41.7,7.33,75.9,2,12.0
38,6,41.5,5.34,64.4,1,7.0
13,2,50.4,4.71,56.2,1,8.0
46,9,38.5,4.16,85.6,2,4.0
34,9,27.6,4.85,92.9,1,2.0
9,4,25.1,6.07,75.7,0,7.0
7,4,51.1,3.88,80.5,0,5.0
44,9,42.1,4.39,118.9,2,6.0
14,4,39.7,6.17,109.4,1,8.0
39,9,41.6,4.72,84.8,1,2.0
7,1,39.3,5.94,98.6,0,7.0
15,4,41.5,4.52,57.3,1,4.0
15,6,35.0,5.85,95.4,1,5.0
15,2,46.4,5.5,88.8,1,7.0
34,9,33.8,3.22,82.5,1,3.0
46,9,30.8,6.65,90.7,2,7.0
46,9,24.5,4.66,87.4,2,9.0
38,9,36.1,5.2,63.7,1,2.0
11,1,48.1,4.67,89.4,1,3.0
49,9,34.3,6.15,109.0,2,4.0
28,9,27.0,5.9,82.2,1,1.0
28,3,40.3,6.15,89.4,1,6.0
36,9,32.8,4.84,40.9,1,5.0
39,9,50.4,5.44,130.1,1,7.0
48,9,38.0,6.0,86.5,2,2.0
30,9,27.8,7.35,105.3,1,5.0
31,9,36.6,5.87,71.0,1,2.0
38,9,32.0,4.3,83.9,1,5.0
13,4,28.7,5.82,84.9,1,4.0
16,3,37.6,5.3,94.8,1,2.0
32,9,44.5,3.1,91.8,1,4.0
4,1,37.3,3.29,71.6,0,6.0
17,5,33.9,5.42,71.3,1,1.0
36,9,20.4,5.52,88.4,1,5.0
49,9,32.7,5.15,54.9,2,3.0
26,8,38.0,6.56,73.5,1,7.0
20,3,27.3,4.38,86.9,1,2.0
23,6,48.3,3.84,97.9,1,7.0
35,9,33.3,5.5,120.1,1,2.0
28,9,39.5,4.77,80.5,1,5.0
2,0,34.8,5.43,90.7,0,6.0
27,9,28.6,4.54,52.7,1,5.0
21,8,41.5,2.93,96.7,1,1.0
36,9,33.2,5.5,71.8,1,5.0
44,9,31.3,5.65,83.8,2,12.0
49,9,19.0,4.15,99.5,2,4.0
31,8,48.4,3.09,100.4,1,2.0
19,8,38.0,6.25,60.9,1,1.0
23,6,46.9,7.35,106.0,1,5.0
9,3,43.0,5.39,89.4,0,6.0
47,9,46.9,5.82,115.3,2,8.0
43,8,38.0,5.83,119.2,2,8.0
43,9,27.0,2.72,122.1,2,2.0
17,4,38.0,6.57,61.5,1,4.0
17,5,39.0,6.99,98.0,1,8.0
43,9,34.3,7.7,58.5,2,8.0
28,8,43.9,4.97,116.0,1,4.0
36,9,40.5,4.14,118.9,1,2.0
25,9,43.1,5.5,109.6,1,10.0
23,9,29.8,6.1,81.5,1,1.0
32,9,45.8,6.55,100.9,1,4.0
41,7,38.0,4.72,79.0,2,11.0
17,4,46.7,5.83,90.3,1,8.0
41,9,45.7,4.24,88.2,2,6.0
13,1,43.5,5.5,50.0,1,9.0
21,8,37.1,5.08,73.8,1,2.0
46,9,43.7,8.31,135.4,2,7.0
48,9,46.9,6.16,88.3,2,5.0
47,9,42.9,2.92,93.2,2,3.0
16,2,39.6,5.5,89.8,1,8.0
43,9,43.7,5.94,81.8,2,11.0
47,9,33.8,4.93,90.7,2,3.0
49,9,50.1,4.18,81.9,2,4.0
2,1,24.5,6.29,44.3,0,8.0
38,9,38.3,4.35,105.7,1,5.0
50,9,34.8,6.19,122.3,2,9.0
39,7,32.9,4.24,66.7,1,3.0
12,1,40.4,4.86,81.7,1,5.0
39,9,29.0,6.65,120.0,1,2.0
6,4,55.2,6.09,74.6,0,7.0
25,9,27.2,5.54,97.8,1,5.0
32,8,30.4,5.46,176.5,1,3.0
23,8,29.6,5.61,102.6,1,3.0
35,9,39.6,4.55,91.4,1,2.0
13,1,46.1,3.68,107.6,1,3.0
31,9,42.2,6.18,105.5,1,5.0
33,9,49.8,5.5,76.8,1,2.0
32,5,31.4,6.23,55.3,1,1.0
15,2,43.3,5.81,101.9,1,8.0
16,6,35.6,4.05,104.9,1,5.0
13,6,39.8,6.55,84.0,1,7.0
24,3,46.9,6.08,122.9,1,6.0
30,9,24.5,6.41,118.9,1,5.0
19,3,53.9,6.74,105.5,1,11.0
21,6,36.8,7.4,84.4,1,3.0
15,2,25.1,4.16,48.2,1,4.0
11,2,32.5,3.95,86.5,1,2.0
33,8,38.8,5.68,53.3,1,1.0
41,9,32.5,4.39,42.9,2,4.0
15,4,21.6,4.19,102.9,1,2.0
44,9,38.8,6.96,113.4,2,9.0
29,9,32.2,4.29,51.0,1,5.0
9,4,43.2,5.49,84.9,0,5.0
19,7,29.5,3.54,89.7,1,5.0
1,0,56.1,5.58,84.2,0,8.0
2,0,42.1,6.92,62.4,0,10.0
17,2,39.6,6.96,116.6,1,5.0
23,8,43.0,6.75,63.0,1,4.0
40,9,23.4,5.41,51.0,2,1.0
7,0,34.0,5.5,62.5,0,8.0
42,9,52.3,6.02,99.6,2,9.0
12,2,38.0,4.97,84.7,1,6.0
7,1,37.5,5.96,74.6,0,5.0
35,9,34.3,6.56,100.6,1,4.0
39,9,49.7,3.91,96.7,1,2.0
31,9,36.0,4.23,43.9,1,5.0
6,0,28.0,5.33,100.4,0,5.0
6,3,38.0,4.03,113.6,0,10.0
20,8,27.0,4.02,87.5,1,3.0
23,9,37.2,5.0,85.3,1,3.0
50,9,38.0,6.69,127.9,2,9.0
15,4,32.4,6.67,75.8,1,3.0
10,2,29.5,5.89,86.7,0,6.0
48,9,33.7,5.72,96.6,2,5.0
8,1,45.9,5.5,91.0,0,16.0
2,0,22.8,4.85,84.6,0,1.0
22,7,48.1,5.79,91.8,1,6.0
21,6,46.7,4.79,121.4,1,5.0
31,5,42.1,3.96,106.2,1,7.0
44,6,39.0,6.92,88.5,2,11.0
47,9,40.2,5.13,72.7,2,11.0
15,9,49.4,6.33,75.4,1,3.0
50,8,24.0,5.2,109.0,2,6.0
32,5,43.8,7.0,58.1,1,8.0
4,0,32.0,4.3,138.1,0,3.0
47,9,44.6,6.9,89.4,2,13.0
7,2,33.1,6.57,62.4,0,5.0
30,9,43.7,3.35,93.6,1,1.0
40,9,25.6,4.88,74.0,2,4.0
13,7,38.0,6.72,81.6,1,4.0
14,4,37.1,7.46,59.8,1,4.0
24,6,49.5,6.36,85.2,1,8.0
45,9,42.3,5.02,47.5,2,7.0
12,4,42.2,4.34,78.0,1,3.0
34,7,44.9,6.18,73.5,1,3.0
23,9,34.8,4.99,80.0,1,2.0
6,3,42.9,5.04,74.7,0,10.0
36,9,33.4,5.23,90.7,1,2.0
42,9,35.5,5.5,107.8,2,8.0
29,6,36.5,7.67,97.2,1,4.0
9,4,33.6,6.73,116.0,0,9.0
8,1,37.5,5.51,80.0,0,8.0
22,6,36.0,4.42,96.5,1,5.0
26,8,32.3,6.3,97.3,1,7.0
28,6,36.9,7.5,113.0,1,4.0
13,3,39.2,6.7,89.4,1,9.0
26,7,29.2,5.75,105.8,1,2.0
15,5,41.3,4.91,72.9,1,3.0
35,9,34.1,5.91,78.6,1,1.0
40,9,39.6,6.89,82.8,2,13.0
33,9,38.0,5.78,99.1,1,3.0
1,1,38.0,5.38,68.3,0,8.0
50,9,45.6,4.68,71.0,2,7.0
2,0,29.6,8.61,77.1,0,11.0
50,9,42.2,4.43,91.0,2,10.0
2,0,49.6,4.32,71.3,0,15.0
26,9,30.4,5.7,95.3,1,2.0
6,0,31.0,5.26,82.8,0,6.0
5,1,43.9,6.73,103.2,0,13.0
35,9,38.0,6.77,91.3,1,3.0
37,9,31.8,4.04,125.0,1,5.0
6,2,29.9,4.59,92.4,0,3.0
49,9,44.0,4.45,65.6,2,13.0
17,5,32.5,6.44,89.4,1,4.0
16,4,35.7,6.01,89.4,1,2.0
15,3,32.0,5.05,71.8,1,5.0
24,8,47.2,5.76,120.3,1,5.0
9,1,31.1,5.5,83.8,0,5.0
22,7,38.0,4.61,77.1,1,5.0
11,3,38.0,3.94,93.6,1,1.0
3,1,43.5,5.67,71.9,0,10.0
19,9,44.1,5.67,109.3,1,5.0
34,9,48.0,4.32,105.3,1,4.0
39,9,27.9,6.01,92.6,1,1.0
18,7,36.2,6.77,101.8,1,3.0
17,4,57.4,4.26,80.0,1,9.0
40,8,35.6,5.11,59.9,2,8.0
35,9,33.5,5.5,83.5,1,1.0
42,9,37.8,5.49,80.0,2,8.0
46,9,42.2,3.85,49.3,2,3.0
42,9,42.1,4.97,68.8,2,5.0
47,9,33.1,4.93,65.4,2,7.0
21,8,33.3,5.3,68.9,1,2.0
20,5,35.6,5.35,116.7,1,5.0
17,3,32.2,7.38,100.2,1,8.0
12,3,28.1,5.25,109.3,1,5.0
38,9,52.5,3.44,100.2,1,2.0
36,9,34.7,5.61,111.7,1,2.0
41,9,35.2,7.6,90.5,2,10.0
9,1,35.4,5.3,120.3,0,8.0
25,7,37.4,4.97,65.4,1,5.0
12,6,41.5,5.13,88.6,1,2.0
45,9,34.3,6.2,69.5,2,8.0
14,6,47.1,5.13,114.8,1,3.0
8,2,42.8,3.68,98.4,0,2.0
29,5,36.5,4.69,113.7,1,5.0
44,9,32.7,5.42,61.9,2,2.0
46,9,46.7,6.14,78.0,2,3.0
5,0,36.7,4.8,54.3,0,6.0
17,3,28.1,5.14,97.2,1,1.0
8,1,46.2,5.55,81.4,0,11.0
16,2,32.2,4.57,105.1,1,6.0
27,6,44.9,5.5,90.6,1,3.0
15,4,17.9,6.06,47.4,1,2.0
4,2,35.1,4.08,56.8,0,3.0
26,6,47.3,5.87,91.6,1,7.0
3,4,38.0,4.19,99.3,0,1.0
12,1,42.8,4.22,45.7,1,6.0
1,1,30.8,4.7,88.3,0,3.0
5,1,40.8,7.14,69.7,0,11.0
22,9,38.0,3.44,67.8,1,1.0
43,9,39.9,4.94,76.9,2,8.0
39,9,54.3,5.47,92.5,1,7.0
5,0,48.4,6.9,75.9,0,9.0
2,0,44.3,7.84,89.4,0,9.0
17,7,44.4,4.99,92.3,1,7.0
33,9,30.7,6.15,83.0,1,1.0
38,9,34.2,5.39,71.2,1,1.0
42,9,25.7,5.38,83.8,2,2.0
18,5,27.8,5.83,83.0,1,5.0
9,3,30.9,3.6,90.9,0,2.0
2,0,37.8,5.5,85.0,0,9.0
8,2,28.2,6.04,93.3,0,7.0
4,1,37.7,4.47,89.0,0,10.0
44,9,36.8,6.05,106.4,2,8.0
14,1,28.9,5.5,121.7,1,1.0
42,9,50.2,5.61,89.7,2,8.0
28,9,27.4,5.5,77.6,1,2.0
27,5,46.9,5.24,61.3,1,3.0
23,8,20.0,4.33,102.9,1,2.0
41,7,36.9,5.5,72.0,2,5.0
3,2,28.4,5.97,137.0,0,5.0
5,0,32.8,6.61,145.6,0,10.0
22,7,52.5,5.43,85.7,1,3.0
20,8,35.2,4.94,56.7,1,5.0
28,7,38.0,3.18,103.1,1,5.0
37,9,41.9,5.65,132.0,1,4.0
30,9,35.2,4.67,63.8,1,5.0
13,6,39.2,4.74,128.0,1,4.0
17,7,30.7,7.44,53.0,1,3.0
38,9,31.1,3.34,60.9,1,2.0
11,4,31.7,3.5,96.2,1,1.0
26,6,44.4,5.78,110.3,1,9.0
27,9,36.2,5.04,88.7,1,1.0
38,9,29.6,5.5,99.0,1,3.0
36,9,39.3,5.83,112.1,1,4.0
24,9,38.6,5.81,114.4,1,1.0
16,3,42.6,4.33,77.6,1,6.0
19,8,34.1,4.79,72.7,1,5.0
21,6,37.4,5.56,111.1,1,1.0
11,5,41.4,5.7,99.1,1,3.0
32,9,29.9,5.5,101.8,1,4.0
11,6,45.1,4.8,76.8,1,4.0
33,5,38.1,5.92,102.8,1,8.0
38,9,29.2,6.64,68.1,1,1.0
49,9,29.1,5.56,94.9,2,4.0
6,1,37.2,5.5,92.2,0,3.0
38,9,33.6,5.22,92.4,1,3.0
5,3,44.0,5.5,105.6,0,8.0
17,8,35.7,4.37,69.6,1,1.0
9,4,40.4,5.14,103.5,0,8.0
9,3,31.2,6.04,90.4,0,5.0
9,3,37.8,4.43,89.4,0,2.0
3,1,48.5,5.41,63.6,0,5.0
42,9,36.8,5.27,127.8,2,4.0
4,1,33.6,7.63,88.6,0,10.0
20,8,31.1,6.37,82.9,1,5.0
35,9,37.8,6.35,67.1,1,4.0
50,6,38.0,6.6,111.8,2,9.0
43,9,27.1,5.5,110.2,2,5.0
7,0,37.6,7.15,106.4,0,11.0
50,9,24.3,5.69,88.8,2,3.0
33,7,34.7,5.45,105.0,1,5.0
9,7,40.1,4.04,73.5,0,3.0
23,7,25.4,5.02,94.4,1,2.0
46,9,38.0,3.38,88.9,2,3.0
20,2,40.3,5.2,95.3,1,6.0
10,1,39.0,4.81,53.7,0,7.0
44,9,40.7,5.02,127.4,2,14.0
48,9,30.2,3.84,122.4,2,7.0
49,9,40.3,6.34,67.0,2,4.0
48,9,33.2,6.21,101.5,2,8.0
44,9,43.7,7.53,60.3,2,10.0
23,8,19.5,7.49,91.7,1,1.0
10,1,35.7,5.69,46.1,0,5.0
31,9,38.0,6.73,84.2,1,5.0
12,6,48.8,5.81,80.2,1,6.0
24,9,38.7,4.99,113.1,1,4.0
33,9,39.5,5.17,123.4,1,1.0
48,9,41.0,6.27,123.8,2,8.0
15,5,48.0,10.41,113.2,1,9.0
13,5,34.9,6.9,91.6,1,5.0
37,9,26.8,5.8,97.8,1,1.0
1,0,38.0,6.08,97.7,0,7.0
29,9,43.3,6.07,66.4,1,4.0
38,9,39.8,5.39,112.9,1,3.0
28,6,35.9,6.41,103.8,1,3.0
20,4,33.3,5.31,104.7,1,4.0
42,9,39.4,4.29,44.4,2,4.0
19,4,39.7,6.08,99.1,1,5.0
36,9,41.8,6.24,110.1,1,5.0
24,9,29.1,5.33,89.7,1,1.0
2,0,23.9,5.87,80.0,0,7.0
27,7,30.7,6.65,62.8,1,4.0
3,1,27.2,5.44,61.3,0,7.0
47,9,26.8,4.96,93.1,2,5.0
31,3,50.6,4.65,85.3,1,6.0
19,6,19.9,5.2,85.0,1,2.0
25,9,41.8,7.34,120.6,1,1.0
31,8,45.3,5.26,64.9,1,2.0
14,6,45.9,5.93,83.1,1,5.0
15,5,40.2,5.11,123.9,1,5.0
21,7,48.6,5.01,83.8,1,3.0
13,4,52.3,5.5,91.3,1,6.0
38,9,35.6,5.62,86.5,1,1.0
6,3,41.6,4.88,104.1,0,5.0
42,9,48.2,7.03,48.9,2,9.0
18,5,31.1,5.37,85.9,1,1.0
29,4,36.0,5.45,91.1,1,2.0
8,1,33.0,5.28,70.0,0,11.0
20,7,41.7,5.95,96.9,1,3.0
38,9,22.8,7.29,105.7,1,1.0
14,3,49.5,4.25,99.0,1,5.0
7,2,42.3,5.83,125.6,0,10.0
27,7,42.7,3.62,81.3,1,1.0
9,8,19.1,6.97,100.0,0,3.0
16,3,29.7,5.37,99.5,1,2.0
23,8,49.9,3.71,85.3,1,1.0
29,5,36.6,3.97,112.7,1,2.0
32,9,24.2,6.48,95.8,1,1.0
34,8,38.0,3.5,89.4,1,2.0
43,9,43.4,5.83,105.0,2,8.0
4,1,42.3,4.99,80.0,0,7.0
19,2,36.8,5.27,83.5,1,2.0
1,0,47.1,4.69,85.0,0,3.0
1,1,38.0,4.36,104.7,0,5.0
11,4,42.3,5.5,111.6,1,6.0
30,8,39.1,6.19,86.8,1,4.0
45,9,36.9,5.15,85.7,2,6.0
39,9,35.0,6.01,49.1,1,1.0
33,9,35.3,5.21,75.8,1,1.0
39,9,38.3,6.23,71.1,1,3.0
9,5,35.7,6.0,96.2,0,5.0
42,9,43.9,4.85,87.9,2,9.0
45,9,33.7,4.36,71.8,2,4.0
5,1,50.5,6.65,93.1,0,14.0
24,8,33.4,4.52,88.6,1,1.0
42,9,45.4,5.5,39.2,2,7.0
24,4,45.7,5.54,112.2,1,7.0
43,9,39.3,4.94,110.2,2,6.0
47,9,38.6,6.02,85.2,2,6.0
24,8,32.2,7.14,97.1,1,5.0
3,4,33.9,6.25,83.5,0,6.0
18,7,39.8,5.66,57.9,1,2.0
11,4,37.6,7.45,133.3,1,7.0
24,9,47.5,3.49,89.4,1,5.0
30,9,34.4,4.17,108.8,1,1.0
24,9,34.8,4.94,84.3,1,1.0
10,2,24.7,7.2,112.5,0,8.0
16,1,43.1,6.63,62.6,1,5.0
34,8,42.4,3.44,85.1,1,4.0
2,0,45.8,4.98,104.8,0,10.0
11,3,46.3,3.91,77.5,1,2.0
45,9,44.3,5.45,108.2,2,6.0
5,1,44.6,6.58,96.1,0,16.0
21,9,42.9,6.67,94.2,1,4.0
11,2,44.1,5.82,75.6,1,8.0
6,1,23.3,4.99,98.1,0,2.0
22,7,29.2,5.39,128.7,1,4.0
27,9,27.9,6.32,93.5,1,1.0
9,8,48.2,8.32,101.1,0,7.0
4,3,31.7,4.08,104.1,0,3.0
7,1,33.0,7.41,67.1,0,11.0
33,9,38.0,5.79,87.3,1,4.0
44,9,28.1,6.48,86.7,2,7.0
10,2,41.0,5.72,47.5,0,6.0
17,8,21.0,7.19,105.8,1,1.0
18,9,28.6,5.9,71.4,1,1.0
19,3,39.6,4.72,103.6,1,6.0
13,3,28.1,6.04,74.8,1,5.0
3,0,48.4,6.85,130.8,0,10.0
27,6,38.4,5.5,84.4,1,6.0
18,4,47.1,3.01,128.4,1,2.0
18,6,40.9,5.36,89.4,1,7.0
14,8,37.9,5.62,88.9,1,2.0
47,9,30.0,5.45,121.3,2,6.0
31,9,45.4,4.91,71.6,1,4.0
21,2,41.5,7.09,91.0,1,9.0
11,3,54.7,2.65,100.8,1,4.0
41,9,44.6,5.61,98.1,2,6.0
45,9,34.8,5.63,90.9,2,3.0
2,0,40.3,8.01,88.1,0,13.0
47,9,41.4,5.48,106.9,2,6.0
35,9,47.3,6.03,93.5,1,1.0
5,0,48.6,5.65,109.3,0,9.0
38,9,36.7,5.61,89.4,1,3.0
6,0,28.3,7.62,103.0,0,9.0
3,2,23.2,4.17,112.7,0,4.0
6,1,28.9,5.5,83.8,0,2.0
23,9,38.0,6.41,112.1,1,6.0
31,9,50.0,5.81,86.9,1,6.0
21,6,50.2,5.16,62.0,1,7.0
7,0,45.7,5.42,83.4,0,10.0
10,2,47.8,6.6,75.5,0,12.0
43,9,38.0,6.08,97.5,2,11.0
49,9,25.9,4.64,84.3,2,3.0
38,9,38.0,5.79,92.6,1,3.0
6,3,21.7,5.44,110.3,0,6.0
41,9,29.1,6.06,119.7,2,9.0
35,9,34.0,5.11,95.9,1,2.0
27,9,38.0,4.05,111.7,1,5.0
8,2,39.1,6.31,86.5,0,5.0
50,9,32.5,6.16,58.7,2,8.0
23,4,42.6,7.2,66.4,1,6.0
3,1,32.6,3.92,86.1,0,5.0
11,3,38.1,5.42,105.9,1,8.0
21,6,29.1,5.22,86.1,1,5.0
4,1,46.7,5.02,113.7,0,7.0
17,7,38.2,3.65,126.6,1,3.0
24,8,43.4,4.22,72.2,1,5.0
48,7,28.3,5.82,132.5,2,6.0
5,1,39.4,4.9,57.3,0,6.0
29,4,42.6,4.51,127.0,1,4.0
46,9,21.6,7.22,89.3,2,8.0
41,9,47.3,8.35,85.3,2,13.0
47,9,28.0,5.43,89.8,2,8.0
9,1,39.7,3.7,74.0,0,4.0
41,9,52.3,5.98,120.0,2,19.0
49,9,45.6,3.0,76.2,2,2.0
17,2,26.1,3.88,78.7,1,4.0
25,3,36.6,6.0,62.4,1,6.0
27,9,47.9,3.84,75.4,1,1.0
25,9,31.5,5.14,76.0,1,1.0
15,4,35.1,3.72,74.7,1,2.0
49,9,34.9,5.57,89.4,2,3.0
48,9,42.6,6.85,67.7,2,5.0
20,5,25.7,4.76,121.9,1,3.0
41,7,43.0,5.48,86.9,2,11.0
20,5,38.0,4.52,97.5,1,2.0
40,9,37.9,4.61,107.2,2,5.0
30,9,36.2,4.5,130.5,1,3.0
24,6,42.8,6.44,108.2,1,10.0
7,1,37.8,3.8,85.0,0,6.0
33,9,49.5,5.1,68.5,1,1.0
17,8,45.9,5.5,96.8,1,6.0
11,3,31.6,6.59,111.2,1,9.0
10,1,48.9,5.5,92.8,0,13.0
50,9,40.6,5.41,89.4,2,6.0
6,4,39.4,4.82,94.3,0,4.0
40,9,44.8,5.5,52.6,2,4.0
44,9,29.7,4.46,92.9,2,5.0
2,1,27.0,4.48,104.6,0,4.0
30,9,38.2,7.12,89.1,1,3.0
29,9,33.1,5.93,112.5,1,1.0
18,6,38.0,5.97,113.1,1,3.0
34,9,31.9,6.22,79.9,1,4.0
21,7,38.3,5.39,98.8,1,1.0
22,9,39.5,3.77,90.9,1,1.0
22,4,47.9,5.8,49.4,1,8.0
41,9,30.0,5.48,86.3,2,8.0
32,9,25.1,4.47,69.4,1,1.0
19,9,49.2,5.5,89.4,1,4.0
47,9,38.6,5.44,103.7,2,7.0
41,8,44.5,3.87,85.6,2,4.0
47,9,44.9,5.33,89.4,2,8.0
37,9,46.2,5.18,94.7,1,3.0
20,6,35.0,5.36,138.9,1,3.0
39,9,38.0,5.98,46.6,1,5.0
17,5,22.0,6.25,94.7,1,3.0
14,8,30.0,4.65,89.4,1,5.0
23,5,38.0,6.54,81.5,1,7.0
49,9,32.4,5.24,87.9,2,3.0
29,6,28.9,7.6,83.1,1,9.0
20,7,38.4,4.8,89.4,1,3.0
24,6,48.7,3.57,89.4,1,5.0
15,4,37.6,6.5,46.8,1,2.0
33,8,28.9,6.01,115.6,1,6.0
18,7,38.0,6.94,112.6,1,3.0
28,7,31.8,5.87,89.4,1,1.0
19,6,49.8,8.31,91.0,1,15.0
17,5,35.9,5.27,114.4,1,1.0
49,9,38.0,6.76,110.7,2,6.0
18,3,50.5,4.87,117.1,1,8.0
4,4,27.2,6.09,97.5,0,5.0
19,3,29.6,6.31,89.4,1,5.0
27,7,35.4,6.5,118.2,1,9.0
5,0,36.9,6.43,83.1,0,9.0
16,5,59.1,2.0,98.8,1,5.0
9,5,30.9,5.42,47.1,0,5.0
26,7,27.6,4.81,58.4,1,1.0
37,9,30.5,5.05,89.4,1,1.0
49,9,39.9,5.16,103.1,2,8.0
20,6,41.9,6.67,82.3,1,6.0
44,9,32.3,5.74,77.9,2,7.0
11,1,38.2,4.89,82.9,1,3.0
40,9,53.6,3.74,93.8,2,10.0
29,9,38.3,7.34,43.7,1,5.0
38,9,40.6,4.72,99.3,1,2.0
38,9,53.1,5.34,90.6,1,7.0
27,4,32.4,8.07,94.9,1,6.0
13,4,31.9,4.76,87.5,1,4.0
27,3,34.2,5.5,62.3,1,7.0
42,9,33.8,5.78,68.0,2,4.0
49,9,23.4,3.57,120.5,2,2.0
47,9,39.1,3.43,77.1,2,3.0
10,6,39.7,5.5,106.2,0,5.0
30,9,36.5,4.96,68.4,1,1.0
6,0,38.0,5.66,89.7,0,10.0
34,7,40.1,4.33,81.2,1,2.0
50,9,27.5,6.02,84.3,2,9.0
3,0,40.3,2.91,83.2,0,4.0
33,9,42.5,5.42,118.9,1,6.0
48,9,25.2,5.93,89.4,2,10.0
43,9,49.7,5.89,94.8,2,10.0
20,4,28.1,5.3,89.4,1,3.0
6,0,28.9,4.71,63.4,0,2.0
47,9,39.6,5.27,62.0,2,8.0
47,9,42.3,6.98,119.0,2,7.0
29,3,44.2,4.78,60.6,1,2.0
49,9,42.5,5.5,81.2,2,7.0
1,1,33.8,6.86,93.1,0,5.0
31,9,38.9,3.42,38.0,1,5.0
2,1,35.5,5.35,65.0,0,5.0
47,9,39.4,4.33,63.2,2,7.0
35,9,38.5,3.7,76.7,1,1.0
46,9,34.0,6.45,95.2,2,9.0
29,9,35.2,6.07,110.6,1,4.0
5,3,23.2,5.82,76.7,0,3.0
2,1,44.6,4.2,80.8,0,5.0
17,6,40.4,5.75,87.6,1,6.0
38,9,19.5,5.5,73.9,1,1.0
8,2,44.3,5.59,98.4,0,8.0
43,9,37.6,4.71,99.0,2,11.0
12,5,30.5,6.76,35.6,1,2.0
25,8,29.8,5.06,102.8,1,5.0
11,2,32.5,5.78,92.5,1,3.0
24,9,30.5,5.78,95.2,1,5.0
23,4,31.6,5.41,113.6,1,5.0
1,0,51.6,5.63,54.3,0,4.0
29,9,41.0,5.86,64.9,1,2.0
40,9,54.3,4.42,88.6,2,1.0
47,9,39.8,5.98,43.6,2,14.0
17,7,42.6,6.54,85.8,1,4.0
45,9,31.0,5.98,106.9,2,11.0
44,9,36.7,5.07,97.9,2,7.0
50,9,37.3,5.71,91.6,2,8.0
19,5,43.0,5.06,85.3,1,7.0
43,9,38.0,5.36,81.4,2,5.0
29,8,40.8,4.07,80.3,1,2.0
3,1,38.0,7.16,94.6,0,8.0
14,2,35.6,7.82,59.0,1,9.0
34,9,34.8,4.66,119.3,1,2.0
9,2,32.6,6.44,75.2,0,3.0
22,7,46.7,7.25,101.2,1,5.0
39,9,35.6,4.35,91.6,1,5.0
8,2,40.6,2.91,66.9,0,8.0
25,9,36.7,7.32,115.9,1,3.0
11,3,46.5,5.49,111.6,1,5.0
27,8,22.1,4.88,58.6,1,1.0
13,7,40.4,5.56,88.5,1,5.0
49,9,28.0,5.06,94.1,2,3.0
4,1,41.1,5.5,48.6,0,10.0
49,9,36.8,4.86,47.6,2,5.0
40,9,26.2,5.89,73.3,2,4.0
43,9,40.7,7.05,63.7,2,9.0
43,9,38.0,7.04,69.1,2,7.0
10,6,36.2,6.82,89.4,0,9.0
47,9,38.0,4.99,87.6,2,7.0
30,9,39.3,5.32,72.2,1,2.0
49,9,47.4,2.89,112.3,2,5.0
44,9,35.5,5.5,93.6,2,5.0
29,6,38.0,5.54,105.9,1,4.0
19,5,38.0,6.39,56.2,1,5.0
6,1,48.4,7.65,77.4,0,11.0
6,2,36.1,6.35,92.7,0,12.0
20,4,32.7,6.78,99.1,1,3.0
41,9,29.2,5.48,77.0,2,8.0
26,6,37.7,7.04,80.0,1,6.0
25,6,31.7,5.51,82.2,1,5.0
13,1,49.2,6.87,84.0,1,4.0
29,9,31.0,6.47,133.3,1,1.0
32,9,32.5,5.97,96.3,1,3.0
50,9,42.6,3.65,90.8,2,6.0
37,9,47.5,6.81,64.8,1,4.0
31,9,43.8,5.95,65.3,1,5.0
46,9,46.5,6.34,85.7,2,9.0
22,9,37.4,5.88,112.6,1,2.0
47,9,37.5,6.08,86.0,2,6.0
19,3,54.1,7.06,86.9,1,15.0
7,4,51.5,4.93,75.1,0,4.0
21,7,43.7,6.06,55.2,1,6.0
7,1,46.9,4.57,98.7,0,6.0
6,4,44.9,6.19,84.9,0,9.0
45,9,28.4,5.8,98.9,2,7.0
40,9,37.7,4.74,93.1,2,11.0
12,4,50.0,5.61,70.7,1,7.0
42,9,43.8,4.82,94.5,2,9.0
4,2,37.5,5.05,64.2,0,4.0
15,5,50.1,5.93,94.4,1,5.0
36,9,41.0,5.82,88.7,1,5.0
16,6,44.0,3.2,120.8,1,5.0
37,9,41.0,5.94,72.7,1,4.0
44,9,38.0,5.14,63.5,2,9.0
4,1,42.9,5.0,81.7,0,4.0
2,0,48.4,4.15,102.2,0,2.0
48,9,49.4,5.5,34.0,2,11.0
27,6,34.4,4.87,107.5,1,3.0
26,7,40.8,7.03,85.8,1,6.0
24,7,48.2,3.4,67.2,1,1.0
22,4,36.9,4.34,82.6,1,5.0
35,9,27.5,4.26,75.2,1,1.0
29,6,30.7,5.81,65.5,1,5.0
9,2,31.3,6.91,51.2,0,6.0
32,9,34.3,6.1,104.6,1,4.0
34,9,32.0,4.19,78.8,1,2.0
6,1,46.2,4.98,82.2,0,10.0
19,8,35.8,4.53,89.4,1,3.0
40,5,48.1,6.11,91.1,2,7.0
31,8,29.0,4.96,58.8,1,1.0
7,3,35.2,5.5,103.5,0,5.0
3,1,38.8,6.2,119.7,0,4.0
30,9,44.5,7.02,100.1,1,9.0
24,8,47.1,5.29,72.7,1,4.0
49,9,33.7,5.64,60.5,2,12.0
27,9,45.9,3.69,72.0,1,1.0
47,9,24.5,3.03,92.1,2,1.0
11,3,45.0,3.28,118.5,1,4.0
23,6,27.3,5.45,74.8,1,3.0
7,7,41.6,5.13,77.0,0,7.0
29,9,47.0,6.16,110.4,1,6.0
10,5,45.1,5.26,81.3,0,3.0
25,4,24.9,6.69,124.3,1,6.0
18,3,34.4,6.55,87.0,1,2.0
10,2,43.7,5.11,113.4,0,9.0
5,3,43.5,5.5,97.7,0,8.0
26,7,40.2,3.2,104.1,1,3.0
48,9,20.4,7.22,86.5,2,11.0
10,6,47.6,4.37,87.8,0,4.0
21,5,49.0,3.7,98.4,1,3.0
12,4,38.0,5.66,106.0,1,3.0
41,9,39.8,3.71,100.5,2,3.0
21,3,42.0,5.65,54.7,1,5.0
49,9,49.7,5.1,95.2,2,4.0
13,4,40.0,6.61,76.9,1,8.0
5,3,36.5,6.5,79.1,0,7.0
30,9,41.1,6.82,99.2,1,5.0
33,9,37.9,5.75,124.0,1,4.0
50,9,38.0,4.47,85.4,2,2.0
44,7,23.9,4.26,129.5,2,7.0
45,9,42.2,4.86,68.1,2,4.0
32,8,47.4,7.89,114.6,1,5.0
18,7,46.2,5.2,89.4,1,6.0
22,7,45.6,5.69,94.2,1,4.0
7,2,37.6,7.32,117.7,0,6.0
22,1,39.2,5.81,77.3,1,9.0
19,9,47.5,4.6,115.6,1,4.0
2,0,44.9,6.38,85.8,0,9.0
11,3,49.9,4.99,77.2,1,7.0
27,8,32.6,5.85,63.5,1,4.0
19,9,32.6,6.11,121.7,1,1.0
50,9,35.3,4.91,112.8,2,9.0
24,6,30.5,5.72,80.4,1,6.0
48,9,27.4,7.42,100.9,2,4.0
34,9,41.7,4.75,92.5,1,1.0
3,0,41.2,7.08,82.9,0,7.0
11,1,40.0,4.79,109.3,1,4.0
36,4,40.8,7.66,77.5,1,3.0
28,7,26.3,4.47,46.2,1,3.0
16,4,34.2,5.03,95.2,1,7.0
27,9,35.7,7.31,91.3,1,5.0
46,9,38.4,7.36,78.1,2,10.0
20,8,26.3,6.48,72.2,1,5.0
3,1,30.6,4.2,58.8,0,7.0
16,5,34.5,5.6,82.7,1,5.0
47,9,46.5,5.5,72.5,2,3.0
39,9,40.1,4.47,109.3,1,7.0
42,9,46.2,6.34,100.3,2,10.0
46,9,37.0,4.57,80.3,2,7.0
6,1,38.0,3.95,100.5,0,4.0
15,6,42.0,5.5,87.9,1,5.0
3,0,36.6,7.55,84.6,0,10.0
1,1,33.0,5.5,88.9,0,5.0
42,9,26.1,4.91,89.4,2,1.0
47,9,33.2,4.26,102.9,2,7.0
8,1,44.7,7.14,84.0,0,11.0
37,6,48.1,3.84,89.4,1,3.0
27,9,31.8,4.06,107.2,1,1.0
4,0,24.1,5.11,95.2,0,9.0
46,7,45.4,5.47,83.4,2,4.0
44,9,38.6,6.29,82.1,2,3.0
29,9,27.2,4.69,68.5,1,3.0
36,9,13.1,7.35,89.4,1,5.0
20,1,30.3,4.7,77.8,1,2.0
40,7,34.3,4.29,81.3,2,8.0
23,7,28.8,4.18,102.5,1,1.0
50,9,43.5,4.57,123.7,2,11.0
4,0,31.5,4.1,97.5,0,7.0
9,1,38.1,6.4,87.9,0,6.0
49,9,57.0,4.3,89.6,2,7.0
15,7,38.9,5.34,112.8,1,6.0
16,3,37.1,4.26,97.8,1,3.0
40,9,37.3,4.09,93.9,2,5.0
10,4,43.4,6.83,95.3,0,7.0
26,9,42.4,7.42,61.4,1,6.0
15,5,30.0,7.02,97.8,1,5.0
10,4,34.7,3.73,72.5,0,4.0
49,9,32.7,3.9,97.9,2,6.0
10,1,35.7,7.87,75.3,0,11.0
5,2,52.6,5.19,101.8,0,5.0
34,9,42.9,3.85,86.9,1,3.0
44,6,37.4,6.8,67.1,2,5.0
7,1,48.0,5.58,84.2,0,5.0
36,9,39.5,6.18,134.1,1,4.0
28,9,24.9,2.81,44.5,1,2.0
42,9,51.3,5.11,93.3,2,13.0
7,1,36.7,6.64,89.4,0,6.0
49,9,20.0,4.73,117.5,2,7.0
31,9,25.2,6.98,106.3,1,2.0
43,9,38.0,3.92,93.7,2,7.0
19,5,25.3,5.36,108.3,1,1.0
48,9,48.8,7.47,94.9,2,13.0
32,9,38.6,4.12,90.1,1,4.0
7,4,43.7,5.83,78.0,0,7.0
47,9,35.9,6.2,82.8,2,9.0
40,8,42.2,5.61,80.7,2,15.0
16,4,40.5,5.2,90.2,1,2.0
28,9,37.7,4.45,89.4,1,3.0
20,4,29.5,5.74,110.6,1,5.0
28,6,40.9,5.38,128.9,1,3.0
49,9,23.5,3.78,81.4,2,1.0
45,9,45.5,5.5,113.5,2,12.0
11,3,39.6,4.41,87.3,1,4.0
49,9,41.7,3.81,78.0,2,3.0
22,4,17.1,4.79,89.4,1,4.0
36,9,29.0,4.43,89.4,1,3.0
39,9,34.0,5.19,75.6,1,3.0
25,5,43.4,4.01,102.1,1,4.0
23,5,30.5,6.04,79.6,1,2.0
23,8,58.4,7.16,68.5,1,4.0
44,9,35.9,5.63,89.6,2,13.0
20,8,29.9,3.77,76.1,1,1.0
14,6,36.5,4.4,83.5,1,5.0
19,8,38.0,5.77,88.9,1,2.0
10,2,28.5,3.14,63.2,0,2.0
20,2,46.1,4.02,119.2,1,6.0
6,2,42.1,3.52,106.3,0,5.0
5,1,42.1,5.64,77.4,0,6.0
37,9,48.2,8.09,89.4,1,8.0
4,2,41.9,3.99,102.7,0,1.0
29,8,29.5,6.48,94.2,1,3.0
39,9,43.7,4.82,127.6,1,3.0
37,9,29.0,3.92,85.2,1,1.0
23,9,34.2,7.38,113.8,1,9.0
10,1,37.6,8.09,63.3,0,12.0
47,9,36.8,5.99,66.4,2,7.0
42,9,23.7,5.94,123.7,2,9.0
31,9,30.3,5.57,81.4,1,5.0
5,1,37.8,5.32,66.7,0,5.0
2,1,33.1,5.91,89.0,0,11.0
16,5,47.0,6.31,115.3,1,6.0
8,2,48.4,7.5,74.7,0,10.0
44,9,29.0,4.87,89.2,2,7.0
11,3,38.5,5.65,52.9,1,9.0
15,2,38.0,5.5,80.6,1,12.0
49,9,36.9,6.73,109.9,2,14.0
41,7,34.7,8.38,74.3,2,9.0
11,5,44.9,6.77,64.6,1,9.0
20,4,35.8,6.46,74.5,1,8.0
26,2,38.0,6.59,77.8,1,8.0
34,9,33.2,7.02,105.3,1,6.0
47,9,34.2,8.4,97.6,2,9.0
44,9,44.3,3.48,101.5,2,13.0
49,9,38.8,6.22,90.6,2,15.0
3,2,38.9,2.4,77.6,0,1.0
12,5,22.7,6.64,74.5,1,2.0
29,9,35.2,6.16,98.6,1,2.0
3,0,44.9,4.84,121.8,0,6.0
18,6,31.7,2.3,71.2,1,1.0
8,2,43.6,5.5,69.6,0,7.0
47,9,40.1,5.77,67.3,2,8.0
4,1,36.4,5.42,106.6,0,6.0
8,2,48.9,4.75,89.2,0,3.0
10,1,35.3,4.42,101.1,0,3.0
8,0,35.8,5.44,79.8,0,8.0
29,6,36.3,4.54,102.4,1,2.0
19,8,38.6,6.47,84.2,1,7.0
46,9,44.1,5.41,59.1,2,4.0
14,4,26.2,3.43,108.5,1,5.0
27,5,44.9,5.71,89.3,1,8.0
34,9,38.5,6.0,83.8,1,2.0
32,9,42.4,7.44,95.6,1,11.0
40,9,57.1,6.61,89.4,2,6.0
11,2,33.9,4.42,98.6,1,5.0
26,2,28.2,7.21,78.1,1,1.0
41,8,39.6,3.84,86.9,2,3.0
44,9,40.8,5.53,112.8,2,7.0
31,9,38.0,6.4,102.8,1,2.0
33,8,33.7,7.25,86.5,1,7.0
44,9,31.4,7.77,88.0,2,8.0
32,9,25.7,7.03,38.8,1,2.0
48,9,27.1,5.34,73.6,2,3.0
7,2,34.7,6.2,93.3,0,6.0
18,8,37.1,5.77,74.7,1,1.0
6,2,54.5,4.65,63.5,0,11.0
5,0,24.5,5.36,99.6,0,5.0
24,6,40.7,7.66,116.1,1,7.0
12,4,32.2,6.28,75.6,1,5.0
21,5,39.8,7.97,107.5,1,4.0
22,7,33.6,4.2,104.5,1,2.0
32,9,46.3,5.04,70.5,1,3.0
48,9,46.2,6.0,75.4,2,15.0
43,9,37.1,6.39,126.1,2,9.0
19,6,49.5,5.36,67.7,1,6.0
17,6,44.1,6.46,77.8,1,8.0
39,7,49.1,6.45,129.3,1,5.0
7,1,37.7,3.83,78.6,0,4.0
28,9,45.6,6.4,117.1,1,10.0
22,2,31.9,6.79,69.6,1,4.0
10,3,31.0,5.86,92.8,0,4.0
31,9,55.4,3.29,111.7,1,5.0
17,5,29.3,5.17,80.7,1,8.0
10,9,34.5,6.03,92.0,0,5.0
33,9,22.8,4.46,89.4,1,5.0
9,4,31.2,6.6,72.0,0,5.0
34,9,30.0,6.38,134.8,1,1.0
9,3,32.6,5.66,110.8,0,7.0
22,6,40.4,5.52,82.9,1,4.0
41,8,42.3,5.73,85.3,2,8.0
12,2,29.9,5.5,128.2,1,1.0
39,9,31.7,3.96,82.9,1,1.0
37,9,46.7,4.98,80.6,1,3.0
46,9,38.0,5.59,112.9,2,9.0
9,3,48.0,7.2,89.4,0,9.0
36,9,24.8,6.33,88.4,1,1.0
47,9,47.5,7.27,91.7,2,8.0
39,9,52.8,3.81,75.9,1,3.0
10,2,24.4,5.07,58.7,0,6.0
42,9,46.7,7.99,91.4,2,9.0
6,2,39.8,4.61,103.8,0,5.0
30,7,35.4,4.58,76.4,1,5.0
25,5,38.8,5.17,66.4,1,4.0
27,7,41.5,5.5,115.1,1,10.0
26,9,47.3,4.69,100.6,1,1.0
2,1,46.8,6.17,82.8,0,8.0
26,2,25.9,5.97,89.4,1,6.0
47,9,32.8,3.19,94.8,2,1.0
22,9,38.7,5.48,125.8,1,3.0
14,7,50.6,4.84,103.3,1,6.0
50,9,16.2,6.31,62.2,2,2.0
5,0,33.1,7.59,76.8,0,5.0
25,9,25.8,5.5,77.8,1,5.0
26,9,27.0,5.09,96.2,1,2.0
24,7,45.9,8.52,83.9,1,10.0
47,9,38.0,4.65,67.5,2,6.0
22,3,19.3,3.89,101.8,1,5.0
49,9,36.7,7.15,110.0,2,10.0
4,1,54.3,5.44,87.9,0,7.0
37,9,23.5,5.84,94.2,1,4.0
30,7,42.3,8.18,70.6,1,10.0
13,3,50.5,3.82,79.5,1,5.0
12,5,37.6,5.27,80.4,1,4.0
36,9,53.4,4.02,101.2,1,3.0
32,9,32.7,5.9,95.1,1,5.0
31,3,49.6,4.84,83.4,1,3.0
3,1,47.7,4.09,82.6,0,5.0
30,9,37.7,6.38,50.6,1,5.0
50,9,26.1,5.51,122.1,2,7.0
1,1,30.0,4.0,48.3,0,3.0
24,6,19.2,4.07,98.4,1,5.0
25,9,42.8,5.75,90.8,1,1.0
45,9,41.8,3.5,84.7,2,12.0
15,4,38.6,5.77,89.8,1,7.0
24,4,37.0,7.11,76.7,1,8.0
36,9,48.9,5.5,103.1,1,7.0
4,0,40.4,4.75,89.4,0,1.0
41,9,33.6,5.83,96.6,2,6.0
42,9,39.2,4.0,76.4,2,4.0
36,9,54.4,5.66,81.5,1,2.0
33,9,43.0,5.11,82.0,1,1.0
38,9,34.9,4.25,86.7,1,5.0
40,9,37.6,6.25,100.0,2,10.0
46,9,41.7,3.13,89.3,2,6.0
22,7,34.6,4.08,108.7,1,2.0
23,8,33.9,4.22,110.9,1,2.0
32,9,37.9,4.89,96.2,1,3.0
10,1,50.2,7.06,103.7,0,8.0
43,9,44.3,6.41,130.5,2,13.0
39,9,34.7,5.63,61.7,1,2.0
32,9,45.0,5.57,111.5,1,2.0
16,4,38.1,5.49,120.9,1,7.0
18,3,40.8,7.15,98.7,1,9.0
22,9,40.0,3.32,128.1,1,2.0
34,9,21.1,6.43,125.5,1,3.0
39,9,13.6,4.89,83.3,1,3.0
34,9,39.8,6.1,84.8,1,2.0
47,8,31.2,6.11,100.6,2,6.0
49,9,24.9,6.38,77.5,2,7.0
36,8,31.4,7.4,144.2,1,6.0
19,7,45.4,3.85,105.8,1,1.0
30,9,40.9,6.71,90.9,1,7.0
22,6,44.2,5.42,61.8,1,4.0
32,9,41.6,4.95,95.0,1,5.0
41,9,30.6,7.94,66.3,2,5.0
19,1,44.2,5.5,105.2,1,4.0
26,6,42.7,5.0,40.0,1,1.0
3,0,37.1,6.65,117.7,0,7.0
37,9,38.5,5.44,81.5,1,1.0
25,9,44.3,4.98,56.2,1,1.0
23,4,32.0,4.77,89.7,1,2.0
27,6,46.7,5.5,90.3,1,6.0
11,3,42.5,4.76,88.7,1,6.0
30,5,38.0,5.69,117.6,1,3.0
38,9,50.2,6.56,89.4,1,10.0
18,7,27.6,5.63,105.9,1,3.0
7,0,34.3,7.87,89.4,0,12.0
20,4,32.5,5.52,98.5,1,3.0
10,3,40.9,7.12,63.8,0,8.0
19,9,47.5,6.67,95.2,1,4.0
32,9,30.1,7.33,74.8,1,5.0
6,3,64.4,7.87,89.4,0,16.0
38,7,32.7,3.39,91.5,1,3.0
12,3,40.9,5.82,103.3,1,6.0
45,9,38.0,5.37,95.2,2,7.0
37,7,38.4,5.63,126.1,1,7.0
14,3,31.7,5.02,58.8,1,6.0
29,4,38.0,4.85,87.7,1,10.0
6,1,31.2,4.18,70.8,0,3.0
5,1,23.8,5.62,49.0,0,1.0
48,9,29.0,6.62,69.5,2,7.0
41,9,49.6,5.5,113.4,2,8.0
8,1,48.0,5.11,89.4,0,3.0
15,3,21.9,4.66,89.4,1,5.0
10,3,44.5,4.31,105.5,0,8.0
20,9,22.1,5.22,92.3,1,2.0
15,5,37.8,5.91,102.3,1,2.0
17,2,28.3,7.01,96.5,1,5.0
27,5,45.1,4.07,100.9,1,2.0
10,4,38.0,5.46,81.0,0,10.0
45,9,45.8,5.5,110.9,2,15.0
37,9,35.6,4.09,65.8,1,5.0
39,9,36.5,7.02,88.3,1,2.0
9,3,26.0,4.97,111.9,0,4.0
36,9,29.8,6.35,86.9,1,6.0
42,9,45.6,5.24,81.4,2,7.0
9,2,40.9,6.05,135.8,0,8.0
38,9,38.8,7.43,118.4,1,10.0
18,4,48.1,5.35,92.8,1,10.0
40,9,27.6,5.5,70.6,2,5.0
24,6,43.8,5.5,49.3,1,5.0
41,9,28.6,4.56,104.2,2,5.0
8,3,49.8,5.33,115.3,0,6.0
20,3,38.0,5.25,97.9,1,8.0
14,3,45.7,5.5,55.8,1,4.0
13,5,32.4,6.05,93.2,1,4.0
16,5,55.5,6.29,80.3,1,6.0
20,9,54.0,6.47,93.2,1,6.0
7,2,41.4,7.22,128.9,0,12.0
36,7,47.4,6.64,105.8,1,4.0
28,9,35.6,4.78,101.5,1,3.0
42,9,27.9,5.03,89.1,2,5.0
36,9,44.4,6.51,98.3,1,2.0
8,1,30.6,5.97,75.5,0,6.0
4,2,48.5,5.48,101.1,0,9.0
22,7,46.4,4.45,86.1,1,4.0
25,6,39.9,4.86,89.4,1,1.0
13,5,39.4,6.2,106.3,1,9.0
40,9,45.9,3.16,45.4,2,4.0
30,9,40.2,2.69,79.1,1,3.0
38,9,34.8,6.33,102.3,1,5.0
6,2,25.9,4.86,89.4,0,4.0
41,9,45.7,6.06,99.4,2,10.0
11,1,40.9,7.39,76.6,1,9.0
23,6,60.0,4.28,89.0,1,4.0
22,4,37.2,3.5,95.8,1,4.0
42,9,40.4,5.17,121.2,2,7.0
14,6,40.6,4.68,108.4,1,4.0
13,3,43.2,5.47,108.6,1,4.0
17,5,30.3,6.15,91.3,1,5.0
19,6,37.4,5.89,68.6,1,3.0
10,3,38.0,5.56,61.9,0,8.0
9,2,35.3,6.77,84.0,0,9.0
12,3,44.3,6.3,104.0,1,11.0
24,5,38.8,5.28,80.0,1,4.0
18,2,41.2,6.26,101.4,1,10.0
20,5,47.2,5.5,74.1,1,5.0
36,9,36.2,6.78,77.2,1,4.0
13,6,26.4,5.53,118.2,1,5.0
46,7,35.9,4.06,105.3,2,4.0
38,9,31.4,5.0,83.9,1,4.0
9,8,21.0,6.75,73.4,0,5.0
16,9,37.1,4.58,109.0,1,3.0
10,2,39.6,5.99,107.5,0,7.0
14,4,46.2,6.55,102.8,1,8.0
19,6,28.9,5.53,86.4,1,2.0
7,1,38.7,4.46,68.1,0,3.0
1,0,38.0,5.42,89.7,0,14.0
22,4,33.4,3.81,118.2,1,5.0
36,9,42.3,4.91,71.8,1,2.0
16,6,50.8,4.17,90.9,1,4.0
44,9,23.1,5.44,122.7,2,3.0
19,9,40.2,3.98,83.9,1,5.0
46,9,47.3,5.6,87.5,2,11.0
12,1,35.2,6.86,63.0,1,9.0
27,9,49.1,6.93,102.5,1,4.0
39,9,43.1,4.01,75.2,1,5.0
3,0,52.2,4.7,58.9,0,7.0
47,9,42.7,6.52,70.9,2,14.0
19,9,52.8,6.34,94.2,1,5.0
25,6,40.4,4.76,58.4,1,3.0
32,9,27.1,4.92,62.3,1,5.0
33,9,33.0,5.6,101.2,1,7.0
2,0,46.1,3.3,88.6,0,4.0
44,9,46.0,5.5,71.7,2,12.0
32,8,35.5,5.5,83.6,1,8.0
50,9,52.4,5.03,124.8,2,12.0
24,9,35.2,3.8,115.6,1,1.0
31,8,41.7,7.2,87.9,1,6.0
23,4,38.0,5.76,106.3,1,3.0
45,9,27.4,6.35,92.4,2,10.0
42,9,37.1,3.91,54.5,2,3.0
46,9,57.0,3.92,50.9,2,7.0
26,8,30.6,6.0,71.8,1,6.0
40,9,43.0,6.73,58.5,2,9.0
18,9,28.8,4.14,95.4,1,1.0
24,9,30.5,5.38,79.0,1,5.0
39,9,26.7,3.6,98.5,1,1.0
5,0,45.5,4.66,98.8,0,5.0
36,9,31.0,5.19,103.8,1,2.0
1,0,48.1,6.09,71.4,0,7.0
30,6,33.7,2.97,100.3,1,5.0
24,6,39.0,7.08,70.9,1,2.0
24,9,41.3,5.3,104.2,1,3.0
25,7,25.1,7.05,114.5,1,5.0
25,8,39.6,6.34,104.5,1,4.0
21,5,40.8,6.52,86.5,1,6.0
23,2,47.1,7.92,101.3,1,12.0
29,9,30.3,4.56,59.3,1,2.0
39,9,31.5,5.66,54.8,1,3.0
28,7,43.3,4.31,99.3,1,3.0
33,9,49.3,5.38,116.2,1,7.0
42,9,33.3,6.36,65.4,2,4.0
50,9,28.1,6.85,90.3,2,11.0
6,3,35.5,5.04,98.8,0,4.0
36,8,29.9,4.05,77.7,1,1.0
12,3,41.2,5.59,83.2,1,3.0
10,2,29.4,4.48,102.3,0,5.0
40,9,45.8,5.5,92.2,2,7.0
4,1,39.7,6.31,92.3,0,7.0
43,9,46.0,6.08,70.4,2,6.0
39,9,18.6,6.5,89.4,1,2.0
50,9,23.9,5.1,82.0,2,6.0
34,9,48.3,6.71,83.1,1,6.0
44,9,32.2,5.52,79.2,2,9.0
6,3,26.3,5.16,89.5,0,5.0
45,9,36.4,4.18,72.6,2,4.0
9,0,39.9,2.99,90.2,0,4.0
16,9,36.7,3.62,82.7,1,1.0
7,5,41.7,5.76,71.4,0,5.0
21,4,40.7,4.41,51.0,1,4.0
38,8,40.2,3.53,108.9,1,1.0
14,2,48.8,5.0,104.9,1,2.0
42,9,37.9,5.84,73.9,2,11.0
31,9,37.7,6.0,103.6,1,5.0
32,9,44.4,5.47,69.5,1,5.0
47,9,42.4,5.43,83.9,2,8.0
22,8,30.8,4.85,79.4,1,1.0
18,7,37.3,6.26,84.4,1,2.0
50,9,38.0,5.29,102.9,2,6.0
28,7,33.3,5.41,82.0,1,4.0
31,7,33.7,6.75,83.2,1,6.0
15,7,26.9,6.45,104.9,1,5.0
11,5,14.9,5.28,91.2,1,1.0
9,2,35.0,5.11,78.2,0,4.0
12,7,39.0,5.1,94.8,1,2.0
10,5,29.2,3.07,109.9,0,2.0
38,9,49.0,6.82,111.1,1,3.0
3,0,38.0,4.68,89.4,0,7.0
32,9,45.3,6.53,64.5,1,4.0
48,9,41.3,5.55,110.0,2,8.0
39,9,55.4,7.17,84.2,1,5.0
21,3,42.3,6.14,46.0,1,7.0
3,2,26.4,6.59,75.4,0,6.0
42,9,46.4,4.79,81.2,2,6.0
1,0,51.6,3.96,83.7,0,8.0
35,9,38.0,5.68,105.3,1,5.0
34,9,43.1,3.2,71.4,1,1.0
10,0,44.9,4.94,108.7,0,10.0
37,7,36.3,4.07,95.7,1,1.0
9,2,18.6,4.49,64.3,0,3.0
12,6,35.6,6.21,83.6,1,2.0
41,9,33.4,5.5,99.9,2,5.0
49,9,50.2,5.31,90.8,2,14.0
14,2,37.3,5.88,97.6,1,6.0
47,9,34.7,4.85,89.4,2,8.0
46,9,33.3,8.41,101.1,2,10.0
39,9,40.6,5.86,82.0,1,4.0
8,0,38.5,4.79,140.9,0,5.0
15,9,31.7,6.55,63.6,1,3.0
34,9,40.1,6.99,144.0,1,5.0
50,9,33.5,4.57,71.0,2,5.0
41,9,17.3,3.8,115.4,2,3.0
22,7,43.3,4.04,106.5,1,3.0
12,2,42.6,4.7,71.8,1,3.0
49,9,39.6,5.43,102.0,2,9.0
14,2,34.5,5.5,80.1,1,3.0
18,2,37.4,5.0,95.5,1,8.0
49,9,44.6,5.25,93.0,2,12.0
29,5,32.9,5.89,89.4,1,7.0
14,4,44.9,6.23,81.4,1,8.0
1,0,26.2,5.98,96.8,0,8.0
22,6,39.3,7.65,71.9,1,9.0
50,8,38.2,6.81,72.7,2,8.0
22,7,46.0,5.77,109.1,1,6.0
35,9,30.6,4.34,98.6,1,2.0
13,5,31.5,4.69,63.9,1,1.0
39,9,26.8,3.79,69.9,1,1.0
39,9,33.5,5.68,47.3,1,1.0
31,9,40.0,5.9,108.2,1,3.0
39,9,23.6,6.57,103.8,1,3.0
29,6,34.5,5.82,68.2,1,4.0
19,4,42.9,6.76,103.0,1,12.0
37,6,37.2,6.79,129.7,1,9.0
42,9,38.0,4.27,59.2,2,5.0
43,9,26.0,4.88,77.7,2,3.0
11,2,37.2,5.49,58.8,1,7.0
34,9,38.2,4.65,109.0,1,7.0
1,0,36.7,5.21,88.1,0,8.0
29,9,39.2,5.86,82.0,1,5.0
29,9,35.5,5.35,94.5,1,1.0
19,2,34.4,5.5,89.4,1,5.0
50,9,29.7,4.37,89.4,2,8.0
45,9,45.8,6.11,95.5,2,13.0
2,1,28.2,6.02,77.8,0,6.0
11,3,39.3,4.58,80.6,1,1.0
11,4,52.5,3.95,86.9,1,4.0
45,9,38.0,6.98,89.4,2,10.0
26,9,42.1,7.6,102.0,1,7.0
37,9,40.0,5.78,101.7,1,1.0
41,9,37.0,5.07,60.0,2,3.0
39,9,30.8,6.76,118.2,1,4.0
5,0,36.0,6.06,89.4,0,11.0
8,0,42.6,5.25,83.4,0,5.0
20,3,38.0,6.66,71.9,1,7.0
17,3,44.3,4.53,129.8,1,5.0
38,9,47.8,5.5,137.2,1,2.0
8,2,36.7,5.94,127.3,0,6.0
19,4,39.5,5.64,92.4,1,7.0
12,4,22.8,6.26,96.9,1,2.0
10,3,56.0,6.93,119.8,0,10.0
9,4,34.7,3.64,85.2,0,2.0
10,2,43.2,5.55,100.8,0,4.0
29,9,34.7,7.78,94.5,1,4.0
21,5,34.5,4.78,128.4,1,6.0
22,4,36.1,4.64,118.7,1,4.0
24,6,28.0,2.81,87.2,1,1.0
38,9,18.2,5.62,120.5,1,2.0
44,9,47.3,6.2,89.4,2,14.0
27,9,42.4,6.19,79.1,1,4.0
33,7,30.7,4.26,84.3,1,2.0
37,9,41.6,5.49,92.9,1,3.0
35,9,44.6,5.77,74.3,1,3.0
7,2,32.5,5.56,79.6,0,6.0
50,9,41.3,4.19,61.1,2,6.0
9,3,46.1,5.59,73.6,0,13.0
21,8,26.5,4.52,94.7,1,5.0
33,9,42.3,3.25,110.8,1,2.0
21,4,40.9,6.32,108.3,1,14.0
13,5,53.0,5.67,98.6,1,8.0
47,9,42.5,6.21,59.4,2,5.0
4,2,34.7,4.86,72.8,0,2.0
13,6,35.6,6.25,86.1,1,4.0
50,9,54.2,6.73,109.3,2,10.0
37,9,35.2,7.6,78.9,1,4.0
5,0,42.7,6.48,65.6,0,10.0
38,9,36.1,5.5,119.0,1,4.0
49,9,46.7,3.84,75.3,2,7.0
5,0,47.0,5.37,67.4,0,6.0
21,5,37.8,3.79,94.5,1,2.0
24,7,34.7,4.52,89.0,1,2.0
7,5,34.6,7.85,80.0,0,4.0
11,5,24.2,4.27,90.0,1,1.0
9,5,38.8,2.69,71.5,0,2.0
10,4,38.6,6.48,79.8,0,9.0
21,9,31.5,4.69,89.3,1,1.0
24,7,23.3,6.42,49.3,1,2.0
12,3,39.7,4.1,109.1,1,3.0
15,1,40.7,4.99,62.5,1,5.0
10,0,41.2,6.94,89.4,0,10.0
40,9,30.1,3.91,110.0,2,4.0
11,2,41.2,5.3,101.4,1,4.0
46,7,36.6,5.85,91.7,2,10.0
27,7,44.9,4.64,55.8,1,4.0
41,9,30.2,5.79,77.9,2,1.0
32,9,38.0,5.52,85.7,1,6.0
14,1,50.1,6.14,87.1,1,10.0
31,9,38.9,7.71,112.8,1,1.0
14,7,41.2,8.71,129.9,1,7.0
6,2,44.3,6.06,102.3,0,7.0
13,3,29.8,5.37,79.3,1,2.0
14,6,34.1,6.03,114.3,1,3.0
7,1,39.5,5.22,78.2,0,2.0
2,0,54.2,3.6,37.5,0,5.0
48,9,28.4,5.44,65.0,2,4.0
26,9,51.1,6.8,42.6,1,3.0
21,5,36.5,3.74,82.3,1,2.0
47,9,37.7,4.32,86.4,2,8.0
12,2,47.7,5.5,58.1,1,3.0
21,6,54.2,5.95,72.9,1,4.0
43,9,41.4,8.35,61.5,2,7.0
32,9,47.3,4.53,87.5,1,5.0
20,7,30.6,5.61,72.9,1,3.0
13,5,33.8,5.5,110.2,1,6.0
2,0,27.2,5.14,93.4,0,6.0
5,4,33.9,5.44,122.1,0,5.0
9,3,42.5,4.94,80.9,0,4.0
40,9,39.7,8.79,132.9,2,16.0
32,8,51.8,6.4,90.1,1,6.0
22,5,54.4,4.95,79.4,1,8.0
40,7,36.9,5.5,138.2,2,6.0
9,2,32.6,5.81,53.4,0,2.0
11,2,47.3,5.57,78.9,1,8.0
20,9,48.1,5.28,56.7,1,1.0
46,9,41.5,5.2,53.2,2,4.0
31,5,43.6,4.04,48.7,1,4.0
43,9,42.4,5.5,102.3,2,5.0
13,3,30.1,5.94,89.4,1,2.0
43,9,28.3,5.27,84.9,2,5.0
4,2,37.6,6.55,107.8,0,5.0
12,1,36.4,4.43,99.3,1,3.0
27,8,40.2,4.18,98.3,1,1.0
3,1,37.0,6.43,114.3,0,9.0
43,9,24.4,5.15,122.2,2,5.0
44,9,21.1,6.53,65.0,2,5.0
28,9,43.9,5.54,99.7,1,1.0
16,3,32.7,7.75,84.6,1,4.0
5,0,36.1,6.41,87.1,0,10.0
31,9,33.5,5.99,59.8,1,5.0
27,9,30.7,6.46,79.4,1,1.0
38,9,30.5,5.17,81.5,1,1.0
31,6,46.2,3.53,118.6,1,5.0
7,0,38.0,5.93,66.9,0,9.0
7,2,43.1,7.83,42.3,0,2.0
40,9,44.2,2.75,89.9,2,4.0
8,0,40.5,6.06,64.9,0,8.0
47,9,44.4,3.66,87.2,2,6.0
6,2,38.1,5.47,103.2,0,6.0
37,9,48.9,5.6,88.0,1,4.0
49,9,44.6,6.4,81.4,2,9.0
23,6,45.7,5.75,86.9,1,5.0
3,1,30.5,7.15,106.9,0,6.0
44,9,40.1,6.9,66.9,2,13.0
10,4,23.3,5.26,104.6,0,1.0
27,8,49.2,6.81,69.9,1,5.0
50,9,33.0,5.12,102.0,2,12.0
38,9,38.0,5.5,59.1,1,2.0
3,1,27.1,4.05,100.9,0,6.0
42,9,37.7,7.07,88.0,2,9.0
9,6,35.9,5.14,91.9,0,4.0
38,9,52.6,2.59,109.2,1,4.0
32,9,44.9,6.15,73.6,1,7.0
15,4,33.9,4.98,89.5,1,3.0
22,5,24.7,5.14,96.1,1,8.0
6,0,19.7,5.22,84.0,0,1.0
50,9,29.8,5.1,104.3,2,11.0
12,5,27.4,8.77,96.6,1,8.0
16,2,40.8,7.5,78.4,1,6.0
26,7,36.8,6.34,115.2,1,4.0
34,9,38.1,5.79,101.2,1,7.0
26,6,30.4,6.85,73.1,1,4.0
26,7,39.2,5.79,72.9,1,5.0
30,9,38.0,5.5,85.6,1,1.0
43,9,37.3,6.17,98.9,2,7.0
20,5,44.6,5.65,45.7,1,1.0
42,9,35.1,6.63,74.0,2,5.0
40,9,41.5,5.0,78.5,2,1.0
49,9,22.2,5.57,61.2,2,2.0
46,9,21.5,4.32,69.6,2,3.0
40,9,40.6,4.46,92.7,2,7.0
13,6,46.4,2.47,80.2,1,5.0
39,9,36.1,6.05,81.8,1,7.0
37,9,55.2,6.38,62.4,1,4.0
15,6,26.5,6.8,85.7,1,5.0
34,9,32.6,4.18,59.9,1,5.0
13,3,39.1,6.03,119.2,1,6.0
27,9,41.7,5.5,89.4,1,4.0
40,9,33.3,6.39,80.5,2,5.0
10,4,29.5,4.72,67.6,0,2.0
17,4,43.0,5.1,89.4,1,10.0
40,9,39.1,3.64,101.8,2,4.0
23,9,35.2,4.64,127.5,1,2.0
49,9,42.0,5.5,132.8,2,13.0
1,0,36.9,5.71,49.5,0,5.0
37,9,36.9,3.48,113.2,1,1.0
41,5,38.0,4.89,85.5,2,11.0
46,9,31.4,5.5,101.0,2,1.0
8,0,30.6,7.19,105.6,0,10.0
50,9,33.8,4.49,104.7,2,6.0
20,6,38.3,6.09,110.0,1,2.0
18,3,23.0,4.83,89.4,1,4.0
18,5,45.6,4.97,70.9,1,4.0
32,9,38.1,4.45,113.7,1,3.0
33,9,29.5,4.25,72.6,1,3.0
24,9,50.9,4.93,127.2,1,4.0
4,0,38.3,6.76,89.4,0,4.0
50,9,27.3,4.59,82.4,2,6.0
12,6,50.6,4.41,86.2,1,7.0
5,2,48.8,5.75,59.2,0,9.0
30,9,30.7,5.51,59.2,1,1.0
21,9,35.4,5.42,89.4,1,1.0
31,6,34.3,5.8,55.6,1,4.0
44,9,22.9,4.29,89.4,2,6.0
5,2,40.6,4.42,88.1,0,7.0
15,9,44.8,6.68,69.4,1,3.0
26,7,43.3,5.32,98.4,1,8.0
40,9,38.3,6.22,40.8,2,3.0
31,9,45.5,6.97,89.4,1,3.0
20,3,28.9,6.51,85.9,1,6.0
31,5,52.5,3.86,64.7,1,5.0
49,9,31.8,5.36,77.4,2,8.0
25,9,32.7,6.75,120.5,1,5.0
45,9,33.4,6.13,93.7,2,3.0
39,4,32.8,5.72,98.0,1,6.0
16,3,36.5,3.53,74.3,1,1.0
13,1,36.1,4.76,63.5,1,6.0
39,9,39.0,5.58,85.2,1,2.0
11,4,38.0,3.79,89.4,1,2.0
17,5,39.3,6.45,68.1,1,2.0
12,2,29.3,5.36,65.0,1,3.0
31,9,43.9,3.12,49.2,1,5.0
15,3,43.8,4.82,103.0,1,9.0
33,9,38.0,5.16,87.4,1,6.0
47,9,32.8,5.34,77.6,2,5.0
42,9,40.5,7.2,103.4,2,10.0
48,9,30.9,6.19,89.4,2,6.0
2,0,38.0,3.86,63.1,0,8.0
23,9,36.8,3.71,112.3,1,3.0
12,3,59.0,5.18,135.6,1,10.0
46,9,28.2,5.65,103.7,2,8.0
36,9,38.0,6.69,99.4,1,1.0
17,2,32.9,7.58,78.4,1,4.0
29,9,24.3,7.64,78.8,1,2.0
31,9,38.0,4.97,94.5,1,1.0
25,7,27.6,6.62,117.5,1,4.0
24,6,30.8,6.01,98.5,1,5.0
3,1,29.5,4.19,109.2,0,7.0
23,9,45.7,3.23,71.7,1,1.0
18,6,37.6,5.67,102.3,1,3.0
41,9,46.6,3.71,76.6,2,6.0
44,9,38.3,4.48,92.8,2,2.0
38,9,45.4,4.68,102.3,1,2.0
2,0,35.6,5.76,79.4,0,7.0
43,9,50.8,7.04,89.4,2,20.0
20,4,41.8,5.52,97.3,1,4.0
21,5,31.8,4.85,87.3,1,3.0
48,9,43.0,3.02,89.4,2,2.0
44,9,38.2,6.05,103.1,2,12.0
3,2,36.4,5.53,116.1,0,7.0
18,3,38.8,4.84,103.3,1,4.0
38,9,44.0,6.9,100.6,1,4.0
27,8,21.1,4.07,80.0,1,5.0
13,5,35.2,4.68,83.1,1,3.0
27,9,43.5,5.21,99.1,1,3.0
44,9,40.0,4.83,82.7,2,6.0
12,6,29.0,6.16,99.0,1,1.0
38,9,19.1,5.5,73.7,1,1.0
37,8,51.6,6.76,128.6,1,9.0
45,9,36.5,6.1,93.9,2,5.0
15,4,50.1,5.36,92.6,1,4.0
11,3,44.4,5.09,80.3,1,4.0
28,9,38.0,6.05,128.3,1,1.0
27,9,18.0,5.27,64.9,1,5.0
21,8,34.3,5.56,89.4,1,5.0
39,9,37.7,5.5,107.1,1,2.0
40,9,41.6,5.67,94.8,2,3.0
13,2,29.1,5.87,78.5,1,5.0
40,2,39.4,4.55,79.0,2,7.0
12,1,39.4,7.12,84.2,1,9.0
21,9,45.9,4.17,92.0,1,5.0
2,1,35.5,6.03,121.1,0,12.0
18,4,41.5,4.92,102.1,1,1.0
48,9,40.3,6.8,110.5,2,11.0
23,5,45.0,6.56,81.3,1,10.0
36,9,31.4,5.5,100.3,1,5.0
6,2,13.4,7.37,58.9,0,2.0
32,9,36.1,5.5,93.6,1,1.0
19,5,36.2,6.56,92.4,1,3.0
38,9,28.7,4.63,126.4,1,2.0
47,9,25.9,5.99,121.2,2,10.0
27,5,33.4,4.38,84.8,1,2.0
6,0,37.1,5.52,73.7,0,8.0
24,9,38.8,5.44,74.2,1,5.0
7,1,19.7,6.55,84.1,0,6.0
23,5,24.0,4.7,116.0,1,2.0
4,0,47.0,9.19,98.3,0,8.0
33,9,36.5,3.84,100.4,1,5.0
16,6,38.0,5.78,106.2,1,2.0
11,1,27.3,5.85,70.1,1,9.0
1,0,38.0,6.15,75.8,0,8.0
45,9,35.0,4.88,100.4,2,6.0
42,8,33.1,5.79,74.4,2,5.0
41,9,26.3,4.82,59.5,2,2.0
3,0,31.1,7.75,68.3,0,8.0
18,5,38.0,4.74,111.1,1,9.0
49,9,35.2,5.32,82.5,2,5.0
29,9,44.3,4.7,94.5,1,3.0
7,0,36.4,4.54,69.3,0,8.0
8,2,35.5,3.82,97.6,0,9.0
14,3,32.9,6.31,84.6,1,7.0
49,9,48.8,4.69,98.9,2,10.0
9,3,41.0,4.54,80.4,0,5.0
46,9,31.7,4.34,100.1,2,4.0
34,6,34.8,5.87,79.5,1,4.0
47,9,46.6,5.53,88.4,2,6.0
42,9,15.3,5.53,84.6,2,2.0
17,5,40.5,4.59,90.5,1,1.0
42,9,42.3,6.02,95.6,2,8.0
9,6,32.0,4.71,80.1,0,1.0
15,3,39.2,5.58,87.6,1,7.0
11,2,42.0,5.33,93.7,1,8.0
7,2,28.2,3.47,89.4,0,2.0
5,1,44.7,7.93,88.5,0,10.0
10,4,40.4,6.19,72.3,0,4.0
7,0,36.8,5.72,91.7,0,7.0
20,9,38.8,5.91,103.4,1,3.0
4,1,43.7,7.96,63.3,0,10.0
4,0,56.5,6.86,63.6,0,7.0
50,8,42.9,5.92,76.8,2,13.0
5,1,44.5,4.65,86.2,0,9.0
4,0,39.5,4.84,46.1,0,5.0
2,0,53.2,3.34,101.5,0,6.0
7,1,26.3,5.06,86.3,0,4.0
27,6,24.1,6.29,43.0,1,3.0
42,9,39.2,5.5,67.7,2,8.0
37,9,43.3,6.24,84.0,1,2.0
30,8,17.4,4.88,54.5,1,1.0
5,1,38.0,6.16,109.4,0,7.0
39,9,36.6,6.49,93.7,1,4.0
2,1,44.0,2.83,103.6,0,5.0
32,9,38.0,5.87,69.4,1,4.0
21,7,23.5,8.0,98.2,1,5.0
45,9,29.4,5.15,76.8,2,8.0
16,8,31.5,2.47,86.2,1,5.0
32,9,43.9,4.52,97.1,1,1.0
22,6,41.0,5.5,88.6,1,2.0
27,9,33.0,4.74,106.2,1,5.0
47,9,39.2,4.03,92.8,2,7.0
36,9,29.5,6.62,80.7,1,5.0
21,3,54.4,6.43,106.9,1,12.0
23,4,42.6,5.91,111.1,1,5.0
36,9,44.3,6.97,91.8,1,7.0
18,7,49.0,4.82,116.7,1,11.0
9,3,46.1,5.59,85.3,0,5.0
24,7,38.3,8.13,87.4,1,4.0
4,0,36.5,6.2,90.1,0,8.0
9,3,48.3,6.2,87.4,0,7.0
22,6,38.2,4.58,83.8,1,3.0
40,9,32.0,5.0,75.7,2,6.0
40,6,53.7,4.3,70.1,2,11.0
14,4,30.5,7.52,92.2,1,7.0
22,5,24.1,3.63,114.0,1,5.0
8,2,45.9,6.6,89.4,0,8.0
38,9,32.2,6.2,97.8,1,5.0
13,6,41.5,3.58,115.0,1,1.0
40,9,52.5,6.87,90.4,2,13.0
43,9,27.0,5.19,70.2,2,6.0
35,9,37.7,3.91,83.0,1,1.0
17,0,49.9,5.94,88.8,1,8.0
48,9,43.5,4.51,89.4,2,10.0
35,9,36.6,5.25,102.2,1,4.0
33,9,57.1,4.89,108.7,1,8.0
43,9,37.2,4.45,55.4,2,6.0
45,9,41.2,4.07,87.1,2,4.0
4,1,51.2,6.46,31.9,0,11.0
45,9,45.8,5.89,88.2,2,5.0
39,9,48.6,5.81,87.9,1,4.0
11,5,30.8,5.06,125.5,1,5.0
16,6,47.8,5.56,119.5,1,3.0
38,9,39.4,4.62,108.6,1,3.0
11,2,32.0,4.6,70.8,1,3.0
23,8,39.8,7.55,69.6,1,5.0
35,9,39.5,6.56,68.1,1,5.0
33,9,52.9,4.83,120.5,1,6.0
46,9,41.1,3.7,71.8,2,3.0
6,2,31.8,3.46,82.3,0,3.0
15,5,29.9,4.74,72.0,1,1.0
50,9,37.6,5.63,64.8,2,4.0
29,9,27.2,5.64,96.7,1,3.0
13,0,32.3,5.68,93.1,1,5.0
15,1,36.0,5.9,45.5,1,1.0
17,4,34.6,4.25,64.0,1,4.0
28,8,43.8,7.31,95.1,1,5.0
15,4,32.1,5.26,88.6,1,3.0
32,9,18.2,5.85,82.0,1,5.0
23,4,24.5,4.71,102.1,1,2.0
31,9,37.9,5.87,61.1,1,1.0
8,3,33.3,7.99,78.1,0,4.0
32,9,28.1,4.31,100.4,1,2.0
47,9,53.7,5.5,77.0,2,13.0
7,1,44.6,4.46,96.3,0,4.0
17,4,37.5,5.1,67.1,1,7.0
35,9,39.9,4.87,73.5,1,3.0
31,4,35.9,4.25,89.4,1,4.0
34,9,28.0,5.44,48.9,1,2.0
28,9,46.2,7.37,80.5,1,5.0
35,9,38.0,5.32,99.0,1,2.0
31,7,22.2,5.38,87.7,1,1.0
4,0,39.8,5.91,113.2,0,7.0
38,9,40.7,6.28,89.4,1,6.0
23,9,35.4,7.15,47.6,1,3.0
3,1,54.8,5.5,96.9,0,18.0
21,8,53.9,5.5,68.4,1,8.0
22,6,35.0,4.31,92.5,1,4.0
5,0,36.2,6.39,44.3,0,7.0
50,9,35.3,4.49,84.5,2,8.0
12,7,33.1,4.45,104.1,1,1.0
17,5,30.6,5.73,101.6,1,1.0
23,9,42.1,7.35,85.0,1,2.0
42,9,53.7,6.37,89.0,2,8.0
38,9,50.4,5.45,80.1,1,3.0
39,9,44.3,4.32,84.0,1,2.0
12,2,18.7,7.33,102.5,1,4.0
43,9,23.1,5.43,89.4,2,4.0
42,5,46.5,5.15,77.0,2,10.0
24,6,51.0,6.17,58.4,1,5.0
28,4,42.4,4.96,102.9,1,3.0
2,2,35.6,4.6,83.6,0,7.0
39,9,48.8,4.71,64.7,1,2.0
49,8,44.0,4.71,106.4,2,5.0
24,4,47.1,4.15,88.0,1,1.0
28,5,23.1,5.5,74.1,1,5.0
25,6,40.7,6.67,106.8,1,2.0
5,3,52.2,6.3,82.1,0,11.0
31,6,42.2,4.51,57.5,1,2.0
37,9,45.6,6.57,108.1,1,5.0
47,9,38.3,5.87,72.1,2,10.0
47,9,38.8,5.11,149.3,2,6.0
25,9,49.2,4.03,80.0,1,1.0
48,9,32.6,5.91,48.6,2,6.0
27,8,31.9,7.74,124.0,1,9.0
33,7,34.2,5.52,87.8,1,4.0
31,9,38.2,6.7,94.0,1,4.0
50,7,25.1,5.25,96.5,2,7.0
37,6,43.8,6.61,61.7,1,7.0
7,3,36.7,5.32,45.6,0,2.0
4,1,44.8,2.61,128.0,0,4.0
21,4,21.0,4.63,57.6,1,2.0
26,9,44.9,5.66,121.7,1,5.0
34,9,48.7,6.8,99.4,1,4.0
25,7,41.5,5.32,92.4,1,4.0
26,7,38.2,5.54,79.6,1,2.0
47,9,44.9,4.8,135.1,2,6.0
17,3,48.2,7.37,75.1,1,3.0
25,7,42.2,7.3,75.6,1,6.0
28,9,42.8,4.69,102.4,1,5.0
24,9,51.3,3.68,75.5,1,1.0
49,9,44.1,3.33,68.7,2,7.0
49,9,31.6,6.22,87.8,2,7.0
26,6,48.1,5.66,102.7,1,4.0
23,6,37.0,4.56,126.5,1,3.0
30,9,38.3,5.83,130.6,1,3.0
10,3,38.9,4.02,53.1,0,4.0
22,9,45.8,6.45,109.8,1,3.0
11,5,52.0,5.04,69.3,1,5.0
8,2,38.2,4.2,70.3,0,5.0
5,2,51.9,5.06,78.2,0,5.0
30,9,39.3,5.02,76.9,1,4.0
1,0,49.2,5.94,67.6,0,7.0
33,7,39.6,6.9,42.4,1,10.0
22,7,34.1,6.84,117.9,1,6.0
19,3,38.0,5.69,106.9,1,11.0
39,9,33.3,5.28,88.6,1,1.0
27,7,32.8,4.82,69.6,1,4.0
37,4,28.0,3.38,113.7,1,4.0
36,9,48.1,5.48,87.7,1,2.0
2,0,50.0,4.48,77.5,0,11.0
11,5,41.0,6.96,56.1,1,5.0
29,8,30.1,5.26,99.7,1,2.0
49,9,37.9,6.4,82.3,2,17.0
8,5,35.6,4.92,94.2,0,1.0
6,2,29.8,5.5,89.4,0,2.0
48,9,34.1,6.23,101.7,2,7.0
49,9,42.0,5.83,93.3,2,9.0
9,2,33.2,5.89,82.9,0,6.0
21,4,40.3,5.39,100.1,1,4.0
32,9,23.8,6.45,108.0,1,2.0
10,4,51.4,6.27,119.9,0,16.0
17,5,34.9,2.89,66.6,1,3.0
20,8,45.0,5.19,111.2,1,5.0
33,9,39.5,6.72,57.2,1,4.0
16,4,38.0,4.28,109.3,1,5.0
21,7,28.9,3.47,89.4,1,5.0
15,3,31.9,5.33,105.8,1,4.0
38,8,32.1,6.12,118.9,1,1.0
8,5,38.2,4.95,93.6,0,4.0
12,2,48.6,7.05,89.1,1,7.0
13,7,41.5,7.71,88.0,1,4.0
46,9,30.8,3.19,80.6,2,5.0
48,9,38.7,5.04,112.5,2,12.0
26,8,37.4,2.76,87.8,1,1.0
8,3,35.2,6.29,46.5,0,4.0
38,9,37.9,4.68,107.7,1,5.0
25,9,44.1,4.93,106.6,1,2.0
43,9,32.2,6.88,90.9,2,8.0
18,6,35.2,3.91,74.2,1,3.0
50,9,45.9,3.6,66.8,2,7.0
41,9,41.8,2.77,74.3,2,4.0
12,6,48.2,7.02,94.0,1,4.0
37,9,49.5,5.5,53.1,1,3.0
15,6,27.1,5.15,98.5,1,1.0
18,3,40.3,3.97,91.5,1,1.0
13,5,33.9,6.5,115.7,1,8.0
35,9,28.4,8.81,104.0,1,3.0
14,4,31.7,5.22,75.5,1,4.0
32,8,35.6,5.5,56.2,1,2.0
30,9,38.0,6.99,73.6,1,2.0
38,9,33.1,4.14,117.6,1,2.0
50,9,37.9,5.06,95.9,2,6.0
1,0,57.6,2.33,101.9,0,9.0
50,8,24.2,5.14,77.4,2,5.0
6,1,47.1,3.97,99.7,0,6.0
27,9,37.9,7.01,59.6,1,8.0
18,5,34.5,4.33,108.7,1,1.0
32,9,21.9,6.44,66.9,1,5.0
37,7,44.1,5.37,50.5,1,3.0
43,7,26.5,5.5,135.2,2,13.0
21,8,44.6,6.13,92.7,1,6.0
47,9,51.9,5.44,92.1,2,9.0
17,5,27.7,4.72,52.6,1,2.0
11,3,47.3,4.53,102.5,1,4.0
19,2,38.2,6.11,107.7,1,9.0
27,5,21.2,3.22,86.0,1,2.0
34,7,28.4,7.51,107.8,1,4.0
42,9,39.4,5.66,113.4,2,3.0
12,3,41.2,5.1,100.5,1,9.0
16,7,25.4,5.82,46.7,1,5.0
47,9,38.3,4.79,67.0,2,6.0
22,6,44.6,5.29,123.7,1,7.0
13,6,46.0,4.14,91.6,1,6.0
50,9,34.7,5.95,91.7,2,7.0
23,3,41.5,5.41,73.4,1,4.0
50,9,46.6,5.72,77.3,2,5.0
46,9,44.8,7.28,113.9,2,10.0
46,9,45.1,4.53,120.0,2,8.0
30,5,38.9,5.35,105.9,1,11.0
40,9,38.0,3.52,101.0,2,5.0
49,9,40.2,5.5,102.5,2,6.0
14,6,31.9,5.48,88.6,1,2.0
2,1,46.9,5.52,65.9,0,6.0
17,9,25.8,5.31,61.6,1,5.0
32,7,34.0,4.81,116.3,1,4.0
28,9,37.7,8.5,89.3,1,5.0
5,1,41.8,5.55,99.5,0,9.0
29,9,43.3,5.5,94.2,1,4.0
9,3,49.9,4.13,95.2,0,6.0
26,9,38.6,6.56,96.9,1,7.0
29,9,32.3,5.35,103.9,1,3.0
32,9,36.8,6.03,74.6,1,2.0
21,7,35.4,6.58,113.6,1,4.0
21,7,42.2,5.38,75.2,1,6.0
34,9,29.5,4.69,94.8,1,1.0
38,7,36.6,2.71,66.3,1,5.0
41,9,51.0,5.04,86.7,2,5.0
17,5,39.4,4.68,76.8,1,3.0
22,8,29.6,4.13,90.5,1,1.0
17,4,35.3,7.24,104.7,1,7.0
27,6,20.1,6.68,91.5,1,5.0
7,3,37.5,3.3,129.2,0,2.0
22,9,51.2,5.68,105.9,1,6.0
10,4,38.0,4.52,85.4,0,4.0
27,4,26.4,5.5,88.3,1,2.0
43,9,32.8,4.54,97.6,2,3.0
50,9,45.4,4.85,104.1,2,7.0
23,6,51.6,6.66,65.3,1,5.0
3,0,41.6,6.48,102.7,0,11.0
12,2,27.7,7.31,65.8,1,6.0
6,1,37.8,5.24,100.8,0,11.0
38,9,52.3,3.75,112.0,1,7.0
50,9,35.5,6.61,96.0,2,10.0
28,7,39.1,6.61,43.5,1,1.0
9,3,39.9,6.25,54.4,0,9.0
2,2,25.6,4.61,101.3,0,1.0
49,9,46.0,4.22,40.9,2,4.0
16,3,44.8,6.14,102.2,1,8.0
6,3,22.1,4.44,109.7,0,5.0
9,2,27.4,5.13,112.7,0,5.0
13,4,30.2,8.99,85.2,1,2.0
33,9,44.0,8.05,98.8,1,5.0
45,9,32.0,6.45,94.2,2,5.0
14,3,41.2,4.71,60.5,1,5.0
35,9,36.5,4.63,104.9,1,3.0
4,0,38.6,6.36,117.8,0,10.0
1,1,42.0,7.3,103.8,0,11.0
3,1,40.2,4.89,79.9,0,8.0
47,9,37.8,4.95,104.8,2,5.0
30,9,40.6,5.61,116.0,1,6.0
41,9,39.7,3.83,113.3,2,5.0
2,1,36.3,3.87,110.5,0,5.0
2,0,34.6,4.09,58.2,0,4.0
43,9,53.0,6.16,98.0,2,9.0
6,1,34.5,5.83,102.9,0,7.0
8,3,48.9,6.86,89.4,0,10.0
26,7,32.5,3.42,100.3,1,3.0
31,5,44.5,3.68,121.0,1,6.0
12,4,52.3,6.05,53.4,1,4.0
23,6,35.3,5.5,101.2,1,6.0
34,9,32.7,4.54,99.6,1,1.0
23,9,34.6,6.72,108.1,1,5.0
20,4,37.8,4.84,120.8,1,3.0
4,1,40.6,4.98,72.2,0,3.0
23,7,37.7,5.2,120.2,1,5.0
41,9,34.6,5.27,106.3,2,6.0
32,9,53.6,6.32,86.3,1,6.0
45,9,38.0,4.05,71.8,2,7.0
7,3,33.0,5.27,93.9,0,4.0
1,0,44.6,6.89,95.7,0,12.0
28,7,44.8,8.06,96.8,1,7.0
9,4,49.3,3.87,77.5,0,7.0
30,9,53.4,5.9,102.2,1,6.0
46,9,40.8,5.27,81.9,2,12.0
17,6,35.7,5.38,114.3,1,5.0
28,9,22.8,4.55,124.2,1,5.0
35,9,30.5,6.41,73.7,1,3.0
8,2,39.7,6.35,91.2,0,9.0
45,9,28.6,8.53,109.4,2,8.0
11,1,25.3,3.91,95.5,1,3.0
41,7,38.5,3.4,62.9,2,5.0
33,9,44.2,7.97,107.3,1,11.0
8,3,36.0,5.44,77.9,0,5.0
37,9,45.2,4.95,89.4,1,2.0
10,2,42.9,5.73,70.1,0,10.0
30,9,47.2,3.83,105.9,1,1.0
48,9,55.4,5.95,81.6,2,6.0
48,8,58.9,5.4,108.0,2,17.0
44,9,38.0,6.79,85.7,2,8.0
25,5,34.3,6.53,80.4,1,3.0
28,9,38.5,6.63,98.2,1,3.0
16,4,50.6,5.73,68.5,1,6.0
47,9,30.9,7.43,126.0,2,8.0
24,6,49.6,6.19,93.7,1,9.0
39,9,36.6,4.86,78.7,1,1.0
18,7,39.8,4.53,82.0,1,4.0
38,6,31.5,4.66,90.4,1,7.0
12,6,27.4,6.21,89.4,1,6.0
37,9,35.8,3.9,72.1,1,4.0
3,0,48.4,5.69,82.6,0,4.0
6,1,32.4,4.5,89.0,0,10.0
18,6,50.9,4.0,120.8,1,9.0
25,6,33.4,4.19,110.0,1,5.0
36,9,38.0,5.47,121.8,1,3.0
18,7,40.0,6.42,90.6,1,7.0
1,0,43.4,4.69,118.7,0,4.0
17,6,39.5,3.01,115.3,1,1.0
22,6,39.2,9.29,89.4,1,10.0
28,9,50.8,6.84,105.5,1,4.0
33,9,38.8,6.62,78.1,1,7.0
13,2,34.2,7.45,126.6,1,12.0
31,3,28.9,5.61,85.1,1,5.0
32,9,48.2,5.34,101.2,1,4.0
39,7,34.6,7.13,89.4,1,5.0
27,9,35.4,7.12,62.6,1,4.0
41,9,46.4,6.24,89.0,2,11.0
12,3,38.0,6.56,94.1,1,11.0
36,9,40.0,5.5,87.7,1,1.0
3,0,36.9,5.19,89.2,0,3.0
6,4,38.0,7.54,119.9,0,5.0
44,9,34.4,6.47,73.5,2,7.0
24,5,35.2,3.75,64.6,1,3.0
32,9,38.0,4.86,89.4,1,2.0
31,6,45.3,7.35,104.9,1,9.0
35,9,37.3,6.05,106.8,1,5.0
13,2,48.9,5.72,102.1,1,6.0
9,5,37.1,5.75,108.2,0,5.0
3,0,35.1,5.4,95.1,0,2.0
44,8,48.2,4.87,79.6,2,6.0
12,3,38.2,4.5,71.1,1,7.0
29,9,37.0,6.71,64.8,1,4.0
23,8,38.0,5.79,85.5,1,1.0
9,1,49.7,6.35,105.8,0,8.0
21,8,40.4,6.16,94.7,1,3.0
5,2,48.0,7.19,90.5,0,8.0
9,3,36.1,6.05,68.9,0,9.0
7,1,46.7,6.49,141.6,0,6.0
42,7,38.0,5.7,73.5,2,10.0
29,9,45.1,4.36,92.4,1,2.0
47,9,45.7,5.23,110.1,2,14.0
22,6,30.5,6.21,90.8,1,5.0
11,2,38.6,6.31,73.9,1,14.0
31,9,45.7,7.24,106.2,1,8.0
47,9,46.9,4.95,63.2,2,7.0
27,7,48.0,5.77,124.8,1,4.0
1,0,38.8,5.35,95.6,0,8.0
16,5,50.3,7.45,84.9,1,4.0
47,9,32.7,5.95,61.7,2,5.0
26,4,26.0,5.5,67.0,1,6.0
48,9,35.8,5.46,89.0,2,10.0
26,9,47.6,5.23,127.9,1,5.0
1,1,29.3,3.76,94.7,0,6.0
44,9,26.2,3.99,96.9,2,7.0
39,6,24.2,5.71,97.7,1,2.0
36,9,43.9,5.56,137.3,1,9.0
49,9,26.4,5.72,81.2,2,6.0
10,2,42.4,6.63,121.3,0,8.0
46,9,35.4,5.61,82.0,2,3.0
12,6,38.0,5.08,75.9,1,4.0
49,9,38.0,5.25,88.4,2,5.0
10,6,38.0,5.79,88.3,0,8.0
28,9,32.0,5.04,101.2,1,5.0
40,7,38.0,6.78,43.5,2,8.0
4,1,41.2,5.5,93.0,0,9.0
4,1,42.9,5.8,78.0,0,10.0
43,9,45.5,4.52,75.5,2,7.0
4,2,39.3,6.78,89.4,0,8.0
31,7,29.6,7.23,82.7,1,6.0
47,9,41.7,3.86,79.7,2,4.0
31,5,43.2,5.98,81.5,1,4.0
25,9,36.5,5.37,57.2,1,2.0
21,5,35.7,5.84,92.0,1,3.0
32,9,57.8,5.5,74.2,1,5.0
29,9,27.7,2.82,57.3,1,4.0
26,9,41.9,6.41,79.0,1,4.0
8,1,46.4,6.83,74.5,0,11.0
34,9,35.3,6.97,90.8,1,4.0
37,7,36.7,4.37,78.8,1,3.0
36,8,34.8,5.46,61.0,1,5.0
4,0,38.0,4.85,72.2,0,4.0
36,9,45.2,3.2,55.5,1,1.0
37,9,38.0,4.76,112.7,1,4.0
10,2,62.9,4.2,116.0,0,8.0
43,9,34.4,5.9,118.4,2,7.0
27,7,49.0,3.54,78.2,1,3.0
24,8,42.4,4.32,115.9,1,2.0
37,9,38.9,4.88,98.1,1,4.0
26,4,49.8,6.42,73.6,1,8.0
28,9,25.2,8.83,77.4,1,5.0
16,4,41.4,5.86,86.6,1,9.0
47,9,32.3,4.26,92.0,2,4.0
49,9,38.0,4.69,97.3,2,4.0
7,0,34.1,6.29,90.0,0,3.0
37,9,30.3,3.88,89.4,1,5.0
2,1,24.8,5.5,117.0,0,8.0
19,4,41.1,5.83,87.7,1,13.0
49,9,37.5,5.35,86.6,2,6.0
9,2,35.6,3.48,85.7,0,1.0
19,2,44.1,6.6,87.7,1,5.0
11,3,41.6,4.59,62.8,1,8.0
37,7,35.9,5.68,69.9,1,4.0
24,3,62.4,5.31,138.9,1,11.0
30,6,46.1,3.6,89.4,1,7.0
48,9,57.6,5.22,95.4,2,12.0
27,8,34.7,4.05,96.9,1,5.0
37,9,40.0,4.72,110.3,1,2.0
5,2,28.1,5.5,97.3,0,6.0
11,2,35.4,6.34,127.8,1,5.0
48,9,33.3,5.48,94.8,2,3.0
43,9,62.0,4.44,117.0,2,2.0
33,9,32.5,4.72,89.4,1,2.0
19,8,36.1,4.7,120.8,1,2.0
10,0,26.4,2.94,90.5,0,5.0
43,9,42.3,5.59,98.0,2,14.0
40,9,30.8,3.5,82.6,2,5.0
13,6,45.3,5.59,93.2,1,2.0
30,9,23.7,3.75,94.3,1,5.0
31,9,37.0,4.05,48.5,1,5.0
24,6,23.2,6.3,89.4,1,7.0
47,9,34.1,5.53,107.8,2,8.0
7,4,35.7,3.24,63.0,0,2.0
13,2,33.2,4.83,70.3,1,7.0
5,2,34.0,5.81,89.4,0,8.0
35,9,45.8,4.76,116.9,1,3.0
33,8,55.4,5.09,77.6,1,4.0
50,9,40.7,5.79,93.5,2,9.0
28,8,31.1,5.55,88.4,1,1.0
8,4,38.5,4.31,113.5,0,7.0
23,5,35.2,5.53,79.3,1,7.0
5,2,45.1,5.16,82.4,0,11.0
34,8,40.3,7.57,116.8,1,7.0
34,9,25.4,5.38,69.9,1,4.0
43,9,46.8,5.5,80.0,2,8.0
17,1,45.7,5.81,89.4,1,13.0
16,3,50.0,5.11,89.4,1,9.0
4,1,33.9,4.64,66.1,0,4.0
21,9,40.4,6.05,75.8,1,3.0
24,3,28.5,6.06,101.9,1,8.0
38,8,37.6,8.0,104.9,1,3.0
38,9,41.2,6.39,94.2,1,5.0
8,3,32.9,5.5,89.4,0,8.0
15,5,40.7,6.36,92.6,1,5.0
26,2,39.3,4.67,59.9,1,5.0
17,4,34.4,3.99,92.0,1,2.0
2,2,49.2,4.3,119.6,0,6.0
43,9,36.1,6.33,63.6,2,7.0
37,9,39.1,7.21,74.3,1,3.0
27,7,26.3,6.38,82.1,1,4.0
16,5,42.2,5.3,83.3,1,7.0
43,9,34.2,7.51,126.8,2,12.0
2,0,45.7,4.97,71.4,0,12.0
23,4,27.5,4.12,67.4,1,1.0
41,9,41.4,5.8,105.4,2,9.0
48,9,20.5,7.05,77.1,2,4.0
13,4,42.9,4.49,89.4,1,4.0
33,8,36.6,3.45,86.1,1,1.0
10,7,41.2,5.55,99.2,0,6.0
6,2,33.2,6.43,58.6,0,7.0
18,1,30.4,2.0,99.1,1,2.0
45,9,34.5,6.67,94.4,2,10.0
35,9,39.5,3.86,84.9,1,3.0
25,4,42.6,6.37,65.3,1,6.0
15,7,40.4,3.1,94.3,1,2.0
8,3,30.5,3.73,104.5,0,2.0
14,1,52.7,6.24,79.4,1,9.0
8,2,40.7,6.96,79.8,0,6.0
10,2,33.0,5.49,105.9,0,5.0
35,9,41.4,5.5,89.4,1,4.0
7,2,40.0,4.27,108.8,0,2.0
3,1,36.6,4.26,94.6,0,5.0
28,9,35.7,5.14,85.1,1,2.0
15,5,45.9,5.08,89.4,1,4.0
23,9,51.8,5.84,63.5,1,2.0
7,3,21.7,4.61,86.9,0,2.0
11,2,47.8,6.18,112.4,1,9.0
23,5,38.2,6.15,90.8,1,4.0
35,9,39.9,7.44,77.5,1,5.0
21,9,48.8,4.91,89.4,1,4.0
28,9,16.8,5.9,89.4,1,1.0
27,7,44.5,6.23,65.3,1,9.0
14,5,48.3,5.5,71.8,1,5.0
14,3,32.5,5.25,120.7,1,7.0
22,7,26.8,3.02,69.3,1,1.0
2,1,51.1,5.6,74.0,0,10.0
35,9,23.9,6.21,95.8,1,1.0
31,9,41.3,5.43,81.2,1,3.0
16,2,46.2,4.56,91.8,1,8.0
19,4,41.2,3.48,107.3,1,4.0
17,9,42.5,6.04,59.1,1,2.0
33,4,35.9,5.54,89.4,1,6.0
38,9,41.7,7.17,78.4,1,5.0
6,2,32.3,3.76,84.3,0,1.0
21,5,33.4,5.5,128.4,1,2.0
1,0,38.3,3.91,61.9,0,1.0
23,5,25.7,6.73,101.8,1,3.0
13,7,42.6,6.99,112.6,1,6.0
17,1,18.2,7.81,76.3,1,4.0
23,4,40.9,6.13,76.6,1,6.0
17,8,41.7,6.45,82.6,1,3.0
20,8,31.6,6.02,76.2,1,1.0
39,9,28.1,6.19,91.3,1,2.0
41,9,34.7,5.56,89.4,2,8.0
1,0,43.1,5.5,82.7,0,12.0
19,3,40.8,8.07,108.6,1,6.0
43,9,29.1,5.76,118.0,2,4.0
27,9,38.8,5.53,98.6,1,2.0
11,4,40.1,5.74,100.5,1,3.0
30,9,39.8,5.32,89.4,1,4.0
8,3,30.1,5.8,37.5,0,2.0
2,2,39.2,5.28,101.7,0,2.0
32,9,45.3,6.87,105.9,1,1.0
26,9,42.3,6.75,89.4,1,8.0
38,7,41.3,8.1,108.2,1,5.0
18,4,51.1,5.47,79.0,1,14.0
43,9,39.3,5.85,100.4,2,9.0
22,6,38.0,5.8,119.4,1,3.0
37,9,31.3,5.74,103.3,1,4.0
6,3,39.4,6.86,116.9,0,7.0
5,3,26.5,3.55,117.0,0,1.0
40,9,35.5,6.05,65.6,2,5.0
42,9,41.7,7.89,104.4,2,12.0
48,9,47.4,7.14,77.4,2,13.0
17,1,25.6,7.0,89.4,1,2.0
2,1,38.8,6.51,84.3,0,7.0
49,9,37.5,4.79,125.1,2,7.0
31,9,38.3,4.6,79.1,1,3.0
13,6,39.1,5.5,54.8,1,2.0
39,9,37.7,4.13,61.1,1,5.0
46,9,49.1,6.64,99.6,2,2.0
15,4,48.0,7.26,74.8,1,7.0
39,9,55.1,6.02,49.1,1,6.0
40,9,37.9,6.47,61.9,2,7.0
26,9,34.7,5.5,93.3,1,3.0
32,9,30.3,6.18,105.6,1,5.0
14,6,33.8,2.96,81.1,1,1.0
47,9,43.7,5.88,103.0,2,9.0
50,9,44.9,5.5,108.3,2,6.0
50,9,43.4,5.45,74.3,2,5.0
37,9,32.7,5.77,87.6,1,2.0
3,1,32.7,4.64,78.0,0,3.0
19,9,53.7,4.21,100.8,1,2.0
23,6,31.3,4.6,77.8,1,1.0
48,9,49.3,3.76,65.7,2,7.0
28,9,41.2,4.11,91.1,1,5.0
27,9,32.1,4.28,112.2,1,2.0
8,3,28.5,3.78,100.2,0,3.0
40,9,32.5,6.13,89.4,2,2.0
17,4,41.3,4.42,108.4,1,5.0
5,2,30.7,3.26,90.8,0,5.0
50,9,50.4,5.02,78.1,2,8.0
10,6,36.3,4.16,72.6,0,2.0
1,0,43.6,7.25,58.3,0,15.0
4,0,43.0,5.66,113.8,0,8.0
23,9,51.0,3.74,83.4,1,1.0
6,4,34.5,6.18,55.9,0,2.0
43,9,38.8,5.6,114.7,2,6.0
26,2,26.8,5.21,91.9,1,1.0
17,6,38.0,7.39,109.4,1,4.0
1,0,47.1,4.33,84.8,0,5.0
24,6,39.8,6.74,74.1,1,7.0
8,3,56.5,5.01,98.9,0,11.0
49,9,42.2,5.48,100.6,2,7.0
15,3,33.7,4.6,84.4,1,7.0
24,9,41.6,4.68,116.3,1,4.0
1,0,38.0,4.98,108.9,0,6.0
7,5,31.6,3.22,101.3,0,2.0
11,3,28.3,5.92,67.8,1,4.0
3,0,38.1,5.64,65.0,0,12.0
37,9,37.5,3.7,114.0,1,3.0
48,9,38.0,6.29,46.2,2,11.0
50,9,37.2,7.25,88.2,2,8.0
14,2,30.0,4.7,92.9,1,7.0
40,9,50.5,4.56,80.2,2,7.0
26,6,14.4,6.84,89.3,1,2.0
3,1,38.3,5.98,98.4,0,10.0
5,4,39.7,5.34,78.3,0,5.0
28,9,37.9,6.48,107.6,1,1.0
22,8,42.0,5.83,101.6,1,3.0
1,0,38.9,7.21,86.4,0,7.0
47,9,42.0,5.48,73.5,2,9.0
37,9,33.2,6.01,88.2,1,2.0
26,8,26.3,6.82,132.2,1,7.0
50,8,37.6,2.56,74.9,2,5.0
49,9,29.8,6.86,120.6,2,8.0
49,9,32.2,4.89,54.9,2,8.0
13,3,47.3,6.1,72.8,1,6.0
45,9,50.5,7.5,79.1,2,11.0
26,4,47.1,5.13,109.0,1,5.0
37,8,38.0,4.95,91.1,1,4.0
43,9,38.5,5.43,116.2,2,5.0
9,3,46.1,3.76,89.4,0,3.0
23,6,40.8,8.14,88.9,1,5.0
7,2,53.6,5.45,83.4,0,11.0
14,5,30.7,7.47,130.5,1,10.0
21,5,43.4,5.1,67.6,1,2.0
43,9,27.9,5.54,79.8,2,9.0
44,9,43.4,6.63,70.4,2,2.0
20,4,24.2,4.18,101.5,1,1.0
17,0,28.3,5.38,67.2,1,1.0
27,6,27.7,6.59,126.4,1,5.0
46,9,40.0,5.24,91.6,2,12.0
49,9,40.8,4.92,89.4,2,11.0
12,4,57.6,6.84,99.3,1,6.0
10,1,37.3,7.18,89.6,0,5.0
36,7,44.2,7.37,92.4,1,15.0
16,3,39.3,5.5,89.4,1,3.0
10,1,43.5,4.8,100.4,0,10.0
2,0,39.1,4.93,73.6,0,4.0
21,6,46.8,6.36,70.2,1,10.0
20,7,29.6,5.5,106.4,1,1.0
29,6,18.4,4.13,90.0,1,1.0
11,2,41.3,4.64,89.4,1,3.0
36,9,23.6,4.37,80.5,1,5.0
35,6,48.5,6.56,120.6,1,13.0
24,6,33.6,6.48,86.8,1,6.0
10,3,29.7,4.92,79.4,0,6.0
26,9,59.6,5.27,60.1,1,9.0
34,7,37.9,2.45,78.6,1,2.0
19,5,36.3,4.95,66.7,1,2.0
14,4,44.0,5.5,98.6,1,6.0
26,9,44.5,4.89,91.0,1,4.0
18,8,47.1,5.5,82.7,1,3.0
21,8,27.3,7.15,74.8,1,6.0
18,5,42.3,4.16,120.5,1,2.0
16,6,35.7,7.36,75.9,1,1.0
36,9,30.6,8.97,76.0,1,3.0
24,4,38.4,5.37,85.1,1,8.0
24,7,23.5,6.99,87.9,1,2.0
33,9,45.4,3.5,99.6,1,4.0
19,2,35.7,3.44,108.6,1,3.0
6,1,34.2,4.54,107.1,0,4.0
43,9,36.9,6.49,138.6,2,11.0
3,0,36.7,5.5,56.1,0,12.0
29,8,47.1,5.28,94.6,1,1.0
14,4,29.2,3.95,79.6,1,2.0
11,6,34.9,5.35,130.2,1,3.0
3,1,36.3,4.73,93.5,0,7.0
46,9,29.5,4.39,49.4,2,5.0
22,9,38.0,4.29,98.7,1,1.0
18,6,32.2,5.73,95.3,1,2.0
38,9,26.8,4.64,105.2,1,5.0
2,0,42.2,5.5,75.5,0,5.0
29,8,50.4,3.38,96.6,1,1.0
25,8,38.4,6.1,84.6,1,6.0
28,9,37.2,5.79,76.6,1,1.0
7,1,37.0,5.22,96.9,0,3.0
48,9,33.9,5.69,93.1,2,8.0
12,1,38.0,6.62,111.0,1,10.0
34,7,38.8,3.76,90.5,1,2.0
38,9,20.6,5.58,102.1,1,5.0
18,9,47.6,3.93,65.9,1,1.0
7,2,45.6,5.61,117.9,0,8.0
15,5,42.8,5.19,74.5,1,3.0
41,9,38.0,5.47,108.1,2,2.0
46,9,38.0,6.52,95.3,2,10.0
47,9,45.1,6.48,92.7,2,8.0
12,2,41.0,6.8,105.2,1,5.0
31,9,39.6,5.02,47.2,1,3.0
8,3,45.2,6.34,78.5,0,6.0
36,9,39.1,6.11,104.9,1,6.0
21,9,47.6,5.05,128.4,1,6.0
36,9,39.3,5.64,89.5,1,3.0
35,9,38.7,5.34,41.2,1,2.0
50,9,38.0,7.17,83.7,2,7.0
25,9,34.8,6.47,88.8,1,4.0
18,2,29.2,5.1,112.2,1,3.0
27,6,38.0,5.01,91.0,1,5.0
9,3,42.7,6.65,64.5,0,6.0
6,3,45.4,7.11,109.3,0,4.0
26,7,45.4,5.88,101.4,1,5.0
42,9,37.5,6.29,76.0,2,15.0
27,8,36.6,7.06,104.4,1,5.0
40,9,33.3,5.29,79.1,2,6.0
9,2,40.0,5.6,84.0,0,11.0
23,8,24.9,6.08,79.4,1,2.0
31,8,38.2,4.99,83.8,1,3.0
18,4,60.8,7.54,108.1,1,7.0
1,0,26.0,4.97,54.3,0,1.0
4,0,39.3,5.57,112.1,0,10.0
47,9,41.0,7.8,93.5,2,13.0
31,9,42.1,3.27,82.2,1,5.0
14,6,30.3,5.76,90.4,1,3.0
13,5,42.1,4.71,71.8,1,5.0
2,1,33.7,5.5,57.4,0,4.0
48,9,26.6,4.05,89.4,2,3.0
6,2,45.6,5.05,52.1,0,5.0
38,7,43.3,5.5,62.9,1,8.0
13,0,30.3,5.79,57.5,1,3.0
17,5,33.6,6.57,114.5,1,2.0
14,2,33.4,2.71,64.3,1,5.0
42,9,24.9,5.35,89.2,2,2.0
2,0,44.1,5.29,89.4,0,6.0
18,9,44.4,5.42,107.0,1,4.0
14,2,35.3,5.54,84.1,1,8.0
14,2,37.8,4.5,89.4,1,6.0
10,4,38.9,3.64,89.4,0,6.0
46,9,40.0,5.76,132.2,2,7.0
19,3,27.2,4.31,98.3,1,2.0
21,6,41.9,5.98,89.4,1,8.0
20,6,28.6,4.38,135.3,1,3.0
50,9,43.5,6.33,95.6,2,9.0
17,5,29.5,5.43,113.0,1,6.0
18,9,27.6,5.52,99.6,1,5.0
17,5,37.8,5.2,99.3,1,3.0
17,3,37.6,5.01,70.7,1,5.0
5,3,38.8,5.22,67.4,0,4.0
31,9,30.9,6.92,79.8,1,2.0
2,0,39.6,3.66,89.4,0,8.0
12,3,40.4,4.72,106.7,1,5.0
11,2,47.3,6.77,116.7,1,13.0
15,9,39.5,6.48,89.8,1,3.0
38,5,33.2,7.11,100.8,1,4.0
30,1,27.2,5.43,89.4,1,3.0
50,9,25.8,3.92,87.9,2,4.0
18,8,40.6,4.17,83.6,1,1.0
47,9,44.3,5.14,89.4,2,10.0
3,2,30.9,6.41,86.9,0,3.0
26,0,40.0,5.19,87.9,1,6.0
40,9,38.0,5.1,112.7,2,5.0
27,9,38.0,5.98,114.7,1,2.0
47,9,44.9,5.53,92.9,2,13.0
16,4,19.9,4.97,131.3,1,4.0
2,0,46.3,4.3,93.8,0,10.0
39,9,40.0,6.64,110.7,1,7.0
4,0,33.7,6.76,88.0,0,11.0
39,9,34.0,4.23,67.2,1,2.0
37,5,38.3,5.02,81.5,1,4.0
43,9,34.0,6.3,119.5,2,7.0
24,4,30.5,4.13,84.7,1,2.0
45,9,32.3,5.94,80.7,2,5.0
9,2,29.7,5.11,89.9,0,3.0
22,1,48.8,4.04,82.2,1,9.0
7,1,38.4,7.63,113.9,0,4.0
39,9,56.0,5.09,127.7,1,5.0
36,9,41.0,6.13,90.1,1,5.0
41,9,42.7,5.5,100.8,2,3.0
39,9,29.5,7.36,109.4,1,8.0
16,7,36.3,7.84,92.2,1,5.0
4,1,38.6,3.7,72.4,0,3.0
47,9,32.9,5.3,81.8,2,4.0
25,9,34.3,7.09,98.2,1,3.0
5,1,41.4,4.94,97.9,0,7.0
47,9,41.5,5.99,54.2,2,10.0
50,9,27.3,3.48,81.3,2,1.0
23,9,40.3,4.55,75.3,1,5.0
39,9,42.4,5.87,107.6,1,5.0
2,1,33.3,4.79,76.0,0,3.0
5,1,32.5,5.07,80.8,0,3.0
14,4,41.5,3.68,80.1,1,2.0
33,9,17.4,6.28,105.8,1,1.0
7,1,38.0,3.89,109.4,0,4.0
2,2,51.1,7.35,89.4,0,8.0
34,9,17.2,4.68,112.1,1,5.0
39,8,44.6,6.46,114.7,1,6.0
37,9,42.4,6.34,53.8,1,2.0
40,9,26.5,4.32,101.8,2,3.0
41,9,42.2,4.81,89.4,2,4.0
31,9,46.0,4.95,64.9,1,2.0
26,8,28.6,5.03,83.6,1,1.0
43,9,32.3,3.94,104.6,2,2.0
18,3,38.2,6.14,119.1,1,7.0
5,3,45.8,4.67,89.4,0,7.0
38,8,33.7,5.36,102.4,1,3.0
14,2,37.7,6.71,129.3,1,11.0
49,9,32.7,6.19,126.6,2,7.0
21,7,38.2,4.75,30.0,1,5.0
43,9,46.4,6.75,133.6,2,10.0
3,1,38.8,6.3,109.2,0,9.0
33,9,35.1,4.65,43.9,1,1.0
23,8,37.7,4.88,74.7,1,1.0
24,6,31.6,5.5,115.2,1,5.0
14,1,30.0,6.43,97.2,1,5.0
49,9,47.6,3.7,78.5,2,3.0
20,3,51.1,4.29,91.3,1,5.0
43,9,23.7,6.33,100.9,2,6.0
22,5,42.7,4.09,78.4,1,1.0
3,1,44.9,6.47,87.5,0,7.0
44,9,28.3,7.82,107.9,2,9.0
10,2,34.2,5.95,76.0,0,5.0
14,2,33.4,4.39,62.9,1,2.0
44,9,53.2,5.71,89.4,2,7.0
45,9,51.2,6.74,72.2,2,12.0
46,9,30.6,5.62,77.9,2,11.0
22,4,26.3,6.08,55.5,1,1.0
38,9,38.0,4.54,94.7,1,3.0
17,2,42.4,4.63,107.4,1,8.0
38,9,48.0,6.59,73.8,1,6.0
26,8,29.5,4.65,77.0,1,2.0
3,0,43.8,2.4,86.3,0,5.0
21,3,32.1,5.13,71.8,1,4.0
24,5,43.0,5.88,109.7,1,2.0
13,4,37.7,6.77,72.2,1,2.0
19,3,53.2,7.47,79.5,1,10.0
26,2,41.6,5.6,74.7,1,6.0
3,0,35.5,6.29,110.1,0,5.0
8,1,39.1,5.64,85.4,0,5.0
39,9,37.2,5.92,129.9,1,3.0
18,4,28.8,5.5,97.1,1,3.0
31,9,53.4,5.96,113.2,1,2.0
29,9,50.8,4.62,83.5,1,5.0
28,9,36.6,7.88,71.1,1,3.0
21,2,43.6,2.63,89.3,1,3.0
25,9,54.4,6.19,76.4,1,4.0
42,9,47.9,5.88,89.4,2,11.0
49,9,35.5,5.95,110.3,2,8.0
13,8,37.3,4.08,90.7,1,1.0
34,9,24.3,3.49,76.0,1,1.0
49,9,44.2,6.23,97.5,2,10.0
1,0,47.9,7.11,90.9,0,7.0
40,9,48.0,5.76,118.2,2,3.0
25,6,38.0,6.47,98.7,1,1.0
49,9,40.8,4.95,86.9,2,3.0
29,4,30.0,5.9,103.9,1,1.0
42,7,40.6,6.97,89.3,2,3.0
9,4,38.0,5.12,93.7,0,4.0
8,2,42.2,6.92,114.5,0,9.0
47,9,31.9,3.54,66.6,2,2.0
27,9,42.2,4.76,72.7,1,2.0
28,9,48.6,6.16,81.6,1,3.0
9,4,41.0,7.78,84.5,0,6.0
12,4,40.6,5.52,113.1,1,7.0
41,9,45.3,4.26,61.7,2,4.0
16,4,52.2,7.76,89.4,1,4.0
30,9,38.0,5.35,79.0,1,3.0
16,6,42.2,6.3,124.0,1,4.0
14,4,50.1,5.1,107.7,1,3.0
9,3,38.0,5.67,94.8,0,6.0
47,9,22.0,4.83,109.4,2,5.0
48,9,32.3,8.21,63.6,2,9.0
6,1,44.0,6.93,130.6,0,10.0
18,6,34.8,7.62,73.2,1,3.0
29,6,49.5,4.55,115.1,1,7.0
20,5,52.9,3.31,101.0,1,4.0
37,9,33.3,5.15,95.3,1,5.0
14,5,29.7,8.52,114.3,1,3.0
3,0,35.1,5.11,109.9,0,3.0
17,1,34.6,6.76,92.1,1,9.0
30,9,50.3,4.27,81.6,1,2.0
10,3,29.7,4.51,92.5,0,4.0
41,9,43.9,5.4,87.9,2,6.0
1,0,49.1,8.03,97.1,0,12.0
4,1,44.6,6.82,110.4,0,16.0
26,9,41.5,3.04,99.4,1,5.0
26,8,38.0,6.3,93.7,1,8.0
15,1,52.8,4.12,76.9,1,6.0
13,2,36.0,4.68,96.5,1,2.0
4,1,45.6,6.11,56.1,0,11.0
34,9,36.7,7.18,74.0,1,4.0
19,3,23.3,7.12,102.1,1,5.0
6,3,35.8,5.9,107.7,0,3.0
20,4,36.7,5.91,89.6,1,5.0
47,9,36.9,7.12,94.0,2,3.0
14,4,32.7,3.61,97.4,1,5.0
45,9,38.0,7.69,103.6,2,6.0
13,4,43.9,4.62,86.0,1,1.0
10,1,35.6,5.81,70.3,0,8.0
14,5,35.5,4.9,97.7,1,5.0
17,4,29.6,4.11,129.2,1,4.0
7,2,40.0,6.05,71.6,0,4.0
30,9,49.0,5.78,87.5,1,5.0
17,8,49.0,5.37,82.3,1,7.0
36,8,33.2,5.32,138.3,1,3.0
25,6,38.0,7.33,70.8,1,11.0
23,4,35.1,8.13,86.8,1,8.0
24,9,29.9,7.0,82.7,1,1.0
8,0,27.1,5.83,64.9,0,6.0
36,9,29.4,3.54,63.8,1,1.0
6,0,40.7,6.25,101.4,0,8.0
37,9,35.9,6.31,104.2,1,4.0
50,9,32.9,6.43,78.8,2,5.0
39,9,31.2,4.13,118.2,1,5.0
23,3,29.3,6.52,89.4,1,4.0
16,7,30.9,7.37,89.4,1,2.0
44,6,46.1,4.32,73.5,2,6.0
13,3,38.0,6.32,89.8,1,5.0
25,9,52.9,4.53,89.4,1,3.0
39,9,43.5,5.37,86.0,1,6.0
47,9,34.1,4.36,99.7,2,3.0
47,9,32.7,5.08,119.1,2,2.0
5,1,44.0,5.09,106.0,0,12.0
45,9,36.0,5.99,91.1,2,7.0
6,2,41.3,6.57,88.4,0,13.0
30,7,53.4,6.96,112.0,1,8.0
47,9,39.7,4.72,127.7,2,7.0
33,9,56.2,5.93,102.8,1,7.0
48,8,38.0,4.18,80.2,2,3.0
18,9,41.6,5.37,95.2,1,8.0
16,5,40.5,5.55,101.6,1,5.0
17,6,30.1,4.39,78.9,1,3.0
18,8,44.4,6.17,107.3,1,7.0
35,9,50.2,5.31,95.3,1,4.0
23,9,55.6,5.69,89.4,1,10.0
37,9,41.3,6.97,70.5,1,5.0
21,9,22.8,4.99,55.2,1,5.0
16,2,41.8,6.52,82.1,1,5.0
10,3,43.9,7.23,89.4,0,8.0
28,6,36.1,7.16,54.0,1,2.0
45,8,39.7,5.27,77.8,2,14.0
43,9,34.1,4.33,115.7,2,3.0
13,4,36.9,4.65,100.7,1,4.0
24,4,46.1,3.6,92.8,1,7.0
36,9,49.1,6.32,68.9,1,4.0
31,5,27.8,6.4,115.0,1,2.0
4,0,33.9,5.64,81.7,0,9.0
30,8,25.3,3.85,91.9,1,5.0
2,1,52.7,5.06,98.1,0,11.0
6,3,45.0,7.16,89.4,0,4.0
33,9,22.0,6.23,119.8,1,1.0
6,0,37.5,6.44,101.5,0,7.0
17,3,35.7,9.47,96.8,1,9.0
30,8,32.0,5.89,88.3,1,5.0
33,9,46.3,2.91,98.6,1,5.0
23,4,46.1,4.18,89.4,1,2.0
5,1,40.2,5.87,93.8,0,10.0
40,9,32.9,5.52,89.4,2,7.0
48,9,32.9,5.29,80.0,2,7.0
45,9,38.4,5.31,71.7,2,5.0
38,9,34.3,4.56,84.6,1,2.0
21,6,38.0,5.95,83.3,1,3.0
44,9,42.5,7.17,126.6,2,8.0
25,7,25.7,7.58,109.8,1,5.0
7,4,31.9,7.54,87.3,0,6.0
43,9,37.7,4.35,81.5,2,4.0
17,9,50.5,5.48,102.3,1,2.0
47,9,44.8,5.12,128.8,2,11.0
19,8,38.0,5.5,105.9,1,2.0
44,9,41.2,5.4,55.6,2,7.0
27,9,37.2,5.23,89.4,1,4.0
24,4,46.6,7.25,110.8,1,9.0
15,5,41.5,5.62,134.0,1,6.0
42,9,48.2,5.65,85.0,2,5.0
4,3,27.2,6.0,92.8,0,3.0
24,5,31.6,6.31,99.0,1,2.0
19,4,40.2,6.32,74.7,1,7.0
28,9,41.9,7.36,72.9,1,1.0
13,1,57.2,3.96,98.0,1,6.0
34,9,23.5,5.89,59.1,1,5.0
20,9,37.7,5.38,63.7,1,5.0
10,2,37.4,5.14,106.3,0,6.0
10,3,39.9,6.41,100.0,0,8.0
35,7,51.9,7.06,115.0,1,7.0
14,2,45.0,4.79,99.3,1,3.0
16,6,25.2,7.52,90.2,1,6.0
32,8,50.3,3.78,115.8,1,4.0
17,6,50.0,6.21,81.5,1,6.0
20,7,40.1,4.43,83.3,1,1.0
13,7,25.1,4.73,88.7,1,5.0
18,7,38.0,5.57,99.0,1,4.0
35,9,41.7,5.02,88.7,1,3.0
27,4,46.0,2.06,60.3,1,2.0
50,9,23.8,6.23,84.7,2,6.0
39,9,31.8,6.44,89.4,1,4.0
1,0,46.8,5.31,92.3,0,5.0
19,9,50.0,5.21,81.0,1,3.0
15,5,38.0,5.05,100.1,1,3.0
30,7,47.2,3.45,57.8,1,3.0
14,4,38.0,5.5,98.3,1,3.0
49,9,45.7,6.46,125.9,2,9.0
15,6,39.2,6.78,77.9,1,3.0
27,9,41.8,6.22,91.2,1,7.0
7,1,28.2,5.96,85.1,0,7.0
46,9,43.8,6.44,85.4,2,7.0
46,9,28.0,6.36,69.4,2,9.0
40,9,43.8,4.56,129.8,2,9.0
18,4,34.5,5.77,97.7,1,3.0
3,1,41.0,5.14,76.6,0,8.0
36,9,30.4,5.16,74.3,1,1.0
22,6,34.0,6.87,91.2,1,3.0
50,9,40.9,7.39,46.6,2,7.0
35,6,44.0,2.68,111.1,1,2.0
27,5,46.8,5.19,79.7,1,5.0
50,9,28.8,5.13,97.8,2,5.0
41,8,26.0,6.89,98.7,2,9.0
23,5,30.2,3.76,109.3,1,5.0
1,0,29.5,2.0,99.9,0,1.0
5,1,50.5,6.49,104.9,0,8.0
23,7,48.7,6.66,110.4,1,4.0
29,9,30.0,3.36,89.4,1,1.0
2,0,51.7,5.35,133.0,0,12.0
7,1,48.2,7.34,97.1,0,6.0
36,9,25.0,4.21,89.4,1,5.0
38,9,29.8,5.62,73.2,1,5.0
2,0,24.7,6.11,85.9,0,4.0
26,6,37.3,3.79,98.0,1,4.0
5,1,38.1,4.82,91.9,0,4.0
37,9,38.1,3.47,126.5,1,2.0
42,9,21.8,5.3,82.2,2,3.0
44,9,26.6,4.55,103.6,2,4.0
30,7,38.0,5.75,67.5,1,4.0
32,5,43.0,5.5,133.7,1,5.0
47,9,21.8,7.17,66.1,2,7.0
31,9,27.8,8.3,131.5,1,3.0
23,9,46.2,5.75,87.3,1,2.0
38,9,28.2,5.12,45.3,1,1.0
30,9,37.9,5.05,117.0,1,4.0
43,9,27.4,4.34,91.6,2,3.0
27,9,44.7,6.04,80.9,1,1.0
44,9,21.9,4.91,102.8,2,7.0
3,2,35.6,6.12,103.3,0,7.0
2,1,45.5,4.38,98.3,0,2.0
5,3,42.9,4.94,112.7,0,10.0
28,5,34.3,6.02,89.4,1,10.0
36,9,38.0,5.35,103.0,1,3.0
11,1,36.1,3.2,79.6,1,2.0
8,3,27.7,5.48,105.3,0,8.0
44,9,37.2,4.54,79.7,2,5.0
38,6,37.3,6.92,67.5,1,4.0
33,2,34.7,6.67,85.9,1,18.0
25,4,46.0,2.76,84.5,1,5.0
22,2,29.4,6.46,108.6,1,5.0
2,1,24.4,5.97,60.9,0,5.0
10,0,33.8,3.72,89.4,0,5.0
45,9,38.0,6.55,77.5,2,12.0
17,6,38.0,3.96,40.7,1,1.0
36,9,36.8,6.87,65.9,1,5.0
36,9,29.0,4.72,83.8,1,5.0
16,6,30.1,3.68,98.9,1,5.0
11,2,34.1,8.04,87.3,1,9.0
35,7,33.5,3.64,65.8,1,1.0
5,3,46.8,4.53,74.4,0,3.0
25,7,40.1,4.77,66.1,1,2.0
45,9,33.7,4.95,95.2,2,8.0
36,9,46.8,6.34,88.2,1,4.0
39,9,41.6,5.57,102.3,1,5.0
5,1,27.1,6.71,54.6,0,5.0
10,6,12.1,5.95,79.3,0,1.0
14,3,27.4,3.49,130.6,1,2.0
15,1,42.8,6.16,102.8,1,8.0
10,0,45.1,5.78,84.1,0,10.0
49,9,24.7,4.75,70.3,2,3.0
9,5,38.0,7.99,112.2,0,17.0
36,9,43.0,6.23,120.7,1,5.0
30,8,49.2,6.63,67.0,1,4.0
31,9,45.6,6.67,89.4,1,6.0
11,2,48.8,5.0,95.6,1,7.0
16,4,41.9,6.26,97.4,1,9.0
31,3,41.6,5.88,99.7,1,5.0
15,3,35.3,4.83,126.9,1,4.0
35,9,44.6,4.03,70.6,1,3.0
2,1,27.3,5.53,90.8,0,2.0
4,2,38.0,6.2,104.4,0,9.0
37,9,38.0,5.52,104.2,1,5.0
31,5,49.3,5.28,77.0,1,8.0
3,1,34.2,5.53,77.8,0,7.0
45,9,45.7,5.16,80.8,2,10.0
1,1,36.4,7.36,89.4,0,8.0
48,9,45.9,5.82,70.4,2,12.0
37,7,31.6,4.92,83.5,1,1.0
50,9,43.8,3.33,105.5,2,4.0
48,9,37.2,5.26,68.2,2,10.0
16,3,28.5,4.81,95.2,1,4.0
38,9,36.8,4.76,52.0,1,1.0
11,4,48.6,6.63,93.9,1,7.0
24,2,29.8,5.6,91.0,1,6.0
13,5,26.1,3.48,89.4,1,2.0
25,7,41.2,5.5,72.6,1,5.0
44,9,24.6,3.6,94.6,2,4.0
22,7,50.5,6.33,89.2,1,9.0
5,1,50.3,4.93,116.0,0,10.0
17,6,46.3,5.6,102.8,1,4.0
40,9,37.9,5.47,61.0,2,7.0
27,9,51.3,5.32,73.3,1,2.0
29,8,48.8,5.75,77.7,1,8.0
22,4,33.7,5.6,93.6,1,6.0
15,5,49.5,7.74,86.6,1,15.0
30,9,30.7,5.77,86.5,1,2.0
32,7,36.4,5.8,89.4,1,2.0
45,9,23.7,4.65,79.7,2,5.0
31,6,39.2,5.96,117.8,1,3.0
50,9,35.6,4.27,87.1,2,6.0
42,9,34.4,6.88,46.4,2,7.0
4,1,36.7,3.72,93.8,0,6.0
20,2,33.4,4.49,112.4,1,4.0
20,9,38.3,3.55,102.7,1,5.0
1,1,38.0,6.0,89.4,0,8.0
10,1,29.5,4.99,90.5,0,8.0
39,9,44.9,6.32,80.1,1,3.0
18,4,38.0,4.33,107.9,1,7.0
8,5,41.0,6.14,81.3,0,7.0
15,7,37.8,6.2,77.2,1,1.0
14,6,32.3,5.75,98.2,1,7.0
9,3,41.6,5.54,84.0,0,11.0
6,5,42.2,5.66,115.6,0,6.0
39,8,31.6,4.41,99.3,1,1.0
42,9,27.3,4.21,74.4,2,4.0
25,9,38.7,6.15,67.1,1,3.0
31,9,44.0,5.06,89.4,1,3.0
46,9,46.0,6.04,136.8,2,6.0
43,9,47.6,7.36,85.2,2,15.0
2,1,41.0,4.95,105.2,0,5.0
48,9,38.0,4.78,63.9,2,7.0
4,0,38.0,5.11,68.3,0,6.0
2,0,28.1,5.5,86.2,0,5.0
21,5,32.5,6.24,124.0,1,5.0
38,9,37.6,5.47,64.2,1,5.0
5,3,35.9,7.99,77.4,0,5.0
15,1,38.7,6.01,108.0,1,8.0
14,2,27.0,6.44,121.9,1,5.0
20,5,28.8,5.46,98.7,1,5.0
50,9,44.2,6.71,103.5,2,4.0
17,8,31.3,5.25,72.1,1,1.0
11,5,32.6,4.73,63.5,1,2.0
7,1,38.8,6.59,67.1,0,9.0
10,1,30.6,5.43,72.5,0,8.0
7,3,46.9,5.5,89.4,0,7.0
29,8,27.9,6.68,65.6,1,5.0
22,9,38.0,5.67,95.0,1,5.0
25,4,32.0,5.32,83.7,1,7.0
42,9,39.2,4.86,78.7,2,5.0
30,9,34.0,6.77,107.7,1,6.0
8,3,37.8,5.09,70.8,0,5.0
19,9,47.8,5.44,118.7,1,5.0
16,9,32.5,5.84,106.6,1,1.0
42,9,38.0,5.84,70.2,2,4.0
16,4,35.5,6.72,114.0,1,6.0
7,1,49.8,5.42,67.8,0,7.0
37,8,37.3,7.15,115.9,1,8.0
22,6,47.9,5.2,96.7,1,8.0
5,0,36.6,5.94,58.4,0,3.0
35,7,47.5,5.28,64.1,1,7.0
11,5,41.3,8.01,81.9,1,5.0
44,9,42.4,5.08,107.4,2,6.0
42,9,26.5,5.19,86.6,2,7.0
19,7,25.3,5.64,86.1,1,5.0
28,2,46.6,5.18,90.8,1,1.0
29,9,46.5,5.88,50.1,1,2.0
33,5,57.4,6.97,106.5,1,8.0
4,0,26.1,5.68,116.8,0,4.0
17,1,41.9,5.72,105.8,1,4.0
9,1,29.8,5.23,81.5,0,6.0
35,8,32.1,4.89,72.3,1,5.0
4,3,34.0,5.62,68.4,0,3.0
26,0,41.1,5.51,67.3,1,4.0
37,3,32.7,6.91,135.3,1,6.0
48,9,38.3,4.35,88.4,2,10.0
15,6,44.7,7.25,108.1,1,9.0
1,1,47.0,5.32,107.0,0,13.0
37,9,43.5,5.68,92.9,1,4.0
1,0,41.6,4.22,71.4,0,6.0
4,1,36.9,6.17,100.4,0,6.0
50,9,33.4,4.35,68.3,2,8.0
44,9,42.3,5.95,102.0,2,18.0
36,9,29.6,5.83,69.3,1,1.0
42,9,39.0,5.11,81.3,2,10.0
4,0,29.4,5.5,81.2,0,3.0
5,1,37.7,8.09,118.0,0,14.0
16,3,29.6,4.23,41.3,1,5.0
2,0,34.8,5.83,136.6,0,11.0
45,9,32.6,4.62,73.9,2,5.0
3,1,31.6,6.76,87.5,0,5.0
28,7,37.3,5.04,98.3,1,3.0
43,9,18.6,4.6,96.6,2,2.0
37,8,23.6,6.21,106.9,1,2.0
12,1,44.4,3.97,102.2,1,12.0
24,6,39.2,5.0,130.7,1,3.0
28,4,32.2,6.33,104.6,1,8.0
39,9,45.8,7.31,87.7,1,7.0
22,6,32.9,4.35,78.9,1,2.0
15,7,33.4,4.77,78.4,1,1.0
40,9,31.7,5.92,115.9,2,8.0
45,9,38.0,3.1,125.1,2,6.0
25,9,39.9,7.13,110.1,1,4.0
2,0,39.6,4.3,30.0,0,5.0
26,9,41.7,4.98,45.1,1,1.0
45,9,23.2,5.81,89.8,2,5.0
50,9,33.2,5.56,86.7,2,11.0
21,4,38.0,4.34,90.4,1,3.0
8,5,38.0,7.57,115.0,0,7.0
29,7,38.0,2.41,114.0,1,2.0
42,9,33.7,4.15,89.4,2,7.0
48,9,45.5,4.74,59.5,2,9.0
3,0,44.4,4.36,65.4,0,10.0
15,6,39.1,6.96,91.3,1,10.0
24,9,40.6,3.51,98.3,1,5.0
5,0,35.7,5.5,65.7,0,3.0
45,9,22.2,5.17,89.4,2,8.0
6,2,40.8,3.87,55.0,0,3.0
34,9,41.4,2.98,36.7,1,5.0
46,9,42.7,5.24,72.5,2,11.0
35,8,38.5,4.66,117.5,1,2.0
39,9,45.8,5.78,120.4,1,3.0
14,6,31.1,4.96,89.4,1,2.0
42,9,49.7,6.65,59.6,2,8.0
21,8,30.1,5.33,105.2,1,3.0
4,1,37.1,4.99,81.2,0,7.0
19,3,43.4,6.67,117.3,1,6.0
18,7,33.9,5.77,104.9,1,2.0
27,9,38.0,6.43,108.3,1,2.0
14,6,35.3,6.88,73.6,1,4.0
24,6,38.9,5.15,98.9,1,1.0
22,3,36.6,5.55,130.3,1,8.0
17,6,33.4,6.51,92.8,1,5.0
35,8,56.0,2.56,89.1,1,1.0
16,5,31.3,5.38,81.3,1,1.0
39,9,19.7,5.5,58.0,1,1.0
13,4,31.6,5.95,89.4,1,3.0
44,9,39.1,4.54,72.2,2,8.0
19,5,38.0,5.5,57.1,1,5.0
3,3,46.1,4.61,59.1,0,4.0
8,0,45.9,4.95,89.4,0,10.0
41,9,35.5,4.7,89.4,2,7.0
44,9,24.5,6.98,103.5,2,9.0
11,7,27.7,3.0,83.7,1,1.0
31,6,37.7,7.64,83.8,1,9.0
29,9,25.5,7.27,105.3,1,7.0
7,2,35.1,4.82,123.8,0,5.0
23,8,49.4,6.73,135.5,1,9.0
35,9,40.7,5.66,92.9,1,8.0
49,9,38.4,7.48,84.4,2,7.0
43,9,29.7,6.64,81.7,2,11.0
5,2,39.5,8.13,101.8,0,8.0
12,6,35.9,3.63,86.9,1,5.0
22,5,39.9,5.73,86.9,1,5.0
8,0,43.8,3.43,88.3,0,4.0
29,9,45.2,4.88,71.2,1,2.0
1,0,39.0,8.2,43.4,0,8.0
6,2,42.1,6.06,76.6,0,7.0
3,1,33.9,6.68,119.1,0,11.0
15,4,47.1,6.12,118.2,1,2.0
39,9,30.9,6.04,108.8,1,1.0
9,1,38.0,4.87,80.1,0,6.0
50,9,47.9,4.65,74.2,2,10.0
14,6,34.1,4.84,122.5,1,5.0
3,1,27.3,2.22,68.3,0,2.0
17,5,34.7,5.4,90.8,1,4.0
38,9,49.1,5.79,123.8,1,5.0
6,2,19.8,4.76,92.5,0,2.0
4,0,38.8,5.5,84.1,0,1.0
43,9,32.9,6.13,113.2,2,6.0
30,9,36.7,6.56,89.4,1,2.0
18,3,35.2,4.06,93.9,1,3.0
38,9,45.7,4.55,120.3,1,3.0
43,9,38.4,6.4,39.1,2,5.0
18,7,46.1,6.21,97.2,1,8.0
29,9,48.3,7.11,74.7,1,5.0
1,0,38.2,7.06,85.9,0,13.0
16,4,35.1,8.4,92.3,1,6.0
30,9,41.0,5.15,76.5,1,5.0
10,2,42.6,7.39,94.6,0,8.0
50,9,28.8,4.4,97.7,2,4.0
49,9,39.9,8.37,94.1,2,11.0
13,6,36.0,6.05,92.2,1,3.0
20,6,34.6,6.15,87.6,1,1.0
10,1,32.5,6.69,88.0,0,8.0
26,7,33.0,3.87,91.6,1,2.0
7,2,48.0,4.21,71.2,0,4.0
20,9,35.1,5.64,115.4,1,4.0
28,4,47.2,5.91,88.2,1,8.0
31,6,39.0,8.0,81.9,1,6.0
30,7,28.9,4.36,97.9,1,1.0
12,4,39.5,7.35,87.7,1,6.0
40,9,28.5,5.18,114.9,2,4.0
35,9,42.9,5.16,107.9,1,4.0
38,9,36.3,5.3,91.9,1,1.0
24,4,44.8,5.13,108.8,1,10.0
45,9,49.5,6.08,94.7,2,14.0
20,7,24.1,5.03,66.9,1,5.0
41,9,34.3,3.81,107.8,2,2.0
11,4,38.0,5.18,52.0,1,5.0
13,4,55.3,6.05,30.0,1,7.0
27,7,34.5,3.82,104.0,1,2.0
28,6,27.5,6.2,98.9,1,1.0
38,9,55.9,6.92,97.5,1,7.0
15,4,32.2,7.28,117.8,1,7.0
44,9,25.0,5.91,89.5,2,7.0
17,5,28.7,3.33,89.4,1,1.0
27,9,39.1,6.28,105.9,1,3.0
47,9,38.4,6.66,89.4,2,6.0
27,4,31.3,4.66,85.2,1,7.0
35,9,34.1,5.41,95.1,1,2.0
46,9,38.4,6.08,96.7,2,8.0
49,9,48.6,7.64,89.4,2,13.0
25,4,40.7,5.19,80.2,1,3.0
21,2,33.5,6.57,67.6,1,5.0
10,1,36.2,5.88,74.3,0,3.0
27,8,44.2,5.74,126.4,1,5.0
46,4,51.4,7.1,84.7,2,12.0
25,9,29.2,4.5,93.8,1,1.0
18,6,46.9,5.78,60.2,1,6.0
6,2,35.5,5.53,141.3,0,2.0
20,5,25.0,3.69,72.8,1,1.0
12,4,23.4,6.98,66.5,1,4.0
49,9,48.7,6.49,88.8,2,13.0
27,9,49.6,5.54,72.2,1,1.0
7,3,33.4,5.19,97.3,0,9.0
4,2,36.3,5.5,59.8,0,3.0
43,9,23.7,6.35,112.7,2,6.0
47,9,44.1,5.56,108.8,2,11.0
39,6,37.8,4.7,87.6,1,6.0
7,2,25.6,4.88,89.4,0,3.0
5,1,39.6,5.49,73.8,0,7.0
10,1,26.9,4.38,91.3,0,5.0
38,8,42.5,5.9,65.8,1,8.0
39,9,29.3,4.55,69.0,1,5.0
42,9,40.7,4.35,111.0,2,6.0
5,1,32.8,5.5,93.1,0,8.0
8,5,19.1,7.83,92.5,0,3.0
46,9,46.0,5.67,100.5,2,11.0
47,9,46.4,6.52,86.7,2,5.0
37,9,33.8,6.73,88.8,1,4.0
6,1,40.2,5.41,99.1,0,10.0
4,1,38.0,5.84,106.2,0,7.0
3,1,41.8,5.19,100.0,0,12.0
35,9,51.8,7.01,119.2,1,5.0
43,9,41.3,7.02,90.5,2,6.0
32,9,35.1,7.37,63.1,1,6.0
14,3,41.4,5.82,111.8,1,7.0
38,6,34.6,8.1,85.1,1,4.0
3,1,29.5,5.5,74.6,0,7.0
42,9,47.8,7.96,104.2,2,20.0
45,9,42.3,4.94,97.4,2,9.0
36,6,23.1,3.94,64.4,1,1.0
44,9,32.5,7.93,103.4,2,6.0
30,4,44.1,6.29,127.5,1,7.0
24,8,25.5,6.12,96.5,1,5.0
17,1,32.0,5.07,84.9,1,3.0
47,9,59.3,4.49,89.4,2,16.0
35,9,35.4,4.6,131.0,1,2.0
10,1,46.7,5.67,79.7,0,13.0
48,9,50.0,5.32,61.8,2,13.0
3,1,30.7,3.17,92.2,0,4.0
30,9,40.1,7.53,110.2,1,7.0
10,4,54.5,5.0,114.7,0,4.0
34,7,41.7,6.99,76.6,1,7.0
21,4,56.9,4.65,88.0,1,12.0
22,8,32.9,5.69,90.0,1,1.0
34,9,52.4,6.67,109.5,1,5.0
38,9,38.1,6.5,101.9,1,2.0
20,2,35.4,5.18,95.4,1,4.0
50,9,43.1,6.11,108.3,2,11.0
25,9,37.1,6.31,62.8,1,4.0
9,9,37.3,5.32,98.4,0,3.0
1,0,41.9,4.16,94.4,0,6.0
11,7,23.5,4.75,89.0,1,1.0
35,9,31.6,5.04,85.0,1,1.0
27,9,43.8,5.53,92.7,1,5.0
17,5,45.9,7.41,78.6,1,7.0
25,9,40.9,6.59,144.5,1,4.0
42,5,40.2,4.52,117.2,2,6.0
29,9,41.2,7.7,111.9,1,6.0
3,0,45.7,5.41,79.4,0,5.0
3,1,26.6,6.31,70.9,0,7.0
25,9,33.9,4.37,85.8,1,1.0
21,6,37.4,4.96,92.3,1,3.0
43,9,39.6,6.75,61.0,2,3.0
30,6,21.1,4.45,99.6,1,1.0
38,7,27.9,5.57,111.6,1,3.0
30,9,37.9,6.07,45.3,1,2.0
18,9,46.1,4.27,89.4,1,2.0
33,9,34.6,3.37,114.6,1,2.0
32,7,32.7,6.59,97.5,1,2.0
37,9,42.2,8.94,72.7,1,8.0
10,4,35.4,6.05,104.7,0,8.0
33,9,45.0,6.28,78.1,1,6.0
15,7,38.0,4.44,85.3,1,1.0
40,9,29.1,7.26,67.2,2,11.0
40,9,49.4,5.05,90.3,2,10.0
32,7,47.9,5.5,110.4,1,7.0
48,9,38.0,6.23,80.4,2,10.0
27,5,41.2,6.26,102.9,1,6.0
2,1,35.4,6.21,89.0,0,6.0
31,9,43.0,6.17,111.6,1,2.0
39,8,31.0,5.84,80.7,1,1.0
6,1,45.0,6.66,89.4,0,8.0
6,2,47.6,4.63,103.6,0,6.0
14,2,30.4,5.21,94.9,1,6.0
43,9,38.5,5.5,95.6,2,10.0
27,8,47.7,5.71,80.7,1,2.0
49,9,30.0,5.11,79.4,2,6.0
44,9,32.6,6.74,95.2,2,13.0
28,9,43.3,6.5,66.0,1,4.0
34,9,36.7,3.94,78.0,1,1.0
17,4,25.4,6.38,71.3,1,4.0
5,6,35.4,5.66,101.4,0,2.0
20,5,52.0,6.35,101.7,1,7.0
30,9,54.5,5.51,115.4,1,5.0
10,5,32.9,6.06,83.3,0,5.0
12,5,30.7,3.3,73.8,1,2.0
1,0,34.3,4.43,60.6,0,10.0
37,9,52.4,6.39,95.4,1,9.0
45,8,44.7,8.65,117.9,2,19.0
42,9,49.7,5.94,88.5,2,7.0
19,3,46.0,4.67,90.5,1,9.0
30,9,27.4,5.66,89.9,1,5.0
49,9,30.4,5.5,95.1,2,8.0
30,9,32.4,7.0,109.9,1,1.0
15,6,38.0,5.56,128.4,1,3.0
17,2,32.6,6.76,100.0,1,10.0
37,9,33.5,5.32,101.3,1,2.0
23,4,43.1,6.87,85.2,1,12.0
42,9,39.1,3.55,87.8,2,5.0
44,8,47.8,5.53,87.6,2,9.0
2,0,40.0,5.5,82.7,0,10.0
37,9,32.6,5.18,92.6,1,1.0
19,7,39.5,5.93,102.5,1,2.0
26,6,25.9,5.91,91.3,1,3.0
14,5,19.5,6.76,84.4,1,2.0
19,2,43.1,6.25,92.5,1,5.0
17,7,46.1,5.97,70.8,1,4.0
3,0,38.6,6.56,106.1,0,15.0
40,9,34.9,3.88,81.7,2,3.0
8,0,27.3,4.6,66.9,0,4.0
19,3,47.3,3.84,99.2,1,2.0
10,4,41.9,6.16,100.2,0,11.0
9,0,40.3,6.0,72.8,0,7.0
19,3,38.0,7.16,102.5,1,6.0
46,8,34.2,5.92,102.7,2,8.0
48,9,29.1,5.5,129.5,2,6.0
20,8,40.0,5.66,85.3,1,4.0
26,3,33.7,3.25,88.9,1,4.0
50,9,34.6,5.01,77.9,2,8.0
12,4,51.7,2.68,99.9,1,5.0
48,9,37.6,5.89,89.9,2,6.0
6,2,18.4,5.16,109.8,0,6.0
12,3,33.7,5.34,81.3,1,7.0
17,4,30.0,4.38,99.4,1,4.0
2,0,36.9,5.5,85.2,0,4.0
41,9,26.6,6.33,53.2,2,8.0
43,9,38.0,3.78,89.4,2,8.0
20,9,35.6,6.11,55.0,1,5.0
42,9,34.2,4.53,86.8,2,4.0
39,9,39.2,3.48,87.1,1,3.0
41,9,37.4,6.97,89.8,2,8.0
41,9,36.9,7.1,90.9,2,8.0
29,5,36.2,4.85,90.7,1,2.0
6,3,37.8,4.84,97.3,0,6.0
47,9,40.7,5.2,87.8,2,5.0
31,6,39.7,5.5,142.3,1,7.0
46,9,47.0,4.74,83.2,2,9.0
48,6,33.6,6.04,65.5,2,7.0
10,1,39.9,7.99,61.8,0,9.0
21,9,57.6,5.07,103.2,1,4.0
10,4,37.7,6.73,58.2,0,4.0
3,0,38.0,5.5,65.8,0,5.0
49,9,27.9,3.49,62.9,2,2.0
47,9,38.0,5.47,89.4,2,3.0
47,9,37.1,5.32,116.6,2,8.0
45,9,42.3,7.26,71.1,2,8.0
33,9,43.2,5.5,98.4,1,5.0
27,9,40.6,5.95,37.3,1,3.0
50,9,44.4,6.96,75.1,2,7.0
28,6,30.0,5.32,102.0,1,1.0
33,9,41.9,6.84,89.4,1,3.0
11,3,38.1,5.62,109.9,1,3.0
38,9,38.0,6.82,45.3,1,5.0
41,9,35.1,6.94,75.3,2,9.0
34,9,30.4,6.36,99.1,1,4.0
25,6,28.3,4.61,98.8,1,2.0
