overs_played,wickets_lost,avg_batting_avg,avg_bowling_avg,avg_strike_rate,avg_economy,powerplay_runs,middle_overs_runs,total_innings_runs,team_batting_avg,team_bowling_avg,total_run_avg,overs_batted
40,5,42.8,36.5,119.1,6.07,60,92,221,41.7,28.7,5.52,40
25,8,30.2,39.3,91.7,5.26,47,108,105,14.9,47.5,4.2,25
40,3,36.9,22.3,73.0,6.01,60,123,216,55.9,18.7,5.4,40
49,3,44.7,25.1,102.9,6.57,58,150,278,72.9,26.1,5.67,49
43,3,39.9,27.0,82.4,5.83,51,150,237,61.1,26.6,5.51,43
41,5,41.9,33.6,75.4,5.13,60,117,222,43.6,36.5,5.41,41
32,1,36.0,38.4,93.8,4.92,60,150,180,80.0,47.1,5.62,32
42,6,42.0,29.7,95.8,6.55,60,117,230,41.6,29.8,5.48,42
50,3,40.3,31.3,61.5,3.31,54,132,272,64.4,26.4,5.44,50
39,5,48.6,31.2,69.4,5.65,60,150,220,42.6,27.1,5.64,39
40,6,39.6,29.3,90.6,4.77,60,130,212,36.7,25.0,5.3,40
38,2,43.8,36.1,94.8,5.51,57,121,216,80.0,39.8,5.68,38
36,3,27.8,35.1,72.4,5.85,60,150,172,40.8,36.8,4.78,36
45,6,48.4,31.8,97.2,6.05,60,117,251,44.1,26.0,5.58,45
50,4,37.5,33.3,76.6,5.77,60,114,267,58.3,32.7,5.34,50
50,4,32.3,33.3,90.2,6.91,56,128,264,52.8,35.7,5.28,50
38,5,38.5,29.0,99.8,5.39,60,120,193,39.7,27.3,5.08,38
31,2,48.8,25.0,70.7,6.15,57,150,173,71.0,19.9,5.58,31
43,5,29.7,34.0,104.1,6.5,58,139,232,34.2,41.1,5.4,43
49,5,29.7,24.1,91.9,4.83,51,136,256,45.0,29.8,5.22,49
45,1,35.3,24.7,79.2,5.88,60,150,266,80.0,28.2,5.91,45
39,4,34.9,30.4,91.3,7.28,53,150,198,44.2,30.2,5.08,39
48,6,42.4,33.6,73.7,4.31,60,150,259,39.4,31.5,5.4,48
29,4,43.8,27.0,49.0,7.72,60,135,162,39.1,22.2,5.59,29
50,3,30.2,36.4,92.9,5.51,60,150,272,67.6,39.7,5.44,50
45,5,37.9,27.6,73.5,6.06,48,150,235,40.6,22.8,5.22,45
49,3,40.2,26.5,93.6,7.78,60,150,283,73.2,27.5,5.78,49
40,0,33.5,31.1,113.5,7.42,35,91,227,80.0,34.1,5.68,40
36,8,39.2,34.9,93.2,6.33,55,108,195,30.7,31.3,5.42,36
29,7,33.8,37.9,91.5,5.52,49,132,165,24.0,36.4,5.69,29
50,6,49.5,38.8,79.0,6.59,47,134,286,44.5,37.2,5.72,50
44,2,46.8,32.3,113.4,5.08,56,150,260,80.0,34.1,5.91,44
46,5,43.2,28.7,94.3,6.34,56,140,263,52.6,24.3,5.72,46
46,2,44.2,32.4,82.4,4.86,45,145,249,80.0,40.7,5.41,46
50,3,30.8,24.5,96.8,5.77,60,90,260,59.7,29.9,5.2,50
46,3,32.4,31.7,77.7,6.33,60,150,252,65.4,36.5,5.48,46
44,3,44.0,29.1,82.4,3.5,60,94,266,72.6,26.7,6.05,44
41,3,38.3,24.8,89.5,4.21,60,120,226,54.9,24.1,5.51,41
45,7,28.7,37.4,98.3,6.93,52,150,231,28.2,35.6,5.13,45
47,9,33.3,36.9,81.3,4.38,60,138,263,29.8,29.1,5.6,47
43,7,49.4,30.7,91.4,7.78,42,130,218,39.2,28.4,5.07,43
45,6,30.3,30.0,104.0,4.69,60,142,226,35.9,31.1,5.02,45
36,3,33.8,43.8,76.5,5.77,51,150,180,51.9,44.7,5.0,36
49,6,34.0,30.9,85.0,4.56,44,150,236,37.6,32.2,4.82,49
44,4,44.6,31.4,79.9,4.51,60,146,237,51.8,30.9,5.39,44
50,4,38.7,24.2,78.8,5.3,48,146,287,56.6,24.9,5.74,50
16,2,46.2,28.8,82.7,4.34,54,150,51,32.6,28.8,3.19,16
27,6,44.6,34.7,83.2,5.86,46,119,144,24.2,34.2,5.33,27
31,4,35.9,27.4,87.9,6.05,60,150,153,35.0,21.7,4.94,31
45,6,39.0,40.7,79.7,5.68,60,132,226,39.1,36.6,5.02,45
41,4,50.0,30.7,115.8,4.12,60,150,262,59.1,33.3,6.39,41
42,7,34.6,33.3,101.1,6.99,45,98,261,34.5,34.4,6.21,42
50,9,41.8,34.0,96.9,6.8,48,150,270,31.9,34.3,5.4,50
39,5,27.9,27.3,101.1,5.11,37,150,222,39.8,29.1,5.69,39
50,4,49.1,32.9,97.0,4.91,60,122,275,63.3,29.6,5.5,50
39,4,45.3,33.7,91.1,5.15,41,125,232,56.7,30.4,5.95,39
45,2,37.6,28.8,66.8,5.73,48,150,267,80.0,22.6,5.93,45
49,3,35.3,26.2,103.1,5.45,60,150,280,70.8,26.3,5.71,49
50,6,40.7,34.1,86.2,6.7,60,150,274,46.4,32.8,5.48,50
39,7,41.5,38.6,101.1,4.92,53,133,211,31.5,41.6,5.41,39
34,3,46.4,31.1,124.3,3.65,53,150,200,58.2,33.3,5.88,34
47,3,34.4,22.7,89.3,7.17,49,150,262,68.4,26.4,5.57,47
36,4,29.4,32.7,77.0,6.43,60,141,177,37.9,31.5,4.92,36
43,2,33.9,30.5,78.6,4.97,58,150,242,80.0,26.8,5.63,43
34,7,42.2,28.0,92.6,6.56,60,116,185,32.9,29.8,5.44,34
48,3,44.4,25.2,93.9,5.29,60,150,264,73.3,18.5,5.5,48
25,5,43.0,25.3,101.2,3.41,60,76,153,29.7,27.5,6.12,25
45,5,35.6,31.5,117.3,6.65,45,137,261,45.2,37.7,5.8,45
41,5,39.5,43.5,92.7,5.76,60,146,222,46.3,43.8,5.41,41
50,5,35.0,31.5,78.5,5.57,59,134,276,44.5,33.2,5.52,50
50,10,41.2,28.0,77.1,6.56,60,150,262,27.8,37.0,5.24,50
34,3,37.8,35.0,96.6,5.39,42,150,190,56.2,29.2,5.59,34
44,4,41.2,24.4,97.9,6.46,60,150,270,50.8,18.8,6.14,44
36,2,24.3,33.4,104.9,5.23,60,123,219,74.9,36.1,6.08,36
42,3,42.4,37.3,86.3,4.41,60,106,230,63.9,36.1,5.48,42
44,3,41.1,33.2,88.6,5.58,60,63,228,63.7,39.9,5.18,44
47,2,39.1,33.6,108.5,5.24,60,150,265,80.0,33.8,5.64,47
50,4,35.0,29.8,110.4,5.17,60,147,303,56.8,31.0,6.06,50
32,4,33.4,30.7,103.4,5.13,58,112,185,41.4,26.5,5.78,32
33,6,40.2,30.8,82.2,4.42,60,104,158,31.5,29.1,4.79,33
50,3,40.4,38.1,90.3,5.94,60,131,273,72.2,40.3,5.46,50
46,2,43.9,26.6,94.1,3.72,34,125,269,80.0,27.2,5.85,46
40,1,24.8,37.0,88.1,4.6,60,125,232,80.0,46.1,5.8,40
50,5,40.7,24.2,95.3,5.1,56,150,290,53.2,22.1,5.8,50
38,5,23.6,36.2,71.7,4.77,60,150,164,28.4,31.9,4.32,38
38,4,46.4,32.7,59.1,6.31,60,150,201,49.2,27.1,5.29,38
46,4,34.4,30.6,89.4,5.02,60,150,251,56.2,29.4,5.46,46
23,9,41.6,34.8,122.7,4.88,60,150,116,28.4,35.3,5.04,23
29,3,42.0,31.8,52.8,7.14,60,72,143,49.0,36.3,4.93,29
34,5,37.1,33.8,97.1,4.78,60,135,182,37.4,35.4,5.35,34
47,4,38.1,29.5,102.3,6.57,55,150,263,61.3,33.7,5.6,47
39,8,38.8,20.2,116.2,5.11,46,97,231,32.7,20.3,5.92,39
35,3,44.4,25.2,66.6,4.12,59,93,193,54.2,27.5,5.51,35
43,2,38.0,27.0,88.0,6.15,25,150,244,80.0,28.6,5.67,43
42,5,44.0,37.1,75.6,5.02,56,141,214,44.1,35.7,5.1,42
43,8,41.2,21.8,76.7,5.61,56,150,218,31.6,26.7,5.07,43
40,3,39.9,35.9,77.1,4.61,51,119,223,53.1,35.3,5.58,40
38,4,36.0,33.1,106.1,5.33,60,150,205,47.0,34.9,5.39,38
41,7,40.6,29.1,92.5,7.86,60,150,228,34.5,24.2,5.56,41
43,5,36.5,35.6,73.8,6.85,60,150,243,48.8,29.0,5.65,43
33,7,46.3,28.8,90.9,3.77,60,135,156,34.4,20.2,4.73,33
50,3,31.9,31.8,86.3,4.94,47,148,269,67.8,34.6,5.38,50
50,1,34.8,29.5,93.9,6.48,60,150,303,80.0,30.6,6.06,50
46,4,36.7,31.5,83.4,5.97,54,122,249,45.6,36.8,5.41,46
38,9,32.5,43.2,83.3,4.97,60,132,192,23.4,43.3,5.05,38
47,5,37.3,22.8,90.4,5.45,60,150,241,43.7,19.1,5.13,47
29,0,36.4,30.8,83.1,5.23,60,141,171,80.0,31.8,5.9,29
41,4,34.6,31.7,98.2,4.65,52,133,217,47.8,42.3,5.29,41
44,5,47.1,33.9,83.1,5.07,53,140,238,43.7,36.3,5.41,44
35,3,41.0,36.7,105.1,5.08,48,85,209,61.2,41.2,5.97,35
43,4,37.8,34.1,98.3,4.97,60,150,226,47.8,39.9,5.26,43
35,3,48.8,41.1,92.2,6.83,60,137,185,56.8,44.4,5.29,35
43,2,36.8,29.7,84.1,4.7,60,150,249,80.0,32.5,5.79,43
22,4,35.2,30.7,129.8,5.39,60,150,121,35.9,34.0,5.5,22
34,3,37.1,30.2,96.2,5.99,57,150,186,52.0,32.1,5.47,34
37,8,34.6,26.0,80.6,6.41,60,150,187,31.6,24.5,5.05,37
37,2,49.6,31.9,84.8,7.3,57,150,206,80.0,34.1,5.57,37
42,3,37.2,24.8,93.6,6.14,60,126,251,63.0,26.9,5.98,42
46,8,34.9,36.2,88.2,6.42,39,150,237,30.6,41.6,5.15,46
33,6,42.7,28.2,141.0,4.17,60,150,207,44.6,25.8,6.27,33
50,8,40.8,25.0,107.5,4.85,60,150,276,37.3,26.3,5.52,50
38,6,53.6,31.7,98.1,5.49,44,150,221,42.7,32.9,5.82,38
44,3,37.1,27.9,106.4,5.74,56,118,244,57.4,25.2,5.55,44
33,3,46.4,23.6,114.8,6.57,60,150,210,64.8,22.4,6.36,33
34,3,36.6,27.6,82.4,6.16,54,125,199,61.1,22.5,5.85,34
43,3,39.7,32.8,91.7,3.46,60,115,236,64.3,34.9,5.49,43
39,7,22.3,28.4,105.0,5.92,60,100,203,25.5,27.3,5.21,39
41,4,43.0,33.1,104.0,5.8,60,150,244,51.7,34.9,5.95,41
50,2,49.7,32.1,94.8,4.87,60,150,298,80.0,35.2,5.96,50
45,8,33.2,31.1,94.9,6.65,59,109,240,26.3,37.9,5.33,45
40,0,45.4,31.1,95.0,3.83,60,148,248,80.0,32.5,6.2,40
46,1,48.5,31.7,89.7,4.54,60,150,278,80.0,26.0,6.04,46
41,7,32.6,33.4,80.6,6.12,55,145,220,24.9,24.4,5.37,41
38,4,36.1,21.4,102.1,5.42,60,117,224,48.4,20.1,5.89,38
39,1,35.1,28.0,95.3,7.27,48,150,234,80.0,27.4,6.0,39
38,7,35.7,38.5,72.5,4.77,60,134,178,26.9,42.7,4.68,38
19,2,46.3,33.9,88.5,3.9,51,150,110,52.6,33.0,5.79,19
43,4,39.5,31.3,117.2,5.72,60,117,251,50.9,34.7,5.84,43
50,7,34.4,39.8,73.3,6.7,60,150,265,41.4,44.4,5.3,50
50,6,32.0,28.4,82.6,5.02,55,150,249,31.8,31.9,4.98,50
48,3,36.6,29.0,85.5,4.86,60,94,268,67.9,30.8,5.58,48
27,3,28.2,27.3,102.2,6.43,57,139,139,34.3,23.1,5.15,27
47,1,46.8,28.3,98.4,4.48,60,150,272,80.0,29.6,5.79,47
50,8,34.5,32.4,71.3,5.23,60,142,272,32.4,33.8,5.44,50
47,7,33.1,25.7,95.8,5.37,60,150,247,30.6,32.3,5.26,47
28,6,38.5,33.6,78.2,6.47,60,150,140,29.8,27.6,5.0,28
39,4,44.0,28.2,96.9,4.88,60,141,225,53.7,35.3,5.77,39
47,3,48.9,26.6,67.7,3.97,60,137,280,80.0,26.6,5.96,47
39,3,40.1,29.8,101.1,5.15,49,150,210,49.5,34.7,5.38,39
34,7,26.8,28.1,82.1,3.8,60,150,167,26.8,28.8,4.91,34
50,2,50.7,26.5,87.0,6.55,60,93,312,80.0,23.4,6.24,50
32,7,24.9,27.0,104.8,3.07,60,132,147,20.4,21.5,4.59,32
33,1,50.2,30.9,86.7,5.66,50,99,172,80.0,37.3,5.21,33
44,1,39.2,31.2,81.5,5.71,60,133,236,80.0,31.2,5.36,44
44,5,44.4,34.5,85.9,6.55,60,131,244,43.7,33.1,5.55,44
49,4,34.0,26.6,74.2,4.64,46,150,271,52.4,15.2,5.53,49
50,4,43.0,37.1,96.5,6.69,37,150,268,59.8,32.9,5.36,50
32,4,32.6,29.7,89.7,6.25,60,106,191,40.5,31.2,5.97,32
38,6,45.5,23.2,95.8,6.31,53,148,235,40.9,29.4,6.18,38
30,3,40.9,30.0,90.3,5.21,58,104,176,45.0,27.8,5.87,30
41,2,41.3,39.1,64.3,3.69,60,136,221,80.0,46.0,5.39,41
35,7,47.4,36.0,98.5,4.96,60,150,191,36.1,35.1,5.46,35
50,7,43.4,24.8,69.0,4.03,60,139,261,41.1,31.9,5.22,50
50,4,38.6,25.4,82.1,7.06,60,150,288,53.0,25.0,5.76,50
50,5,48.8,32.2,98.4,6.32,51,150,300,58.0,33.0,6.0,50
41,4,31.3,29.7,83.2,5.6,57,150,221,51.1,36.1,5.39,41
32,2,42.7,30.5,113.2,5.91,60,144,188,78.4,34.8,5.88,32
32,0,40.8,31.1,107.4,4.51,52,150,199,80.0,27.1,6.22,32
40,5,42.4,38.8,90.4,5.04,48,150,207,42.8,40.8,5.18,40
43,5,41.0,26.7,82.9,6.63,43,135,219,42.8,31.8,5.09,43
33,4,39.3,25.7,67.9,5.14,60,148,177,46.5,26.4,5.36,33
39,5,29.1,33.0,93.6,6.13,60,150,202,33.1,36.0,5.18,39
50,3,44.0,23.3,77.5,4.34,43,150,303,79.5,21.7,6.06,50
50,4,40.7,29.3,111.5,4.19,60,150,294,61.9,27.2,5.88,50
40,4,48.0,37.6,90.7,5.07,53,150,248,53.3,37.0,6.2,40
43,1,42.8,40.7,78.3,6.2,37,150,256,80.0,31.3,5.95,43
39,7,41.0,33.8,81.9,6.57,59,150,214,35.3,34.1,5.49,39
33,4,28.1,44.5,90.4,3.07,35,150,142,28.2,39.3,4.3,33
43,5,45.4,33.3,81.0,6.52,60,129,247,50.9,37.1,5.74,43
47,1,34.2,39.2,93.3,5.74,60,150,241,80.0,44.1,5.13,47
49,9,32.9,37.4,61.5,4.93,60,101,241,33.0,39.2,4.92,49
33,1,40.6,31.0,112.5,5.67,60,150,194,80.0,31.4,5.88,33
41,4,37.5,30.5,122.6,5.87,60,127,229,48.0,29.1,5.59,41
33,3,41.8,32.0,85.3,7.91,60,137,181,49.0,30.5,5.48,33
36,6,42.5,28.7,79.2,5.67,60,140,197,37.7,34.2,5.47,36
41,2,46.0,33.3,105.4,4.61,60,118,230,80.0,32.7,5.61,41
43,4,35.3,28.7,91.4,6.12,60,93,220,44.3,32.1,5.12,43
48,4,40.8,45.5,90.0,5.31,52,140,278,57.2,47.6,5.79,48
50,4,35.8,27.1,92.9,6.28,51,101,273,57.3,19.1,5.46,50
50,6,29.8,40.0,85.9,4.04,60,142,253,39.2,44.2,5.06,50
40,8,34.7,36.7,99.6,6.67,60,138,198,25.9,33.3,4.95,40
36,6,40.1,27.2,62.5,4.46,60,150,195,34.0,24.2,5.42,36
50,5,39.1,30.3,91.5,7.31,60,150,272,53.0,36.8,5.44,50
45,1,41.5,22.4,89.4,6.5,54,140,244,80.0,22.8,5.42,45
45,9,34.6,36.1,74.2,5.39,32,150,220,29.4,41.5,4.89,45
45,3,38.7,30.4,81.9,5.94,51,150,254,65.2,31.6,5.64,45
29,3,43.5,39.4,89.6,6.98,60,114,147,42.1,36.9,5.07,29
37,2,37.5,26.0,86.7,6.07,60,150,210,80.0,21.5,5.68,37
50,5,32.4,22.4,93.0,5.34,60,101,271,44.1,21.0,5.42,50
47,6,34.7,30.6,89.7,5.95,60,125,237,36.5,32.0,5.04,47
31,5,36.3,35.0,94.8,5.15,58,93,191,36.2,31.1,6.16,31
36,4,41.2,22.4,104.7,7.42,60,150,198,43.8,19.2,5.5,36
43,3,42.6,27.2,114.7,6.62,60,147,240,68.3,30.6,5.58,43
50,4,38.3,30.1,76.7,5.24,36,150,238,55.0,31.4,4.76,50
36,4,40.1,26.8,78.2,6.1,47,47,202,44.1,25.5,5.61,36
31,5,36.1,27.9,79.9,6.25,51,106,153,35.3,35.6,4.94,31
41,0,32.4,29.6,69.0,6.68,51,80,256,80.0,39.6,6.24,41
50,3,50.8,41.3,83.3,5.52,60,150,291,76.6,42.7,5.82,50
42,4,35.6,19.6,76.9,7.25,49,150,247,52.1,18.5,5.88,42
38,10,43.6,38.3,105.3,4.86,60,144,179,26.5,37.9,4.71,38
35,1,50.2,17.3,108.7,5.21,60,150,220,80.0,12.0,6.29,35
50,4,33.3,31.5,112.8,5.68,60,101,280,56.0,32.3,5.6,50
41,5,33.7,35.3,83.2,7.41,56,128,218,38.6,34.0,5.32,41
34,2,36.0,28.9,95.3,6.89,60,150,181,71.4,20.4,5.32,34
50,4,39.3,30.8,100.1,4.64,60,150,280,58.5,21.7,5.6,50
23,3,34.4,45.6,108.4,5.32,60,150,102,30.2,38.4,4.43,23
44,9,40.8,37.9,94.3,4.39,60,150,212,29.4,35.1,4.82,44
45,2,42.9,37.1,98.6,7.57,60,150,257,80.0,44.9,5.71,45
31,1,29.3,28.7,98.9,5.47,60,150,173,80.0,24.4,5.58,31
50,2,37.5,32.6,108.6,6.42,53,150,304,80.0,33.0,6.08,50
29,7,41.4,42.8,98.0,5.34,60,150,141,32.3,42.4,4.86,29
34,7,38.6,38.4,88.2,4.58,60,128,168,23.4,44.2,4.94,34
50,5,38.5,32.0,100.3,3.64,60,129,295,56.3,33.9,5.9,50
37,3,48.3,33.3,61.8,6.42,52,137,217,55.5,26.9,5.86,37
32,3,41.7,30.1,78.6,6.13,37,150,187,53.1,39.3,5.84,32
49,5,46.0,24.5,114.2,7.44,53,150,288,54.1,27.8,5.88,49
43,6,31.0,33.9,81.2,4.99,43,148,228,35.4,30.8,5.3,43
39,6,41.3,32.1,93.7,5.9,60,135,232,31.1,30.1,5.95,39
35,2,41.6,21.2,94.2,5.65,58,141,192,71.9,28.0,5.49,35
42,2,35.4,26.7,84.5,6.18,59,118,261,80.0,28.7,6.21,42
38,7,43.2,28.7,95.6,5.52,52,150,217,35.8,31.4,5.71,38
46,5,37.1,27.8,91.5,5.79,60,144,257,45.4,28.7,5.59,46
42,4,33.6,37.9,92.5,5.19,53,130,201,45.3,47.4,4.79,42
35,5,32.9,39.4,84.2,6.1,60,92,180,37.4,43.8,5.14,35
50,6,35.6,22.7,70.0,6.96,53,150,262,38.9,33.9,5.24,50
34,6,37.2,33.5,85.4,5.42,60,106,187,34.8,35.4,5.5,34
50,8,21.0,27.2,107.3,3.99,60,115,254,25.1,30.0,5.08,50
50,6,36.6,32.5,72.2,5.0,58,73,281,40.5,42.5,5.62,50
40,5,37.6,33.6,105.5,6.01,60,150,231,46.5,27.2,5.78,40
47,5,46.9,34.7,90.0,6.34,42,119,258,46.4,46.3,5.49,47
28,5,41.2,37.7,107.4,5.66,60,150,158,36.8,41.3,5.64,28
38,6,38.3,32.7,92.4,5.83,60,150,209,35.0,33.6,5.5,38
39,3,39.8,34.3,107.8,5.6,60,150,231,57.6,47.8,5.92,39
40,3,47.7,35.4,103.1,5.5,60,136,245,65.3,32.4,6.12,40
49,3,42.8,38.7,97.5,6.46,60,150,251,71.8,41.8,5.12,49
41,5,39.7,31.9,79.2,6.89,59,47,229,41.6,27.9,5.59,41
38,3,41.7,36.8,87.4,7.14,30,150,219,56.9,30.6,5.76,38
43,4,27.7,25.9,109.4,3.22,60,131,240,45.8,30.8,5.58,43
39,6,38.8,36.6,88.3,5.32,60,119,209,36.1,36.7,5.36,39
38,4,34.4,35.7,81.1,6.3,60,110,202,49.1,40.5,5.32,38
41,10,36.9,33.7,93.9,5.16,54,150,215,27.5,24.6,5.24,41
30,1,36.6,27.9,73.6,5.08,60,131,170,80.0,28.7,5.67,30
50,8,28.6,33.2,90.2,5.52,46,150,244,23.0,34.6,4.88,50
38,8,36.0,30.9,77.2,6.55,60,126,203,24.8,30.2,5.34,38
37,2,41.2,36.9,114.5,4.01,60,142,218,80.0,30.7,5.89,37
34,5,33.2,33.3,98.2,5.71,60,127,192,37.2,33.7,5.65,34
48,2,45.0,35.8,105.3,5.67,37,80,266,80.0,39.1,5.54,48
30,6,41.3,37.0,84.2,5.8,50,150,142,28.0,38.6,4.73,30
49,4,32.9,29.6,70.9,6.31,60,150,268,50.2,32.9,5.47,49
46,4,39.3,24.4,95.9,5.8,60,75,279,60.5,29.4,6.07,46
40,6,31.4,32.0,104.6,7.4,46,150,208,30.0,33.0,5.2,40
40,6,35.7,30.6,76.0,4.95,51,150,198,33.9,27.6,4.95,40
50,2,34.4,27.2,93.7,5.42,49,147,268,80.0,21.3,5.36,50
36,4,35.3,32.8,78.4,5.41,60,150,205,45.1,32.1,5.69,36
33,4,48.2,38.7,83.6,5.56,33,150,172,48.1,36.6,5.21,33
50,5,34.3,43.0,96.5,6.34,60,150,255,41.1,37.6,5.1,50
40,7,37.9,29.0,74.8,6.29,60,150,203,33.8,29.8,5.08,40
24,3,30.3,33.6,107.5,4.41,52,150,107,28.1,23.8,4.46,24
50,4,33.8,32.5,98.7,3.56,56,125,276,56.6,37.3,5.52,50
39,3,44.6,27.7,94.1,5.79,59,150,234,68.5,31.9,6.0,39
46,5,38.8,33.9,89.7,4.72,60,86,261,49.1,36.4,5.67,46
45,5,28.7,38.8,101.2,3.84,60,150,250,38.3,36.0,5.56,45
42,6,36.7,36.7,75.9,5.25,60,112,202,34.4,38.6,4.81,42
50,3,27.9,32.7,86.2,5.22,47,142,284,68.8,36.0,5.68,50
28,5,31.4,29.7,91.2,5.07,60,108,155,29.7,31.7,5.54,28
32,6,48.9,34.9,99.0,5.32,60,150,163,33.0,37.1,5.09,32
30,2,49.0,37.9,70.1,6.41,55,143,180,74.4,37.0,6.0,30
48,3,37.6,31.8,108.8,4.69,58,107,282,73.6,29.5,5.88,48
48,4,48.6,39.6,80.1,7.11,57,150,271,53.6,42.7,5.65,48
43,3,50.0,36.0,93.0,4.69,60,98,251,70.0,41.6,5.84,43
29,5,27.9,24.8,60.9,6.68,60,81,113,24.9,23.8,3.9,29
50,6,36.4,32.2,87.5,5.43,60,137,293,41.9,34.2,5.86,50
50,3,46.2,32.2,105.4,6.57,49,138,273,80.0,32.1,5.46,50
42,3,37.0,29.8,97.5,6.29,60,150,251,61.3,35.0,5.98,42
49,9,39.0,40.9,65.0,5.6,60,150,244,35.2,42.4,4.98,49
43,7,40.1,37.8,91.7,4.16,60,150,204,31.8,39.5,4.74,43
43,0,36.6,38.9,88.6,5.5,60,99,243,80.0,36.4,5.65,43
44,4,32.0,23.4,76.6,6.92,60,150,258,49.6,26.4,5.86,44
37,3,38.3,38.5,82.8,7.21,51,150,208,56.3,43.8,5.62,37
41,3,45.6,34.4,102.3,6.5,40,150,212,62.2,37.7,5.17,41
50,3,42.9,34.9,80.2,2.81,60,148,275,73.0,35.5,5.5,50
38,5,27.6,28.1,66.7,6.12,60,150,199,32.5,22.8,5.24,38
37,5,38.4,29.2,69.0,7.93,56,150,197,37.5,33.3,5.32,37
45,5,37.7,29.9,81.5,6.05,60,137,268,51.6,33.8,5.96,45
35,5,33.8,32.6,102.7,5.61,60,123,182,31.9,34.5,5.2,35
46,4,39.3,32.9,94.8,5.39,58,144,246,53.2,32.6,5.35,46
50,3,38.1,35.9,82.1,6.37,60,150,267,65.3,37.4,5.34,50
50,3,40.5,24.9,69.7,4.41,48,129,271,70.5,23.8,5.42,50
49,1,37.6,41.5,97.7,6.2,60,79,267,80.0,41.2,5.45,49
35,6,37.1,33.9,119.5,6.69,60,146,192,37.4,32.3,5.49,35
26,5,37.4,30.3,80.0,4.11,60,150,131,28.4,32.5,5.04,26
44,3,40.5,35.6,77.6,5.72,60,107,238,59.5,41.0,5.41,44
43,5,34.1,31.2,94.1,5.64,55,121,232,39.6,32.8,5.4,43
43,2,41.6,32.6,94.5,6.12,60,143,256,80.0,30.8,5.95,43
40,2,40.4,28.8,82.8,5.72,56,133,233,80.0,32.7,5.82,40
50,4,29.8,26.6,68.8,4.32,60,150,285,51.7,35.0,5.7,50
34,9,38.8,35.8,73.7,4.53,60,150,174,29.6,34.2,5.12,34
49,7,31.6,26.4,66.3,7.25,56,150,234,38.6,22.2,4.78,49
42,2,28.0,32.0,108.5,4.58,60,150,222,77.3,31.2,5.29,42
40,4,41.2,35.4,102.3,6.07,60,66,209,46.3,44.9,5.22,40
36,4,37.6,37.6,99.4,5.79,60,142,195,43.3,37.1,5.42,36
32,5,39.6,27.1,80.1,4.83,59,150,207,36.1,23.6,6.47,32
42,6,46.0,28.6,76.3,6.89,60,138,227,42.4,38.9,5.4,42
43,5,33.2,40.7,70.7,5.82,32,145,191,32.6,47.7,4.44,43
38,9,30.5,23.8,97.0,7.1,60,144,171,22.2,26.1,4.5,38
48,1,45.8,35.2,123.9,7.39,60,150,290,80.0,36.6,6.04,48
21,5,33.2,30.4,102.8,6.92,58,134,102,26.2,29.5,4.86,21
48,3,48.8,33.4,84.7,5.02,55,150,291,79.1,39.2,6.06,48
49,3,41.2,39.0,85.9,4.77,60,147,265,63.1,43.7,5.41,49
48,3,36.9,33.2,101.4,6.54,34,147,273,70.8,33.2,5.69,48
29,4,40.3,26.3,103.8,6.31,42,150,164,40.3,21.8,5.66,29
36,7,36.5,28.9,105.1,6.01,60,127,204,37.5,30.6,5.67,36
37,5,42.3,45.9,62.7,3.82,57,112,176,38.3,46.7,4.76,37
50,2,39.7,43.6,84.2,5.66,39,150,289,80.0,45.5,5.78,50
46,3,30.8,34.1,122.6,4.82,60,145,270,59.3,33.6,5.87,46
41,5,36.9,26.5,108.9,5.08,52,130,226,45.0,23.4,5.51,41
38,0,44.5,32.0,98.2,6.32,44,143,223,80.0,36.4,5.87,38
40,4,39.1,29.6,102.0,5.69,60,150,240,50.9,32.9,6.0,40
43,3,39.2,35.7,74.4,4.54,60,150,240,61.3,28.9,5.58,43
37,9,28.6,33.4,79.3,6.27,55,150,172,20.9,29.3,4.65,37
43,2,36.6,33.2,66.7,5.04,60,150,240,80.0,34.4,5.58,43
48,4,29.9,25.0,102.7,5.75,60,150,290,50.6,21.3,6.04,48
36,4,23.1,38.4,83.7,5.91,60,150,185,33.8,34.9,5.14,36
45,6,36.1,38.2,101.2,4.04,60,150,249,35.9,36.6,5.53,45
46,4,47.6,35.9,103.1,6.36,58,150,266,60.1,32.9,5.78,46
45,4,53.4,37.7,107.4,3.4,60,91,277,62.9,36.2,6.16,45
45,5,37.7,32.7,80.7,5.54,54,126,254,47.7,42.6,5.64,45
36,3,36.1,37.4,80.5,6.29,52,150,196,53.5,36.6,5.44,36
50,2,40.6,29.9,104.4,5.51,59,150,282,80.0,35.8,5.64,50
37,5,50.1,26.5,80.2,4.48,60,150,223,40.8,26.9,6.03,37
42,7,37.4,31.7,85.3,6.84,49,109,190,30.1,32.8,4.52,42
41,4,32.5,23.0,105.5,5.92,48,150,216,50.4,20.5,5.27,41
50,3,39.8,30.4,81.6,5.78,60,150,265,72.0,36.6,5.3,50
44,7,39.2,29.5,76.3,5.17,60,150,217,31.2,29.3,4.93,44
36,4,39.3,33.8,82.2,6.25,60,145,186,44.7,32.9,5.17,36
39,4,30.5,28.9,84.8,6.1,60,150,224,48.6,32.2,5.74,39
27,2,37.3,27.5,71.0,5.98,47,149,152,59.2,26.7,5.63,27
47,6,47.6,34.4,88.0,5.5,60,150,238,44.6,37.5,5.06,47
50,6,37.0,36.4,76.7,3.76,45,150,254,38.5,40.0,5.08,50
28,9,36.9,35.6,76.9,5.04,60,111,121,21.6,36.1,4.32,28
42,2,42.4,34.3,93.9,5.0,42,140,242,80.0,34.8,5.76,42
50,1,32.9,33.4,102.3,6.64,34,150,249,80.0,33.5,4.98,50
50,7,37.6,26.2,88.0,5.04,60,150,267,33.2,30.9,5.34,50
35,9,26.1,29.3,107.6,4.32,50,150,174,23.6,35.7,4.97,35
50,2,37.6,34.4,93.2,4.54,60,132,273,80.0,35.4,5.46,50
38,4,44.3,39.2,86.3,4.72,60,150,223,52.9,38.1,5.87,38
38,3,32.1,35.1,96.3,6.39,56,150,194,57.1,34.4,5.11,38
26,10,31.5,34.3,96.7,6.1,60,150,119,17.5,40.4,4.58,26
43,8,38.0,24.6,92.7,5.3,49,102,242,32.3,28.5,5.63,43
50,3,28.3,23.2,98.2,4.66,60,105,273,66.4,22.6,5.46,50
40,5,36.4,29.7,86.8,4.97,60,145,234,50.8,34.0,5.85,40
37,2,34.9,31.1,86.6,7.06,60,108,216,75.7,25.3,5.84,37
42,4,52.1,27.3,90.0,5.34,35,142,229,52.4,30.2,5.45,42
39,4,38.1,36.2,81.3,4.51,60,150,192,44.2,36.7,4.92,39
42,2,43.3,30.1,104.3,5.02,55,150,252,80.0,24.9,6.0,42
37,1,40.7,29.7,114.7,5.67,60,150,221,80.0,34.5,5.97,37
48,1,40.9,37.2,84.1,7.56,60,150,281,80.0,39.6,5.85,48
29,6,53.0,33.4,103.2,6.14,60,125,187,36.2,34.0,6.45,29
33,4,39.6,35.7,73.3,5.54,37,150,164,37.8,33.6,4.97,33
40,2,25.5,39.9,101.5,5.74,60,124,228,80.0,39.1,5.7,40
48,6,39.5,36.1,109.2,5.12,60,150,265,49.8,39.2,5.52,48
45,4,26.6,38.7,82.3,6.03,46,117,226,43.6,40.1,5.02,45
41,4,43.7,26.8,98.2,6.3,45,150,245,55.4,27.8,5.98,41
50,2,30.6,28.4,64.3,4.6,45,150,272,80.0,18.5,5.44,50
46,10,45.8,29.6,104.2,5.39,60,144,247,35.0,27.7,5.37,46
20,5,33.4,31.1,84.9,5.92,34,76,82,30.3,33.3,4.1,20
35,5,39.2,37.6,84.9,6.71,60,130,180,37.0,33.3,5.14,35
37,6,36.5,24.8,99.7,5.06,60,150,215,36.7,24.3,5.81,37
31,5,27.3,34.6,93.9,4.88,60,150,149,29.4,39.6,4.81,31
45,3,39.5,32.0,104.7,4.68,54,150,263,68.0,27.6,5.84,45
50,2,35.7,29.2,79.4,6.73,43,150,275,80.0,33.0,5.5,50
36,7,38.8,37.5,105.6,4.77,57,150,179,28.7,44.1,4.97,36
28,3,41.1,33.3,89.4,6.08,60,115,146,48.0,29.7,5.21,28
46,7,35.2,29.4,98.9,3.74,60,150,247,43.6,39.2,5.37,46
41,4,27.6,35.3,115.7,5.19,60,136,214,43.7,35.2,5.22,41
39,8,29.5,38.7,85.1,5.61,60,150,181,22.7,35.6,4.64,39
42,4,27.0,37.0,85.1,4.56,55,150,218,47.0,48.5,5.19,42
39,2,43.8,21.4,84.4,5.48,60,130,224,77.8,25.9,5.74,39
46,4,46.0,17.9,84.6,5.84,45,150,279,66.6,21.0,6.07,46
39,6,38.2,26.7,120.5,4.79,60,150,205,36.4,20.9,5.26,39
40,4,40.7,21.5,100.3,4.59,55,102,252,57.0,20.4,6.3,40
50,4,39.8,32.4,73.1,7.72,35,150,265,51.7,35.6,5.3,50
50,8,31.6,35.5,87.6,5.08,45,142,253,34.2,32.7,5.06,50
50,2,42.1,32.7,96.0,3.63,60,150,304,80.0,34.8,6.08,50
47,5,33.9,33.1,80.8,3.89,60,149,260,42.4,28.9,5.53,47
50,0,27.1,30.3,68.0,5.28,60,132,271,80.0,30.9,5.42,50
44,3,43.6,33.6,83.2,5.26,55,150,253,68.2,38.7,5.75,44
33,4,40.8,32.1,111.0,4.27,60,118,189,42.8,24.2,5.73,33
42,4,30.6,27.1,96.1,5.51,34,150,237,49.5,28.4,5.64,42
38,2,47.9,26.7,80.5,5.59,50,129,235,80.0,28.6,6.18,38
38,5,37.9,28.4,93.1,5.72,60,150,211,40.6,36.0,5.55,38
40,5,39.7,33.6,106.2,6.17,57,122,214,43.0,31.7,5.35,40
31,6,42.4,36.5,75.9,5.64,60,150,150,33.4,38.5,4.84,31
46,5,31.4,34.8,106.5,5.46,60,150,255,37.9,36.0,5.54,46
31,5,40.3,32.9,86.8,6.64,60,145,166,31.4,27.7,5.35,31
35,7,46.8,29.8,105.6,6.16,55,126,173,35.5,38.5,4.94,35
43,5,48.9,36.6,93.2,5.01,60,150,245,48.2,37.8,5.7,43
23,6,39.4,32.9,95.8,5.72,40,120,111,26.3,37.5,4.83,23
50,4,43.4,41.6,89.9,5.75,58,87,281,61.8,43.7,5.62,50
45,3,46.7,34.9,81.0,3.26,40,150,257,73.0,36.2,5.71,45
34,6,41.5,30.9,95.4,5.0,59,150,172,34.9,34.2,5.06,34
25,3,37.5,34.4,76.5,5.37,52,150,122,38.8,33.4,4.88,25
41,9,37.7,29.9,88.3,5.44,57,150,226,24.8,33.4,5.51,41
41,5,38.4,37.4,90.4,5.12,60,150,212,40.2,38.6,5.17,41
50,5,37.6,29.5,79.7,4.24,60,150,292,46.8,28.7,5.84,50
41,6,30.1,29.2,54.0,5.15,60,131,203,32.4,30.0,4.95,41
42,5,32.8,24.0,80.0,5.35,60,114,228,41.5,24.9,5.43,42
50,4,37.4,33.8,73.8,5.98,60,150,272,58.0,35.2,5.44,50
50,4,44.6,29.5,81.8,5.57,60,113,291,59.6,30.9,5.82,50
46,2,48.2,24.0,81.4,5.26,60,150,265,80.0,24.9,5.76,46
39,4,38.0,33.6,99.3,6.06,55,150,197,46.8,33.1,5.05,39
36,2,30.1,33.3,78.7,5.87,60,150,167,59.7,36.9,4.64,36
50,3,39.4,29.8,95.1,5.13,60,129,299,75.7,31.6,5.98,50
35,5,35.7,34.0,93.6,5.69,60,150,184,35.3,33.7,5.26,35
35,4,27.0,27.3,85.3,5.41,60,150,187,35.2,27.6,5.34,35
36,4,40.6,29.6,84.7,5.48,60,150,195,50.6,30.0,5.42,36
46,1,38.6,36.3,105.4,7.11,60,140,242,80.0,31.7,5.26,46
32,6,35.0,26.9,93.2,4.48,60,149,167,30.1,28.9,5.22,32
50,4,41.7,34.4,91.8,4.2,60,107,285,59.0,28.4,5.7,50
44,6,46.1,28.7,92.2,6.28,60,150,248,47.4,24.5,5.64,44
43,10,39.1,23.4,80.9,5.53,60,150,212,29.0,31.0,4.93,43
50,4,33.2,37.8,91.1,4.12,60,150,272,50.1,38.2,5.44,50
36,4,30.6,37.5,88.1,6.76,60,150,185,35.5,40.6,5.14,36
39,3,41.6,33.1,87.3,5.22,60,150,235,62.9,37.0,6.03,39
38,8,41.1,33.9,84.1,7.65,47,89,204,33.8,34.7,5.37,38
38,5,49.6,36.4,73.6,5.47,51,150,194,40.5,37.2,5.11,38
47,4,27.5,33.3,78.4,6.78,15,150,268,52.6,41.5,5.7,47
34,3,30.1,43.6,71.7,5.84,60,150,200,53.1,47.1,5.88,34
50,4,32.0,23.9,81.3,5.91,56,121,264,57.0,26.4,5.28,50
50,3,40.4,20.8,71.7,6.46,60,150,295,73.6,17.6,5.9,50
45,9,48.5,35.5,60.0,5.22,53,110,241,36.6,42.7,5.36,45
19,4,29.1,33.1,96.1,5.75,38,149,109,28.9,27.9,5.74,19
33,2,44.0,34.2,68.3,6.39,43,150,175,66.5,35.7,5.3,33
50,4,35.8,28.2,89.9,4.54,60,148,288,51.7,24.0,5.76,50
45,5,34.5,28.9,84.6,6.05,52,150,236,45.5,21.9,5.24,45
25,4,39.0,32.6,107.0,6.13,60,121,147,36.0,32.2,5.88,25
46,1,36.6,35.3,108.8,8.02,34,150,270,80.0,30.2,5.87,46
39,4,38.8,31.6,93.8,4.78,60,150,223,50.9,28.9,5.72,39
50,4,50.4,31.7,96.8,4.03,60,132,296,66.6,34.4,5.92,50
34,2,35.3,33.2,87.9,6.57,31,143,181,66.8,37.6,5.32,34
32,6,37.2,36.7,79.9,3.2,60,147,156,27.1,37.7,4.88,32
47,2,32.4,33.4,84.9,5.4,60,85,269,80.0,38.7,5.72,47
45,4,42.0,27.9,98.6,5.36,60,137,242,45.9,26.5,5.38,45
41,9,28.6,33.5,106.2,5.48,60,90,204,18.9,31.3,4.98,41
40,3,43.1,39.4,68.8,6.08,60,125,215,60.5,33.3,5.38,40
45,3,32.8,33.8,73.9,4.25,60,150,219,56.4,34.2,4.87,45
50,5,29.0,36.7,73.6,5.52,60,150,260,35.1,36.0,5.2,50
27,6,41.8,32.6,83.3,5.51,60,150,134,35.4,35.6,4.96,27
39,5,39.9,39.8,96.4,3.78,60,150,190,37.8,41.8,4.87,39
45,8,38.8,32.9,83.7,5.19,60,142,219,34.7,31.7,4.87,45
34,6,42.7,33.3,83.9,5.59,60,135,194,29.2,33.2,5.71,34
48,5,33.8,37.7,73.9,4.02,44,92,246,44.2,42.0,5.12,48
35,3,33.2,34.1,94.3,4.19,60,114,167,43.2,32.7,4.77,35
29,2,33.9,39.0,90.6,6.55,60,150,146,62.1,36.0,5.03,29
42,4,38.9,37.6,71.8,7.13,58,150,234,49.8,45.2,5.57,42
41,6,29.3,27.0,74.3,5.3,60,150,218,33.7,28.1,5.32,41
50,4,33.9,35.5,104.1,5.38,57,127,248,48.6,42.7,4.96,50
42,4,40.0,29.6,88.6,6.24,60,150,247,53.7,28.6,5.88,42
43,4,41.6,36.6,79.4,6.53,35,120,244,49.7,35.5,5.67,43
45,3,44.5,35.7,88.9,5.36,45,150,261,70.3,38.9,5.8,45
46,5,40.4,29.0,88.3,6.83,45,119,238,39.7,28.7,5.17,46
50,3,33.5,35.1,90.6,6.25,33,132,265,68.7,32.5,5.3,50
36,3,40.5,26.5,81.2,6.13,60,150,218,59.4,30.6,6.06,36
50,5,41.5,32.1,86.8,4.09,60,150,278,47.7,34.7,5.56,50
39,4,42.9,32.1,74.4,4.55,59,144,205,50.7,32.9,5.26,39
31,5,35.7,38.3,86.9,5.33,60,147,138,30.3,45.1,4.45,31
36,3,32.5,29.1,87.1,4.38,53,126,211,53.4,34.5,5.86,36
39,4,41.0,31.0,62.4,5.68,46,150,215,50.3,31.5,5.51,39
50,3,41.7,28.3,114.9,5.02,60,150,279,68.4,26.5,5.58,50
50,2,43.7,40.4,73.5,6.0,55,150,307,80.0,38.5,6.14,50
29,8,41.5,32.2,58.9,4.96,60,150,157,23.9,32.6,5.41,29
33,8,34.6,30.9,99.7,5.3,60,76,171,29.5,31.3,5.18,33
46,4,42.3,24.3,93.2,6.89,60,150,257,56.1,27.6,5.59,46
44,4,44.1,36.5,104.8,6.86,60,113,260,56.8,35.9,5.91,44
32,2,44.4,30.1,94.4,5.34,56,137,157,64.7,30.7,4.91,32
47,6,31.1,35.2,77.3,2.38,58,148,236,35.9,43.1,5.02,47
33,5,40.8,32.1,116.4,5.05,24,150,192,38.8,35.5,5.82,33
37,4,35.6,38.4,91.4,5.92,41,150,216,39.3,46.4,5.84,37
41,3,41.0,29.5,107.0,5.21,60,106,238,64.7,32.5,5.8,41
45,2,37.0,35.1,96.9,6.0,60,128,246,80.0,35.0,5.47,45
35,8,40.1,46.4,105.0,4.86,51,61,175,34.6,47.1,5.0,35
44,3,25.4,37.7,100.3,7.08,55,150,228,56.7,37.7,5.18,44
33,4,32.5,45.8,98.0,4.7,60,150,176,37.8,43.9,5.33,33
50,3,35.5,28.2,92.3,6.12,53,150,291,70.8,23.8,5.82,50
50,5,36.0,36.5,91.8,7.39,60,150,291,48.0,35.4,5.82,50
39,2,35.6,35.0,86.0,5.41,60,150,222,78.4,35.1,5.69,39
50,10,42.5,25.5,97.5,7.24,60,150,267,37.3,30.8,5.34,50
44,8,36.3,32.1,77.1,6.36,59,68,219,33.6,35.1,4.98,44
42,4,29.9,35.1,86.0,5.85,60,136,233,45.8,35.0,5.55,42
40,5,38.9,28.3,107.8,4.17,56,133,246,43.6,34.8,6.15,40
35,7,40.2,25.4,74.7,4.32,60,150,178,27.2,27.1,5.09,35
32,7,41.5,23.0,76.6,4.85,60,148,165,32.5,27.0,5.16,32
41,1,27.1,45.2,80.1,6.16,56,123,206,80.0,46.6,5.02,41
50,5,30.3,25.6,106.3,6.35,60,150,295,47.3,24.0,5.9,50
49,3,35.9,33.9,78.8,3.69,60,150,258,72.9,29.5,5.27,49
43,2,35.0,33.8,111.1,3.96,43,142,247,80.0,30.6,5.74,43
50,2,34.5,42.0,104.9,4.94,44,82,260,80.0,44.1,5.2,50
43,3,49.5,35.0,90.0,5.65,58,85,223,63.5,25.7,5.19,43
48,2,39.3,28.1,76.2,7.59,60,150,276,80.0,29.1,5.75,48
32,8,42.7,27.0,105.8,5.85,54,150,164,25.3,29.2,5.12,32
39,7,35.6,39.6,94.7,3.35,51,126,220,36.9,49.0,5.64,39
49,5,43.8,31.6,61.9,5.17,59,150,285,50.6,32.5,5.82,49
45,6,24.8,33.0,94.4,4.0,56,150,226,31.7,28.8,5.02,45
32,7,44.7,39.8,89.4,5.67,60,62,165,30.9,34.4,5.16,32
50,8,39.1,36.0,90.1,7.31,21,97,269,39.3,35.8,5.38,50
44,3,31.6,33.5,52.9,5.52,60,150,218,54.1,26.3,4.95,44
39,4,39.2,41.9,83.0,4.83,42,149,217,41.9,42.4,5.56,39
50,3,41.3,34.6,103.6,5.44,45,150,281,74.5,33.8,5.62,50
47,4,39.3,35.1,102.5,5.62,60,109,261,56.0,37.2,5.55,47
44,7,37.9,32.3,101.3,5.88,60,150,228,36.1,33.5,5.18,44
46,1,35.8,28.1,105.8,6.89,60,113,284,80.0,21.8,6.17,46
50,5,42.2,32.2,131.6,6.07,60,103,302,53.5,28.2,6.04,50
39,6,42.8,39.3,71.2,8.3,60,135,192,38.3,45.5,4.92,39
50,2,36.3,28.3,75.8,2.34,45,150,279,80.0,28.9,5.58,50
43,6,49.0,30.8,70.7,5.85,60,150,239,45.5,30.3,5.56,43
39,6,48.1,34.9,99.0,4.08,60,150,231,45.3,34.7,5.92,39
32,8,33.8,35.9,86.0,6.42,60,38,156,27.3,39.7,4.88,32
30,4,40.2,26.9,77.4,5.37,60,150,169,43.4,33.2,5.63,30
50,4,30.3,30.8,89.7,4.97,60,150,262,57.0,37.2,5.24,50
50,4,31.0,38.6,105.3,7.76,52,150,283,56.4,39.5,5.66,50
43,4,30.7,31.8,79.4,6.94,56,150,205,47.5,36.6,4.77,43
39,3,36.3,38.4,76.9,4.66,53,150,210,57.8,36.5,5.38,39
46,5,29.1,37.9,81.6,4.89,60,138,228,36.1,39.9,4.96,46
43,3,34.7,47.5,77.6,5.65,60,124,229,66.4,46.9,5.33,43
50,0,40.3,25.4,92.0,3.95,60,150,316,80.0,23.7,6.32,50
33,5,39.6,30.6,54.5,6.19,60,139,169,34.7,28.5,5.12,33
45,5,38.8,27.9,101.7,4.7,60,150,263,51.2,26.9,5.84,45
50,3,37.9,36.3,101.7,4.63,47,136,298,74.9,39.1,5.96,50
37,3,30.7,24.1,106.5,5.55,43,150,208,51.4,26.3,5.62,37
37,4,46.4,30.8,94.5,5.35,39,137,207,49.4,30.9,5.59,37
46,5,45.1,30.0,100.8,7.22,60,150,272,51.1,25.9,5.91,46
32,8,48.5,32.0,78.3,6.88,60,150,186,36.6,26.5,5.81,32
31,4,37.8,35.5,64.2,6.5,60,139,162,40.1,41.7,5.23,31
32,3,41.8,28.5,92.3,6.0,43,133,181,57.3,28.4,5.66,32
50,2,39.0,39.6,104.0,7.35,60,150,297,80.0,36.3,5.94,50
40,3,43.0,31.2,87.6,3.85,59,150,221,60.7,25.6,5.52,40
47,3,43.5,33.5,92.2,6.18,55,112,244,67.5,31.9,5.19,47
33,4,31.0,32.2,103.8,5.28,60,140,192,41.7,28.9,5.82,33
26,6,39.3,27.9,86.4,6.0,60,113,137,34.8,28.0,5.27,26
49,6,38.1,24.5,98.0,4.5,60,124,287,43.8,21.8,5.86,49
43,4,35.9,29.0,66.7,3.68,60,140,239,54.8,33.6,5.56,43
26,6,36.6,30.9,93.5,7.67,55,150,130,26.3,33.8,5.0,26
43,4,44.1,41.9,109.3,3.56,53,150,235,49.9,47.6,5.47,43
39,10,36.3,35.1,93.5,4.3,60,150,184,19.6,39.6,4.72,39
49,9,37.7,26.6,79.1,5.77,59,134,257,28.1,26.7,5.24,49
21,1,45.1,32.8,88.5,6.29,58,99,140,80.0,34.9,6.67,21
50,4,31.8,27.4,122.9,2.79,57,107,306,55.4,26.7,6.12,50
35,3,44.7,30.5,104.1,5.75,60,150,216,65.6,27.7,6.17,35
42,2,41.0,30.7,63.5,5.21,50,150,227,80.0,30.7,5.4,42
45,7,39.5,32.3,75.2,4.79,60,150,224,31.8,34.2,4.98,45
39,4,35.9,31.2,60.4,6.11,56,150,203,47.8,27.3,5.21,39
44,4,44.7,36.8,66.9,5.95,60,148,222,53.6,41.3,5.05,44
37,5,27.6,31.4,98.2,6.21,60,150,198,32.3,34.7,5.35,37
39,2,39.9,36.5,97.8,7.15,44,91,220,80.0,39.7,5.64,39
48,4,43.3,31.6,83.9,6.89,54,150,249,55.4,38.2,5.19,48
35,3,44.7,38.1,87.9,4.58,56,122,194,61.5,39.3,5.54,35
35,4,38.0,33.7,99.8,3.75,60,150,190,42.8,34.4,5.43,35
48,2,30.8,29.1,119.4,3.6,60,114,269,80.0,31.2,5.6,48
50,5,38.0,25.6,103.4,6.18,60,136,280,46.1,29.0,5.6,50
44,6,33.4,33.0,114.0,5.72,60,150,258,37.6,33.0,5.86,44
40,2,38.3,35.8,62.2,4.32,55,150,213,79.0,34.0,5.32,40
49,10,38.7,41.1,90.9,6.47,58,130,261,32.7,40.1,5.33,49
38,1,36.3,31.1,107.0,5.58,39,150,235,80.0,33.2,6.18,38
44,5,41.3,26.0,86.1,5.15,60,118,236,44.8,23.7,5.36,44
50,5,38.1,35.3,100.9,6.51,59,119,266,43.5,35.8,5.32,50
36,6,32.2,37.0,85.9,6.0,60,139,167,31.1,31.6,4.64,36
50,4,51.6,34.6,73.5,4.8,60,87,274,61.5,34.1,5.48,50
49,8,47.5,36.5,98.0,6.24,60,150,267,43.6,33.8,5.45,49
50,7,37.6,22.6,111.6,6.01,60,150,277,42.8,22.9,5.54,50
47,4,38.2,39.5,84.3,5.78,59,150,255,55.7,46.5,5.43,47
46,5,34.5,32.4,98.6,5.01,60,150,245,47.1,40.8,5.33,46
42,7,43.7,30.4,83.0,5.04,60,150,211,38.9,31.3,5.02,42
35,5,46.7,30.1,60.4,5.74,57,150,166,37.6,39.3,4.74,35
48,3,35.8,30.7,104.2,4.67,60,150,260,68.6,34.9,5.42,48
48,3,40.8,37.6,78.5,4.77,27,116,250,65.6,31.8,5.21,48
41,5,27.8,43.2,95.3,7.07,60,116,202,38.8,39.4,4.93,41
29,4,39.6,29.1,88.9,5.33,60,150,164,41.6,31.2,5.66,29
44,3,38.7,28.6,96.1,6.78,60,150,254,65.1,23.7,5.77,44
50,7,40.6,37.9,99.3,4.14,60,150,279,39.9,40.2,5.58,50
40,6,41.5,34.6,83.7,5.1,60,147,197,33.4,32.6,4.92,40
30,3,47.6,35.5,100.1,5.69,29,150,167,52.8,34.1,5.57,30
33,4,38.9,34.7,75.0,4.98,60,150,171,43.4,39.8,5.18,33
42,3,37.3,37.6,92.9,5.1,60,100,237,64.6,35.7,5.64,42
37,5,51.2,23.0,93.6,3.86,60,144,193,46.2,23.4,5.22,37
37,5,36.3,34.9,86.8,5.64,58,146,197,39.1,29.8,5.32,37
42,8,38.9,35.1,65.3,4.11,60,119,221,31.8,38.6,5.26,42
37,4,37.5,30.9,84.6,3.85,60,126,207,41.8,27.8,5.59,37
50,6,39.4,28.1,78.5,6.32,58,119,261,43.0,35.2,5.22,50
46,4,39.1,29.3,88.4,6.53,60,150,249,52.8,27.6,5.41,46
42,4,33.6,23.7,98.5,4.9,60,150,242,46.2,30.7,5.76,42
40,8,28.5,29.4,141.8,6.79,60,114,240,27.4,30.3,6.0,40
39,5,37.5,35.6,61.9,6.0,54,149,203,41.1,37.1,5.21,39
41,5,34.0,39.9,99.6,5.65,60,150,227,44.9,47.0,5.54,41
47,5,32.8,36.6,68.2,4.32,60,134,238,44.5,29.9,5.06,47
45,9,35.6,36.2,64.2,5.19,46,150,228,30.6,37.1,5.07,45
43,4,29.3,35.0,103.0,7.47,60,99,234,47.7,34.0,5.44,43
47,7,38.9,28.9,82.0,6.48,60,148,259,35.5,28.6,5.51,47
39,1,42.7,35.1,76.5,6.44,50,150,229,80.0,39.5,5.87,39
45,3,48.5,22.0,70.8,5.27,52,150,245,72.2,22.4,5.44,45
31,5,35.2,34.3,96.6,5.13,60,104,156,27.1,48.2,5.03,31
42,8,45.6,28.1,100.9,5.44,44,134,229,35.4,26.9,5.45,42
48,5,52.5,32.6,79.9,4.99,54,121,266,55.9,25.9,5.54,48
42,5,33.6,32.3,78.6,6.99,60,150,217,40.9,32.6,5.17,42
41,6,33.7,24.8,91.6,6.52,51,78,196,28.9,20.8,4.78,41
32,3,31.4,30.9,82.7,6.04,60,132,178,44.1,32.8,5.56,32
49,3,37.8,27.5,79.9,4.62,32,145,281,67.3,29.0,5.73,49
37,10,41.2,30.9,87.1,4.23,60,150,198,28.7,34.2,5.35,37
50,1,30.8,31.7,120.2,5.42,60,88,289,80.0,35.0,5.78,50
32,3,42.7,30.9,87.3,5.02,60,150,151,44.6,38.8,4.72,32
46,2,30.2,29.3,92.9,4.95,49,150,239,80.0,30.6,5.2,46
41,4,40.4,27.6,89.1,6.25,60,100,225,52.8,27.3,5.49,41
34,6,45.2,30.7,73.4,5.08,60,150,178,37.6,36.3,5.24,34
44,5,31.4,30.1,105.5,6.3,45,150,241,45.0,34.5,5.48,44
50,6,40.3,33.4,65.0,6.27,60,138,233,46.3,43.7,4.66,50
29,3,31.1,24.6,97.8,6.48,59,150,165,47.1,32.2,5.69,29
44,8,36.5,29.1,68.1,3.26,60,109,225,31.7,30.8,5.11,44
41,7,29.1,32.2,106.9,8.1,51,144,208,32.8,29.7,5.07,41
42,2,41.1,27.5,106.1,5.49,60,150,254,80.0,35.2,6.05,42
49,4,34.7,29.5,103.4,5.58,60,141,259,55.9,31.4,5.29,49
41,1,42.2,46.2,83.7,4.67,60,150,209,80.0,43.2,5.1,41
34,2,30.6,38.5,104.4,6.37,60,150,200,70.7,33.4,5.88,34
32,3,34.6,20.8,78.6,3.64,60,81,187,49.2,22.5,5.84,32
40,4,27.7,24.3,112.4,3.96,60,150,245,47.1,17.0,6.12,40
45,3,47.1,33.9,63.4,4.99,60,150,234,66.6,29.5,5.2,45
36,6,34.9,29.1,105.4,4.89,55,135,177,31.9,36.6,4.92,36
35,6,48.6,39.1,96.1,4.31,57,150,184,37.5,35.0,5.26,35
50,6,45.1,26.7,96.7,4.86,60,147,310,50.2,25.2,6.2,50
29,1,36.8,29.3,112.9,6.2,51,67,174,80.0,31.6,6.0,29
50,4,38.4,27.8,70.6,8.0,53,113,294,60.9,31.5,5.88,50
39,3,33.0,29.3,83.3,5.97,60,150,220,60.9,38.1,5.64,39
42,5,37.9,34.3,78.0,4.98,60,112,243,43.2,35.7,5.79,42
36,8,39.8,36.3,69.4,3.85,42,150,179,25.1,44.8,4.97,36
41,7,30.5,32.2,94.1,7.94,60,150,216,33.5,24.8,5.27,41
33,1,39.7,36.1,71.6,4.56,52,150,182,80.0,32.5,5.52,33
49,7,31.3,33.1,121.2,5.23,60,150,278,33.6,35.3,5.67,49
48,2,50.3,24.9,111.3,5.11,44,150,297,80.0,28.8,6.19,48
40,4,35.6,34.8,87.9,5.27,60,106,224,45.2,35.1,5.6,40
50,7,34.9,35.2,79.2,4.37,43,101,259,32.4,34.8,5.18,50
46,7,43.0,40.5,83.0,4.76,56,81,235,38.8,49.3,5.11,46
36,8,43.4,34.0,75.9,4.55,60,101,195,29.6,35.2,5.42,36
36,3,34.5,39.2,64.9,4.48,59,126,177,51.7,42.6,4.92,36
42,6,43.2,35.4,53.8,4.59,48,140,212,41.3,41.3,5.05,42
40,2,36.4,33.3,86.1,5.03,60,150,235,80.0,36.5,5.88,40
40,6,43.3,25.3,71.6,6.33,60,123,221,37.8,28.2,5.52,40
50,3,33.6,37.9,89.3,4.59,60,150,255,68.9,40.7,5.1,50
33,7,38.1,41.8,86.4,6.66,54,150,140,30.4,43.3,4.24,33
48,6,36.4,22.9,76.5,5.97,60,150,268,37.0,20.5,5.58,48
38,4,38.1,28.3,79.9,6.79,59,115,209,43.6,31.6,5.5,38
40,7,30.7,29.0,107.1,6.09,59,150,217,30.2,28.7,5.42,40
31,3,40.4,35.1,91.3,4.9,46,99,192,50.8,34.4,6.19,31
49,7,40.5,41.2,65.2,5.61,60,85,262,38.6,48.2,5.35,49
46,4,33.9,36.4,75.6,5.79,60,150,257,51.1,33.1,5.59,46
34,7,48.9,30.0,90.6,6.41,46,129,184,32.0,29.0,5.41,34
49,2,49.8,36.8,91.1,5.03,54,122,310,80.0,42.2,6.33,49
42,6,52.4,34.2,93.8,5.44,60,144,231,45.4,22.9,5.5,42
34,5,42.0,36.1,101.9,6.14,58,130,199,39.4,32.9,5.85,34
37,7,38.6,22.6,99.0,3.68,60,150,208,35.5,19.1,5.62,37
27,5,37.0,30.4,112.8,5.7,60,150,150,29.8,23.1,5.56,27
36,3,34.8,29.8,84.3,5.16,60,150,173,54.0,19.3,4.81,36
41,6,37.4,34.7,116.5,7.54,60,123,221,43.3,36.6,5.39,41
28,4,38.8,29.3,72.8,4.97,60,124,153,42.8,29.0,5.46,28
38,4,35.5,37.5,75.1,5.78,52,150,188,43.1,40.9,4.95,38
50,3,43.3,30.5,97.3,5.63,60,150,289,77.9,22.6,5.78,50
42,3,49.2,36.5,86.4,6.18,60,126,236,65.8,41.8,5.62,42
37,6,48.6,37.6,80.7,4.59,60,150,197,34.7,42.5,5.32,37
36,7,41.3,40.7,103.4,6.29,60,144,197,37.2,37.4,5.47,36
50,2,38.2,18.0,101.5,6.01,50,111,315,80.0,12.0,6.3,50
36,4,44.6,31.1,99.5,3.46,60,150,206,42.8,36.7,5.72,36
41,7,38.1,36.7,77.4,6.34,60,143,209,34.0,35.6,5.1,41
33,3,43.3,31.0,119.4,6.5,60,145,186,59.6,32.5,5.64,33
35,7,37.5,41.1,77.8,6.76,60,150,182,31.4,37.1,5.2,35
41,2,45.2,23.7,96.2,5.93,60,103,227,80.0,27.6,5.54,41
50,4,47.5,36.5,78.5,5.71,60,94,269,57.1,35.8,5.38,50
50,2,51.8,35.5,72.6,5.1,48,150,306,80.0,34.5,6.12,50
48,1,34.4,28.1,95.6,5.33,60,143,265,80.0,22.2,5.52,48
49,2,35.9,21.1,72.0,6.6,56,100,298,80.0,20.8,6.08,49
39,2,40.8,28.8,105.4,6.64,60,150,233,80.0,30.1,5.97,39
44,6,36.2,24.3,107.9,5.85,60,150,225,34.2,27.5,5.11,44
50,3,36.8,40.9,69.6,5.2,45,121,256,60.7,32.4,5.12,50
50,6,34.1,31.4,106.1,6.26,46,100,294,43.9,32.2,5.88,50
33,6,33.6,32.3,80.6,4.02,52,128,194,37.9,34.4,5.88,33
37,5,38.2,39.2,86.9,6.04,60,150,202,38.1,38.8,5.46,37
34,5,37.0,34.8,100.7,5.71,60,150,176,40.3,29.8,5.18,34
47,5,44.0,39.4,90.2,6.78,60,139,242,51.2,40.6,5.15,47
44,7,29.9,38.9,125.4,4.87,35,150,210,29.3,39.4,4.77,44
47,3,33.7,24.4,111.6,5.47,60,100,266,74.4,23.6,5.66,47
41,4,34.6,33.2,104.7,6.25,60,150,245,47.1,44.6,5.98,41
50,6,44.0,35.1,65.2,6.05,50,150,285,46.4,36.7,5.7,50
40,9,31.9,28.7,74.7,6.13,48,150,204,25.8,26.6,5.1,40
48,8,27.3,29.3,118.3,5.81,29,150,265,32.2,31.5,5.52,48
42,4,39.1,28.2,100.9,5.14,49,84,232,56.5,28.2,5.52,42
30,3,31.2,31.0,86.6,7.55,60,150,160,42.6,25.9,5.33,30
43,5,55.1,32.5,74.5,5.31,60,150,231,48.7,33.3,5.37,43
28,3,38.1,35.8,76.9,6.02,38,119,149,41.4,33.1,5.32,28
47,2,42.5,30.6,84.0,4.12,60,126,270,80.0,29.5,5.74,47
46,6,34.2,32.3,93.1,4.66,60,149,262,38.2,29.7,5.7,46
43,5,32.8,30.4,96.2,7.52,60,99,226,37.7,26.9,5.26,43
41,4,44.2,24.0,75.8,5.13,55,111,232,55.2,20.0,5.66,41
38,4,44.0,35.6,97.6,4.79,60,127,215,52.6,41.9,5.66,38
45,3,27.2,23.2,95.9,6.04,60,103,269,68.5,28.9,5.98,45
50,5,37.1,23.6,95.7,4.67,60,150,277,52.0,29.3,5.54,50
44,5,32.4,27.9,80.9,5.02,58,150,233,41.8,31.2,5.3,44
42,5,44.6,25.5,69.8,6.27,60,137,251,46.0,29.6,5.98,42
50,6,34.1,26.4,94.0,4.35,43,133,270,36.3,23.9,5.4,50
39,5,42.9,35.2,81.8,7.07,49,150,203,37.7,30.1,5.21,39
47,4,37.7,36.1,67.8,3.41,60,150,260,55.1,35.7,5.53,47
40,3,46.1,22.0,85.5,3.47,60,126,224,60.1,16.6,5.6,40
32,2,36.1,31.4,79.1,5.39,48,150,173,67.6,33.7,5.41,32
36,6,39.5,27.3,84.3,5.51,60,150,189,30.9,25.9,5.25,36
45,8,44.1,27.7,95.8,5.15,60,113,249,37.6,26.1,5.53,45
40,4,48.5,30.0,77.7,5.58,60,101,216,53.5,34.7,5.4,40
42,3,43.3,24.3,85.7,4.93,36,150,225,61.3,28.4,5.36,42
31,3,40.0,32.9,100.6,6.27,60,150,171,48.6,31.1,5.52,31
50,5,34.3,28.6,93.6,6.16,60,150,276,51.9,26.7,5.52,50
49,5,38.2,29.4,102.5,5.99,60,139,282,47.7,29.0,5.76,49
36,5,35.7,34.6,79.6,6.5,60,150,195,40.0,34.0,5.42,36
50,6,42.3,25.4,96.4,6.61,60,98,284,43.1,24.6,5.68,50
37,5,31.0,39.3,93.6,4.98,58,144,180,35.5,43.5,4.86,37
49,6,40.4,27.1,65.3,6.01,60,150,248,45.4,25.2,5.06,49
47,7,40.8,34.1,95.9,5.92,60,150,272,39.7,33.0,5.79,47
50,6,36.8,26.5,79.8,3.3,54,148,260,40.9,27.0,5.2,50
35,6,42.2,36.7,112.1,6.36,43,145,210,40.4,31.0,6.0,35
38,7,40.3,36.2,86.7,6.52,43,147,192,30.8,38.9,5.05,38
40,7,50.6,35.0,90.1,4.45,60,121,213,38.2,33.0,5.32,40
44,7,41.9,28.1,65.7,7.4,53,150,211,32.3,34.4,4.8,44
47,4,45.5,33.9,98.4,5.91,53,150,265,58.1,29.5,5.64,47
47,8,44.2,38.6,98.8,4.28,50,150,267,43.1,39.5,5.68,47
32,4,37.3,33.9,97.5,4.51,60,150,163,39.5,30.3,5.09,32
50,2,48.4,33.1,91.2,5.88,50,134,314,80.0,32.7,6.28,50
40,5,28.9,27.1,86.8,4.4,33,140,214,37.2,24.1,5.35,40
39,5,36.0,31.3,80.1,6.53,58,130,197,33.2,28.8,5.05,39
41,1,40.1,39.8,88.8,5.65,60,150,210,80.0,49.0,5.12,41
50,10,43.7,36.8,74.7,5.62,53,146,267,35.8,34.9,5.34,50
33,6,41.4,29.2,103.4,5.15,51,133,188,35.5,31.3,5.7,33
23,4,26.8,33.6,70.6,6.53,60,134,122,26.8,34.1,5.3,23
44,6,40.7,31.4,82.1,5.36,60,109,250,43.3,34.3,5.68,44
38,5,45.5,33.5,108.0,7.02,60,150,223,44.7,33.7,5.87,38
37,4,40.9,26.0,77.5,6.71,46,106,195,44.8,28.6,5.27,37
33,7,34.8,37.1,78.4,4.68,60,117,159,24.6,41.1,4.82,33
44,3,35.0,32.3,102.6,5.1,60,150,253,65.3,35.6,5.75,44
40,1,46.7,41.2,99.7,5.09,60,100,225,80.0,44.5,5.62,40
36,5,35.9,30.3,96.7,4.51,60,150,212,43.4,32.0,5.89,36
49,5,36.0,31.4,79.2,5.7,60,90,249,38.5,37.7,5.08,49
35,2,32.4,39.6,112.0,6.07,37,87,195,69.0,38.9,5.57,35
50,5,40.2,27.4,80.2,4.47,60,150,269,50.8,30.3,5.38,50
34,3,43.5,32.2,86.5,4.81,60,150,218,62.6,25.6,6.41,34
33,5,23.8,30.5,99.0,5.97,45,150,152,29.5,31.5,4.61,33
35,5,34.4,40.2,67.7,5.94,60,139,157,32.1,35.3,4.49,35
37,3,46.1,27.5,74.7,6.07,58,150,227,64.5,29.5,6.14,37
45,3,46.1,34.6,114.3,6.26,60,150,243,68.3,34.8,5.4,45
37,2,44.0,32.2,74.5,5.41,60,139,199,72.4,31.6,5.38,37
42,2,36.8,34.9,96.9,5.97,60,142,235,80.0,30.9,5.6,42
34,4,22.3,33.9,91.4,5.16,60,150,178,29.6,37.1,5.24,34
36,8,42.0,34.0,105.3,5.24,60,150,193,28.7,33.2,5.36,36
35,5,37.5,40.8,64.5,4.89,60,123,157,34.7,44.9,4.49,35
40,2,35.5,28.4,83.3,4.77,60,150,232,80.0,30.2,5.8,40
32,1,36.7,15.0,86.2,3.95,52,129,193,80.0,14.0,6.03,32
36,5,49.2,29.4,90.2,4.76,60,122,203,40.4,33.9,5.64,36
32,5,23.2,25.0,57.6,4.96,60,150,177,28.1,33.1,5.53,32
29,5,36.4,33.8,84.1,6.58,60,150,163,35.8,28.6,5.62,29
45,5,40.8,29.8,90.7,3.51,60,105,259,53.5,28.2,5.76,45
38,4,37.8,50.3,97.6,5.26,60,90,206,41.3,47.4,5.42,38
36,8,35.2,38.0,52.6,4.66,38,150,191,31.1,41.2,5.31,36
39,2,38.5,27.8,62.5,3.13,60,150,207,76.1,33.4,5.31,39
32,3,36.5,26.6,84.3,6.24,54,150,180,45.1,23.2,5.62,32
49,3,40.1,32.2,86.1,5.69,60,150,287,73.1,30.2,5.86,49
50,4,44.6,32.8,98.5,5.45,60,150,268,54.3,35.4,5.36,50
38,7,33.5,39.3,104.8,5.86,60,150,182,27.3,42.0,4.79,38
37,10,33.4,31.8,95.1,6.31,60,73,171,24.5,35.5,4.62,37
42,6,27.5,36.3,77.8,6.63,60,127,193,31.1,47.7,4.6,42
35,2,43.8,25.8,84.0,5.39,60,150,195,70.8,28.2,5.57,35
45,7,35.5,32.1,97.4,5.13,55,150,250,32.4,28.7,5.56,45
46,5,46.1,30.8,95.6,5.96,60,150,245,50.0,32.9,5.33,46
50,6,36.8,37.4,69.8,3.52,48,150,246,39.7,43.1,4.92,50
36,8,34.0,35.3,110.8,6.84,60,150,173,25.5,41.7,4.81,36
28,7,38.5,31.3,108.1,7.73,53,150,129,28.5,29.4,4.61,28
37,7,42.0,28.4,74.8,5.13,60,126,197,34.7,30.5,5.32,37
25,1,37.7,36.4,73.1,4.44,59,80,129,80.0,34.0,5.16,25
32,7,43.0,32.5,93.1,2.92,57,136,184,39.2,37.9,5.75,32
39,6,32.1,34.0,85.9,7.95,60,106,207,34.5,35.5,5.31,39
37,9,33.4,31.4,100.3,6.71,60,150,186,24.5,32.2,5.03,37
40,5,41.7,27.1,72.6,6.4,58,105,232,45.8,24.2,5.8,40
39,1,36.5,24.2,102.4,6.33,60,131,240,80.0,18.5,6.15,39
39,7,54.3,30.7,95.0,5.43,60,150,247,41.3,31.1,6.33,39
42,2,35.5,30.5,84.6,7.81,60,150,228,80.0,29.3,5.43,42
41,4,42.2,32.7,75.4,5.52,44,99,213,50.7,30.6,5.2,41
35,5,39.8,32.9,101.5,5.95,60,121,190,32.6,19.6,5.43,35
43,3,33.0,31.3,69.9,4.55,60,128,246,65.2,34.8,5.72,43
40,3,39.0,19.8,79.9,4.42,60,110,230,61.1,27.6,5.75,40
43,6,41.1,26.8,85.8,6.13,57,150,240,42.4,26.2,5.58,43
46,4,44.0,28.7,95.0,4.8,60,124,271,59.8,32.2,5.89,46
45,2,28.7,35.1,64.9,4.5,60,127,253,80.0,36.6,5.62,45
46,2,39.4,35.5,71.8,3.57,60,137,258,80.0,33.7,5.61,46
43,6,47.3,30.7,95.4,6.22,60,150,246,41.3,33.1,5.72,43
40,2,50.3,28.3,74.9,5.08,60,127,229,80.0,30.2,5.72,40
34,5,27.3,37.8,86.3,4.91,60,150,137,29.0,38.8,4.03,34
50,5,44.2,31.8,69.3,4.24,60,65,251,46.8,34.2,5.02,50
50,5,31.3,33.8,108.9,4.7,60,132,284,44.9,34.8,5.68,50
32,2,35.7,39.8,97.9,6.99,60,150,177,69.3,41.1,5.53,32
43,3,38.8,31.6,70.4,7.35,38,121,257,67.5,33.6,5.98,43
43,6,46.8,32.9,105.7,5.28,60,150,245,43.1,32.4,5.7,43
43,1,41.0,34.6,58.4,4.33,60,86,236,80.0,32.3,5.49,43
45,3,30.4,29.3,79.3,5.99,58,150,260,59.1,30.5,5.78,45
50,4,38.1,36.8,91.6,5.31,60,150,278,50.5,34.3,5.56,50
35,4,33.7,33.0,115.1,3.91,34,150,189,39.3,26.4,5.4,35
44,1,35.9,38.1,82.5,5.63,60,103,246,80.0,43.6,5.59,44
41,4,36.0,26.3,88.3,3.59,60,107,229,50.9,31.0,5.59,41
50,4,40.1,42.4,85.9,4.26,60,90,278,56.4,38.1,5.56,50
40,5,44.7,33.0,47.5,5.25,60,150,212,44.0,39.4,5.3,40
34,3,30.7,45.6,88.8,4.96,37,98,177,43.7,44.1,5.21,34
39,1,31.0,28.3,93.7,6.08,35,150,218,80.0,34.0,5.59,39
28,3,28.4,30.1,92.4,5.69,60,146,138,39.3,28.7,4.93,28
44,5,44.8,24.1,95.5,4.43,60,115,255,53.4,21.4,5.8,44
46,5,34.5,27.1,72.6,5.93,60,137,241,46.4,26.1,5.24,46
37,8,34.6,31.4,83.4,8.15,50,110,167,31.5,33.8,4.51,37
45,8,26.3,36.6,109.9,5.82,57,148,234,29.1,35.7,5.2,45
36,4,42.6,29.4,84.5,4.97,60,150,201,43.6,30.2,5.58,36
36,3,30.9,32.1,72.6,6.79,57,141,192,43.2,30.6,5.33,36
50,5,34.7,21.0,40.1,4.7,60,146,286,53.1,22.4,5.72,50
49,7,40.0,25.2,91.9,4.59,18,141,238,37.0,26.4,4.86,49
45,1,37.0,28.2,67.0,4.03,60,150,246,80.0,32.1,5.47,45
48,8,29.9,25.8,96.1,4.9,60,130,246,29.4,28.7,5.12,48
38,4,46.2,34.5,74.3,6.03,39,150,201,53.3,30.7,5.29,38
36,3,37.7,32.6,90.3,4.68,60,83,193,54.6,33.3,5.36,36
45,9,40.1,30.7,90.7,5.13,60,138,228,27.5,27.8,5.07,45
35,6,39.5,34.4,87.0,5.5,60,150,183,27.1,31.7,5.23,35
31,4,35.7,31.8,83.6,6.02,52,97,155,42.7,35.1,5.0,31
50,5,42.4,33.1,107.7,4.47,29,104,293,52.5,41.8,5.86,50
50,2,29.7,29.6,101.9,6.23,31,129,284,80.0,31.3,5.68,50
44,4,30.4,27.9,117.6,5.82,60,150,230,47.8,26.4,5.23,44
34,4,33.0,40.5,109.9,5.83,44,143,185,37.9,37.1,5.44,34
50,4,32.4,32.7,101.9,4.41,60,141,272,46.4,32.9,5.44,50
46,4,44.1,23.0,104.1,4.6,60,150,273,60.3,28.3,5.93,46
50,2,35.8,37.4,79.9,6.89,48,150,292,80.0,42.8,5.84,50
47,7,28.8,31.8,90.4,4.54,51,126,233,33.9,27.0,4.96,47
43,3,35.9,30.8,68.6,5.1,49,113,228,56.7,32.3,5.3,43
30,1,31.0,36.2,82.0,4.13,60,91,149,80.0,38.0,4.97,30
37,5,38.4,35.9,97.8,6.56,59,150,187,38.6,35.2,5.05,37
48,9,32.5,34.7,119.9,5.02,39,146,235,28.7,36.3,4.9,48
32,4,29.2,26.9,100.2,4.3,50,121,173,40.1,23.6,5.41,32
40,4,36.0,25.7,93.3,5.2,59,150,207,44.2,24.5,5.18,40
46,3,33.9,27.7,79.3,3.81,54,150,267,67.6,22.8,5.8,46
37,6,40.9,35.8,86.4,5.34,60,150,182,39.4,35.3,4.92,37
46,3,42.7,43.2,95.2,5.61,49,97,244,64.0,39.7,5.3,46
33,2,43.8,33.5,90.4,6.34,52,144,176,66.1,34.5,5.33,33
20,4,42.4,32.7,103.8,6.7,60,150,117,35.8,40.0,5.85,20
50,6,43.2,31.7,106.8,6.97,60,110,264,39.0,37.8,5.28,50
44,7,37.0,29.5,84.9,4.88,60,150,237,31.2,28.4,5.39,44
50,4,35.5,37.4,81.0,5.47,25,150,251,52.8,42.6,5.02,50
47,6,47.6,25.6,69.3,5.13,60,150,277,47.9,32.4,5.89,47
33,7,36.1,33.6,92.3,5.4,60,150,160,31.3,30.3,4.85,33
37,3,40.8,34.3,87.2,5.57,60,143,173,48.3,41.5,4.68,37
44,3,32.6,28.5,91.8,5.41,49,137,246,61.4,23.6,5.59,44
43,5,35.4,30.3,84.8,6.47,60,148,220,44.4,32.9,5.12,43
50,3,26.3,36.7,78.1,5.28,60,150,262,62.5,40.7,5.24,50
40,0,34.4,27.7,100.6,4.88,60,118,218,80.0,26.6,5.45,40
50,2,40.1,35.5,101.8,6.96,60,112,287,80.0,35.2,5.74,50
22,3,38.4,36.4,94.1,4.19,60,103,98,37.7,34.3,4.45,22
42,4,45.2,34.4,110.1,4.67,52,95,245,55.7,31.6,5.83,42
42,5,39.2,31.5,104.1,6.06,37,150,248,48.5,33.6,5.9,42
33,2,33.7,35.5,92.8,6.15,60,128,175,65.5,37.1,5.3,33
38,4,31.6,33.1,65.6,6.12,60,150,195,41.6,32.8,5.13,38
50,3,39.3,37.4,76.7,4.79,60,150,263,65.8,33.9,5.26,50
43,2,44.3,28.2,95.6,5.78,60,64,247,80.0,30.4,5.74,43
48,5,45.9,29.1,106.1,7.02,56,150,269,52.0,36.8,5.6,48
44,2,32.8,27.8,93.8,4.62,35,120,235,80.0,30.8,5.34,44
48,5,37.6,34.8,110.3,4.69,60,146,258,45.3,32.5,5.38,48
46,6,34.3,29.3,91.7,4.84,52,146,260,36.8,25.5,5.65,46
38,4,38.2,29.7,85.3,5.83,51,145,233,50.4,37.6,6.13,38
40,2,42.1,32.5,98.3,4.4,47,150,221,80.0,37.0,5.52,40
35,6,35.9,28.9,75.2,5.54,60,150,188,35.0,30.8,5.37,35
44,3,35.4,34.4,104.9,5.02,27,150,244,66.0,35.7,5.55,44
49,3,33.9,37.6,70.4,3.65,60,133,247,59.2,38.8,5.04,49
50,7,47.6,31.7,86.9,4.23,60,150,289,44.1,35.3,5.78,50
34,6,40.4,34.6,91.5,5.33,60,150,182,35.9,40.1,5.35,34
39,1,42.5,36.6,93.2,4.79,60,108,220,80.0,30.2,5.64,39
40,2,37.4,33.9,97.4,5.77,60,132,228,80.0,29.7,5.7,40
50,2,42.2,32.4,84.5,3.87,57,117,288,80.0,34.4,5.76,50
50,5,41.6,26.7,97.6,6.48,60,124,269,50.8,21.3,5.38,50
35,6,33.1,25.0,88.0,5.23,46,81,176,31.5,28.8,5.03,35
35,4,40.3,32.8,75.9,6.63,49,150,191,44.5,27.7,5.46,35
47,2,28.1,39.6,87.6,4.82,37,119,236,80.0,43.6,5.02,47
46,2,41.4,25.9,81.6,6.17,60,86,267,80.0,29.8,5.8,46
45,4,47.2,29.2,115.2,5.96,47,150,277,62.9,24.5,6.16,45
49,6,41.8,29.3,114.6,5.49,54,150,289,43.8,34.2,5.9,49
44,5,48.0,36.1,78.4,5.71,60,150,254,53.5,30.8,5.77,44
47,2,35.2,34.0,71.3,5.2,60,150,239,80.0,30.6,5.09,47
42,8,31.3,35.5,100.1,5.85,60,102,211,30.6,36.9,5.02,42
50,1,28.7,27.4,84.4,5.97,53,126,275,80.0,29.3,5.5,50
35,4,25.8,29.4,98.5,5.05,60,150,197,39.6,22.0,5.63,35
50,5,40.2,40.8,103.3,8.27,48,150,265,50.9,33.4,5.3,50
38,4,30.1,41.5,83.2,3.49,60,113,184,41.6,48.1,4.84,38
41,6,42.3,30.1,100.5,4.39,47,150,236,34.2,25.6,5.76,41
48,3,39.1,29.8,83.1,6.11,60,150,262,64.5,33.1,5.46,48
37,3,42.1,31.5,113.6,6.38,60,131,202,60.3,28.7,5.46,37
28,3,40.4,40.9,96.1,4.75,60,150,154,46.9,39.6,5.5,28
47,1,41.4,38.1,96.9,4.76,45,150,283,80.0,34.6,6.02,47
50,4,40.0,27.5,92.2,5.08,60,150,299,63.9,18.9,5.98,50
30,4,40.9,32.5,103.5,4.64,60,122,154,33.6,36.2,5.13,30
29,3,45.2,27.5,62.2,6.85,60,100,157,52.7,27.6,5.41,29
29,7,34.8,40.5,105.8,5.75,60,150,136,27.2,34.2,4.69,29
35,5,39.9,33.7,62.6,6.36,60,101,197,40.0,37.9,5.63,35
44,5,47.8,38.4,97.5,5.92,60,132,258,49.3,41.4,5.86,44
34,3,35.2,32.6,109.0,5.26,60,108,196,57.5,33.4,5.76,34
38,1,32.7,28.0,88.5,4.71,49,132,211,80.0,24.0,5.55,38
26,7,33.6,22.2,87.8,6.44,60,150,141,24.0,14.2,5.42,26
39,3,47.2,27.3,114.8,5.28,60,127,249,68.2,30.7,6.38,39
45,2,41.5,29.7,72.4,6.0,50,116,243,80.0,26.8,5.4,45
29,3,43.5,26.7,56.3,5.71,60,145,142,46.9,31.7,4.9,29
47,5,43.6,42.4,118.9,7.75,47,150,258,49.4,49.0,5.49,47
39,5,43.1,35.5,92.4,5.16,40,135,216,42.7,32.5,5.54,39
41,4,34.6,38.1,102.5,5.28,60,150,220,43.1,35.9,5.37,41
30,1,43.9,42.3,63.7,6.35,60,97,154,80.0,43.4,5.13,30
43,5,45.0,30.7,82.7,6.27,60,142,240,43.0,32.5,5.58,43
45,7,45.8,27.1,89.0,5.43,60,138,257,42.3,23.9,5.71,45
35,10,40.9,25.5,57.3,6.53,40,86,159,25.9,25.4,4.54,35
46,3,36.7,33.8,97.2,4.75,60,150,271,65.8,37.8,5.89,46
50,4,44.7,35.4,78.7,6.26,60,143,287,65.6,46.1,5.74,50
43,8,41.6,35.8,124.2,4.65,60,114,246,37.5,34.1,5.72,43
46,8,36.8,33.7,74.3,4.94,60,150,262,32.7,33.1,5.7,46
37,5,44.2,24.9,106.7,4.42,52,132,204,45.0,29.7,5.51,37
38,3,45.2,36.1,80.7,4.31,60,138,196,58.0,37.1,5.16,38
49,8,37.5,41.2,96.6,4.74,43,139,221,35.7,36.2,4.51,49
45,2,51.9,34.9,92.5,6.02,57,150,268,80.0,29.1,5.96,45
41,6,38.9,39.0,104.1,3.48,46,62,228,42.4,35.2,5.56,41
50,4,42.4,32.1,82.2,5.42,60,137,274,57.8,25.1,5.48,50
50,2,48.4,26.4,68.8,5.53,60,119,301,80.0,22.1,6.02,50
34,6,39.8,40.2,92.0,5.04,60,150,169,27.9,46.4,4.97,34
44,4,38.4,29.0,86.2,6.08,42,150,223,49.5,32.7,5.07,44
38,0,31.7,28.5,91.8,4.73,60,132,222,80.0,25.0,5.84,38
44,7,38.0,26.1,112.1,4.55,53,150,263,39.5,24.1,5.98,44
50,6,44.8,30.8,103.6,6.54,48,150,284,45.7,24.8,5.68,50
37,3,38.6,27.8,56.1,6.35,55,86,207,55.2,26.4,5.59,37
50,7,38.9,39.3,79.3,4.71,60,107,258,37.8,37.5,5.16,50
41,3,42.1,29.5,96.3,5.42,51,124,224,59.2,24.9,5.46,41
27,3,40.1,29.9,84.5,7.28,60,150,131,41.2,25.6,4.85,27
40,2,39.1,38.2,96.0,3.63,60,112,234,80.0,37.5,5.85,40
32,3,47.1,30.9,103.3,5.56,60,96,184,54.5,31.7,5.75,32
47,4,45.5,38.5,67.4,5.78,47,150,253,56.5,39.2,5.38,47
42,2,32.9,32.2,116.6,5.65,52,140,233,78.1,31.4,5.55,42
50,3,45.3,34.7,106.0,7.05,58,145,294,76.4,37.2,5.88,50
49,3,31.9,36.6,93.3,6.69,60,112,249,59.0,34.2,5.08,49
34,0,49.7,30.0,56.6,5.77,47,121,218,80.0,30.4,6.41,34
43,4,32.0,31.2,105.2,5.84,59,98,256,47.9,32.0,5.95,43
44,5,46.3,43.2,94.3,5.06,53,150,243,46.4,45.4,5.52,44
49,2,27.6,29.8,70.8,3.83,60,145,261,80.0,21.8,5.33,49
29,6,38.3,37.6,100.2,5.16,44,150,160,32.4,33.5,5.52,29
26,6,44.8,37.3,84.5,5.03,59,150,119,30.4,40.9,4.58,26
43,6,30.8,29.6,106.6,6.49,60,150,211,35.0,32.6,4.91,43
35,7,41.9,26.2,71.1,3.35,60,121,181,38.4,27.6,5.17,35
45,4,40.6,30.9,72.3,7.72,60,141,242,47.6,38.2,5.38,45
39,2,28.6,31.9,72.7,5.9,60,150,180,63.2,31.6,4.62,39
37,6,25.5,29.8,101.1,6.08,60,150,196,25.8,26.5,5.3,37
39,7,52.8,37.5,121.4,7.71,60,150,224,38.3,36.6,5.74,39
49,5,45.7,24.3,74.0,5.89,60,135,290,58.4,25.6,5.92,49
40,6,48.0,36.1,111.0,5.29,47,150,215,42.6,32.4,5.38,40
44,6,42.2,35.5,87.0,5.87,54,112,217,35.7,44.4,4.93,44
35,1,36.5,38.9,104.6,5.85,60,150,201,80.0,34.1,5.74,35
35,8,36.4,36.4,92.8,6.68,43,93,181,31.9,40.0,5.17,35
50,4,38.3,30.8,78.8,6.64,53,142,283,59.9,28.6,5.66,50
43,3,31.1,41.8,96.2,6.6,60,150,243,62.2,45.0,5.65,43
42,9,33.8,34.2,104.3,6.11,46,150,244,33.8,34.1,5.81,42
41,1,35.0,26.2,92.9,8.05,55,150,242,80.0,23.0,5.9,41
50,2,32.3,27.9,88.6,5.37,60,132,317,80.0,26.5,6.34,50
39,3,22.0,31.1,89.0,6.09,56,150,194,51.4,29.7,4.97,39
40,7,35.8,43.4,84.3,5.24,60,150,201,33.0,44.3,5.03,40
45,7,51.9,31.3,65.4,6.03,60,100,246,45.8,29.0,5.47,45
50,5,51.4,40.8,71.3,5.85,49,150,273,44.7,46.3,5.46,50
47,5,32.9,26.8,96.8,5.93,42,147,287,51.6,32.0,6.11,47
34,5,41.3,32.1,100.6,4.65,48,122,202,39.8,30.1,5.94,34
32,10,37.7,31.3,97.8,5.34,60,150,183,26.4,37.8,5.72,32
36,5,28.7,31.9,89.2,3.73,39,150,186,32.3,30.5,5.17,36
41,6,31.0,32.5,62.2,3.88,52,127,183,32.4,30.7,4.46,41
37,6,44.0,39.1,73.0,6.74,60,124,185,35.9,36.4,5.0,37
40,5,37.7,35.4,75.6,4.18,60,150,180,40.1,40.4,4.5,40
46,6,44.5,30.7,60.3,5.51,60,150,239,44.1,34.0,5.2,46
31,4,33.8,29.6,116.0,5.11,60,148,191,39.9,33.1,6.16,31
50,3,31.2,34.5,79.9,7.36,60,131,282,70.3,27.8,5.64,50
39,4,27.7,34.5,88.7,5.0,60,122,191,38.4,37.8,4.9,39
27,2,30.0,28.3,96.5,6.46,48,150,151,58.1,24.6,5.59,27
32,4,36.0,33.5,86.8,4.39,44,101,193,45.8,42.0,6.03,32
47,2,39.8,26.6,101.4,6.37,60,129,274,80.0,25.6,5.83,47
35,9,32.9,36.8,77.1,4.89,27,150,140,18.6,38.1,4.0,35
50,8,33.5,31.6,67.0,3.29,60,150,262,30.8,29.9,5.24,50
46,6,22.5,31.0,81.2,4.06,60,150,214,30.7,30.8,4.65,46
35,5,44.7,35.9,107.8,5.81,60,100,190,32.5,34.4,5.43,35
40,4,31.8,25.9,83.9,6.44,60,150,215,45.6,29.1,5.38,40
50,6,35.9,30.8,37.4,4.48,51,150,242,39.6,37.8,4.84,50
50,2,39.9,38.3,77.1,6.22,44,150,281,80.0,39.0,5.62,50
39,4,33.2,30.0,92.5,5.02,57,150,228,44.7,29.9,5.85,39
45,3,32.1,26.4,67.8,5.39,58,121,237,60.1,21.8,5.27,45
40,5,27.3,23.0,96.9,5.51,57,72,215,37.2,28.5,5.38,40
50,3,49.2,23.5,91.9,5.06,60,78,318,80.0,28.4,6.36,50
50,7,49.1,32.7,82.0,5.13,55,123,268,47.4,30.6,5.36,50
45,6,44.8,30.1,100.1,7.76,60,150,262,42.0,30.5,5.82,45
42,3,36.3,34.9,106.5,5.72,59,150,229,58.9,44.4,5.45,42
41,3,28.7,19.8,79.5,6.45,60,150,214,56.1,25.4,5.22,41
36,6,32.6,25.4,98.6,5.48,60,150,194,35.9,29.5,5.39,36
37,6,44.0,40.2,91.8,6.65,60,127,184,35.8,38.0,4.97,37
34,3,34.9,28.8,73.7,5.05,35,145,158,48.1,29.3,4.65,34
35,5,28.3,37.7,85.0,5.71,53,116,171,34.1,36.8,4.89,35
41,5,34.1,42.2,92.0,6.39,51,87,213,40.7,41.7,5.2,41
35,4,29.9,28.0,92.1,7.28,55,117,211,45.1,33.5,6.03,35
38,9,35.5,25.5,83.9,5.75,46,150,199,29.3,26.6,5.24,38
50,6,32.6,35.9,86.4,7.56,60,76,269,42.2,38.8,5.38,50
41,5,41.9,43.0,63.5,7.58,60,150,219,40.3,39.9,5.34,41
47,5,48.8,35.0,72.9,5.28,53,150,258,47.7,41.8,5.49,47
39,5,33.4,34.7,90.2,5.94,56,150,182,32.5,31.2,4.67,39
46,2,44.9,26.6,86.4,4.38,49,150,270,80.0,31.0,5.87,46
46,7,44.0,33.5,74.1,6.11,60,150,254,39.4,35.2,5.52,46
50,6,24.5,33.1,85.1,5.06,53,108,249,30.9,33.1,4.98,50
50,5,28.1,37.5,111.1,4.24,58,143,263,42.4,29.8,5.26,50
36,1,37.5,32.2,73.1,4.77,60,96,199,80.0,34.0,5.53,36
44,6,41.8,34.2,95.7,5.37,55,115,236,38.2,34.2,5.36,44
50,5,45.4,32.0,98.3,6.46,33,150,279,53.7,30.6,5.58,50
34,6,38.6,37.5,113.1,5.86,46,150,175,33.3,44.5,5.15,34
46,2,44.7,28.6,85.7,5.71,60,150,269,80.0,29.8,5.85,46
48,2,32.0,26.9,111.3,6.62,60,126,298,80.0,29.5,6.21,48
45,9,35.7,35.4,94.8,5.82,60,150,221,26.7,33.4,4.91,45
32,4,48.2,35.4,124.5,6.24,60,139,197,47.5,32.0,6.16,32
31,5,42.6,29.2,94.2,4.78,60,88,177,39.4,28.1,5.71,31
47,7,38.0,29.6,103.4,4.45,39,150,251,40.9,28.9,5.34,47
38,1,46.5,30.2,80.7,6.06,45,150,232,80.0,26.4,6.11,38
44,3,39.3,35.7,73.1,4.24,60,150,247,67.7,35.1,5.61,44
45,5,44.9,31.2,106.2,6.6,60,150,270,51.4,28.7,6.0,45
41,2,39.5,43.5,78.8,5.91,60,150,216,80.0,47.6,5.27,41
47,3,36.3,41.3,93.9,5.95,45,150,240,62.6,46.1,5.11,47
38,2,49.8,32.4,70.5,6.28,57,118,223,80.0,33.5,5.87,38
36,5,35.2,32.5,99.7,4.98,60,118,200,39.8,35.5,5.56,36
23,5,40.5,28.9,89.1,5.31,52,150,106,27.7,28.6,4.61,23
44,7,52.7,28.6,93.5,4.08,39,150,246,44.1,33.8,5.59,44
48,7,46.1,29.1,104.6,8.09,60,111,290,38.0,30.2,6.04,48
39,4,46.1,32.3,97.7,4.87,60,126,249,60.6,27.4,6.38,39
43,6,32.8,25.4,110.3,4.35,60,150,238,36.6,27.6,5.53,43
48,3,30.9,24.3,91.9,5.48,60,150,252,65.7,22.3,5.25,48
42,3,40.2,33.0,86.4,6.63,60,115,229,55.4,30.6,5.45,42
43,10,29.1,33.2,95.2,5.44,43,143,226,28.6,35.9,5.26,43
50,4,44.0,19.1,78.5,4.55,60,150,288,61.0,16.3,5.76,50
50,7,44.1,45.2,81.7,6.43,60,150,275,39.8,46.9,5.5,50
40,5,42.4,37.5,93.3,5.09,60,150,206,42.7,36.4,5.15,40
33,3,33.6,31.5,89.9,7.17,60,150,181,52.9,36.5,5.48,33
37,8,28.3,30.1,98.6,4.92,49,94,196,24.5,40.4,5.3,37
50,6,36.1,30.6,75.7,4.48,60,101,284,44.4,30.7,5.68,50
50,10,41.3,37.3,95.5,6.77,60,150,264,34.7,40.4,5.28,50
36,3,38.1,27.1,70.1,6.73,60,61,220,56.8,21.8,6.11,36
42,0,25.2,26.0,100.9,6.14,49,148,220,80.0,26.6,5.24,42
34,5,43.2,40.8,106.8,6.23,45,150,165,39.8,42.6,4.85,34
41,6,32.0,24.2,68.7,5.11,60,150,208,35.4,20.4,5.07,41
44,7,37.8,34.7,103.3,4.61,58,135,248,31.9,39.5,5.64,44
40,5,39.3,32.3,99.7,6.1,52,144,219,40.6,29.4,5.48,40
40,5,46.1,27.6,66.8,5.62,51,145,207,41.0,24.3,5.18,40
44,2,35.7,36.3,85.5,6.19,60,150,211,80.0,40.3,4.8,44
39,7,50.3,34.4,89.7,6.57,53,135,206,37.3,32.0,5.28,39
50,6,41.9,34.7,84.2,4.5,60,150,260,39.8,37.9,5.2,50
37,3,45.4,32.8,93.8,6.68,60,150,194,54.3,38.7,5.24,37
34,6,32.8,25.1,75.9,5.57,45,150,199,33.4,26.9,5.85,34
41,5,30.8,32.7,89.5,5.06,56,150,240,37.1,33.3,5.85,41
46,3,44.5,30.3,109.2,6.42,42,128,267,67.7,23.4,5.8,46
50,7,36.7,32.5,109.2,5.58,60,150,279,46.7,32.8,5.58,50
40,2,31.3,26.0,104.4,5.84,41,100,227,80.0,23.9,5.68,40
46,6,50.7,34.6,89.5,5.68,60,150,239,41.3,39.5,5.2,46
38,5,34.5,19.5,99.0,6.27,60,150,202,40.0,22.5,5.32,38
33,1,30.4,36.8,89.1,5.09,60,150,194,80.0,29.1,5.88,33
40,6,37.3,35.6,94.6,4.27,51,150,211,33.0,34.0,5.28,40
45,2,42.8,43.3,84.4,4.74,56,150,240,80.0,34.9,5.33,45
50,8,29.1,25.1,73.6,6.28,50,150,252,28.3,25.5,5.04,50
39,4,35.0,25.1,87.5,5.83,60,131,223,51.5,23.0,5.72,39
44,4,31.3,27.1,100.1,5.42,60,150,252,52.8,35.2,5.73,44
50,7,37.8,24.7,70.8,5.87,40,97,266,40.2,25.0,5.32,50
28,5,36.7,34.8,94.8,4.89,60,146,142,28.1,36.6,5.07,28
36,3,35.9,31.5,114.6,5.37,57,122,203,58.0,32.7,5.64,36
38,4,37.5,37.1,118.9,5.22,60,150,198,47.2,36.4,5.21,38
43,1,36.2,35.8,85.9,3.28,60,150,240,80.0,34.2,5.58,43
39,2,27.0,38.6,84.2,4.14,60,148,238,80.0,46.6,6.1,39
42,2,33.9,24.0,108.1,7.34,54,115,242,80.0,26.2,5.76,42
38,5,41.8,37.0,82.1,5.88,60,150,216,44.6,41.9,5.68,38
50,5,43.9,27.9,71.2,4.39,60,146,297,52.0,35.5,5.94,50
40,8,51.5,38.1,119.0,6.13,60,150,211,35.1,38.3,5.28,40
42,5,50.4,33.4,85.6,7.2,60,150,251,49.5,35.7,5.98,42
36,3,44.3,27.7,76.0,7.01,60,150,196,54.9,27.2,5.44,36
45,2,28.6,38.1,95.5,5.38,53,150,250,80.0,33.3,5.56,45
45,4,30.0,35.5,93.4,5.63,60,107,219,41.7,32.8,4.87,45
33,1,34.2,21.9,88.9,5.99,51,111,190,80.0,22.2,5.76,33
48,7,28.1,41.9,97.6,6.06,60,150,265,36.2,41.0,5.52,48
50,5,50.8,36.3,94.5,5.51,41,100,306,52.8,34.6,6.12,50
40,6,33.8,30.4,97.5,6.18,60,150,219,38.7,26.2,5.48,40
40,1,25.2,31.5,100.8,5.13,60,99,238,80.0,34.3,5.95,40
50,2,48.2,30.2,74.7,5.94,60,92,295,80.0,26.7,5.9,50
50,7,42.6,31.6,105.2,4.33,60,150,279,40.2,36.4,5.58,50
42,7,40.1,35.4,87.5,6.3,52,60,219,36.3,34.0,5.21,42
45,4,36.6,36.1,93.0,5.31,54,122,255,52.7,30.7,5.67,45
46,5,43.5,35.0,83.4,4.21,60,150,243,46.5,33.2,5.28,46
44,3,42.7,39.8,111.3,6.69,60,137,264,66.6,34.4,6.0,44
50,2,39.5,29.5,78.0,5.49,52,142,294,80.0,28.5,5.88,50
44,5,37.3,35.8,63.5,4.63,60,150,228,43.3,38.3,5.18,44
36,7,44.1,24.4,82.0,6.58,60,95,165,37.7,26.2,4.58,36
45,5,31.1,33.2,98.7,6.82,39,142,268,40.2,33.7,5.96,45
32,5,38.6,26.1,100.8,5.07,55,139,156,36.1,21.0,4.88,32
38,4,44.0,31.8,100.0,4.9,54,147,214,49.4,30.2,5.63,38
38,5,34.5,30.4,73.3,5.13,37,150,195,40.4,27.0,5.13,38
46,4,21.5,35.9,77.5,4.48,60,150,227,39.3,36.2,4.93,46
48,4,40.9,33.8,90.9,5.6,60,105,269,57.2,39.0,5.6,48
39,0,33.8,27.1,85.0,6.14,60,135,230,80.0,26.9,5.9,39
48,3,40.8,40.6,79.5,4.82,60,150,288,68.6,33.5,6.0,48
50,2,34.9,30.9,87.5,5.97,60,120,299,80.0,33.5,5.98,50
48,7,34.0,23.6,79.0,3.75,33,150,258,39.3,21.9,5.38,48
50,2,36.5,27.4,72.9,5.4,60,150,275,80.0,24.4,5.5,50
39,2,41.1,25.5,98.4,5.41,36,150,221,80.0,26.8,5.67,39
48,7,45.2,32.0,56.4,5.4,53,150,250,35.1,28.3,5.21,48
50,7,36.5,31.8,78.3,6.57,49,150,263,33.5,31.0,5.26,50
50,10,37.8,26.0,78.1,5.9,60,133,257,30.7,22.1,5.14,50
47,8,33.4,29.2,91.3,5.27,54,150,258,30.2,28.6,5.49,47
49,3,30.9,37.7,100.3,6.37,60,150,272,69.4,45.4,5.55,49
50,4,45.7,23.3,114.8,5.06,49,147,288,63.3,24.5,5.76,50
40,2,32.9,39.3,86.9,4.86,51,150,210,75.6,44.2,5.25,40
38,5,39.8,28.1,83.8,7.61,60,150,200,38.6,26.0,5.26,38
48,4,35.0,25.1,99.1,4.26,60,150,260,50.7,26.8,5.42,48
44,3,34.9,31.7,74.2,6.3,60,150,219,57.9,33.7,4.98,44
50,4,39.5,32.4,79.6,2.6,52,148,256,55.7,38.9,5.12,50
38,5,45.6,35.9,89.2,6.7,60,122,215,42.5,40.3,5.66,38
42,4,35.1,34.2,70.1,5.19,60,122,216,45.0,31.5,5.14,42
39,3,38.9,31.1,94.0,4.58,60,150,241,59.3,31.1,6.18,39
36,3,34.4,29.2,63.1,5.52,60,150,194,46.3,24.7,5.39,36
31,8,41.6,34.9,99.1,4.89,38,139,171,26.7,37.8,5.52,31
34,2,40.6,43.2,96.6,6.45,59,150,190,70.8,48.1,5.59,34
41,6,35.0,38.3,89.5,5.6,37,150,220,38.0,38.2,5.37,41
37,5,35.5,25.6,86.4,6.62,53,150,180,36.0,25.7,4.86,37
41,6,40.5,33.6,72.2,6.75,49,150,212,39.9,31.3,5.17,41
50,6,33.8,28.2,82.7,5.76,60,150,284,43.2,25.4,5.68,50
46,3,36.2,35.5,77.4,5.17,33,124,238,59.9,36.4,5.17,46
29,5,38.3,38.4,88.4,4.8,60,150,143,29.2,29.3,4.93,29
27,6,44.1,31.6,103.3,6.12,60,75,143,27.5,23.6,5.3,27
47,8,39.8,31.5,88.8,3.58,60,117,266,35.1,39.5,5.66,47
40,5,39.5,33.6,75.8,3.18,54,111,197,41.5,32.9,4.92,40
32,1,36.0,30.4,95.9,5.66,60,150,178,80.0,30.9,5.56,32
36,4,39.8,28.6,52.8,5.65,60,116,181,43.0,21.8,5.03,36
44,3,32.9,26.9,80.6,7.4,60,139,225,61.3,30.2,5.11,44
42,3,36.9,22.3,121.5,5.67,60,107,262,67.3,24.4,6.24,42
37,1,39.0,34.0,99.5,6.0,47,140,213,80.0,29.5,5.76,37
46,4,25.2,40.4,128.4,3.69,42,125,247,48.6,48.3,5.37,46
46,5,34.6,26.5,86.4,6.77,42,150,262,47.5,19.0,5.7,46
45,10,36.1,35.2,98.9,4.87,60,150,229,29.7,30.2,5.09,45
41,2,25.8,19.7,102.0,5.39,34,150,232,79.0,26.2,5.66,41
33,7,46.0,27.7,96.0,4.89,33,101,173,35.8,39.4,5.24,33
45,6,32.3,31.9,94.4,6.22,60,139,224,36.9,23.1,4.98,45
50,7,30.6,20.7,89.2,3.67,60,149,282,35.4,25.8,5.64,50
50,6,46.7,37.2,74.2,6.59,53,150,276,44.8,40.3,5.52,50
47,1,32.4,31.8,69.5,4.6,50,125,263,80.0,33.5,5.6,47
50,3,34.3,34.7,61.1,5.44,52,129,258,63.4,40.0,5.16,50
37,0,40.2,29.3,80.3,6.15,60,150,220,80.0,31.1,5.95,37
36,2,40.0,39.5,82.0,4.33,60,150,188,75.3,40.5,5.22,36
48,7,34.7,31.2,83.8,5.81,60,127,273,36.3,28.1,5.69,48
42,6,43.2,31.4,91.8,4.49,60,84,228,40.0,37.5,5.43,42
34,3,34.6,34.8,105.2,6.22,60,150,190,55.1,34.2,5.59,34
30,6,35.3,21.2,88.6,5.68,52,97,146,25.3,21.9,4.87,30
38,5,36.0,21.5,87.4,5.19,60,150,211,34.5,21.8,5.55,38
37,6,31.4,33.5,87.8,5.46,26,150,190,33.2,32.8,5.14,37
37,4,37.2,36.9,94.2,9.18,58,150,198,48.9,45.1,5.35,37
37,2,47.7,38.4,103.0,4.32,60,150,235,80.0,37.5,6.35,37
33,5,36.7,38.4,102.1,7.65,54,150,177,40.3,33.6,5.36,33
37,3,41.9,33.1,94.3,6.77,36,150,209,61.2,32.0,5.65,37
36,4,27.8,32.7,81.1,4.18,60,55,202,39.7,37.9,5.61,36
37,4,33.4,27.9,70.7,3.89,60,139,181,44.0,30.7,4.89,37
50,1,38.0,34.1,109.0,4.37,45,106,313,80.0,36.5,6.26,50
50,2,39.6,26.8,87.0,5.76,60,150,302,80.0,32.0,6.04,50
39,5,36.6,34.2,110.5,4.99,60,119,220,40.4,37.2,5.64,39
43,6,28.3,34.2,93.7,6.4,60,121,220,39.2,30.7,5.12,43
43,3,38.4,35.9,98.1,4.94,60,150,253,62.9,38.3,5.88,43
41,3,41.3,35.8,91.2,5.69,45,150,223,60.1,33.9,5.44,41
38,4,35.0,35.6,98.2,4.74,60,141,211,43.5,35.4,5.55,38
39,10,37.7,27.2,111.5,5.2,49,150,208,23.8,35.1,5.33,39
23,6,42.8,26.8,97.8,6.12,55,150,131,28.3,27.8,5.7,23
50,5,29.7,34.6,99.8,3.74,56,150,274,44.3,28.8,5.48,50
49,3,30.4,38.8,114.0,7.8,54,150,283,65.9,38.3,5.78,49
46,6,45.1,28.0,96.4,7.1,60,150,254,44.4,25.4,5.52,46
49,3,33.5,29.9,76.5,5.22,60,150,253,62.2,38.3,5.16,49
48,2,35.1,36.6,99.5,5.19,60,119,293,80.0,33.5,6.1,48
38,4,42.5,35.1,95.2,7.27,60,150,215,49.5,33.9,5.66,38
50,7,32.8,32.8,79.0,4.22,15,150,269,36.8,29.6,5.38,50
47,6,33.3,28.6,106.4,4.16,60,139,238,33.6,32.3,5.06,47
38,8,42.7,28.7,94.8,5.07,60,150,221,32.0,25.8,5.82,38
34,7,30.3,33.8,73.1,4.79,60,146,154,29.1,31.3,4.53,34
37,6,39.0,25.9,129.1,4.05,60,114,205,36.6,24.0,5.54,37
34,4,36.5,29.2,78.0,7.01,34,150,167,37.6,28.0,4.91,34
46,5,42.7,28.7,76.6,4.33,50,150,251,50.9,29.2,5.46,46
50,3,35.4,27.8,91.8,4.81,60,150,283,71.9,22.4,5.66,50
39,1,45.5,37.2,91.1,3.72,60,150,232,80.0,40.0,5.95,39
26,2,45.4,31.5,72.1,3.4,60,80,143,54.3,27.1,5.5,26
47,5,37.3,39.2,88.1,5.88,60,126,240,45.2,39.1,5.11,47
38,10,27.8,32.2,84.7,5.56,60,132,179,26.4,28.4,4.71,38
27,4,47.8,24.2,99.3,5.31,60,150,154,42.3,28.7,5.7,27
50,4,35.5,30.8,69.6,4.17,60,100,277,53.5,32.8,5.54,50
40,7,50.9,30.1,98.1,5.5,54,138,213,36.0,26.7,5.32,40
44,7,33.4,30.6,117.6,6.28,50,127,245,33.7,33.9,5.57,44
33,5,32.7,22.9,93.8,4.19,25,135,203,35.6,26.3,6.15,33
47,9,32.9,41.9,101.8,5.92,60,150,257,35.6,41.3,5.47,47
41,1,41.1,35.6,94.9,7.25,60,150,260,80.0,29.7,6.34,41
50,3,34.7,32.8,74.0,5.6,60,105,259,62.3,32.4,5.18,50
30,4,44.8,32.5,89.6,5.37,54,150,189,50.9,35.4,6.3,30
36,7,37.5,29.3,91.7,5.21,60,150,169,28.5,26.7,4.69,36
40,3,38.9,29.1,92.6,6.62,25,145,234,61.9,24.5,5.85,40
37,6,38.6,40.3,114.1,6.17,43,111,183,33.2,44.6,4.95,37
34,0,30.2,37.4,79.9,5.9,60,62,189,80.0,36.2,5.56,34
37,1,38.4,25.3,93.7,3.88,60,150,221,80.0,28.3,5.97,37
44,3,35.0,24.5,57.1,6.39,60,150,229,61.0,21.4,5.2,44
45,8,44.1,33.9,69.7,7.54,60,150,233,41.8,28.4,5.18,45
32,8,27.3,30.6,104.4,4.24,60,105,153,26.4,34.6,4.78,32
43,7,34.9,32.4,96.2,6.53,30,150,230,29.0,36.8,5.35,43
44,4,52.7,33.2,89.9,5.78,60,150,260,57.3,33.0,5.91,44
36,4,33.0,27.3,112.6,4.88,60,150,188,43.2,29.2,5.22,36
36,10,43.8,34.4,71.2,5.37,60,150,168,22.4,32.0,4.67,36
46,3,31.9,32.6,100.6,6.15,60,126,244,58.5,36.1,5.3,46
42,4,46.4,25.5,100.0,3.28,30,150,261,58.9,28.7,6.21,42
41,4,40.1,36.4,73.3,5.58,60,150,204,50.1,41.1,4.98,41
40,4,41.3,33.9,53.8,4.85,60,150,198,44.9,36.7,4.95,40
44,3,30.5,33.9,80.1,4.79,60,150,238,61.0,43.9,5.41,44
40,9,26.5,38.5,80.2,5.73,53,129,180,21.3,36.6,4.5,40
32,5,37.6,25.8,83.2,5.41,56,150,172,38.4,24.9,5.38,32
27,5,41.5,31.4,79.5,5.08,60,150,148,32.0,34.2,5.48,27
33,3,43.9,37.7,74.7,5.57,60,150,161,50.9,39.1,4.88,33
31,2,37.0,25.3,93.8,6.53,60,150,202,76.7,25.0,6.52,31
43,3,35.9,41.4,111.5,3.89,60,150,232,61.3,36.2,5.4,43
48,3,40.5,29.6,113.0,4.88,60,53,284,75.5,28.0,5.92,48
45,3,35.1,28.5,93.1,6.53,58,150,263,65.7,26.3,5.84,45
41,8,38.7,30.3,84.6,6.31,60,150,224,31.5,30.0,5.46,41
34,6,28.3,32.9,104.8,4.86,60,150,169,27.6,35.2,4.97,34
45,7,33.5,22.6,80.3,6.22,60,93,225,34.1,20.1,5.0,45
37,3,37.3,39.2,73.8,4.53,50,128,183,49.8,47.7,4.95,37
50,4,39.5,27.0,79.0,4.93,60,112,299,55.9,30.6,5.98,50
34,6,41.5,28.7,101.7,4.38,60,150,180,35.7,22.4,5.29,34
39,5,40.2,23.5,94.2,6.64,60,150,227,44.7,26.9,5.82,39
48,8,33.3,34.0,89.6,3.96,57,150,260,35.7,31.7,5.42,48
46,3,41.9,31.7,96.2,5.01,60,134,251,66.1,34.7,5.46,46
44,8,39.4,33.1,83.3,5.84,60,150,235,36.3,32.5,5.34,44
39,4,45.0,33.2,75.8,6.0,50,133,233,51.8,29.7,5.97,39
32,6,33.5,30.5,81.4,5.74,60,108,175,29.7,38.9,5.47,32
40,3,37.7,29.4,92.9,5.54,60,85,220,53.3,31.3,5.5,40
45,2,44.0,32.0,108.7,5.82,60,101,269,80.0,34.5,5.98,45
47,5,43.8,30.4,111.5,5.37,60,150,279,50.8,37.7,5.94,47
46,7,40.8,28.2,92.8,5.69,60,150,243,38.2,31.9,5.28,46
39,2,41.1,36.4,63.3,5.06,60,149,213,79.6,35.7,5.46,39
38,4,35.4,45.4,90.3,4.14,49,112,179,38.0,50.0,4.71,38
45,3,45.7,32.8,88.0,6.88,44,150,266,72.0,26.4,5.91,45
39,1,46.4,29.8,90.1,4.97,60,143,228,80.0,28.5,5.85,39
36,6,24.1,33.1,83.1,4.89,50,140,181,25.0,40.4,5.03,36
44,3,36.0,25.7,92.8,5.22,52,142,249,67.9,28.9,5.66,44
40,4,49.3,31.9,89.6,4.13,33,132,238,58.9,35.8,5.95,40
44,4,40.9,35.8,107.2,6.17,52,149,239,50.4,33.4,5.43,44
42,4,31.8,28.1,99.3,5.49,60,150,225,47.0,27.7,5.36,42
38,5,33.1,38.4,97.7,5.11,60,150,190,37.0,41.0,5.0,38
33,1,32.7,37.0,112.5,5.3,60,150,197,80.0,29.8,5.97,33
50,6,45.8,27.6,111.5,6.21,60,150,279,37.1,36.3,5.58,50
49,7,39.4,31.1,51.9,6.66,60,150,249,36.7,34.9,5.08,49
50,3,35.6,39.6,108.9,6.98,60,150,281,69.0,37.4,5.62,50
46,8,36.0,32.1,87.2,6.69,60,87,249,33.9,33.8,5.41,46
41,3,40.8,32.4,128.7,3.83,60,139,229,59.7,33.8,5.59,41
50,5,39.1,32.1,89.3,9.0,31,150,259,52.5,30.8,5.18,50
49,3,24.4,29.1,85.2,5.01,60,150,270,69.8,30.6,5.51,49
27,4,41.5,36.3,99.3,4.47,60,150,148,37.2,29.7,5.48,27
50,5,31.4,34.6,117.8,6.39,60,139,277,49.0,38.6,5.54,50
45,4,47.4,36.6,87.1,4.5,60,150,247,61.6,35.5,5.49,45
46,4,42.9,24.6,104.6,6.97,60,150,271,52.3,24.0,5.89,46
47,5,31.5,29.7,93.4,6.65,60,145,255,44.5,30.0,5.43,47
37,4,32.2,35.8,95.9,6.68,60,141,195,45.2,34.5,5.27,37
36,2,45.3,33.1,68.2,6.47,60,150,213,80.0,34.9,5.92,36
23,1,40.1,38.1,107.9,5.29,60,143,145,80.0,34.2,6.3,23
47,3,32.5,26.3,106.1,5.29,60,121,267,65.7,30.3,5.68,47
47,4,41.1,28.1,78.5,5.37,60,137,261,55.3,31.0,5.55,47
45,4,28.4,27.8,117.0,5.91,60,148,250,43.1,31.0,5.56,45
44,6,36.0,33.8,95.1,4.7,60,150,248,39.4,33.3,5.64,44
48,3,34.6,35.3,91.0,5.71,60,125,270,71.3,27.8,5.62,48
38,5,44.8,36.3,87.7,4.09,60,130,211,42.0,33.5,5.55,38
22,6,46.9,29.0,86.2,5.42,53,150,122,32.9,22.9,5.55,22
50,6,49.6,32.2,99.6,7.59,56,148,268,47.5,32.6,5.36,50
45,7,31.8,28.1,63.1,5.79,60,76,207,29.7,25.4,4.6,45
45,1,29.0,33.3,73.3,6.23,60,146,233,80.0,38.8,5.18,45
42,4,32.7,29.1,107.7,4.63,52,77,230,43.8,32.3,5.48,42
24,6,27.1,34.2,69.6,4.57,60,150,102,25.6,36.7,4.25,24
50,4,38.7,40.5,102.2,5.82,54,131,273,54.8,36.4,5.46,50
47,4,35.0,42.5,85.5,8.27,60,82,251,54.9,44.0,5.34,47
44,8,28.9,26.1,68.9,4.85,60,150,229,32.4,33.1,5.2,44
41,3,35.9,25.9,92.3,8.37,60,150,229,62.8,27.4,5.59,41
41,7,26.3,34.7,100.0,4.5,49,150,206,30.5,35.5,5.02,41
46,7,44.7,28.8,75.2,5.58,60,150,239,45.1,34.3,5.2,46
50,5,43.7,28.2,84.9,5.69,60,147,262,50.9,23.8,5.24,50
50,2,41.5,38.5,92.2,4.9,60,62,290,80.0,41.9,5.8,50
50,3,33.4,35.6,69.9,5.07,51,150,263,62.1,34.6,5.26,50
50,3,28.7,29.9,104.9,5.07,60,150,265,61.9,35.6,5.3,50
43,4,36.0,33.1,75.5,5.91,33,141,238,56.6,32.7,5.53,43
43,4,37.8,23.9,112.4,5.73,41,83,242,50.0,31.0,5.63,43
47,6,36.7,31.2,57.8,4.72,60,150,253,44.3,32.4,5.38,47
37,5,39.9,42.9,115.3,4.08,60,121,188,39.0,39.2,5.08,37
33,1,36.8,28.0,83.5,5.16,60,150,189,80.0,26.8,5.73,33
46,5,31.8,27.6,90.8,4.6,60,150,249,46.6,30.2,5.41,46
47,6,38.1,31.7,72.6,5.28,58,135,249,41.2,28.3,5.3,47
50,6,48.4,28.6,99.4,4.78,60,150,308,54.5,28.4,6.16,50
48,1,41.6,25.1,84.8,5.04,46,150,276,80.0,25.7,5.75,48
38,1,34.9,34.4,103.5,6.01,60,150,214,80.0,35.7,5.63,38
38,9,34.2,23.2,88.8,4.8,60,150,202,24.5,19.6,5.32,38
50,2,29.5,31.0,92.2,4.95,60,97,283,80.0,27.8,5.66,50
30,1,29.9,36.8,104.6,6.64,60,150,173,80.0,39.4,5.77,30
31,6,26.6,30.8,95.0,5.17,54,132,152,26.8,33.9,4.9,31
33,4,39.3,30.7,71.9,3.59,60,124,181,47.5,29.5,5.48,33
46,2,34.7,34.6,90.3,4.8,60,150,248,80.0,33.8,5.39,46
38,4,45.2,33.0,102.2,4.66,60,150,232,52.7,37.0,6.11,38
50,4,28.9,21.1,70.3,4.92,60,126,274,49.1,22.7,5.48,50
38,3,40.2,34.2,93.1,4.44,44,150,228,63.4,39.0,6.0,38
35,9,39.7,28.8,99.4,5.64,60,150,194,29.5,27.6,5.54,35
39,2,38.4,19.0,97.8,5.01,50,92,243,80.0,19.7,6.23,39
48,3,39.0,33.1,93.5,6.21,60,111,277,69.7,36.0,5.77,48
49,4,39.6,31.2,111.9,6.27,60,140,261,53.0,33.1,5.33,49
50,3,34.9,32.3,96.5,5.78,60,150,282,70.8,33.8,5.64,50
30,3,39.6,29.4,81.6,5.43,60,144,173,48.3,30.6,5.77,30
45,8,45.1,26.2,95.8,6.95,60,148,236,35.0,23.4,5.24,45
43,6,22.0,32.9,84.8,5.73,60,150,219,35.2,35.8,5.09,43
34,7,34.8,32.9,93.2,5.5,50,150,168,28.3,35.9,4.94,34
43,1,38.7,31.6,101.9,6.51,60,150,256,80.0,29.7,5.95,43
45,0,32.4,34.9,108.9,6.96,39,56,274,80.0,35.9,6.09,45
38,0,29.2,26.8,109.8,5.34,43,126,228,80.0,27.6,6.0,38
38,4,35.3,24.6,91.2,6.45,52,150,233,47.7,27.7,6.13,38
50,4,35.5,31.9,70.3,5.25,60,150,273,52.3,25.1,5.46,50
49,4,41.0,28.6,71.4,5.49,60,109,283,58.6,29.2,5.78,49
40,5,37.2,34.3,101.3,4.88,60,137,213,42.7,36.1,5.32,40
39,4,41.1,33.0,83.1,6.29,28,150,233,56.4,33.7,5.97,39
32,6,37.6,32.4,80.2,5.94,60,150,168,30.0,36.7,5.25,32
41,7,50.7,30.5,78.7,5.7,60,128,232,36.9,25.8,5.66,41
47,8,35.4,31.5,86.4,4.92,57,146,254,37.6,36.3,5.4,47
35,8,39.4,27.2,70.6,4.17,60,150,184,34.6,30.2,5.26,35
37,10,39.3,31.3,67.7,5.3,49,150,187,28.5,28.0,5.05,37
36,5,26.3,31.1,81.6,4.92,46,133,203,29.5,23.9,5.64,36
45,5,31.0,33.1,97.2,3.69,60,111,225,34.4,36.4,5.0,45
45,4,39.6,30.7,111.1,5.36,60,112,250,56.2,31.4,5.56,45
40,3,22.3,25.6,96.2,6.22,60,141,203,49.0,22.5,5.08,40
27,6,38.5,30.0,94.8,4.34,60,115,141,25.1,32.5,5.22,27
40,8,31.9,32.2,72.0,6.24,56,150,178,27.8,29.9,4.45,40
36,2,35.9,41.2,110.6,5.96,60,150,193,74.5,41.1,5.36,36
47,7,42.7,35.9,99.2,6.79,37,118,240,36.5,26.8,5.11,47
38,6,42.6,32.1,59.5,5.74,60,150,191,39.2,35.0,5.03,38
29,2,41.0,35.4,80.8,5.75,49,150,147,61.5,35.4,5.07,29
49,5,43.0,42.0,70.6,4.92,60,150,277,49.3,46.2,5.65,49
28,1,39.5,30.4,87.9,6.55,41,150,154,80.0,26.5,5.5,28
41,6,32.1,31.1,112.0,5.3,60,150,215,35.5,33.6,5.24,41
39,7,35.7,27.2,100.7,3.65,60,111,206,34.1,29.2,5.28,39
22,3,45.6,25.8,78.9,6.01,60,91,126,40.3,28.6,5.73,22
40,4,33.3,41.5,116.6,6.19,60,150,233,47.4,41.0,5.82,40
50,4,40.8,39.8,98.2,5.22,60,147,290,58.9,40.4,5.8,50
47,3,41.6,30.6,97.4,7.09,60,150,256,63.5,24.3,5.45,47
44,4,34.9,25.3,55.5,4.61,56,97,231,53.1,26.8,5.25,44
50,4,32.3,27.9,55.2,6.41,60,150,260,52.7,26.8,5.2,50
49,9,38.5,30.8,78.8,6.48,60,130,252,30.2,18.4,5.14,49
45,8,31.8,26.9,87.8,3.63,42,150,246,34.0,35.3,5.47,45
50,7,30.4,38.7,99.9,5.65,60,150,256,34.2,38.4,5.12,50
39,4,44.5,28.4,92.9,4.13,60,129,233,56.2,32.4,5.97,39
50,4,51.5,32.4,88.5,6.19,55,116,275,54.7,32.5,5.5,50
41,6,38.0,30.2,85.1,6.24,38,150,224,33.5,29.1,5.46,41
46,7,40.6,35.5,79.6,5.64,60,146,254,38.3,31.3,5.52,46
27,5,31.1,35.2,73.9,5.95,51,118,141,28.8,33.1,5.22,27
43,8,40.4,35.3,89.8,5.8,49,146,219,28.8,39.6,5.09,43
32,2,36.5,38.9,98.2,5.09,60,150,171,67.2,41.7,5.34,32
28,2,41.7,37.9,89.2,4.95,60,126,159,70.1,35.5,5.68,28
47,5,50.6,25.7,84.0,4.54,60,107,283,54.2,29.9,6.02,47
34,2,32.2,33.5,103.0,5.5,60,131,201,71.3,26.6,5.91,34
20,4,34.8,27.6,90.4,4.98,60,115,119,37.3,21.2,5.95,20
27,3,36.3,28.2,72.5,5.36,49,150,136,36.1,21.8,5.04,27
50,3,46.7,35.7,86.5,5.59,48,87,269,76.7,32.4,5.38,50
47,3,39.4,38.3,86.8,6.69,53,150,263,72.4,34.2,5.6,47
29,7,41.5,32.3,86.3,5.13,60,81,133,29.1,36.3,4.59,29
50,5,31.4,26.1,94.7,3.88,58,121,289,52.0,22.9,5.78,50
34,6,32.3,27.9,112.0,4.48,53,150,176,29.4,30.2,5.18,34
40,5,42.5,29.3,103.3,4.91,54,85,225,42.8,27.3,5.62,40
38,9,41.1,32.7,107.2,6.18,60,121,210,28.3,32.4,5.53,38
43,9,40.4,28.2,83.0,4.84,54,143,213,28.5,29.0,4.95,43
45,5,37.9,35.2,74.6,6.07,60,142,215,36.9,34.9,4.78,45
32,5,36.4,24.4,117.9,4.45,60,79,171,36.1,26.7,5.34,32
40,5,35.4,35.9,84.5,7.23,60,81,210,41.5,32.1,5.25,40
41,6,46.9,34.0,51.2,5.87,40,139,201,38.0,34.0,4.9,41
50,7,32.0,32.7,79.5,5.96,60,150,248,37.4,34.8,4.96,50
42,9,44.4,31.0,68.6,5.61,56,150,222,36.5,35.5,5.29,42
45,3,38.4,36.1,103.3,5.37,60,144,250,63.4,36.7,5.56,45
48,1,33.2,21.9,117.3,5.64,55,150,278,80.0,23.1,5.79,48
38,3,38.0,31.4,80.7,5.8,40,150,204,56.4,30.6,5.37,38
43,8,30.2,34.9,81.2,4.89,60,150,211,23.7,29.7,4.91,43
47,7,41.5,39.6,82.9,5.95,60,150,223,36.4,40.3,4.74,47
42,4,38.0,28.2,97.6,5.43,52,146,236,48.6,29.7,5.62,42
50,4,49.6,31.2,72.4,4.68,60,150,297,59.5,34.2,5.94,50
28,2,39.8,33.7,101.6,4.87,60,103,178,70.2,34.3,6.36,28
45,3,29.7,30.7,109.8,4.7,60,150,246,54.0,30.5,5.47,45
41,5,35.5,36.3,95.4,5.15,57,141,215,43.1,34.1,5.24,41
43,6,35.6,35.3,85.4,5.93,29,150,239,39.3,38.5,5.56,43
50,4,35.8,36.9,98.0,5.09,38,107,283,52.1,33.3,5.66,50
49,6,39.1,37.8,63.7,6.68,54,150,237,36.3,45.2,4.84,49
28,5,31.9,29.4,84.8,6.31,60,150,141,30.7,35.5,5.04,28
50,2,36.8,27.1,81.1,6.15,60,150,294,80.0,27.0,5.88,50
38,5,40.1,41.4,95.4,7.15,60,150,204,40.0,48.9,5.37,38
47,7,33.2,23.9,103.0,3.34,60,100,234,37.8,23.7,4.98,47
50,3,37.4,33.8,103.4,4.91,60,135,281,69.0,30.7,5.62,50
34,2,38.4,26.1,63.2,4.46,60,150,197,74.1,30.3,5.79,34
40,2,36.9,25.6,79.2,6.7,51,120,232,80.0,26.8,5.8,40
47,1,43.7,34.8,122.3,4.18,60,150,285,80.0,40.8,6.06,47
48,9,43.7,36.1,99.1,5.48,60,132,262,32.9,37.6,5.46,48
48,5,40.7,23.7,104.4,5.14,60,150,276,50.5,24.7,5.75,48
43,4,39.3,29.4,71.9,6.2,60,103,242,52.7,32.8,5.63,43
46,4,40.1,38.2,66.7,7.02,60,150,246,49.7,33.7,5.35,46
46,5,30.5,30.8,113.3,6.73,60,123,264,47.9,31.4,5.74,46
39,4,37.0,28.1,97.7,5.17,60,84,229,45.0,21.4,5.87,39
37,1,47.0,24.3,101.7,6.87,60,124,225,80.0,30.7,6.08,37
43,5,35.8,37.0,79.1,5.19,60,150,224,37.9,34.8,5.21,43
40,7,30.7,24.1,85.4,4.06,39,150,204,31.1,28.2,5.1,40
32,1,27.8,36.0,109.0,4.22,43,82,178,80.0,40.2,5.56,32
50,5,45.1,35.8,86.6,4.3,56,150,262,51.2,39.7,5.24,50
37,3,35.9,30.1,57.3,6.59,60,150,182,47.7,37.5,4.92,37
39,3,32.6,35.7,83.0,4.6,58,150,217,57.0,38.9,5.56,39
50,4,25.2,32.1,61.1,5.21,60,150,240,42.1,27.3,4.8,50
50,5,37.8,27.2,79.3,5.06,60,124,271,46.6,31.1,5.42,50
44,2,40.8,34.7,99.1,7.61,60,110,262,80.0,33.4,5.95,44
50,5,31.0,31.2,95.5,6.56,60,150,286,44.0,35.4,5.72,50
43,6,44.6,29.9,87.3,3.35,60,140,217,34.5,32.9,5.05,43
42,4,36.0,31.0,74.2,6.29,56,150,210,44.2,26.3,5.0,42
50,5,33.2,26.1,102.7,5.98,58,120,283,49.3,25.8,5.66,50
38,7,43.1,36.7,88.0,4.68,60,150,191,35.1,34.5,5.03,38
40,6,42.3,36.7,106.0,4.65,58,150,218,43.4,38.6,5.45,40
27,2,51.2,28.3,103.1,4.77,43,119,181,77.9,29.7,6.7,27
39,3,35.5,30.6,92.1,4.72,60,130,221,60.8,38.6,5.67,39
37,8,41.9,37.3,69.9,5.41,35,150,173,28.8,35.8,4.68,37
41,2,35.9,34.3,108.0,5.9,60,150,249,80.0,40.6,6.07,41
27,4,37.9,30.3,66.4,5.28,60,150,131,41.2,34.4,4.85,27
40,2,35.4,33.7,102.1,4.72,60,117,218,80.0,33.1,5.45,40
50,4,36.2,31.1,89.4,3.18,60,150,266,54.9,29.2,5.32,50
46,1,32.0,36.7,93.5,2.91,46,150,236,80.0,39.6,5.13,46
48,3,32.1,32.0,95.5,5.85,40,150,269,68.2,37.3,5.6,48
41,5,43.4,31.3,108.9,5.33,60,150,240,43.7,29.3,5.85,41
37,4,33.9,33.3,71.7,5.36,60,150,182,46.2,40.5,4.92,37
31,4,39.2,32.0,73.5,5.69,50,150,159,34.9,35.1,5.13,31
48,8,49.6,32.3,103.9,5.25,57,142,270,44.8,36.6,5.62,48
36,3,31.6,35.9,80.5,6.25,48,143,175,52.0,34.2,4.86,36
40,4,32.1,33.4,69.5,4.73,43,150,224,43.5,31.5,5.6,40
47,4,34.3,31.5,79.8,4.34,60,145,260,57.8,28.3,5.53,47
41,2,44.0,32.0,76.8,5.63,38,150,229,80.0,28.3,5.59,41
38,2,37.7,38.7,82.5,4.02,60,150,209,76.8,41.3,5.5,38
39,4,41.6,31.6,101.0,5.04,60,150,224,55.6,28.1,5.74,39
49,5,39.2,34.7,88.2,7.37,53,141,264,45.5,36.8,5.39,49
48,8,27.6,30.0,80.7,6.65,60,150,227,29.1,31.6,4.73,48
33,5,40.4,35.5,62.4,3.6,36,110,197,39.9,39.6,5.97,33
21,3,36.6,33.8,95.2,5.74,60,150,113,38.5,40.1,5.38,21
44,6,29.4,38.2,90.9,5.9,42,126,233,37.7,45.5,5.3,44
47,2,33.2,35.6,109.6,5.8,60,119,268,80.0,26.9,5.7,47
39,10,33.2,41.8,97.5,5.78,48,150,196,29.5,40.2,5.03,39
40,9,54.8,30.5,112.1,6.12,53,150,225,34.1,28.3,5.62,40
39,4,44.7,34.7,87.2,4.25,46,145,214,50.6,33.4,5.49,39
38,3,29.8,31.7,80.1,6.02,60,150,207,46.2,28.4,5.45,38
41,5,37.8,34.9,73.2,5.34,58,96,186,36.5,28.5,4.54,41
40,3,35.6,29.8,102.9,4.2,58,117,231,66.5,28.6,5.78,40
50,1,29.8,36.9,89.4,5.5,60,106,279,80.0,39.2,5.58,50
45,2,36.8,29.8,83.9,4.58,27,150,248,80.0,23.2,5.51,45
37,6,44.7,30.6,81.1,5.12,60,83,181,37.0,27.6,4.89,37
23,10,33.7,33.1,71.2,5.52,60,150,92,18.1,36.4,4.0,23
42,4,29.8,25.6,100.3,5.6,60,141,236,50.4,22.3,5.62,42
43,5,36.9,31.0,99.7,5.74,60,130,240,41.2,33.6,5.58,43
34,2,42.3,33.8,83.3,6.02,60,150,197,69.9,40.3,5.79,34
50,3,41.0,37.2,102.7,6.89,60,150,263,71.2,38.2,5.26,50
50,6,33.4,32.5,96.1,4.31,60,140,284,39.7,33.7,5.68,50
41,3,36.3,34.0,117.2,6.27,60,150,233,60.6,32.5,5.68,41
48,7,45.2,29.5,72.7,6.98,44,150,273,45.8,34.1,5.69,48
50,5,44.7,36.7,109.1,5.0,47,150,273,45.4,41.5,5.46,50
35,6,37.2,40.0,110.4,6.55,49,106,198,32.2,34.8,5.66,35
35,3,40.4,31.9,81.3,6.48,49,150,199,53.6,31.7,5.69,35
26,7,35.2,29.7,88.1,4.45,60,123,114,22.0,33.5,4.38,26
43,3,25.0,28.3,85.9,4.55,60,150,238,60.6,31.6,5.53,43
32,5,30.7,27.8,97.0,5.15,41,131,169,32.0,31.3,5.28,32
35,2,39.6,27.4,78.9,5.12,46,133,195,72.7,28.0,5.57,35
45,3,33.1,37.0,119.2,6.23,60,150,257,64.6,37.1,5.71,45
37,3,51.3,28.4,85.3,6.66,60,112,202,60.3,23.5,5.46,37
36,1,31.3,32.7,79.9,5.39,29,150,198,80.0,23.2,5.5,36
42,4,41.4,25.3,91.8,4.39,60,71,241,56.1,25.0,5.74,42
37,2,44.5,33.6,122.6,5.53,39,150,194,75.2,40.6,5.24,37
39,4,31.6,32.9,98.3,4.02,60,137,214,39.7,37.6,5.49,39
29,7,38.9,32.0,77.8,3.74,60,149,147,26.9,29.8,5.07,29
44,5,41.5,38.7,69.5,5.19,60,68,248,48.9,41.7,5.64,44
40,7,39.7,38.1,82.1,4.23,58,62,195,33.9,42.8,4.88,40
45,6,35.3,32.6,74.8,3.96,40,150,232,37.8,33.4,5.16,45
50,4,48.7,37.2,85.9,4.73,38,131,259,50.5,36.4,5.18,50
41,6,34.0,27.9,82.0,4.68,49,150,203,35.0,31.6,4.95,41
43,4,42.8,39.0,65.7,4.02,60,90,235,54.4,41.5,5.47,43
49,5,37.0,41.5,73.2,6.51,51,95,275,48.3,35.4,5.61,49
40,7,47.0,37.4,90.3,4.69,52,150,212,35.6,36.4,5.3,40
40,7,29.0,31.4,94.9,5.41,60,150,192,33.9,33.9,4.8,40
44,3,42.1,30.4,106.1,4.5,39,150,245,64.1,30.7,5.57,44
47,4,33.0,24.2,108.8,4.84,60,150,257,51.3,18.3,5.47,47
33,6,33.7,35.3,83.1,5.43,48,150,135,23.0,38.4,4.09,33
40,5,34.6,23.8,72.7,5.78,60,103,205,35.7,29.1,5.12,40
47,1,39.1,31.5,85.7,6.51,57,150,267,80.0,29.9,5.68,47
49,7,32.9,30.5,100.6,5.39,60,80,257,35.1,25.1,5.24,49
40,3,48.0,37.7,94.1,5.94,60,150,213,62.5,37.5,5.32,40
42,4,42.9,29.4,84.1,6.25,60,150,232,53.0,29.4,5.52,42
50,5,37.2,31.9,103.4,6.53,60,107,289,45.7,30.4,5.78,50
46,1,40.2,39.7,112.2,6.21,60,139,272,80.0,41.9,5.91,46
50,4,34.3,20.3,97.2,5.93,42,150,291,63.0,19.2,5.82,50
43,7,47.3,37.4,113.9,5.17,53,146,227,39.8,34.8,5.28,43
40,6,35.0,28.0,82.7,5.25,40,148,204,32.8,29.7,5.1,40
44,3,46.9,35.2,91.0,4.53,60,150,263,71.1,33.6,5.98,44
40,10,48.1,35.3,93.2,3.18,60,141,203,32.9,41.3,5.08,40
44,2,32.0,31.6,105.0,5.17,54,132,257,80.0,37.5,5.84,44
38,2,35.0,36.9,95.8,6.1,43,150,209,76.8,44.0,5.5,38
48,4,41.3,35.6,91.0,3.47,60,150,265,58.2,32.9,5.52,48
50,3,36.4,29.0,76.5,5.4,60,150,275,67.6,38.2,5.5,50
32,2,39.7,31.4,90.7,5.7,60,150,208,80.0,28.8,6.5,32
47,1,38.7,34.3,104.0,5.55,56,128,272,80.0,27.0,5.79,47
41,6,28.2,33.2,97.7,7.46,57,129,227,29.4,40.1,5.54,41
47,5,54.8,30.3,106.3,6.85,60,138,301,57.0,37.1,6.4,47
33,7,31.8,23.4,78.2,4.36,60,75,183,28.3,21.2,5.55,33
43,7,37.7,33.8,91.6,4.86,60,150,197,31.9,32.6,4.58,43
46,1,27.7,33.3,124.5,6.32,52,150,278,80.0,31.4,6.04,46
50,1,49.3,37.0,109.5,7.07,53,122,291,80.0,43.2,5.82,50
33,0,37.4,31.6,80.0,5.64,60,150,167,80.0,31.3,5.06,33
31,3,46.4,33.2,88.7,5.27,38,109,149,48.3,35.3,4.81,31
32,0,47.1,33.1,98.1,5.72,37,150,211,80.0,34.0,6.59,32
43,4,33.1,27.0,52.3,6.85,60,84,219,37.6,27.0,5.09,43
47,3,42.6,27.1,99.2,5.59,60,136,265,71.5,22.7,5.64,47
44,1,42.3,36.5,95.4,6.42,60,105,260,80.0,35.9,5.91,44
23,4,46.9,36.4,101.3,4.75,60,92,124,41.7,37.3,5.39,23
36,2,44.1,28.3,86.0,4.91,60,150,191,75.3,28.4,5.31,36
31,2,31.3,24.0,68.3,5.86,58,113,161,64.0,25.4,5.19,31
41,5,31.2,36.3,76.5,5.58,57,130,208,34.4,40.2,5.07,41
27,2,47.1,25.0,88.2,6.47,50,148,168,70.8,21.2,6.22,27
32,7,35.9,30.2,93.0,3.95,46,140,171,33.8,33.4,5.34,32
42,3,38.2,32.5,67.1,5.97,60,119,224,60.8,29.1,5.33,42
47,4,40.3,27.6,92.8,4.59,60,90,265,54.3,27.3,5.64,47
44,5,32.8,28.0,95.1,5.88,60,150,246,38.1,28.7,5.59,44
38,5,40.2,36.2,94.6,4.87,60,104,200,38.3,38.5,5.26,38
44,6,37.6,33.6,88.4,4.92,60,113,249,39.7,32.8,5.66,44
42,5,45.1,33.7,85.3,6.47,59,128,234,44.9,36.2,5.57,42
44,8,45.1,29.7,105.3,5.86,52,110,220,39.5,40.6,5.0,44
29,2,39.0,39.2,87.6,5.11,60,122,154,64.4,40.2,5.31,29
43,4,29.6,30.7,97.6,6.58,60,112,234,46.8,33.0,5.44,43
40,9,38.6,28.2,81.3,4.13,60,150,230,34.2,20.3,5.75,40
38,7,47.0,30.1,83.5,6.14,48,115,197,37.1,30.2,5.18,38
41,5,32.8,32.0,73.9,4.65,60,112,194,34.9,30.7,4.73,41
40,5,36.6,32.6,77.6,5.75,25,118,229,45.4,33.5,5.72,40
30,4,36.3,36.8,98.3,7.38,51,150,170,36.9,37.2,5.67,30
40,5,45.5,33.3,92.7,5.06,24,115,209,40.5,36.3,5.22,40
38,5,35.8,39.0,69.0,6.53,60,113,204,34.0,32.9,5.37,38
45,4,39.6,37.7,88.8,6.68,50,89,247,51.4,35.3,5.49,45
26,3,42.2,31.8,114.8,2.99,46,150,143,46.0,29.3,5.5,26
45,2,44.1,34.9,79.7,6.0,60,150,252,80.0,31.3,5.6,45
33,5,33.7,28.9,76.3,4.88,60,99,149,32.5,36.7,4.52,33
50,1,33.8,24.8,96.6,6.45,50,124,299,80.0,22.9,5.98,50
41,5,41.4,27.1,90.8,5.0,60,148,235,45.5,22.3,5.73,41
41,6,29.5,43.2,73.5,5.11,50,150,198,33.1,35.7,4.83,41
39,6,34.0,30.6,101.0,6.17,60,90,204,34.1,33.3,5.23,39
40,2,35.2,29.4,94.2,5.87,43,53,244,80.0,32.0,6.1,40
32,3,42.9,32.5,84.7,3.25,54,150,205,56.3,33.7,6.41,32
48,3,27.7,24.5,49.7,5.79,31,117,269,67.9,32.0,5.6,48
42,7,27.2,46.0,101.5,7.2,52,150,205,28.3,57.8,4.88,42
38,6,26.6,26.1,84.9,4.11,60,150,201,31.8,27.4,5.29,38
40,7,34.4,29.2,59.9,5.83,51,150,173,28.2,29.1,4.32,40
50,3,38.5,35.7,81.8,5.5,60,120,299,72.2,35.1,5.98,50
49,3,39.4,30.8,76.3,6.42,60,150,278,70.9,29.2,5.67,49
30,10,40.7,33.6,114.6,4.22,60,150,154,22.0,35.9,5.13,30
47,7,42.1,20.6,64.6,4.07,60,150,245,40.2,18.9,5.21,47
32,5,43.4,29.5,95.3,5.66,60,150,183,43.5,28.3,5.72,32
34,3,47.1,22.3,111.0,4.57,52,78,198,62.2,26.3,5.82,34
50,3,38.9,39.1,89.8,4.1,60,150,252,67.4,44.7,5.04,50
40,5,40.3,34.5,92.8,6.22,60,150,210,48.1,34.0,5.25,40
50,6,42.6,35.2,70.3,4.7,60,150,257,46.5,38.0,5.14,50
36,5,35.4,41.0,88.3,5.71,60,107,200,34.4,48.1,5.56,36
32,3,41.6,41.5,97.6,5.3,60,104,179,54.4,42.9,5.59,32
36,7,50.3,35.7,108.0,7.29,34,150,188,37.3,36.3,5.22,36
35,2,38.8,27.2,106.5,5.71,60,150,207,80.0,27.0,5.91,35
50,1,36.1,28.8,71.1,4.7,49,150,266,80.0,30.0,5.32,50
48,2,37.0,29.6,72.7,5.28,60,150,254,80.0,34.1,5.29,48
50,6,30.7,36.0,89.3,6.58,59,121,276,39.0,34.6,5.52,50
50,3,45.2,27.1,92.2,5.1,43,150,287,68.4,26.5,5.74,50
42,5,41.2,31.2,94.5,4.13,52,107,226,46.6,36.0,5.38,42
47,4,38.9,30.7,92.4,6.09,60,130,254,52.0,35.3,5.4,47
36,2,43.8,32.1,77.5,5.67,60,149,197,75.1,37.9,5.47,36
50,2,35.2,37.7,91.9,6.1,60,99,299,80.0,41.3,5.98,50
50,6,37.8,33.7,82.9,5.06,31,145,265,42.1,29.4,5.3,50
45,4,36.7,34.4,95.2,5.8,46,110,242,47.6,36.4,5.38,45
34,0,26.6,32.0,101.2,6.16,60,122,184,80.0,33.0,5.41,34
35,6,39.5,30.7,107.9,6.42,33,122,199,42.6,25.2,5.69,35
47,6,41.8,31.9,74.1,5.02,39,142,255,39.3,30.9,5.43,47
45,6,38.6,25.8,95.5,7.13,60,125,243,34.6,29.8,5.4,45
50,3,32.8,33.5,109.7,6.43,56,150,294,73.1,35.3,5.88,50
40,8,31.4,28.9,96.5,5.41,60,128,210,31.5,30.8,5.25,40
36,9,27.3,28.7,101.2,4.7,49,87,200,21.5,25.4,5.56,36
39,7,31.9,25.8,79.1,3.94,43,150,202,25.6,30.2,5.18,39
34,5,35.0,27.8,94.6,4.11,52,121,178,37.0,31.4,5.24,34
40,4,40.7,39.9,102.2,6.2,60,150,218,49.4,45.3,5.45,40
50,5,42.7,36.6,75.0,5.32,60,150,276,51.3,41.0,5.52,50
46,1,49.4,24.9,84.2,5.13,40,136,264,80.0,21.2,5.74,46
37,2,49.5,39.1,91.6,4.79,60,133,208,80.0,41.6,5.62,37
47,3,37.4,38.8,63.1,4.13,60,150,245,60.0,43.7,5.21,47
43,4,32.3,33.0,105.8,6.53,57,118,215,44.0,42.1,5.0,43
42,5,35.3,31.0,66.4,7.32,60,150,218,42.4,30.4,5.19,42
46,6,44.1,35.8,97.9,4.41,60,150,264,45.7,38.8,5.74,46
50,3,37.5,33.2,87.9,5.46,50,142,271,72.9,43.2,5.42,50
33,6,40.8,37.5,85.4,7.06,56,150,180,36.6,30.9,5.45,33
41,5,34.8,35.0,78.5,4.36,55,130,202,36.3,38.9,4.93,41
27,5,34.5,36.4,109.9,5.53,60,129,170,31.5,39.4,6.3,27
47,10,41.7,29.2,58.6,5.13,39,139,247,28.6,35.8,5.26,47
45,2,38.7,27.0,62.0,3.76,60,150,249,80.0,24.5,5.53,45
47,5,40.8,23.6,84.0,5.14,53,150,264,48.2,24.6,5.62,47
41,4,42.1,26.7,72.1,4.46,60,150,240,55.3,30.4,5.85,41
37,5,40.8,33.1,90.4,5.42,60,150,221,44.5,33.2,5.97,37
42,2,34.7,30.1,88.4,3.38,55,150,231,80.0,32.8,5.5,42
35,9,47.2,27.6,74.8,4.65,60,126,178,28.5,27.8,5.09,35
50,3,34.0,32.3,97.5,7.36,44,95,279,66.8,38.4,5.58,50
50,5,28.8,30.2,101.4,6.42,60,92,266,45.9,31.2,5.32,50
49,2,33.0,29.7,109.5,4.84,60,150,282,80.0,29.9,5.76,49
33,3,32.4,26.3,79.8,6.33,58,150,190,49.0,30.8,5.76,33
39,5,34.4,26.6,100.2,4.3,60,150,215,39.4,29.1,5.51,39
33,2,39.9,21.1,90.7,5.73,60,78,173,68.3,14.9,5.24,33
43,3,40.6,31.5,99.1,5.28,60,150,232,63.3,34.2,5.4,43
50,2,39.7,28.3,105.2,5.59,60,150,295,80.0,26.9,5.9,50
38,4,31.8,23.2,79.8,6.6,60,150,204,46.2,26.7,5.37,38
49,2,38.8,34.3,104.6,4.5,51,150,265,80.0,34.5,5.41,49
50,4,42.0,24.2,100.6,4.37,60,150,286,64.1,21.5,5.72,50
26,3,38.9,28.6,101.5,6.15,52,114,127,44.2,30.2,4.88,26
49,5,23.7,29.1,89.8,5.31,60,150,255,34.8,27.8,5.2,49
22,3,26.7,23.6,90.3,4.32,60,124,122,30.7,27.3,5.55,22
49,4,36.7,33.3,81.1,7.08,41,150,273,60.0,35.7,5.57,49
37,7,39.6,27.4,93.2,7.69,60,147,221,34.5,28.6,5.97,37
40,2,30.3,25.4,47.4,7.11,60,150,204,68.9,26.2,5.1,40
35,4,36.2,32.3,80.4,4.28,60,150,177,44.8,28.2,5.06,35
43,2,33.3,34.6,60.3,4.04,60,150,254,80.0,39.9,5.91,43
46,6,38.6,27.4,86.1,6.64,60,76,270,45.6,34.2,5.87,46
50,1,30.8,26.7,61.0,5.99,60,150,269,80.0,22.2,5.38,50
50,7,39.4,41.2,104.3,6.05,60,148,304,43.0,37.7,6.08,50
30,6,42.5,29.0,94.0,5.74,60,128,180,31.7,26.0,6.0,30
36,5,33.2,31.0,77.0,5.49,60,136,198,40.3,39.4,5.5,36
36,1,34.0,34.4,105.5,6.64,60,97,194,80.0,37.7,5.39,36
32,4,43.6,31.7,69.2,6.97,56,150,171,40.8,31.0,5.34,32
35,6,33.3,32.3,85.6,5.16,54,150,190,32.5,30.2,5.43,35
36,6,44.1,29.2,103.5,3.92,60,139,194,34.0,33.8,5.39,36
41,8,43.5,29.9,77.4,5.62,54,150,204,31.3,35.7,4.98,41
42,7,32.2,33.1,103.9,6.28,60,105,215,31.2,29.9,5.12,42
37,3,31.7,26.5,70.4,6.38,60,122,176,49.7,21.9,4.76,37
45,7,32.9,34.4,70.1,5.1,60,112,238,31.5,32.9,5.29,45
47,3,31.3,27.4,85.1,5.17,52,150,259,62.1,28.2,5.51,47
37,7,38.9,28.7,56.1,5.46,54,141,187,31.4,36.1,5.05,37
43,4,37.2,39.5,100.6,6.54,60,150,257,52.7,45.3,5.98,43
35,4,35.1,37.0,87.1,3.86,60,100,206,47.5,46.3,5.89,35
36,8,29.6,25.4,59.1,3.95,60,137,164,28.1,30.0,4.56,36
50,6,42.4,40.5,113.8,6.06,55,146,268,48.0,38.7,5.36,50
44,7,41.2,32.6,74.7,3.83,60,136,238,39.3,32.9,5.41,44
43,3,39.8,35.1,113.5,3.99,60,143,255,70.1,33.0,5.93,43
35,4,38.8,43.3,107.2,5.63,55,150,190,39.6,42.7,5.43,35
47,4,29.3,27.5,89.1,5.2,49,150,259,47.2,22.8,5.51,47
48,4,30.0,36.9,67.9,5.12,60,150,257,50.2,34.5,5.35,48
40,4,26.7,30.4,80.8,3.88,60,112,198,41.6,26.7,4.95,40
47,4,34.9,32.3,116.9,6.14,60,150,243,52.2,36.4,5.17,47
45,4,33.8,36.3,89.0,4.7,46,127,235,54.5,39.2,5.22,45
43,5,38.3,40.8,70.3,4.96,53,150,216,42.2,45.0,5.02,43
48,2,40.4,41.6,102.7,4.05,60,88,286,80.0,37.5,5.96,48
36,3,35.7,38.4,93.7,4.68,60,150,196,51.9,43.9,5.44,36
42,3,31.9,43.4,99.2,4.66,48,150,226,57.2,43.1,5.38,42
45,9,35.9,36.2,86.4,4.8,60,150,233,33.4,32.6,5.18,45
40,6,34.4,40.6,104.1,3.47,60,132,209,33.0,41.4,5.22,40
46,5,29.8,32.7,115.1,5.52,60,150,245,40.0,31.2,5.33,46
44,3,39.1,30.0,93.3,4.66,34,132,253,64.4,30.1,5.75,44
38,3,37.0,28.3,84.0,5.59,57,150,207,50.7,29.2,5.45,38
50,3,37.3,34.2,103.5,3.86,41,103,278,71.1,37.7,5.56,50
34,1,34.1,37.2,111.7,6.04,41,150,201,80.0,33.7,5.91,34
42,6,41.6,33.9,97.4,5.26,60,121,229,37.7,33.4,5.45,42
50,5,33.1,27.4,83.2,7.84,52,150,271,46.2,24.8,5.42,50
50,6,41.7,31.4,56.7,6.41,60,134,270,44.2,30.1,5.4,50
50,5,41.8,29.6,69.1,5.75,60,97,268,45.6,27.5,5.36,50
46,2,38.0,37.0,66.5,6.0,60,141,242,80.0,41.5,5.26,46
36,4,29.5,25.7,74.2,5.07,60,98,176,40.2,26.9,4.89,36
36,3,33.7,35.9,95.3,6.78,60,150,223,58.1,34.0,6.19,36
50,3,38.2,24.5,98.1,6.84,42,124,284,72.4,30.6,5.68,50
48,2,42.1,26.8,79.9,7.88,60,150,276,80.0,24.6,5.75,48
50,5,41.0,35.1,80.5,4.78,38,150,252,46.9,37.0,5.04,50
50,4,41.1,25.8,97.1,3.91,57,128,288,62.1,37.2,5.76,50
45,6,35.0,24.9,69.7,7.03,41,150,224,39.7,20.7,4.98,45
40,2,36.3,30.3,84.3,5.11,60,92,220,80.0,30.7,5.5,40
40,4,36.4,34.8,74.5,4.59,56,107,220,50.8,33.6,5.5,40
41,5,44.6,32.6,96.5,5.9,60,150,227,48.2,32.1,5.54,41
43,3,35.7,39.6,82.1,6.9,39,150,255,65.0,39.4,5.93,43
44,5,47.8,20.7,99.8,6.17,58,150,246,48.1,20.4,5.59,44
44,8,34.3,35.0,76.9,7.39,60,150,225,27.8,39.1,5.11,44
45,4,27.9,30.5,90.1,4.97,59,133,233,47.2,25.1,5.18,45
45,2,36.2,23.7,79.2,5.26,60,124,231,80.0,14.9,5.13,45
30,9,46.8,34.1,72.2,6.72,53,150,134,27.8,38.9,4.47,30
40,7,36.0,42.0,82.8,4.33,60,150,189,33.8,38.1,4.72,40
42,1,29.1,39.2,84.8,4.72,60,150,233,80.0,38.2,5.55,42
46,7,25.3,28.4,74.9,4.71,52,113,230,25.9,24.7,5.0,46
39,5,28.7,36.2,66.8,5.5,60,150,179,29.6,40.3,4.59,39
36,2,37.3,31.0,90.5,6.03,59,133,211,77.6,22.4,5.86,36
42,3,36.2,28.6,116.1,5.16,45,150,243,60.3,36.3,5.79,42
38,8,27.8,24.7,88.9,4.85,60,123,194,26.9,25.6,5.11,38
47,7,39.5,34.3,85.2,6.66,46,86,252,38.0,39.7,5.36,47
40,3,34.0,34.8,95.6,4.3,60,150,228,52.8,37.5,5.7,40
37,5,49.3,35.5,94.4,4.65,60,123,185,46.0,37.6,5.0,37
50,4,50.7,23.9,101.1,5.76,60,123,281,66.5,26.1,5.62,50
37,8,36.0,29.9,82.4,5.21,55,125,166,29.7,29.8,4.49,37
37,6,55.8,35.2,69.9,5.45,60,150,202,41.9,39.5,5.46,37
35,6,43.5,32.0,98.2,5.48,56,107,176,32.9,31.2,5.03,35
38,3,43.9,35.8,87.5,5.82,43,150,221,65.3,38.4,5.82,38
50,3,41.2,29.4,91.4,5.53,60,75,273,72.3,34.4,5.46,50
34,2,48.0,26.2,99.9,7.27,54,150,187,77.2,25.8,5.5,34
37,6,43.0,27.6,90.3,5.74,58,103,220,37.9,25.8,5.95,37
29,1,38.5,21.2,94.8,4.69,60,122,170,80.0,18.1,5.86,29
33,3,32.2,38.0,97.3,5.09,60,150,179,48.4,39.9,5.42,33
38,4,48.1,31.1,93.4,4.79,42,141,225,50.6,33.4,5.92,38
35,4,39.5,39.4,70.1,6.69,31,150,181,38.8,37.1,5.17,35
30,6,31.9,32.8,86.8,6.39,60,150,151,31.4,33.9,5.03,30
42,1,27.7,29.8,58.6,6.14,42,150,204,80.0,31.2,4.86,42
48,8,36.4,36.9,105.6,6.88,60,150,237,32.0,36.3,4.94,48
39,5,38.1,27.8,103.7,4.41,59,79,225,41.5,37.8,5.77,39
49,4,49.8,28.1,109.9,6.24,57,115,289,59.5,35.0,5.9,49
36,4,35.2,35.7,69.2,4.84,58,150,176,42.7,38.8,4.89,36
50,5,34.1,36.3,82.4,5.05,60,150,250,42.4,31.0,5.0,50
48,4,41.4,31.1,105.7,4.83,60,127,270,61.9,25.6,5.62,48
50,4,34.1,34.5,72.3,5.67,60,122,270,49.4,44.4,5.4,50
35,7,38.9,29.4,118.6,7.02,49,110,201,29.3,31.7,5.74,35
36,4,37.6,30.7,70.6,5.73,56,111,184,44.4,29.6,5.11,36
41,3,33.8,29.5,81.1,4.84,60,111,194,53.5,34.5,4.73,41
39,6,40.3,28.2,118.6,4.94,37,138,234,38.7,32.4,6.0,39
34,5,42.2,36.2,95.5,6.04,39,150,177,36.6,36.8,5.21,34
37,4,31.7,41.9,78.2,5.7,60,150,188,39.9,41.9,5.08,37
50,5,38.7,18.8,72.9,5.04,56,139,289,52.1,20.3,5.78,50
36,5,29.7,24.9,77.7,6.67,60,150,187,30.5,22.5,5.19,36
34,1,37.8,35.6,89.6,7.0,57,150,198,80.0,38.1,5.82,34
45,1,42.9,34.4,69.6,6.09,60,111,235,80.0,27.8,5.22,45
46,4,30.6,36.5,80.8,5.41,60,76,251,53.3,35.6,5.46,46
50,2,46.5,36.5,112.2,6.67,60,95,299,80.0,41.0,5.98,50
35,3,42.5,26.8,91.7,6.02,40,130,190,51.6,27.7,5.43,35
39,3,42.4,31.9,107.2,5.63,45,133,243,69.4,31.2,6.23,39
50,1,35.7,26.5,87.0,4.99,60,150,298,80.0,27.5,5.96,50
37,5,42.0,32.9,76.4,5.11,60,150,193,37.6,36.0,5.22,37
45,5,33.6,29.4,100.6,5.01,46,131,260,44.7,27.8,5.78,45
44,7,36.8,33.2,78.9,6.12,60,150,214,30.9,26.6,4.86,44
40,3,43.5,27.3,81.8,4.64,60,150,223,63.4,22.5,5.58,40
50,3,49.6,27.6,106.9,4.39,45,150,297,80.0,27.6,5.94,50
48,8,25.7,34.2,77.9,6.08,60,127,231,30.2,35.3,4.81,48
49,3,38.2,38.7,74.7,6.77,60,150,269,66.5,36.4,5.49,49
49,5,42.5,32.9,81.1,4.37,60,103,277,48.6,35.8,5.65,49
47,6,42.3,36.6,108.6,3.83,59,150,281,42.8,32.3,5.98,47
40,4,40.7,34.5,103.0,5.74,60,150,245,55.9,31.9,6.12,40
48,5,34.0,41.0,96.7,3.62,60,150,265,49.0,42.0,5.52,48
36,1,38.1,36.3,107.1,7.08,60,74,228,80.0,31.3,6.33,36
37,2,38.3,32.2,76.3,6.33,25,48,210,76.2,34.7,5.68,37
50,5,33.2,28.9,71.2,3.54,50,150,276,47.0,25.4,5.52,50
39,7,36.3,28.4,110.9,5.77,60,136,208,31.2,28.8,5.33,39
41,1,43.7,26.3,57.5,5.39,60,132,215,80.0,23.2,5.24,41
49,7,34.1,32.1,103.0,4.83,51,150,259,33.4,33.9,5.29,49
46,4,38.3,21.1,62.1,6.02,47,150,240,48.7,26.3,5.22,46
44,2,21.0,30.2,67.7,6.18,60,104,234,78.1,26.6,5.32,44
42,7,41.6,31.4,110.2,4.16,60,83,238,37.4,31.0,5.67,42
43,8,34.1,33.2,78.7,6.52,60,150,211,33.4,30.5,4.91,43
50,9,36.5,26.6,93.8,7.18,60,91,252,29.3,30.9,5.04,50
41,5,30.5,29.7,99.9,5.8,59,150,228,37.6,29.4,5.56,41
43,10,41.4,27.6,76.3,5.81,60,149,199,32.9,35.3,4.63,43
43,3,42.5,34.6,88.5,4.63,37,150,240,65.1,36.4,5.58,43
37,2,30.6,28.9,90.6,5.16,59,103,211,74.4,28.8,5.7,37
31,4,47.5,28.8,86.6,6.61,53,150,186,42.7,26.6,6.0,31
38,4,35.7,24.6,90.9,3.6,58,150,197,45.1,27.8,5.18,38
47,5,40.9,28.0,93.4,5.86,60,136,267,43.6,29.6,5.68,47
40,4,36.7,34.9,71.5,5.16,60,135,215,46.9,35.1,5.38,40
42,4,38.0,33.8,91.3,6.15,60,150,233,51.1,30.2,5.55,42
29,2,33.2,30.1,118.0,4.18,56,150,164,62.5,35.6,5.66,29
40,1,40.4,33.6,93.6,6.48,60,150,216,80.0,37.2,5.4,40
40,4,31.6,29.5,87.7,4.8,60,150,218,44.0,31.5,5.45,40
41,2,36.2,28.9,98.9,6.17,60,150,239,78.1,20.1,5.83,41
37,4,33.7,30.1,84.3,6.08,60,92,199,44.8,37.9,5.38,37
50,1,52.7,40.6,100.7,5.05,60,141,317,80.0,42.3,6.34,50
38,5,31.9,28.7,112.1,6.65,60,150,211,39.5,28.9,5.55,38
26,1,47.1,32.2,87.6,5.76,60,134,158,80.0,32.3,6.08,26
44,8,40.0,32.5,120.6,6.18,60,150,248,36.1,30.8,5.64,44
41,5,49.1,25.0,106.5,5.98,31,150,239,48.8,31.3,5.83,41
47,3,35.9,32.2,65.9,4.18,52,125,227,62.0,32.0,4.83,47
42,4,37.5,31.4,107.8,5.62,57,69,251,49.6,34.9,5.98,42
33,4,42.4,25.0,80.9,6.01,39,128,180,40.7,26.9,5.45,33
49,3,34.2,38.9,93.6,5.97,60,150,271,71.2,35.0,5.53,49
39,8,37.7,31.3,93.5,5.21,60,116,197,26.8,24.0,5.05,39
40,3,28.8,36.1,87.3,6.43,60,88,224,60.2,40.2,5.6,40
33,4,40.9,33.8,77.6,5.94,60,150,189,51.6,38.2,5.73,33
42,4,35.2,24.1,86.8,4.93,60,150,220,52.5,24.0,5.24,42
46,4,39.2,32.8,77.5,3.77,60,108,258,53.1,30.5,5.61,46
39,4,38.1,26.8,96.2,6.08,60,150,212,40.8,26.2,5.44,39
39,6,33.8,35.3,85.6,3.83,57,146,211,31.9,38.7,5.41,39
32,8,37.6,32.4,122.5,4.98,60,150,160,28.3,35.3,5.0,32
45,5,45.6,30.6,93.4,3.34,60,133,228,46.4,30.7,5.07,45
39,2,42.5,25.7,87.1,4.59,60,150,218,80.0,23.9,5.59,39
33,5,43.9,35.8,73.5,6.14,60,150,192,44.0,34.6,5.82,33
50,2,34.2,34.6,73.8,5.54,60,145,289,80.0,27.2,5.78,50
39,6,40.8,31.4,77.7,6.2,32,78,213,35.7,28.9,5.46,39
49,4,47.6,22.3,101.3,5.1,60,150,291,56.5,19.7,5.94,49
39,7,36.9,34.9,91.7,5.28,60,115,201,33.4,41.2,5.15,39
37,5,33.2,31.2,94.1,7.89,60,150,201,37.1,32.5,5.43,37
50,5,42.8,32.6,102.9,6.22,38,150,261,49.4,24.6,5.22,50
39,5,44.2,26.7,102.9,6.93,49,135,240,50.2,25.6,6.15,39
48,4,22.3,27.5,120.1,4.43,57,91,263,53.1,31.3,5.48,48
41,4,46.7,42.7,105.1,6.56,60,150,225,54.0,39.0,5.49,41
50,4,31.4,31.8,109.3,5.55,35,85,279,56.1,33.8,5.58,50
37,4,42.8,40.8,112.5,5.22,57,88,214,45.3,41.8,5.78,37
50,3,30.5,30.8,101.5,6.28,60,150,291,72.3,31.7,5.82,50
38,10,28.6,29.0,104.1,5.39,60,150,189,21.2,29.0,4.97,38
43,1,33.3,31.5,92.9,5.55,60,150,223,80.0,28.0,5.19,43
30,5,39.4,31.8,68.1,2.77,60,131,163,41.1,31.3,5.43,30
46,3,37.6,32.3,59.2,6.0,52,150,256,65.5,35.5,5.57,46
38,3,30.5,31.8,107.6,5.38,60,129,197,51.0,34.3,5.18,38
50,6,38.0,37.4,90.1,6.51,60,149,268,48.8,34.9,5.36,50
36,6,52.0,32.6,86.2,5.55,38,149,215,40.5,37.4,5.97,36
48,4,34.7,33.3,74.7,5.3,38,59,262,53.0,36.1,5.46,48
39,3,39.9,37.9,96.1,5.25,60,123,205,55.8,32.0,5.26,39
41,4,42.9,36.3,57.2,5.22,60,150,203,50.6,37.1,4.95,41
44,8,40.9,45.1,93.9,6.08,49,146,234,39.9,47.8,5.32,44
50,2,40.4,31.8,105.9,6.49,46,150,273,80.0,36.9,5.46,50
49,5,44.7,32.1,83.3,5.87,55,125,268,51.2,31.6,5.47,49
38,3,30.6,31.0,70.5,5.81,60,150,195,48.5,34.0,5.13,38
50,4,43.6,25.3,97.4,5.56,60,129,296,54.9,29.5,5.92,50
50,4,37.9,34.1,96.2,4.39,48,121,255,55.9,35.4,5.1,50
40,4,36.1,30.0,96.3,5.73,60,140,208,46.2,40.3,5.2,40
49,8,27.3,27.8,81.9,6.44,31,91,287,31.3,26.6,5.86,49
38,6,32.8,31.3,120.7,4.55,60,110,206,33.2,36.9,5.42,38
43,3,35.5,36.4,87.2,6.9,60,98,232,59.0,36.6,5.4,43
42,3,40.2,34.7,109.6,5.41,57,117,239,63.3,41.9,5.69,42
46,7,46.0,31.4,113.1,4.46,60,146,248,39.1,31.7,5.39,46
42,5,37.5,38.5,69.8,6.35,51,150,213,38.2,41.0,5.07,42
37,4,31.4,30.1,105.4,5.68,60,147,198,42.9,37.4,5.35,37
49,5,31.4,28.7,90.2,7.17,60,150,278,40.6,24.7,5.67,49
47,4,46.2,31.6,95.0,4.21,53,119,261,56.8,30.7,5.55,47
32,4,30.1,33.8,95.5,5.38,60,149,172,35.9,32.9,5.38,32
39,6,44.1,35.7,95.7,5.07,54,150,219,35.1,36.9,5.62,39
45,8,40.1,26.1,91.3,6.6,60,130,255,33.8,27.1,5.67,45
47,4,39.7,32.5,80.2,5.01,60,120,244,52.5,31.6,5.19,47
43,6,40.6,26.2,98.3,5.52,60,104,238,44.0,26.2,5.53,43
50,4,40.3,30.4,61.6,3.77,37,150,295,59.5,31.2,5.9,50
40,4,48.2,29.8,124.8,6.76,60,150,255,58.1,27.5,6.38,40
40,4,37.1,32.6,94.7,6.1,60,150,211,43.9,34.0,5.28,40
41,3,34.3,42.0,101.1,5.7,60,135,239,64.2,42.3,5.83,41
27,3,39.4,24.5,87.5,3.7,60,150,134,44.3,21.4,4.96,27
46,4,39.7,40.0,69.0,4.58,60,150,244,50.2,39.4,5.3,46
43,7,39.3,30.9,92.0,5.43,60,144,228,36.2,28.5,5.3,43
40,2,33.0,34.8,94.6,6.44,53,114,223,77.6,34.5,5.58,40
47,6,35.5,33.5,76.8,8.59,53,132,251,42.7,34.7,5.34,47
30,1,33.9,36.2,77.3,7.4,58,86,156,80.0,36.6,5.2,30
37,3,46.6,34.0,46.7,5.3,60,127,196,67.9,36.1,5.3,37
50,3,39.3,29.7,84.0,6.55,60,128,281,65.7,33.0,5.62,50
35,6,31.9,36.4,87.9,6.18,60,101,162,30.8,44.7,4.63,35
47,3,46.3,27.5,83.4,5.3,60,90,274,70.7,28.8,5.83,47
39,3,41.9,38.9,86.5,5.55,60,150,208,61.1,44.2,5.33,39
50,9,42.2,32.0,109.7,5.15,52,117,273,36.8,29.7,5.46,50
49,5,41.2,36.9,112.9,4.99,60,150,285,52.5,42.6,5.82,49
40,6,32.3,42.3,109.4,6.68,60,150,195,29.2,47.5,4.88,40
32,10,46.3,40.9,79.4,5.46,44,150,175,29.8,42.6,5.47,32
50,2,43.2,41.1,65.8,6.01,51,150,291,80.0,40.6,5.82,50
25,2,43.5,34.0,94.0,6.27,60,138,144,63.8,31.4,5.76,25
43,3,38.8,26.0,104.2,7.82,60,150,262,66.7,28.3,6.09,43
47,2,49.7,32.7,113.8,6.25,60,100,298,80.0,28.8,6.34,47
42,8,39.0,31.9,95.1,4.32,60,150,201,35.0,31.2,4.79,42
49,2,41.9,23.2,91.0,4.84,51,130,312,80.0,18.0,6.37,49
47,1,40.3,29.3,105.1,4.72,60,150,285,80.0,30.6,6.06,47
45,6,39.1,34.8,91.0,7.67,60,146,245,43.8,42.3,5.44,45
47,6,34.6,38.6,89.9,6.35,60,150,240,35.4,34.5,5.11,47
50,3,31.6,35.0,69.4,5.33,32,150,282,75.0,35.4,5.64,50
41,5,44.8,24.7,72.2,4.96,60,107,220,39.7,24.7,5.37,41
44,2,30.0,42.0,74.2,5.74,48,150,223,80.0,39.0,5.07,44
42,1,35.6,41.4,80.4,4.62,42,150,242,80.0,41.5,5.76,42
50,4,51.6,22.8,91.1,4.46,49,123,298,63.2,26.1,5.96,50
45,3,35.4,38.5,80.7,5.16,40,150,227,63.3,32.5,5.04,45
39,3,29.3,29.9,97.8,6.1,60,150,211,52.8,31.5,5.41,39
40,8,33.1,36.0,60.9,5.11,44,150,205,25.1,39.5,5.12,40
43,5,41.3,40.6,82.6,3.81,60,150,246,48.0,42.3,5.72,43
48,7,38.9,34.2,107.3,5.15,60,131,257,38.8,31.2,5.35,48
28,4,41.2,33.7,95.1,4.76,60,144,154,39.4,34.8,5.5,28
50,8,31.6,32.7,63.2,4.83,46,150,264,25.7,33.4,5.28,50
50,3,37.1,18.6,101.1,6.25,56,150,280,71.3,16.0,5.6,50
50,5,44.8,30.9,72.8,4.9,60,150,256,51.3,35.7,5.12,50
41,5,33.9,24.9,89.4,4.3,50,126,221,38.8,19.3,5.39,41
47,5,40.8,30.0,96.2,5.15,60,144,267,49.0,36.9,5.68,47
44,1,37.9,35.2,72.6,5.9,50,149,239,80.0,39.6,5.43,44
35,5,32.3,28.1,98.7,4.94,60,150,189,31.8,26.6,5.4,35
50,4,46.7,26.2,109.2,5.23,39,137,305,68.4,24.3,6.1,50
44,6,29.1,29.2,80.0,5.33,59,150,237,28.4,27.7,5.39,44
48,9,38.8,28.7,90.5,8.0,45,150,236,26.1,29.2,4.92,48
43,6,30.2,28.4,98.2,6.0,60,150,242,38.0,34.4,5.63,43
46,5,40.6,31.8,79.0,5.01,37,144,251,49.3,31.6,5.46,46
42,5,44.9,34.8,96.4,6.48,55,150,251,50.4,36.7,5.98,42
43,9,30.6,42.3,123.6,4.58,54,150,207,25.3,37.8,4.81,43
36,4,24.2,26.9,97.1,4.32,55,150,207,43.7,27.9,5.75,36
50,10,42.2,25.5,88.4,5.92,48,150,263,37.3,23.4,5.26,50
40,2,34.0,32.3,70.1,6.33,52,150,212,78.5,26.6,5.3,40
44,6,30.5,33.9,90.2,4.62,52,119,228,31.5,30.0,5.18,44
28,6,48.0,35.3,70.7,6.63,60,49,141,31.9,37.6,5.04,28
45,5,32.3,28.6,89.5,5.72,58,113,229,35.6,29.1,5.09,45
34,5,26.3,30.1,84.8,5.57,57,150,197,37.1,29.3,5.79,34
50,1,35.4,30.0,83.4,6.34,55,150,289,80.0,25.3,5.78,50
44,3,43.5,31.7,114.9,7.31,53,150,248,71.9,37.4,5.64,44
34,2,44.1,43.5,110.5,3.29,60,150,190,77.3,48.9,5.59,34
45,3,35.2,35.0,93.3,5.14,55,101,251,66.9,30.0,5.58,45
41,3,36.8,39.8,89.7,4.7,60,132,221,57.2,43.8,5.39,41
42,4,25.9,27.5,54.5,5.24,60,150,202,38.8,23.4,4.81,42
41,5,50.4,33.0,99.8,5.79,50,150,244,45.2,29.7,5.95,41
48,3,51.4,30.2,92.4,6.71,60,150,292,74.8,29.5,6.08,48
42,6,27.6,34.4,99.1,5.8,60,86,212,33.2,35.2,5.05,42
50,5,38.3,36.9,82.9,5.49,60,150,272,54.0,38.5,5.44,50
41,3,34.6,35.0,89.2,4.64,60,150,216,51.7,37.6,5.27,41
37,5,42.6,28.8,85.3,4.75,60,150,196,43.3,26.7,5.3,37
39,3,41.5,28.8,86.0,4.46,60,84,227,63.1,28.1,5.82,39
35,3,34.3,31.4,81.2,6.46,60,111,187,50.7,37.7,5.34,35
42,3,41.5,27.9,84.5,5.66,60,81,223,65.9,26.8,5.31,42
50,5,31.7,37.1,92.9,5.49,60,111,273,44.0,29.2,5.46,50
40,3,33.1,24.0,93.8,3.77,37,150,231,61.2,24.8,5.78,40
40,4,35.8,34.3,69.5,6.61,60,150,207,40.6,35.6,5.18,40
40,4,35.2,31.6,116.9,4.47,60,150,224,51.7,33.4,5.6,40
50,5,37.5,36.7,74.0,6.49,60,76,274,43.4,47.2,5.48,50
44,3,39.3,33.1,112.5,6.75,60,150,260,67.1,30.0,5.91,44
32,2,31.9,30.7,54.6,6.38,44,107,159,59.8,37.3,4.97,32
42,0,39.6,39.2,79.5,4.99,60,140,227,80.0,31.1,5.4,42
43,3,35.8,28.8,96.4,5.75,60,139,238,64.6,30.0,5.53,43
38,5,30.2,32.1,82.9,5.84,55,112,186,33.5,22.0,4.89,38
27,6,36.8,37.2,115.5,5.73,60,129,154,28.0,33.2,5.7,27
37,3,33.0,33.0,90.0,4.99,58,150,192,59.7,28.5,5.19,37
42,4,37.5,26.4,75.8,5.38,54,128,239,48.5,29.1,5.69,42
44,5,42.2,35.6,74.7,5.58,59,107,256,47.6,34.9,5.82,44
50,3,29.9,29.1,66.7,5.24,45,136,259,62.5,32.6,5.18,50
41,10,35.2,29.7,73.6,5.4,60,143,231,29.7,26.9,5.63,41
38,7,48.3,29.7,97.5,4.37,60,150,201,29.9,29.2,5.29,38
35,5,36.2,38.0,73.1,4.49,60,150,166,35.6,38.0,4.74,35
50,9,42.2,33.7,66.9,4.94,60,150,250,37.7,42.1,5.0,50
30,4,43.0,34.1,127.7,7.38,60,150,171,44.1,32.9,5.7,30
43,4,36.2,27.7,99.9,7.16,60,150,250,52.2,29.0,5.81,43
35,4,43.3,31.3,110.5,4.79,26,100,211,45.0,32.3,6.03,35
34,3,37.4,44.2,106.8,6.5,60,150,188,48.4,40.7,5.53,34
47,7,40.4,43.9,87.7,5.07,39,114,253,35.7,42.5,5.38,47
50,5,39.6,27.7,65.8,6.92,60,122,282,44.9,21.6,5.64,50
33,3,37.1,34.8,70.5,6.14,60,150,171,50.6,29.6,5.18,33
41,3,31.1,30.7,99.0,4.3,60,149,236,56.7,25.6,5.76,41
33,3,38.0,32.1,60.7,5.32,58,80,170,49.4,31.0,5.15,33
38,5,47.3,37.3,110.5,5.63,60,117,196,43.3,35.5,5.16,38
37,3,38.0,34.9,86.6,5.03,60,80,218,62.4,36.9,5.89,37
50,5,35.1,30.7,101.2,5.23,60,102,275,42.6,34.5,5.5,50
37,6,34.8,29.3,78.7,6.94,60,99,180,30.1,22.1,4.86,37
43,1,47.7,29.1,62.4,6.16,60,150,259,80.0,26.9,6.02,43
50,9,36.7,36.7,77.7,4.42,60,90,250,31.8,34.5,5.0,50
46,10,41.8,36.2,89.3,5.3,60,150,245,34.8,31.7,5.33,46
46,6,44.9,36.7,90.9,6.51,60,144,244,39.4,34.2,5.3,46
46,5,45.2,27.5,105.6,6.79,60,87,263,50.4,28.6,5.72,46
50,3,48.2,37.6,126.6,3.75,56,150,299,79.8,39.6,5.98,50
48,6,38.5,35.5,87.1,5.34,60,143,267,44.7,38.6,5.56,48
44,4,32.7,32.9,100.5,3.68,60,116,254,46.3,28.9,5.77,44
41,2,30.0,33.8,87.9,4.9,60,150,219,79.8,32.6,5.34,41
47,6,30.7,24.0,128.8,5.86,57,109,278,42.1,27.4,5.91,47
43,5,37.0,42.1,66.3,3.62,60,144,232,39.8,38.8,5.4,43
43,2,39.5,22.8,101.4,3.91,60,150,253,80.0,23.0,5.88,43
46,3,40.8,37.6,105.9,4.42,60,150,266,72.9,40.7,5.78,46
48,2,42.2,28.8,68.2,6.12,60,150,272,80.0,23.9,5.67,48
49,4,27.2,36.7,99.5,5.1,60,150,276,51.3,35.4,5.63,49
45,7,35.8,36.1,84.7,5.03,60,116,258,39.4,42.7,5.73,45
35,2,42.5,32.7,75.6,6.45,60,121,182,72.5,37.6,5.2,35
50,4,33.0,37.3,95.3,5.48,60,138,270,53.8,40.1,5.4,50
45,4,27.1,29.5,78.6,5.91,47,150,245,47.5,29.5,5.44,45
38,9,32.0,31.7,108.2,4.1,60,150,192,32.7,34.6,5.05,38
44,2,50.6,31.9,79.1,5.13,60,150,257,80.0,26.3,5.84,44
50,6,30.8,32.0,103.2,5.5,18,117,261,34.8,34.6,5.22,50
36,3,40.1,32.7,96.7,6.43,60,150,213,55.6,26.5,5.92,36
50,7,46.7,32.8,70.1,7.6,60,45,272,35.6,33.3,5.44,50
33,2,33.1,29.8,97.0,5.25,60,134,174,67.3,26.5,5.27,33
50,5,33.3,32.8,80.2,4.8,47,150,271,43.7,40.8,5.42,50
34,8,24.5,20.3,104.2,5.56,42,150,169,24.6,22.1,4.97,34
45,2,33.0,31.5,89.9,5.0,49,99,254,80.0,28.8,5.64,45
44,5,38.9,33.7,100.9,3.9,56,150,247,46.5,36.4,5.61,44
34,1,34.3,27.6,84.4,5.64,60,107,190,80.0,25.9,5.59,34
37,3,45.2,28.7,80.2,4.97,47,142,219,63.6,33.3,5.92,37
45,2,35.0,27.5,104.7,4.44,60,150,256,80.0,31.7,5.69,45
48,5,32.7,29.5,75.9,7.49,49,145,274,43.7,26.3,5.71,48
41,2,38.7,25.7,99.4,6.22,46,126,221,78.8,26.9,5.39,41
40,8,46.7,34.3,98.1,6.53,60,98,200,36.3,29.5,5.0,40
35,6,43.8,28.4,98.8,5.69,60,150,177,31.4,24.9,5.06,35
43,4,30.6,31.8,100.4,7.3,60,150,223,49.9,29.9,5.19,43
47,5,36.7,35.8,86.1,5.26,60,150,250,49.7,32.7,5.32,47
45,1,43.7,36.3,89.1,6.42,46,99,260,80.0,36.1,5.78,45
42,2,44.7,22.0,65.5,5.94,50,82,229,80.0,18.2,5.45,42
48,2,49.4,34.0,82.0,6.44,60,150,296,80.0,42.6,6.17,48
50,7,43.4,34.1,92.8,6.16,47,150,263,44.3,26.9,5.26,50
33,2,28.8,30.9,81.3,6.07,60,141,156,53.4,28.8,4.73,33
42,2,31.6,29.3,89.4,4.41,44,150,229,80.0,29.0,5.45,42
39,8,41.1,30.1,86.9,5.26,60,150,190,31.3,40.3,4.87,39
36,8,45.7,28.2,79.0,4.89,52,150,208,33.6,37.4,5.78,36
47,4,33.8,33.2,85.7,4.13,60,133,245,51.9,30.3,5.21,47
36,1,33.5,38.9,110.8,4.96,44,150,185,80.0,46.0,5.14,36
33,3,41.9,27.0,79.9,3.56,60,150,189,54.7,29.6,5.73,33
46,6,39.7,39.3,84.5,5.15,60,137,234,39.0,41.8,5.09,46
50,3,22.4,23.7,116.9,5.79,60,141,285,67.5,21.4,5.7,50
50,6,45.8,38.5,106.8,5.69,58,136,273,47.1,41.1,5.46,50
43,3,32.3,37.3,52.4,6.0,37,75,239,61.7,36.5,5.56,43
42,3,35.9,33.1,131.3,4.82,60,89,242,65.4,36.9,5.76,42
36,2,35.6,27.6,94.9,4.25,60,78,211,80.0,25.2,5.86,36
45,4,31.2,36.3,97.3,5.11,41,132,241,48.5,33.9,5.36,45
50,6,36.4,29.0,79.5,4.21,40,149,269,41.6,32.9,5.38,50
43,4,39.5,29.6,82.7,4.78,52,150,243,50.3,23.4,5.65,43
40,4,30.3,33.2,89.2,6.18,60,109,213,47.5,33.2,5.32,40
48,6,35.8,35.0,105.2,5.55,52,131,298,40.6,35.7,6.21,48
36,6,33.8,32.2,90.3,4.24,60,150,176,28.3,33.0,4.89,36
37,7,31.3,28.9,85.0,4.74,60,150,178,25.7,27.3,4.81,37
40,8,43.6,36.0,81.0,3.6,57,55,207,34.7,39.8,5.18,40
47,7,41.5,30.8,97.5,5.54,60,150,274,40.5,35.8,5.83,47
42,2,40.7,40.6,92.4,5.89,60,150,248,80.0,40.7,5.9,42
50,5,34.3,30.9,88.0,5.9,60,150,266,46.8,38.2,5.32,50
40,2,46.0,29.1,87.3,5.43,60,138,221,77.8,34.9,5.52,40
28,6,34.5,33.0,67.1,4.18,57,150,140,22.1,35.9,5.0,28
40,2,48.7,25.7,113.5,4.04,53,150,264,80.0,23.0,6.6,40
44,9,33.8,29.3,106.3,6.95,60,150,251,27.9,32.3,5.7,44
48,3,46.6,27.7,91.2,4.65,55,137,281,68.8,22.1,5.85,48
50,6,43.6,35.0,84.8,4.6,60,111,267,46.1,32.3,5.34,50
43,9,34.1,34.4,98.7,4.71,60,122,221,27.6,30.0,5.14,43
37,3,28.6,36.6,97.9,6.81,60,150,197,46.7,27.9,5.32,37
45,6,39.8,30.9,99.3,5.46,60,120,254,43.7,38.3,5.64,45
41,3,39.6,30.8,82.1,6.39,49,136,244,67.2,25.6,5.95,41
47,6,49.9,28.0,118.8,5.59,60,150,271,44.9,29.4,5.77,47
50,5,36.1,32.8,74.5,5.95,60,94,277,52.5,46.4,5.54,50
45,2,32.3,34.0,87.8,6.25,60,150,270,80.0,37.4,6.0,45
50,10,40.3,39.6,87.0,5.7,60,69,242,29.0,36.4,4.84,50
42,4,48.4,32.6,95.1,4.74,54,116,250,53.7,32.6,5.95,42
47,2,28.8,29.3,91.5,5.49,60,138,249,80.0,26.7,5.3,47
45,3,37.4,28.8,105.9,3.87,60,106,267,71.7,28.2,5.93,45
50,0,39.3,35.5,84.5,5.24,60,128,281,80.0,36.9,5.62,50
43,6,48.3,30.5,105.6,6.86,56,150,236,40.1,30.2,5.49,43
36,4,38.2,30.0,90.5,6.27,60,130,197,43.9,24.7,5.47,36
37,5,34.2,28.5,110.7,6.14,60,150,205,39.1,28.7,5.54,37
46,4,43.4,27.8,81.8,3.74,60,126,264,52.2,27.7,5.74,46
35,4,43.3,38.9,99.8,5.02,59,150,203,44.7,33.2,5.8,35
36,5,46.4,34.4,63.8,5.74,41,114,215,45.9,34.0,5.97,36
31,6,36.0,25.7,87.2,6.16,60,150,160,33.6,29.7,5.16,31
40,3,40.9,31.9,54.8,6.17,29,150,214,61.1,40.6,5.35,40
50,3,42.8,20.1,91.7,5.35,42,93,322,78.1,21.9,6.44,50
36,8,38.6,32.5,87.5,3.87,48,135,191,34.7,32.5,5.31,36
45,4,47.4,32.1,99.7,6.68,60,150,257,56.4,27.7,5.71,45
50,4,33.0,31.7,95.6,5.99,60,122,274,57.1,23.4,5.48,50
45,1,42.6,26.1,95.0,5.74,60,90,257,80.0,24.6,5.71,45
38,3,35.9,36.2,71.1,5.56,29,150,195,60.0,36.0,5.13,38
47,6,53.8,33.8,101.7,4.02,60,119,274,54.5,19.8,5.83,47
38,1,49.2,33.6,82.8,5.76,57,150,211,80.0,36.9,5.55,38
40,4,47.2,36.7,125.2,3.98,20,128,229,50.7,34.7,5.72,40
33,5,48.1,31.5,82.0,7.08,41,59,159,35.0,35.0,4.82,33
45,6,40.6,31.6,125.2,4.57,56,122,262,39.2,32.5,5.82,45
48,3,40.3,30.7,69.8,4.78,60,134,252,62.8,29.7,5.25,48
35,7,30.9,31.3,102.6,6.13,43,150,174,27.3,31.9,4.97,35
47,5,39.4,36.8,67.6,6.52,46,97,237,47.2,37.8,5.04,47
30,5,43.1,33.6,105.1,6.67,60,107,189,41.1,23.5,6.3,30
35,6,39.9,33.7,87.6,5.41,57,111,188,32.6,35.5,5.37,35
36,6,41.7,29.9,100.0,5.75,58,134,210,42.0,29.6,5.83,36
41,3,46.7,31.7,79.1,6.8,54,150,234,63.5,31.6,5.71,41
44,5,53.3,27.5,95.9,5.7,60,150,246,48.0,24.5,5.59,44
48,8,33.4,30.8,78.4,5.61,60,138,260,33.1,25.5,5.42,48
47,6,37.3,31.5,76.5,6.27,43,80,245,39.7,29.1,5.21,47
50,3,40.9,31.4,104.6,7.11,60,150,302,77.0,36.7,6.04,50
28,3,35.1,33.9,87.3,6.19,60,150,151,49.7,26.9,5.39,28
40,6,33.8,29.8,98.6,6.3,54,150,210,32.6,34.3,5.25,40
40,8,30.9,29.7,93.1,5.46,60,117,202,26.1,29.8,5.05,40
29,7,28.9,38.4,85.0,6.6,60,117,135,25.4,44.1,4.66,29
38,5,39.6,34.8,96.8,6.48,60,104,217,40.4,35.3,5.71,38
41,4,47.9,27.0,103.6,4.64,56,80,230,48.5,25.0,5.61,41
35,2,47.2,31.3,101.5,4.66,45,150,223,80.0,25.4,6.37,35
50,4,29.5,34.0,56.5,5.87,53,150,250,46.9,30.5,5.0,50
43,3,42.0,26.3,125.8,5.91,59,117,264,71.7,26.7,6.14,43
50,7,25.2,26.6,91.3,5.13,60,150,262,32.0,24.1,5.24,50
36,4,35.9,30.5,89.7,4.83,60,150,178,36.1,30.5,4.94,36
41,7,31.3,32.6,90.0,5.26,55,110,215,26.7,29.5,5.24,41
29,4,38.3,28.2,100.4,5.37,60,150,179,39.6,23.1,6.17,29
37,1,24.6,34.2,103.8,6.52,60,132,197,80.0,32.3,5.32,37
37,5,30.9,33.4,101.1,7.31,49,150,197,35.9,33.7,5.32,37
49,6,39.8,31.0,96.3,5.47,60,150,276,46.3,28.0,5.63,49
49,6,42.8,40.8,104.7,5.64,38,108,284,41.9,47.1,5.8,49
41,9,40.4,24.0,90.0,3.72,60,133,220,31.0,22.6,5.37,41
32,5,42.8,28.2,67.0,8.04,60,142,161,41.8,24.6,5.03,32
43,5,30.5,37.1,101.0,4.68,50,74,237,45.8,34.9,5.51,43
36,6,26.2,38.8,80.5,4.89,59,150,180,26.1,37.9,5.0,36
43,4,37.0,29.3,67.3,5.12,49,144,233,52.3,28.3,5.42,43
49,3,41.9,38.5,98.6,6.45,60,135,275,72.9,38.0,5.61,49
36,1,42.0,32.6,81.3,4.46,60,108,207,80.0,42.1,5.75,36
39,2,36.0,35.2,91.5,3.44,60,118,208,75.4,36.9,5.33,39
46,3,26.9,32.2,99.1,5.49,60,150,250,62.2,36.0,5.43,46
37,3,46.6,20.2,92.3,4.63,60,116,234,67.5,20.8,6.32,37
38,4,37.7,30.3,105.8,6.17,44,121,228,48.8,28.7,6.0,38
39,4,36.9,33.0,97.7,6.47,52,120,230,49.4,33.2,5.9,39
45,6,45.1,28.3,91.1,6.9,53,106,263,44.2,25.0,5.84,45
35,2,46.0,31.2,83.6,7.26,60,150,206,80.0,29.2,5.89,35
29,5,36.5,32.3,100.4,6.73,60,118,155,29.6,33.5,5.34,29
42,4,42.4,31.4,111.9,6.72,60,68,250,55.5,35.9,5.95,42
43,2,39.4,41.4,76.8,5.27,60,150,229,80.0,43.8,5.33,43
50,2,32.8,35.2,92.6,4.92,60,150,284,80.0,34.7,5.68,50
50,4,49.0,33.7,51.3,5.28,33,118,265,52.1,30.6,5.3,50
40,5,34.6,31.7,85.5,4.72,60,150,196,39.5,33.3,4.9,40
37,4,43.3,38.9,110.0,6.69,60,133,194,47.2,36.0,5.24,37
35,3,35.6,20.2,103.2,5.66,60,150,216,60.3,20.8,6.17,35
40,6,41.4,36.1,88.6,5.65,50,109,224,36.3,37.4,5.6,40
42,2,46.5,31.8,88.3,4.93,53,150,210,80.0,25.6,5.0,42
50,2,42.3,28.1,74.8,7.24,60,150,267,80.0,22.8,5.34,50
33,7,45.5,30.8,103.6,3.75,60,150,204,39.5,35.9,6.18,33
40,5,34.0,42.1,82.3,5.6,55,76,212,40.8,47.3,5.3,40
45,3,40.7,21.2,112.4,4.01,49,143,284,70.1,19.0,6.31,45
34,2,37.0,36.3,105.4,6.24,60,136,190,74.3,39.9,5.59,34
36,5,34.9,30.6,103.2,5.21,31,144,207,39.3,39.0,5.75,36
50,4,41.1,35.5,98.9,5.51,45,150,284,59.2,42.9,5.68,50
45,5,34.5,26.3,61.0,4.24,60,150,245,44.0,28.2,5.44,45
44,4,27.9,33.6,88.1,5.3,60,85,238,41.0,34.1,5.41,44
47,2,23.7,22.1,104.4,5.4,60,150,237,79.1,26.2,5.04,47
50,2,40.2,26.5,90.9,7.14,44,139,301,80.0,20.2,6.02,50
41,8,37.5,42.0,81.7,5.34,60,121,192,29.7,46.8,4.68,41
31,5,43.1,36.7,123.8,5.26,56,150,164,34.4,40.3,5.29,31
48,5,37.1,33.1,110.5,2.78,60,131,275,49.3,32.1,5.73,48
49,6,30.4,39.9,125.5,4.94,60,150,256,35.7,42.2,5.22,49
41,5,36.4,25.3,88.5,4.12,49,129,224,46.7,25.7,5.46,41
31,6,35.5,37.7,88.4,5.86,60,149,140,30.0,37.9,4.52,31
50,3,33.9,26.9,80.8,4.12,60,150,256,63.3,23.8,5.12,50
42,4,40.5,29.8,76.6,4.73,54,123,220,47.5,32.1,5.24,42
43,3,42.8,33.8,113.7,6.04,60,150,242,67.0,33.3,5.63,43
44,4,45.0,38.3,96.9,5.17,49,62,250,55.7,38.3,5.68,44
40,5,37.4,34.9,91.3,5.37,43,134,201,42.5,31.3,5.03,40
39,8,36.4,30.0,84.6,5.08,60,150,213,33.8,27.3,5.46,39
36,3,41.9,30.1,55.8,5.07,60,150,162,50.4,28.7,4.5,36
35,5,36.0,39.8,89.7,5.76,60,150,167,34.6,42.0,4.77,35
42,8,52.7,43.3,83.6,6.04,60,150,234,40.3,41.6,5.57,42
39,5,40.1,36.2,91.8,6.79,60,136,213,41.2,37.0,5.46,39
48,4,48.9,33.3,74.2,6.63,60,150,273,58.6,32.9,5.69,48
41,4,40.1,26.9,85.2,4.52,60,136,233,47.4,30.7,5.68,41
46,7,36.2,33.7,65.6,4.57,38,150,252,40.1,33.3,5.48,46
48,9,29.9,29.3,89.6,5.51,60,123,239,26.5,28.4,4.98,48
37,3,40.4,34.0,101.6,4.62,60,150,221,61.4,35.6,5.97,37
44,1,37.9,30.3,122.3,3.2,60,150,271,80.0,27.0,6.16,44
44,8,34.7,37.8,91.6,4.97,60,95,210,24.0,43.0,4.77,44
50,8,44.1,36.5,83.2,6.18,60,150,270,35.1,39.3,5.4,50
42,4,38.3,32.5,108.2,4.14,42,150,243,54.1,33.0,5.79,42
38,6,41.5,36.0,121.6,8.21,60,107,226,40.3,34.1,5.95,38
31,7,34.1,27.5,74.0,6.33,60,150,163,23.9,23.2,5.26,31
39,8,33.9,30.1,112.8,5.75,41,150,202,27.2,33.3,5.18,39
41,6,41.0,37.0,109.4,6.11,60,150,230,38.1,34.6,5.61,41
49,2,43.5,37.4,92.9,4.76,60,150,290,80.0,34.0,5.92,49
31,7,36.7,27.6,83.3,4.28,54,133,137,23.0,30.3,4.42,31
45,1,37.6,37.6,91.8,6.84,46,150,265,80.0,35.5,5.89,45
48,3,33.4,41.1,94.4,4.21,50,139,241,61.1,44.0,5.02,48
45,3,38.8,32.2,106.7,7.13,60,107,257,63.0,33.3,5.71,45
34,7,27.5,28.4,99.4,7.77,60,150,193,28.7,25.6,5.68,34
40,2,35.6,23.4,112.0,5.58,56,106,252,80.0,16.2,6.3,40
43,5,39.0,40.5,78.1,5.43,60,101,241,42.8,34.7,5.6,43
37,1,33.1,26.2,77.2,5.5,60,118,194,80.0,30.5,5.24,37
43,3,43.5,35.2,99.7,5.91,60,120,253,66.2,38.6,5.88,43
34,4,25.9,27.3,67.2,7.44,49,150,169,38.3,26.8,4.97,34
40,6,38.2,28.4,103.1,4.43,55,134,218,44.9,21.2,5.45,40
48,5,43.2,33.3,102.4,4.56,50,131,267,49.1,35.7,5.56,48
45,2,35.2,37.6,73.0,4.66,39,145,258,80.0,36.4,5.73,45
43,4,37.4,22.3,93.4,5.61,60,55,249,50.6,28.0,5.79,43
42,4,45.7,30.2,62.1,4.79,60,137,227,50.1,35.0,5.4,42
33,6,38.5,27.0,79.8,5.53,60,150,184,33.3,33.8,5.58,33
35,6,36.5,31.4,101.0,5.23,60,121,191,33.9,31.3,5.46,35
50,5,37.3,33.3,91.0,5.61,60,146,275,49.1,30.1,5.5,50
38,3,36.5,30.9,97.6,5.19,60,88,208,55.9,28.5,5.47,38
25,3,32.2,29.7,89.6,6.33,60,143,139,40.9,30.5,5.56,25
37,1,29.8,35.8,93.8,5.26,47,116,203,80.0,37.4,5.49,37
33,5,46.1,30.9,91.2,6.68,38,77,194,43.3,26.1,5.88,33
35,4,33.8,36.6,61.3,7.68,60,111,181,38.3,41.0,5.17,35
42,6,41.8,36.9,72.9,6.2,60,80,229,42.9,36.7,5.45,42
38,3,32.3,42.0,91.8,4.57,60,125,214,56.0,42.1,5.63,38
50,4,44.0,33.9,87.2,6.97,54,107,289,60.0,41.1,5.78,50
35,5,29.9,34.6,71.8,6.35,60,139,173,38.2,45.2,4.94,35
42,3,41.2,35.0,81.2,5.22,60,97,241,64.9,42.0,5.74,42
29,6,36.5,40.5,93.0,7.46,39,83,154,26.0,34.0,5.31,29
38,3,47.4,24.4,84.3,6.7,60,150,214,60.1,24.0,5.63,38
46,6,36.0,27.0,67.0,6.09,49,146,234,33.3,31.7,5.09,46
41,2,41.1,22.9,84.3,5.15,60,102,248,80.0,24.9,6.05,41
50,4,34.8,35.4,78.9,5.77,46,96,263,53.9,33.7,5.26,50
21,2,37.9,29.9,109.1,5.1,50,134,113,50.6,35.6,5.38,21
40,6,29.6,34.5,107.2,5.25,34,150,204,31.4,36.9,5.1,40
45,5,37.3,31.0,77.6,6.77,54,150,227,49.9,29.9,5.04,45
45,7,36.1,33.8,85.3,4.06,60,150,221,34.1,36.4,4.91,45
44,10,32.4,27.9,85.0,4.46,60,110,241,26.3,25.7,5.48,44
42,4,42.4,31.3,120.6,6.86,58,150,259,59.2,32.9,6.17,42
27,3,32.1,24.0,93.1,5.67,60,96,165,47.8,25.5,6.11,27
41,4,33.1,33.3,94.8,4.85,60,150,213,52.6,26.9,5.2,41
50,3,32.8,27.0,72.0,7.25,60,150,274,65.2,19.5,5.48,50
43,5,41.0,32.3,123.9,3.75,52,147,256,42.1,27.4,5.95,43
48,6,47.5,38.9,89.7,6.88,60,143,269,42.6,39.1,5.6,48
40,5,41.9,36.5,94.3,5.05,49,141,202,39.3,36.3,5.05,40
41,9,34.2,36.9,115.7,5.36,60,150,234,30.4,43.8,5.71,41
34,5,40.8,24.6,68.6,3.55,55,141,165,34.4,24.0,4.85,34
50,7,47.7,33.2,97.3,5.36,60,150,274,43.0,34.8,5.48,50
37,7,50.9,29.6,106.7,5.91,60,150,209,36.2,31.1,5.65,37
42,10,38.8,31.5,110.4,5.71,51,84,208,29.3,34.4,4.95,42
44,1,41.8,26.9,93.9,5.72,60,91,265,80.0,22.8,6.02,44
30,3,47.9,27.9,90.6,5.19,60,150,185,55.9,28.7,6.17,30
49,7,43.7,32.4,95.6,5.78,52,122,282,45.7,28.7,5.76,49
30,4,24.8,33.7,72.5,5.6,60,150,145,30.8,33.1,4.83,30
37,3,30.6,28.1,96.7,5.28,60,150,216,52.8,23.3,5.84,37
47,3,36.8,31.3,93.8,3.02,60,95,282,69.2,36.1,6.0,47
35,7,33.9,32.9,115.1,5.7,60,140,186,22.5,38.6,5.31,35
50,3,28.2,35.2,87.3,4.55,60,150,270,62.3,33.7,5.4,50
44,2,39.4,28.5,94.8,5.71,58,150,268,80.0,29.2,6.09,44
28,4,33.6,31.4,96.0,4.64,60,150,142,40.5,32.3,5.07,28
40,5,28.5,34.6,99.3,6.09,53,132,202,32.8,27.3,5.05,40
50,4,42.9,33.1,103.2,5.28,60,146,275,62.4,24.4,5.5,50
43,7,38.8,24.8,88.1,5.61,60,128,223,35.4,24.2,5.19,43
34,3,38.5,33.0,88.6,5.89,60,150,186,51.0,33.5,5.47,34
35,2,42.3,32.2,73.7,6.1,53,94,206,74.5,35.2,5.89,35
49,6,35.0,38.4,93.5,5.27,59,133,264,37.3,48.5,5.39,49
32,5,33.0,33.3,80.6,5.04,55,112,160,32.1,33.5,5.0,32
41,5,35.9,32.3,80.6,4.78,60,150,202,33.0,39.6,4.93,41
37,3,47.7,37.5,90.6,4.95,60,150,204,62.2,46.9,5.51,37
22,6,31.1,28.1,89.6,5.69,60,130,127,30.4,28.3,5.77,22
42,6,51.2,38.6,93.8,5.37,60,144,253,49.7,33.9,6.02,42
41,3,32.5,28.5,120.1,6.0,60,117,238,62.1,25.8,5.8,41
46,3,40.0,29.9,83.7,5.14,60,150,257,72.5,30.4,5.59,46
39,4,43.5,24.1,128.0,7.21,60,150,234,52.2,26.8,6.0,39
50,4,38.7,23.6,97.0,5.67,60,149,270,52.6,19.1,5.4,50
34,8,36.0,32.3,67.7,6.01,60,85,159,27.4,31.6,4.68,34
42,5,35.2,39.5,76.8,6.71,53,147,224,39.8,38.2,5.33,42
36,3,42.9,32.8,94.4,6.56,60,114,208,58.0,27.2,5.78,36
40,4,32.7,29.4,82.1,4.55,54,150,217,41.7,35.8,5.42,40
42,5,43.6,37.5,80.2,3.79,60,150,226,42.2,41.6,5.38,42
47,5,40.7,33.7,100.3,5.03,60,139,261,51.8,33.4,5.55,47
50,3,39.2,33.8,87.7,4.78,60,115,278,79.0,41.5,5.56,50
47,3,41.4,25.2,91.0,5.48,60,148,299,71.6,28.4,6.36,47
41,8,43.6,30.8,93.8,6.09,60,150,184,34.9,29.5,4.49,41
41,9,38.4,32.0,73.7,6.2,54,150,213,32.2,35.5,5.2,41
44,4,35.6,33.7,64.7,4.95,56,137,237,47.9,32.2,5.39,44
45,3,40.9,31.6,99.2,4.19,60,150,239,59.5,30.7,5.31,45
42,1,50.2,18.4,75.4,4.32,60,150,254,80.0,19.4,6.05,42
48,4,31.9,44.4,75.8,4.84,60,147,221,41.4,38.9,4.6,48
50,5,33.0,22.9,94.9,5.99,48,122,281,45.8,23.6,5.62,50
44,1,37.1,34.1,98.0,5.21,60,150,262,80.0,29.1,5.95,44
44,6,31.0,33.3,62.2,7.03,39,83,214,31.1,33.7,4.86,44
45,4,46.7,29.9,104.3,3.74,60,129,269,56.7,23.2,5.98,45
40,5,33.2,34.2,83.8,5.65,60,150,198,38.5,29.6,4.95,40
36,5,45.6,31.4,111.6,7.82,60,150,194,43.9,31.6,5.39,36
32,7,30.9,38.3,92.7,5.83,51,150,162,22.8,40.3,5.06,32
46,2,34.2,32.6,84.7,6.78,60,150,264,80.0,31.4,5.74,46
47,5,36.8,25.0,94.8,4.82,39,112,260,50.1,31.0,5.53,47
41,5,45.8,35.9,100.4,5.65,60,150,240,47.4,34.3,5.85,41
49,1,32.6,25.4,98.3,6.62,60,150,284,80.0,24.6,5.8,49
33,4,44.4,33.9,128.7,6.68,60,120,200,49.7,35.1,6.06,33
48,5,33.6,32.9,119.6,5.85,45,150,259,45.6,36.4,5.4,48
50,7,38.0,35.3,87.4,6.22,49,95,270,40.6,38.3,5.4,50
39,8,27.0,36.9,63.9,6.58,60,150,179,26.6,38.8,4.59,39
50,3,28.8,27.2,62.6,5.7,60,150,281,65.8,25.6,5.62,50
44,4,46.5,28.4,114.2,6.1,60,150,236,57.0,26.4,5.36,44
46,0,40.2,30.7,85.4,4.86,60,150,259,80.0,29.1,5.63,46
40,9,38.1,26.6,95.7,6.62,60,150,209,31.0,30.1,5.22,40
47,3,37.7,35.0,73.2,5.39,60,150,243,58.4,31.2,5.17,47
50,5,31.8,28.3,106.4,5.28,60,148,272,46.1,36.2,5.44,50
44,7,37.8,38.9,109.3,4.61,60,120,246,37.1,48.9,5.59,44
38,1,50.4,33.3,82.0,4.64,60,142,187,80.0,37.8,4.92,38
43,5,35.5,27.8,96.0,5.87,60,150,253,44.0,34.1,5.88,43
34,7,37.8,23.5,83.4,5.0,59,150,166,30.2,22.3,4.88,34
43,2,27.6,32.9,78.9,7.09,60,150,241,80.0,34.6,5.6,43
35,5,36.7,29.5,89.2,4.58,60,150,155,34.4,31.9,4.43,35
44,7,44.1,29.3,112.1,5.91,42,150,262,37.5,32.5,5.95,44
48,5,39.8,32.3,88.9,8.11,60,104,281,44.4,42.0,5.85,48
25,6,36.2,25.5,76.0,5.81,53,115,119,22.6,21.6,4.76,25
38,2,34.3,33.0,79.4,4.35,29,114,225,77.7,40.5,5.92,38
50,2,35.0,32.2,117.4,5.49,60,150,303,80.0,26.2,6.06,50
38,8,42.4,30.3,90.8,3.73,57,150,211,32.1,33.2,5.55,38
40,4,37.2,42.6,107.7,7.31,49,112,214,51.6,40.5,5.35,40
50,4,39.1,29.0,98.6,4.4,39,132,315,62.7,35.2,6.3,50
28,7,49.1,31.3,100.3,4.2,53,131,157,31.8,32.7,5.61,28
37,5,34.0,39.9,82.3,5.32,60,108,173,32.7,35.9,4.68,37
44,4,36.2,27.6,85.7,4.57,41,150,224,48.7,29.4,5.09,44
47,6,25.8,30.8,110.4,5.09,60,134,270,35.1,35.1,5.74,47
45,3,37.4,30.7,66.8,4.94,47,132,262,66.1,33.9,5.82,45
42,4,51.4,33.9,100.1,4.61,60,150,249,61.5,45.2,5.93,42
44,3,37.9,29.7,109.7,5.97,59,150,249,64.0,30.8,5.66,44
39,8,42.1,29.8,97.3,5.48,60,143,188,30.2,22.8,4.82,39
33,6,39.4,39.5,87.0,5.88,40,127,163,37.6,40.9,4.94,33
50,8,37.4,32.4,91.2,6.05,57,150,286,31.3,37.6,5.72,50
47,8,39.1,24.2,79.5,7.12,60,150,237,34.6,22.2,5.04,47
39,5,34.0,38.0,70.8,4.74,60,103,183,38.3,35.2,4.69,39
41,6,21.5,35.8,105.3,5.0,60,150,192,28.4,34.7,4.68,41
47,2,26.0,33.0,86.2,5.84,57,150,239,80.0,29.8,5.09,47
39,3,39.2,37.9,104.1,4.27,57,150,217,60.2,36.2,5.56,39
33,2,30.4,44.1,94.2,6.26,60,150,167,62.6,43.5,5.06,33
42,5,40.6,30.9,99.1,6.1,60,104,237,45.3,30.4,5.64,42
50,1,37.3,32.1,118.7,7.44,45,150,280,80.0,33.5,5.6,50
27,1,42.1,25.5,102.4,5.63,42,150,174,80.0,23.5,6.44,27
45,3,38.3,26.5,72.6,6.51,56,150,266,67.1,26.3,5.91,45
35,6,31.6,26.1,119.3,5.07,46,150,206,33.3,23.1,5.89,35
50,8,46.6,28.4,94.6,6.38,60,146,284,44.0,24.5,5.68,50
46,4,45.8,36.7,111.2,6.69,60,150,264,59.3,40.2,5.74,46
50,4,43.5,38.6,100.6,5.37,60,103,305,59.4,35.5,6.1,50
36,4,33.4,32.0,107.2,6.27,53,114,198,43.1,31.2,5.5,36
50,4,37.7,34.8,112.3,4.49,60,144,292,60.8,34.7,5.84,50
35,8,36.4,26.7,66.9,5.23,60,150,187,25.4,27.7,5.34,35
43,5,44.9,36.1,114.4,9.2,60,133,238,48.1,31.4,5.53,43
35,3,33.3,35.1,80.6,5.17,44,150,188,50.0,39.7,5.37,35
28,6,43.7,29.8,111.6,5.67,60,150,160,31.1,31.8,5.71,28
45,1,29.8,38.9,94.0,4.58,55,92,249,80.0,40.5,5.53,45
41,7,39.0,35.5,117.8,5.42,60,133,228,35.1,35.4,5.56,41
32,3,38.4,30.7,78.4,4.55,60,114,176,49.7,26.0,5.5,32
40,7,35.8,28.0,70.1,4.72,60,150,207,28.7,22.6,5.18,40
37,2,32.7,36.7,82.1,4.63,60,117,206,69.5,40.7,5.57,37
29,6,39.9,17.7,98.2,5.01,36,149,173,33.3,17.5,5.97,29
31,3,36.7,27.6,78.4,7.3,60,142,181,54.1,31.0,5.84,31
31,5,46.0,26.8,108.5,5.71,60,150,180,38.3,21.4,5.81,31
33,2,41.0,30.3,109.8,6.86,60,143,201,77.4,28.2,6.09,33
44,3,48.5,36.2,76.0,6.23,60,75,239,70.2,38.2,5.43,44
29,4,43.5,37.0,96.9,5.29,39,150,163,40.9,41.0,5.62,29
45,5,20.5,31.2,85.8,4.31,43,150,243,37.2,27.7,5.4,45
41,4,38.2,33.4,116.6,5.27,60,146,228,51.3,34.9,5.56,41
50,1,45.1,42.0,96.8,5.7,60,150,282,80.0,39.5,5.64,50
30,7,36.6,33.2,60.5,4.34,60,150,152,30.8,32.6,5.07,30
50,4,49.0,32.6,104.3,3.21,60,150,273,60.3,37.1,5.46,50
43,7,40.8,38.3,105.5,7.36,51,150,229,31.0,38.8,5.33,43
31,3,42.3,35.8,75.4,3.65,55,133,155,45.9,29.6,5.0,31
50,3,38.2,29.8,108.4,4.32,25,83,287,73.9,37.0,5.74,50
46,5,39.2,32.4,106.2,4.96,60,150,269,46.7,30.0,5.85,46
35,6,42.5,31.4,75.1,6.0,32,150,175,39.6,28.8,5.0,35
44,2,38.1,24.2,108.5,4.8,58,129,264,80.0,22.0,6.0,44
40,3,44.4,33.8,95.0,6.49,60,150,232,64.1,37.6,5.8,40
26,4,44.7,20.7,89.8,6.88,60,147,169,44.5,20.1,6.5,26
50,4,44.0,30.3,94.2,7.42,40,150,279,63.1,25.0,5.58,50
44,3,36.0,34.2,105.3,5.83,60,113,258,62.3,30.9,5.86,44
32,2,46.6,33.2,72.6,6.07,60,150,183,72.5,37.7,5.72,32
37,7,46.6,34.1,73.9,4.8,60,150,208,32.5,35.6,5.62,37
43,0,35.0,33.3,95.3,3.92,51,135,245,80.0,33.2,5.7,43
48,2,36.7,31.2,94.9,5.39,54,123,271,80.0,22.2,5.65,48
26,10,35.5,36.3,92.8,5.81,60,150,113,28.9,30.1,4.35,26
50,4,35.0,33.9,94.9,5.03,60,150,278,52.8,37.7,5.56,50
27,7,43.8,37.0,104.6,7.0,31,85,150,29.1,37.8,5.56,27
50,2,40.6,36.1,97.9,5.97,60,149,287,80.0,37.7,5.74,50
33,7,32.9,25.6,88.7,5.75,60,150,175,28.3,28.2,5.3,33
50,3,33.4,34.9,75.7,4.26,60,135,283,69.0,36.5,5.66,50
46,6,28.9,27.4,115.2,7.83,60,150,258,38.2,22.2,5.61,46
50,3,31.4,33.4,80.2,6.8,53,98,274,70.3,31.1,5.48,50
29,5,41.2,28.7,77.5,5.87,60,150,136,34.8,32.7,4.69,29
33,2,42.3,34.6,63.3,3.85,54,150,165,66.5,31.3,5.0,33
29,4,37.8,36.5,87.1,6.98,60,148,161,32.9,36.4,5.55,29
48,2,46.4,24.4,83.3,6.74,47,150,287,80.0,22.1,5.98,48
48,6,39.9,29.4,79.1,7.02,60,88,242,37.7,26.2,5.04,48
50,7,39.4,37.7,80.5,5.17,60,150,264,33.4,35.8,5.28,50
43,4,27.7,36.4,111.1,5.14,60,150,216,39.8,39.0,5.02,43
25,2,29.3,36.9,63.6,4.48,60,150,112,44.8,38.6,4.48,25
42,4,44.2,30.1,107.3,5.37,52,150,253,56.3,32.3,6.02,42
32,10,35.4,18.6,66.2,6.13,60,150,160,21.4,22.3,5.0,32
42,4,39.0,38.3,99.7,4.38,60,150,233,45.9,38.2,5.55,42
50,2,35.3,31.2,72.3,5.9,58,150,287,80.0,28.8,5.74,50
40,4,39.3,39.1,47.5,5.11,58,150,224,54.1,39.6,5.6,40
37,4,43.7,30.9,95.3,4.22,46,102,204,47.8,27.8,5.51,37
39,4,42.2,36.5,104.7,5.8,60,138,210,48.9,25.8,5.38,39
32,4,51.2,33.2,101.2,4.64,60,107,185,47.9,29.0,5.78,32
38,6,41.7,33.2,104.9,5.12,60,150,194,40.9,43.6,5.11,38
29,7,40.0,25.2,112.0,6.93,45,123,152,30.5,31.5,5.24,29
49,3,31.5,40.9,104.8,6.36,60,150,277,72.3,43.3,5.65,49
46,3,28.3,36.3,137.8,4.81,60,90,261,65.4,30.7,5.67,46
39,8,35.3,28.3,76.9,5.15,57,150,181,27.3,25.9,4.64,39
35,1,41.6,42.1,103.2,5.81,60,97,212,80.0,40.2,6.06,35
41,4,37.3,31.6,87.1,5.49,57,150,245,54.9,32.0,5.98,41
46,8,38.7,24.3,89.8,5.38,59,150,270,36.4,27.6,5.87,46
50,5,42.5,35.5,81.8,7.47,60,150,286,51.4,35.0,5.72,50
42,1,34.9,26.6,76.5,6.53,60,150,236,80.0,22.1,5.62,42
46,6,42.0,27.8,79.4,4.38,60,150,253,38.4,24.3,5.5,46
44,0,33.4,42.7,64.1,5.68,53,150,256,80.0,42.4,5.82,44
50,6,33.6,33.0,70.7,5.4,45,146,258,35.9,31.0,5.16,50
40,6,42.7,38.7,88.7,5.43,60,113,226,41.9,36.0,5.65,40
39,4,40.9,21.9,95.0,4.04,60,150,199,44.3,26.9,5.1,39
46,3,34.9,22.8,96.4,5.1,59,132,247,62.1,28.9,5.37,46
39,6,41.8,32.1,94.8,5.26,35,150,193,36.8,34.0,4.95,39
50,3,35.4,46.7,92.9,5.51,59,150,252,64.6,46.7,5.04,50
50,5,38.4,22.5,79.2,5.61,60,150,254,45.9,27.8,5.08,50
49,5,29.7,34.1,77.2,5.13,60,150,250,37.1,34.7,5.1,49
37,2,34.7,41.9,97.2,6.1,60,126,191,70.4,44.5,5.16,37
45,2,32.1,23.1,115.0,6.01,53,138,267,80.0,30.6,5.93,45
45,4,39.9,35.6,99.7,3.23,53,131,256,52.8,35.5,5.69,45
44,6,31.9,30.4,111.2,6.6,60,138,264,38.2,32.4,6.0,44
47,8,40.6,31.8,84.8,6.23,60,150,240,32.9,33.6,5.11,47
35,2,38.4,30.8,113.1,3.32,60,150,194,75.6,33.1,5.54,35
50,3,42.4,22.5,77.3,5.39,46,150,267,75.0,27.9,5.34,50
43,10,41.4,33.0,92.2,4.15,60,109,211,27.8,34.8,4.91,43
49,2,23.8,30.1,61.6,6.35,60,150,277,80.0,32.0,5.65,49
36,7,38.6,29.6,88.8,3.13,60,59,173,32.6,28.0,4.81,36
40,3,37.8,32.1,86.4,4.75,60,134,230,58.8,37.8,5.75,40
47,2,46.2,32.4,111.5,6.26,60,140,260,80.0,38.5,5.53,47
43,3,53.7,25.9,79.2,6.4,60,150,270,77.2,31.5,6.28,43
42,2,32.8,31.2,104.4,5.24,60,150,234,80.0,28.5,5.57,42
50,3,33.1,29.5,108.0,4.58,60,148,286,68.1,26.6,5.72,50
43,6,38.1,24.9,99.7,5.3,60,109,248,37.6,27.1,5.77,43
48,4,44.9,29.2,89.3,4.51,54,119,275,54.0,31.1,5.73,48
48,5,43.4,29.8,97.8,5.53,15,150,286,47.3,31.5,5.96,48
42,2,36.7,15.0,66.0,5.86,30,100,239,80.0,12.9,5.69,42
32,4,36.0,32.5,101.4,4.75,60,129,171,31.1,40.0,5.34,32
44,2,38.9,31.1,82.9,5.58,60,129,244,80.0,27.5,5.55,44
50,1,30.6,36.5,72.2,5.7,60,116,262,80.0,36.1,5.24,50
44,9,33.6,34.7,101.1,6.21,60,148,236,27.0,34.9,5.36,44
32,4,43.8,39.6,62.5,5.51,47,104,192,44.5,38.9,6.0,32
36,7,30.7,29.6,86.4,4.44,60,112,184,24.9,26.6,5.11,36
44,8,39.8,27.6,54.2,6.45,60,150,234,34.1,29.2,5.32,44
42,4,38.9,26.8,90.9,5.61,60,114,252,50.6,25.3,6.0,42
43,4,40.0,33.1,58.7,5.8,54,81,226,48.1,38.7,5.26,43
46,5,39.7,28.3,61.6,5.96,51,150,269,47.3,25.8,5.85,46
47,6,36.5,24.5,105.0,8.17,60,150,265,42.1,23.5,5.64,47
50,3,34.3,29.7,103.3,4.33,60,113,270,64.5,33.8,5.4,50
44,3,37.4,31.9,88.7,6.51,60,150,244,69.1,31.1,5.55,44
45,4,31.0,30.6,75.3,6.44,56,150,217,47.6,33.6,4.82,45
37,5,43.6,35.3,122.4,4.95,58,106,205,43.3,29.0,5.54,37
44,5,35.0,35.0,104.3,6.42,60,109,232,38.6,35.1,5.27,44
36,4,40.4,35.3,89.9,5.5,60,150,180,43.4,34.1,5.0,36
46,2,50.5,30.8,97.3,5.27,60,150,279,80.0,30.9,6.07,46
39,3,43.8,25.8,87.6,5.4,48,109,229,70.6,25.7,5.87,39
33,6,44.6,33.8,117.5,4.52,51,130,173,31.4,30.1,5.24,33
50,6,28.8,22.5,96.0,8.69,60,113,280,38.9,25.5,5.6,50
45,3,47.5,32.4,65.2,4.23,60,150,257,68.2,35.9,5.71,45
50,7,40.4,28.1,117.8,3.51,60,150,261,36.5,27.6,5.22,50
50,6,42.3,22.7,95.9,5.45,60,150,290,45.5,19.6,5.8,50
40,3,43.0,28.1,101.5,5.25,31,137,219,59.2,22.8,5.48,40
39,5,30.9,31.0,102.8,4.37,60,150,233,36.6,29.1,5.97,39
50,6,38.9,43.1,74.3,3.88,42,85,269,40.8,42.7,5.38,50
38,2,20.0,27.3,80.6,5.38,60,143,204,71.2,27.6,5.37,38
50,3,26.8,34.6,105.4,6.81,49,129,279,63.2,31.7,5.58,50
45,7,34.6,35.6,84.1,6.6,60,106,235,31.8,35.3,5.22,45
28,5,35.4,47.8,93.7,5.28,55,150,135,32.3,40.5,4.82,28
38,2,37.3,33.5,77.1,4.51,50,140,196,74.0,33.5,5.16,38
44,2,44.3,39.5,102.9,6.14,41,101,261,80.0,38.8,5.93,44
44,2,33.5,38.0,94.2,4.93,60,150,253,80.0,38.1,5.75,44
50,6,42.0,19.3,93.3,7.04,59,53,293,41.5,15.7,5.86,50
48,5,33.3,28.3,98.1,6.45,44,150,257,45.1,27.8,5.35,48
35,5,35.1,33.6,68.1,6.76,57,150,175,35.7,36.0,5.0,35
36,3,36.3,34.0,93.2,5.9,60,150,210,53.0,27.8,5.83,36
38,4,30.6,33.6,104.5,3.85,50,150,196,39.2,32.1,5.16,38
41,7,37.6,33.7,98.0,5.84,60,106,234,37.0,31.4,5.71,41
33,4,50.2,32.9,121.7,6.35,58,134,217,51.1,26.7,6.58,33
47,7,35.2,33.2,82.9,4.33,60,150,255,38.1,37.1,5.43,47
39,3,40.0,27.1,92.6,6.06,60,131,217,56.8,22.2,5.56,39
43,3,39.1,27.3,119.1,5.64,60,150,229,57.8,29.9,5.33,43
43,3,42.0,37.7,82.5,5.33,52,135,242,63.9,36.5,5.63,43
38,4,26.4,25.3,105.9,5.83,58,150,207,41.9,29.2,5.45,38
45,4,39.7,36.9,91.3,6.22,59,128,255,56.5,41.3,5.67,45
45,1,34.3,33.2,112.1,3.56,60,136,259,80.0,35.3,5.76,45
45,2,36.6,43.6,101.2,4.7,48,150,256,80.0,38.2,5.69,45
29,4,36.5,30.1,94.6,6.26,60,150,178,42.4,24.3,6.14,29
49,9,32.3,31.5,88.6,3.83,60,117,244,25.2,39.3,4.98,49
37,4,46.5,30.0,82.2,6.94,60,79,223,44.2,32.6,6.03,37
37,5,35.6,33.8,78.5,7.06,54,150,195,42.4,33.3,5.27,37
50,2,36.5,34.2,96.0,6.87,60,131,276,80.0,36.6,5.52,50
40,5,36.4,30.8,78.0,4.79,51,150,199,42.0,30.5,4.97,40
38,3,43.7,45.2,82.5,5.06,50,109,208,57.0,44.2,5.47,38
42,7,44.4,39.3,85.4,6.05,58,150,224,30.7,33.0,5.33,42
50,4,26.2,24.5,109.2,5.33,36,150,286,52.9,25.8,5.72,50
35,4,38.5,39.1,92.6,6.41,59,136,160,38.6,40.7,4.57,35
31,8,32.3,39.0,98.1,5.04,46,113,149,22.7,42.0,4.81,31
44,6,38.6,29.4,94.7,4.65,51,150,235,38.1,21.8,5.34,44
48,1,28.7,35.2,79.7,4.8,60,122,281,80.0,40.8,5.85,48
50,6,40.7,39.9,98.6,6.14,59,143,248,39.6,38.7,4.96,50
50,4,40.7,32.0,75.8,6.29,51,150,277,55.0,27.9,5.54,50
50,3,52.4,26.1,84.1,4.97,60,150,310,80.0,31.4,6.2,50
49,2,42.1,42.5,73.6,6.42,60,150,252,80.0,44.5,5.14,49
36,7,36.3,27.2,72.8,5.87,55,147,176,29.3,27.4,4.89,36
33,6,37.2,38.7,95.1,5.8,60,150,183,31.2,33.7,5.55,33
32,6,33.6,35.0,92.0,4.96,60,95,167,31.0,38.9,5.22,32
46,7,38.7,36.5,85.0,4.59,60,87,231,38.7,33.9,5.02,46
41,5,38.3,35.1,84.8,5.22,60,126,212,41.8,38.2,5.17,41
43,2,40.3,33.1,76.0,5.57,60,135,243,80.0,36.3,5.65,43
50,3,32.4,40.2,101.3,5.9,60,150,292,76.6,41.8,5.84,50
50,4,41.7,27.2,74.8,7.33,60,150,302,63.2,26.4,6.04,50
50,3,36.2,28.8,122.7,5.58,60,141,276,64.3,34.8,5.52,50
39,3,50.0,30.8,102.4,4.9,60,150,215,65.8,34.5,5.51,39
34,4,43.8,32.8,92.8,5.91,60,150,206,51.7,33.9,6.06,34
50,5,40.1,31.7,90.5,5.57,60,150,274,49.8,31.4,5.48,50
36,5,40.5,30.2,68.7,5.4,60,47,175,37.3,36.0,4.86,36
39,3,23.6,32.1,105.6,4.59,57,127,211,53.0,30.6,5.41,39
43,5,42.6,39.3,98.9,5.95,54,140,237,45.7,35.6,5.51,43
33,6,49.5,29.1,83.6,5.26,58,140,165,35.5,37.4,5.0,33
50,4,36.6,28.6,94.0,6.46,50,139,260,55.1,32.5,5.2,50
38,4,40.1,26.1,81.8,4.87,60,150,193,46.2,26.8,5.08,38
38,6,38.5,29.6,87.8,5.91,60,150,187,31.6,30.7,4.92,38
36,4,36.5,30.6,106.3,5.93,55,150,212,44.1,30.2,5.89,36
39,6,28.6,32.6,86.3,6.07,52,150,189,23.5,32.1,4.85,39
33,4,43.6,30.9,82.6,4.09,60,116,189,47.1,33.0,5.73,33
41,3,33.1,38.5,80.5,6.75,60,150,210,53.9,38.4,5.12,41
33,6,43.5,34.3,74.2,4.37,60,93,135,33.0,34.0,4.09,33
36,4,40.9,34.3,60.6,7.07,60,112,200,46.0,35.4,5.56,36
36,8,40.1,36.9,87.0,5.87,60,150,182,29.3,39.5,5.06,36
39,3,38.0,30.7,92.1,5.98,60,128,245,59.7,26.0,6.28,39
39,6,45.1,40.2,89.3,4.47,54,125,207,41.8,39.3,5.31,39
46,7,42.6,21.3,117.6,6.2,60,150,268,44.8,21.4,5.83,46
33,4,33.9,41.7,96.1,5.36,60,119,177,37.1,41.2,5.36,33
45,6,29.6,25.3,67.1,5.44,60,124,214,28.2,17.2,4.76,45
46,0,38.9,36.7,95.7,5.28,46,128,266,80.0,34.2,5.78,46
42,2,39.3,29.2,88.2,7.05,60,126,248,80.0,33.2,5.9,42
38,4,34.1,23.5,76.0,5.06,60,150,214,49.6,26.8,5.63,38
50,2,38.4,27.1,75.5,5.17,58,150,277,80.0,29.7,5.54,50
43,3,38.0,44.9,85.2,6.53,60,97,226,62.8,41.4,5.26,43
45,5,40.8,33.2,86.8,6.94,60,150,214,44.5,38.8,4.76,45
45,0,41.7,27.0,93.6,5.29,60,141,268,80.0,25.6,5.96,45
42,7,44.0,34.0,93.1,3.04,42,150,227,37.7,36.6,5.4,42
46,8,45.5,34.0,95.8,5.81,60,113,243,30.4,31.9,5.28,46
36,7,30.5,40.4,78.0,3.91,60,150,205,35.8,36.5,5.69,36
42,3,26.6,48.0,123.0,4.71,58,103,220,54.2,43.4,5.24,42
43,5,39.4,30.1,101.6,6.81,54,150,242,47.6,30.0,5.63,43
25,4,26.3,26.0,100.7,4.93,60,150,141,36.0,29.4,5.64,25
40,3,46.1,26.9,90.4,4.32,29,86,228,65.4,26.0,5.7,40
41,4,40.4,32.9,91.6,4.38,46,145,215,50.2,34.9,5.24,41
49,6,36.6,35.2,80.7,6.13,58,116,262,38.8,33.4,5.35,49
41,3,34.9,34.9,99.2,4.99,55,131,248,62.3,37.1,6.05,41
32,2,33.9,30.8,84.3,4.2,38,143,171,72.1,34.1,5.34,32
39,6,40.5,34.2,129.1,4.53,48,150,224,38.4,40.0,5.74,39
34,4,30.1,34.8,65.4,6.34,55,150,173,37.5,35.7,5.09,34
27,3,39.6,29.9,102.4,6.43,60,138,166,51.1,28.0,6.15,27
50,5,44.7,38.2,73.9,6.79,57,123,277,51.7,38.8,5.54,50
35,5,34.9,41.1,113.2,5.42,60,145,177,38.8,33.5,5.06,35
40,6,43.2,44.5,109.0,6.51,60,150,234,44.4,46.2,5.85,40
43,4,39.1,37.6,82.0,6.44,52,150,256,51.8,32.8,5.95,43
40,3,41.2,32.8,80.7,5.23,60,150,235,64.7,32.5,5.88,40
28,9,38.0,29.7,79.4,5.2,44,150,147,29.5,28.2,5.25,28
43,1,37.7,35.3,87.7,6.64,24,150,242,80.0,37.8,5.63,43
36,3,42.3,32.0,74.7,5.12,42,150,191,58.3,32.9,5.31,36
46,2,43.6,19.4,74.2,5.58,55,127,262,80.0,21.3,5.7,46
50,7,33.5,41.9,92.4,4.7,60,150,282,36.5,40.5,5.64,50
36,0,40.7,34.0,87.4,4.64,59,150,204,80.0,29.2,5.67,36
46,8,33.8,36.6,78.4,6.12,57,150,237,29.7,36.2,5.15,46
33,10,40.0,22.5,99.3,5.89,60,150,161,26.8,23.4,4.88,33
50,4,32.4,40.3,72.8,4.74,60,150,279,52.4,38.8,5.58,50
50,4,40.8,33.9,84.0,4.93,60,101,277,57.2,39.1,5.54,50
37,4,41.0,38.6,78.4,5.98,52,69,217,53.7,56.0,5.86,37
50,7,36.6,32.1,108.4,4.94,60,150,257,36.5,31.2,5.14,50
50,4,37.5,26.6,71.9,5.65,60,71,270,53.5,25.0,5.4,50
29,6,43.3,37.2,102.1,7.73,60,101,148,31.0,38.0,5.1,29
33,5,32.2,33.2,119.1,7.28,60,150,179,33.6,28.2,5.42,33
48,4,33.6,26.7,83.0,6.3,60,130,283,52.8,23.5,5.9,48
50,2,42.2,32.5,79.3,5.07,47,150,295,80.0,29.3,5.9,50
35,8,52.8,25.9,80.6,5.83,60,132,203,40.8,25.7,5.8,35
42,3,47.2,30.6,72.3,5.42,53,113,245,71.1,29.4,5.83,42
50,2,42.9,42.9,62.3,6.93,60,129,274,80.0,43.9,5.48,50
34,5,40.6,29.7,95.4,4.65,48,62,174,37.5,30.7,5.12,34
42,2,41.9,36.3,89.7,5.45,48,134,247,80.0,37.7,5.88,42
50,3,31.7,33.6,77.2,6.85,48,150,262,61.3,35.6,5.24,50
37,1,46.4,35.0,64.4,5.92,56,135,188,80.0,39.8,5.08,37
30,7,44.1,35.9,105.4,6.21,46,150,155,29.8,35.6,5.17,30
42,8,46.1,29.4,87.3,3.94,60,150,231,39.8,26.6,5.5,42
44,7,43.4,34.2,79.7,5.61,37,103,227,37.7,28.3,5.16,44
44,7,38.0,41.8,101.6,5.41,60,150,235,36.8,43.6,5.34,44
45,6,39.5,32.0,83.4,4.74,60,150,253,42.2,34.4,5.62,45
50,2,33.3,36.1,95.1,6.24,51,150,297,80.0,37.2,5.94,50
41,5,28.7,33.6,86.3,5.8,60,150,194,32.0,30.9,4.73,41
50,2,36.1,32.8,90.5,6.61,60,150,283,80.0,35.3,5.66,50
48,3,35.5,31.6,113.7,6.28,60,104,278,72.9,30.7,5.79,48
46,5,35.6,26.9,86.0,5.02,51,136,259,47.1,27.7,5.63,46
44,8,46.9,40.3,93.6,6.81,60,150,224,38.7,35.8,5.09,44
33,7,43.9,40.9,67.5,5.2,60,150,144,27.1,40.9,4.36,33
32,1,38.6,25.4,94.6,5.55,60,150,201,80.0,21.4,6.28,32
34,4,36.8,30.8,81.0,5.0,60,143,172,41.6,32.3,5.06,34
31,5,33.6,29.0,95.2,5.19,55,150,169,34.4,23.7,5.45,31
40,5,30.7,27.2,75.0,5.84,60,110,218,40.0,22.8,5.45,40
36,3,34.2,40.0,91.9,6.76,55,150,187,49.6,44.2,5.19,36
33,8,38.4,36.9,92.1,5.06,60,150,175,31.5,40.9,5.3,33
39,8,32.6,34.5,92.5,4.99,60,150,188,30.1,35.9,4.82,39
50,3,39.5,34.6,104.5,5.85,50,87,265,70.0,30.9,5.3,50
39,6,35.8,32.2,89.8,6.06,60,150,212,35.6,31.3,5.44,39
46,7,46.2,29.6,58.1,4.59,60,150,231,42.0,27.2,5.02,46
41,3,41.9,36.5,76.8,5.76,47,119,228,64.5,35.4,5.56,41
50,8,40.0,28.4,104.1,3.35,60,148,255,34.1,35.8,5.1,50
43,2,37.3,30.1,77.1,4.83,28,150,250,80.0,35.4,5.81,43
45,4,42.7,33.7,98.5,5.53,60,150,277,61.4,30.8,6.16,45
40,8,40.7,41.1,96.0,5.37,60,150,200,28.1,39.5,5.0,40
39,2,45.6,38.3,90.5,4.15,60,102,217,80.0,47.1,5.56,39
35,4,44.2,32.9,93.3,5.58,54,136,209,52.7,39.4,5.97,35
35,5,38.7,31.1,123.1,5.34,60,113,209,42.1,35.2,5.97,35
40,9,47.5,39.1,95.8,5.6,48,149,219,32.7,34.9,5.48,40
38,2,35.2,30.4,66.4,6.91,57,150,179,64.2,31.9,4.71,38
44,5,30.3,26.8,95.0,5.63,58,133,232,44.2,24.8,5.27,44
46,7,36.2,40.4,102.2,7.2,60,150,255,36.4,39.8,5.54,46
50,6,37.2,28.3,97.9,5.24,60,150,258,43.2,31.0,5.16,50
35,4,39.1,30.9,111.1,7.99,60,150,194,44.4,35.0,5.54,35
50,5,35.3,26.5,105.9,5.98,56,150,274,49.6,31.7,5.48,50
40,3,43.7,25.7,92.4,6.82,60,129,213,61.4,27.7,5.32,40
47,2,41.5,24.3,113.6,5.01,45,130,301,80.0,21.3,6.4,47
40,0,33.5,41.9,96.8,4.66,54,122,234,80.0,41.8,5.85,40
41,3,40.9,37.5,92.6,5.07,60,150,243,64.5,38.5,5.93,41
36,7,41.3,31.8,94.0,5.17,60,121,214,34.3,29.3,5.94,36
43,3,33.9,36.7,80.1,4.74,60,147,220,61.4,46.0,5.12,43
48,9,33.0,32.3,75.3,7.05,57,150,253,32.2,36.9,5.27,48
45,4,20.9,36.4,95.4,5.42,60,123,206,38.1,41.0,4.58,45
30,3,33.7,34.3,101.1,8.6,60,130,151,46.7,34.6,5.03,30
46,6,41.7,30.5,80.4,5.04,29,132,263,46.4,39.3,5.72,46
44,8,33.5,32.0,103.8,3.99,34,147,242,33.1,34.8,5.5,44
44,6,36.7,40.2,48.2,6.55,60,150,212,40.1,48.5,4.82,44
43,7,44.4,34.1,102.8,5.65,60,150,221,36.1,38.6,5.14,43
24,1,42.3,33.4,73.9,8.38,60,113,148,80.0,30.3,6.17,24
34,7,40.3,30.0,103.1,6.22,35,147,183,28.9,34.9,5.38,34
50,8,34.7,29.8,100.0,5.07,60,150,266,37.4,22.9,5.32,50
44,3,38.1,33.5,97.4,6.79,60,150,271,64.1,24.4,6.16,44
41,4,29.9,25.5,76.3,6.17,57,94,218,44.7,34.5,5.32,41
45,2,36.3,34.1,82.6,3.51,60,150,230,80.0,36.9,5.11,45
43,4,35.1,28.4,98.5,6.64,60,150,232,50.2,22.4,5.4,43
50,0,47.5,34.9,108.2,4.7,60,120,306,80.0,36.3,6.12,50
43,1,40.7,38.1,66.7,5.07,60,150,234,80.0,43.4,5.44,43
50,7,34.6,30.3,83.5,5.49,60,150,274,36.5,29.8,5.48,50
46,5,34.3,32.0,107.0,4.0,59,122,265,45.5,36.4,5.76,46
43,2,42.4,36.3,104.4,5.39,60,150,239,80.0,37.4,5.56,43
36,2,38.8,40.2,111.5,5.95,60,150,205,75.5,35.7,5.69,36
30,3,27.7,32.4,115.8,4.99,60,128,178,42.0,24.3,5.93,30
38,7,38.8,36.3,93.1,4.45,60,150,207,32.4,31.6,5.45,38
41,3,19.0,40.7,82.0,6.53,60,146,205,48.3,34.9,5.0,41
33,7,37.0,33.3,67.6,4.6,36,150,163,26.3,32.0,4.94,33
40,3,36.1,32.1,89.3,5.19,60,150,211,60.6,35.9,5.28,40
39,2,31.2,29.3,94.3,5.69,59,150,197,71.0,33.4,5.05,39
50,6,25.2,31.3,139.3,5.85,56,143,288,45.3,22.4,5.76,50
45,0,42.4,34.6,85.8,5.98,60,150,281,80.0,33.8,6.24,45
26,6,41.6,32.4,106.2,4.27,60,129,149,32.3,27.2,5.73,26
50,2,28.6,42.1,91.5,6.95,60,107,266,80.0,46.5,5.32,50
35,1,37.2,31.9,110.9,6.24,60,150,193,80.0,35.5,5.51,35
40,1,40.3,26.3,100.8,5.64,59,107,243,80.0,18.5,6.08,40
43,5,43.0,31.3,95.9,6.34,46,136,243,42.7,28.6,5.65,43
38,8,34.0,25.8,99.4,3.42,35,150,181,30.4,25.4,4.76,38
36,6,29.7,24.7,80.7,3.93,57,150,188,30.1,26.0,5.22,36
39,2,31.2,29.7,100.7,5.13,57,150,201,71.5,26.9,5.15,39
49,5,42.0,31.6,87.0,4.37,60,149,259,45.7,32.4,5.29,49
43,4,44.6,24.8,88.3,8.45,60,144,275,59.0,25.6,6.4,43
43,10,35.5,32.9,99.7,5.49,60,150,221,28.4,38.5,5.14,43
33,3,45.8,25.7,93.3,3.6,46,108,217,57.5,31.8,6.58,33
45,7,36.8,33.5,89.3,5.83,58,94,240,35.3,33.5,5.33,45
36,5,31.7,40.6,98.3,8.01,60,150,206,41.7,43.3,5.72,36
41,1,34.0,29.1,104.7,4.59,60,132,230,80.0,32.6,5.61,41
50,1,32.8,40.0,101.7,4.73,60,150,286,80.0,38.9,5.72,50
50,3,35.9,33.7,110.0,7.17,60,126,285,66.8,34.3,5.7,50
48,3,27.5,25.9,85.9,4.98,60,146,249,65.4,26.6,5.19,48
42,2,29.8,23.7,84.9,5.43,60,150,260,80.0,26.6,6.19,42
50,7,34.6,29.9,103.7,6.51,60,150,275,38.6,23.6,5.5,50
40,4,33.6,32.8,80.0,7.74,60,150,223,45.1,33.7,5.58,40
39,2,35.7,36.5,101.4,6.67,58,149,233,80.0,39.0,5.97,39
50,6,40.0,37.0,93.0,6.68,60,149,276,43.5,30.2,5.52,50
50,2,30.2,30.5,120.1,6.6,44,103,285,80.0,34.0,5.7,50
40,3,35.9,43.1,69.1,4.72,46,150,206,56.4,41.1,5.15,40
30,4,47.8,32.2,84.5,5.83,60,122,163,43.7,33.6,5.43,30
50,4,34.9,31.3,77.9,6.62,56,144,286,53.3,31.4,5.72,50
46,5,41.8,36.1,93.4,6.07,48,76,258,52.6,33.8,5.61,46
49,6,30.9,36.7,88.2,3.61,43,100,264,36.2,39.2,5.39,49
33,4,35.3,36.7,90.5,3.94,60,142,182,39.5,33.2,5.52,33
34,2,28.7,30.5,83.4,6.15,31,150,166,61.5,27.0,4.88,34
49,6,33.6,23.2,75.1,5.0,60,150,254,38.1,23.2,5.18,49
36,7,42.0,29.5,101.2,6.27,54,96,206,33.6,32.8,5.72,36
44,4,49.4,43.2,94.3,6.36,60,142,232,49.8,50.7,5.27,44
41,4,27.3,29.5,94.8,4.31,47,133,232,41.8,31.4,5.66,41
48,4,34.6,40.4,87.6,4.1,53,130,271,50.8,44.8,5.65,48
36,7,26.6,28.4,83.5,6.31,48,129,199,26.1,23.1,5.53,36
33,3,33.9,27.3,81.5,5.21,60,150,184,46.8,25.6,5.58,33
47,6,38.1,32.9,103.1,6.53,60,150,248,40.3,37.6,5.28,47
29,7,43.9,32.4,108.8,4.96,60,150,178,31.2,35.2,6.14,29
39,6,33.1,27.2,69.1,5.85,60,150,205,31.6,25.7,5.26,39
44,3,40.5,37.7,93.5,6.01,60,150,250,69.7,38.0,5.68,44
49,3,53.0,27.2,85.4,5.25,60,150,298,80.0,20.8,6.08,49
45,4,48.2,33.0,79.4,3.73,60,150,254,54.3,30.4,5.64,45
43,6,37.7,39.2,88.1,3.71,60,150,242,41.8,36.1,5.63,43
47,5,40.0,31.7,77.1,5.14,60,93,259,44.3,28.8,5.51,47
42,3,29.8,42.8,110.2,5.99,54,150,220,58.3,48.3,5.24,42
50,3,37.9,31.1,105.4,6.22,60,108,297,68.6,31.1,5.94,50
34,7,30.1,29.2,74.8,6.43,54,130,179,28.8,32.2,5.26,34
46,7,45.8,37.4,88.7,5.1,53,150,241,38.7,36.6,5.24,46
44,2,44.1,27.0,75.1,5.55,60,122,254,80.0,27.6,5.77,44
40,4,43.8,40.3,100.4,5.69,60,150,216,51.3,44.0,5.4,40
34,6,39.0,28.4,72.0,3.86,60,140,174,34.2,30.0,5.12,34
43,6,31.5,31.3,94.4,4.61,60,150,233,34.8,31.9,5.42,43
41,2,37.6,24.4,82.7,4.61,60,98,262,80.0,27.7,6.39,41
40,4,33.2,31.4,80.9,6.77,42,150,220,41.2,36.7,5.5,40
47,4,36.9,20.8,99.1,7.26,60,128,261,55.9,24.8,5.55,47
43,3,40.5,31.3,100.7,6.21,60,81,242,59.0,30.9,5.63,43
40,3,39.7,35.3,118.0,6.04,60,150,263,72.1,34.5,6.58,40
35,10,45.7,34.0,107.3,5.39,60,150,179,31.0,33.9,5.11,35
35,6,32.5,42.4,60.4,4.5,44,150,193,34.3,44.2,5.51,35
48,8,33.9,31.1,79.9,5.8,60,150,253,36.6,31.1,5.27,48
38,4,37.7,30.5,87.9,6.61,57,150,207,45.7,28.4,5.45,38
29,5,40.8,27.0,99.3,5.68,58,130,146,37.9,28.2,5.03,29
40,4,33.2,35.1,87.7,5.47,41,150,234,51.5,31.4,5.85,40
41,3,35.1,30.1,92.7,6.74,60,150,235,64.6,29.3,5.73,41
44,5,42.7,32.4,115.1,4.67,60,150,254,49.8,37.9,5.77,44
34,4,47.8,30.2,109.2,5.52,60,89,189,39.1,29.3,5.56,34
45,9,43.8,33.2,105.5,5.48,32,147,239,27.4,38.6,5.31,45
30,5,37.2,34.2,51.5,5.9,60,150,159,33.0,33.7,5.3,30
50,3,42.9,34.6,75.4,5.28,59,150,274,69.0,34.4,5.48,50
39,3,43.6,28.9,102.7,3.43,60,129,232,57.3,26.6,5.95,39
45,6,40.3,29.9,83.2,6.42,60,43,231,42.9,32.1,5.13,45
39,5,37.0,31.4,76.7,5.38,60,91,184,34.4,36.3,4.72,39
40,6,40.7,38.9,105.3,4.05,60,150,214,38.4,37.6,5.35,40
38,3,50.3,29.3,70.5,5.29,60,150,225,65.8,33.8,5.92,38
47,7,39.4,26.6,109.2,5.73,60,147,267,36.7,25.1,5.68,47
31,5,40.1,27.5,83.5,7.09,60,150,166,36.6,28.5,5.35,31
45,3,38.7,30.7,91.9,4.4,60,150,243,62.2,30.4,5.4,45
35,6,39.2,36.0,79.7,4.78,44,120,182,35.1,40.1,5.2,35
33,1,36.8,35.3,104.8,5.64,54,132,180,80.0,38.2,5.45,33
50,7,32.3,23.2,73.6,4.82,48,150,261,32.8,32.7,5.22,50
50,5,38.9,36.3,79.5,4.14,60,148,268,56.6,39.9,5.36,50
44,4,33.4,36.3,83.2,6.54,60,150,256,54.4,35.9,5.82,44
50,2,42.0,34.7,103.4,4.61,53,114,311,80.0,44.8,6.22,50
33,5,47.7,26.9,87.6,5.69,30,147,192,47.0,25.7,5.82,33
43,2,44.6,42.1,103.5,6.49,60,76,254,80.0,40.6,5.91,43
44,3,28.7,31.6,77.7,5.2,57,116,246,62.2,28.1,5.59,44
50,9,38.7,39.2,108.2,5.34,33,150,240,35.1,37.3,4.8,50
41,9,30.4,40.3,108.8,5.67,57,150,224,29.1,42.4,5.46,41
50,4,26.9,34.8,75.7,5.58,60,127,251,44.8,39.1,5.02,50
50,3,41.6,25.6,87.0,4.42,60,117,300,75.1,25.8,6.0,50
50,1,44.2,26.5,94.7,4.93,60,150,300,80.0,40.0,6.0,50
36,5,25.5,27.4,80.8,4.48,33,150,195,33.6,30.8,5.42,36
16,5,31.7,25.5,116.5,4.61,60,129,85,20.5,26.0,5.31,16
31,3,44.0,25.2,68.7,7.1,60,103,183,59.0,16.6,5.9,31
26,5,44.0,39.2,96.1,5.44,60,141,131,38.0,33.4,5.04,26
50,4,48.5,42.3,116.5,5.05,60,131,280,63.8,41.3,5.6,50
36,3,44.4,29.7,80.7,4.81,60,118,203,58.8,29.1,5.64,36
44,3,35.0,33.4,76.6,5.13,60,150,260,65.3,30.9,5.91,44
47,1,41.8,25.7,84.9,5.3,49,150,278,80.0,24.2,5.91,47
42,2,38.7,32.9,104.8,5.42,60,150,258,80.0,38.9,6.14,42
42,9,31.7,28.8,65.0,6.89,39,150,205,24.5,27.5,4.88,42
43,5,43.9,42.3,92.5,4.67,60,150,241,43.5,45.1,5.6,43
42,9,42.3,35.1,100.0,6.42,60,150,219,28.9,34.3,5.21,42
36,8,35.5,22.6,62.2,5.62,60,150,168,25.0,23.4,4.67,36
43,9,39.3,22.4,85.3,3.71,59,136,230,37.4,19.0,5.35,43
35,5,44.3,24.4,73.4,5.59,60,134,203,40.1,23.3,5.8,35
45,5,42.1,28.0,88.4,6.27,59,150,250,45.3,32.5,5.56,45
50,2,36.3,25.0,87.0,4.08,50,87,294,80.0,27.6,5.88,50
32,5,47.8,31.6,95.1,4.74,60,115,181,44.5,28.1,5.66,32
47,6,43.2,41.7,97.0,5.34,27,150,246,43.7,42.2,5.23,47
43,5,27.6,30.0,99.5,4.18,53,150,237,39.1,27.4,5.51,43
37,5,42.3,30.6,80.0,7.33,51,121,202,42.2,29.6,5.46,37
50,6,33.2,30.0,106.5,5.8,52,150,290,48.4,26.3,5.8,50
43,2,28.2,22.2,87.0,5.25,45,105,230,80.0,20.4,5.35,43
20,6,44.3,33.2,69.9,5.66,57,121,95,25.1,34.8,4.75,20
41,4,60.0,29.8,120.5,5.96,45,125,260,63.7,32.2,6.34,41
42,6,40.1,34.9,83.2,5.58,58,150,223,40.5,36.1,5.31,42
43,6,26.1,29.7,82.9,5.84,53,146,207,31.6,22.4,4.81,43
44,3,37.7,28.6,81.3,6.06,60,130,236,63.4,31.5,5.36,44
44,7,38.1,39.4,94.7,5.98,60,150,208,32.3,40.7,4.73,44
32,3,34.4,31.7,64.3,4.59,60,118,174,50.4,43.1,5.44,32
45,4,42.9,37.0,94.1,7.54,60,150,270,53.0,40.1,6.0,45
37,7,42.3,34.4,74.2,6.23,60,110,188,32.9,32.9,5.08,37
45,4,47.1,35.0,111.7,5.03,60,131,244,54.2,39.9,5.42,45
28,1,48.9,24.1,59.3,6.47,60,110,167,80.0,25.2,5.96,28
38,7,35.6,31.4,94.8,5.59,43,150,200,33.2,25.9,5.26,38
44,4,41.2,36.1,79.4,7.7,60,145,250,52.8,30.1,5.68,44
49,5,45.9,33.1,95.9,3.29,48,140,276,55.9,31.7,5.63,49
48,3,30.1,34.1,98.8,6.84,60,40,262,63.9,36.3,5.46,48
43,4,40.8,33.6,106.2,5.65,60,150,231,52.1,28.5,5.37,43
35,6,30.1,34.9,84.2,5.17,60,150,172,26.9,32.6,4.91,35
37,6,39.6,30.3,73.5,3.71,59,150,190,35.2,32.7,5.14,37
45,10,36.4,34.4,90.7,4.8,53,98,216,28.8,30.0,4.8,45
42,3,47.2,30.6,73.0,5.23,60,150,227,61.6,35.6,5.4,42
50,4,35.0,25.5,87.6,5.35,60,150,302,56.7,23.8,6.04,50
50,7,35.9,34.7,79.7,4.78,45,130,275,35.7,40.9,5.5,50
28,2,48.0,35.6,100.3,7.15,55,150,154,58.4,33.2,5.5,28
50,4,27.8,39.0,83.6,5.81,60,150,259,44.8,37.4,5.18,50
50,6,27.4,32.6,78.3,2.73,39,150,264,36.8,33.4,5.28,50
44,5,18.8,34.6,91.5,4.37,60,150,233,34.0,30.5,5.3,44
48,4,34.1,35.3,87.1,5.71,60,114,265,49.0,38.0,5.52,48
35,4,28.7,38.0,97.3,5.21,52,150,178,38.0,40.6,5.09,35
41,9,48.8,37.8,107.9,4.01,40,100,231,34.8,35.6,5.63,41
40,3,40.5,34.6,62.8,7.45,55,109,203,57.7,36.4,5.08,40
44,5,45.9,29.5,91.7,5.45,60,150,263,49.0,30.3,5.98,44
45,2,45.6,28.4,66.5,5.93,48,148,263,80.0,24.2,5.84,45
38,7,38.3,32.4,58.0,6.06,53,150,176,26.2,33.9,4.63,38
47,5,29.6,30.1,98.0,5.96,60,114,277,45.6,32.4,5.89,47
46,5,43.9,26.8,79.1,4.98,60,150,245,45.0,26.1,5.33,46
35,4,35.9,27.6,88.5,7.01,55,150,199,45.0,26.8,5.69,35
50,5,35.5,29.6,71.9,4.44,60,150,267,46.9,30.9,5.34,50
48,10,45.1,27.4,89.1,4.4,38,134,261,31.7,30.1,5.44,48
48,1,36.6,30.8,83.0,4.3,60,141,273,80.0,28.3,5.69,48
47,7,33.5,31.5,84.6,5.37,60,150,237,29.3,26.1,5.04,47
36,4,41.2,38.9,96.7,6.54,60,150,197,43.9,44.1,5.47,36
23,7,39.2,34.3,69.6,6.09,60,150,99,24.6,36.1,4.3,23
26,6,30.7,32.9,97.7,4.4,60,88,114,24.9,39.2,4.38,26
42,3,27.6,34.3,109.0,4.57,57,150,241,63.4,37.2,5.74,42
37,7,43.6,29.6,95.2,4.51,49,150,210,35.3,31.8,5.68,37
50,2,32.6,27.0,85.0,6.35,59,150,277,80.0,33.2,5.54,50
50,6,32.4,29.4,79.9,5.67,54,150,271,40.4,22.2,5.42,50
50,4,44.0,43.1,90.2,4.18,60,139,266,58.6,44.3,5.32,50
44,4,32.3,40.7,115.3,4.65,51,150,232,49.4,40.6,5.27,44
50,5,49.1,37.0,100.5,5.27,53,150,286,52.4,36.7,5.72,50
49,2,30.1,47.2,56.3,5.01,49,150,242,80.0,49.9,4.94,49
35,7,32.2,30.8,93.0,6.16,56,135,180,25.9,31.9,5.14,35
23,4,34.3,32.9,100.3,5.96,60,144,143,33.4,31.3,6.22,23
48,4,36.6,21.3,91.8,7.79,52,150,286,56.8,25.0,5.96,48
32,2,36.9,27.8,88.2,4.06,49,150,176,71.5,34.3,5.5,32
49,3,42.0,33.2,81.8,7.24,47,146,270,69.4,33.4,5.51,49
29,5,36.1,39.6,95.8,3.96,45,64,153,34.3,36.6,5.28,29
40,2,35.3,34.5,85.7,4.52,60,150,220,80.0,27.7,5.5,40
50,1,42.4,29.4,98.6,7.09,60,141,300,80.0,28.5,6.0,50
47,5,49.4,31.4,93.9,6.28,60,150,264,55.3,32.5,5.62,47
48,6,45.0,36.7,87.2,4.83,60,150,247,39.7,28.4,5.15,48
40,3,27.9,35.7,84.8,6.74,60,150,219,52.2,33.0,5.48,40
42,2,48.9,26.4,109.0,6.33,60,150,259,80.0,26.7,6.17,42
43,5,43.4,34.4,110.1,5.33,60,144,242,49.3,36.7,5.63,43
41,6,31.7,26.6,103.9,6.93,60,150,227,38.4,27.6,5.54,41
50,5,33.9,34.3,87.7,4.29,37,119,279,50.1,31.0,5.58,50
48,3,28.5,26.5,97.3,5.59,56,121,271,68.6,24.6,5.65,48
50,1,40.5,26.8,111.4,4.31,60,125,303,80.0,22.7,6.06,50
38,6,32.7,26.1,66.5,5.03,60,112,210,33.4,26.4,5.53,38
45,5,35.9,30.6,94.2,5.87,60,145,249,46.2,28.3,5.53,45
47,5,41.3,34.8,83.7,4.9,60,150,256,47.9,33.7,5.45,47
45,2,44.0,29.6,77.4,6.88,60,150,246,80.0,27.8,5.47,45
33,2,37.5,31.6,95.1,4.39,60,136,188,70.4,29.4,5.7,33
50,6,34.3,32.1,91.4,5.88,59,108,273,37.9,34.3,5.46,50
41,4,32.3,27.1,101.1,6.9,30,89,232,46.4,36.2,5.66,41
39,4,37.5,40.1,112.7,6.05,54,105,221,46.0,40.9,5.67,39
47,3,33.9,38.5,102.5,6.94,60,150,269,71.6,35.6,5.72,47
45,3,40.9,35.6,73.9,6.84,60,147,249,68.0,31.9,5.53,45
43,4,40.2,33.3,85.0,2.98,60,81,233,51.9,32.4,5.42,43
50,2,34.6,37.6,74.4,5.25,60,150,273,80.0,45.1,5.46,50
49,4,35.0,38.9,70.9,6.14,56,150,256,51.7,39.4,5.22,49
35,6,34.8,35.8,87.6,5.02,29,150,170,31.7,38.7,4.86,35
48,3,36.8,33.6,123.2,5.72,60,139,297,73.1,30.7,6.19,48
45,2,32.7,38.4,89.2,5.82,60,150,241,80.0,36.3,5.36,45
48,7,44.8,37.2,84.3,5.09,60,150,241,42.0,40.6,5.02,48
44,3,28.5,23.9,107.6,4.2,43,150,257,61.4,30.2,5.84,44
50,6,38.2,44.1,87.6,6.02,60,150,274,45.2,45.3,5.48,50
39,10,33.7,30.8,65.0,6.05,60,84,175,27.2,33.7,4.49,39
40,8,44.3,26.5,73.0,6.99,60,150,226,36.7,24.4,5.65,40
42,9,26.6,33.9,90.8,5.92,60,150,204,29.1,35.0,4.86,42
50,7,38.8,29.6,105.8,5.86,38,75,266,38.9,36.5,5.32,50
46,3,36.1,29.7,101.2,4.89,51,150,272,66.5,33.1,5.91,46
42,2,42.8,22.7,78.9,5.27,60,150,229,80.0,26.0,5.45,42
40,6,36.9,30.9,92.5,5.75,60,150,202,42.2,33.2,5.05,40
47,1,42.1,24.9,89.5,5.06,45,147,284,80.0,25.2,6.04,47
32,6,37.7,32.9,85.9,4.76,60,124,165,35.1,32.3,5.16,32
38,3,38.3,42.2,54.5,4.45,60,150,197,55.7,36.7,5.18,38
34,3,42.5,27.2,81.0,7.37,60,150,186,53.1,25.6,5.47,34
42,8,35.3,21.6,94.5,6.43,58,150,225,26.7,30.0,5.36,42
40,4,38.3,30.3,83.8,5.18,44,150,211,48.7,22.7,5.28,40
50,4,21.3,29.7,69.1,7.04,60,144,256,45.8,25.6,5.12,50
40,4,37.9,36.4,109.5,4.63,60,150,216,49.4,42.2,5.4,40
37,2,24.8,32.3,102.8,7.7,60,150,181,69.7,36.1,4.89,37
40,3,36.7,26.4,110.5,7.31,60,144,219,59.3,27.5,5.48,40
43,8,38.1,27.6,124.8,5.09,45,96,233,33.3,26.8,5.42,43
46,6,38.4,29.5,97.6,2.62,57,147,277,39.8,33.5,6.02,46
44,4,30.7,29.6,71.5,6.63,43,95,255,54.0,34.4,5.8,44
37,5,42.1,29.6,88.1,5.39,57,92,205,45.1,37.0,5.54,37
46,3,43.7,41.6,81.8,5.12,58,135,237,65.0,36.8,5.15,46
43,3,34.2,27.9,114.2,6.23,60,124,246,61.2,31.3,5.72,43
45,2,40.9,42.3,68.5,4.59,56,145,256,80.0,37.1,5.69,45
35,5,37.2,34.9,97.1,5.88,60,150,191,37.0,30.3,5.46,35
39,1,36.5,36.0,101.4,5.74,59,149,225,80.0,33.2,5.77,39
38,5,38.7,40.2,94.2,5.2,60,119,228,40.1,42.3,6.0,38
34,3,38.3,38.5,88.7,7.09,60,115,185,55.9,42.1,5.44,34
39,6,38.4,35.9,88.6,7.15,60,92,216,36.8,34.5,5.54,39
49,5,38.4,33.3,81.7,5.36,60,150,288,50.7,32.5,5.88,49
50,7,39.7,30.6,110.2,5.19,60,105,274,35.1,29.0,5.48,50
44,3,39.2,32.9,73.4,4.24,60,146,237,60.7,36.5,5.39,44
40,1,27.6,36.1,59.9,4.44,60,150,227,80.0,41.6,5.68,40
44,4,35.8,31.3,84.9,4.99,46,134,256,56.3,31.9,5.82,44
39,5,39.2,36.7,78.3,4.63,60,136,223,39.2,31.5,5.72,39
40,8,45.0,31.4,76.6,4.85,55,146,208,32.0,26.2,5.2,40
25,2,43.7,33.2,76.4,6.41,51,150,147,61.9,33.3,5.88,25
50,6,40.8,25.9,73.8,5.39,41,150,282,47.1,19.2,5.64,50
44,5,28.9,28.1,93.8,7.8,60,107,235,37.1,27.9,5.34,44
50,9,35.2,34.8,67.0,6.12,58,150,258,30.3,40.8,5.16,50
39,3,43.9,25.9,75.5,6.03,43,144,203,58.7,25.7,5.21,39
40,3,49.3,27.7,103.2,5.26,60,99,224,65.5,19.4,5.6,40
38,7,43.0,39.1,97.9,7.08,60,150,185,40.4,38.1,4.87,38
36,3,36.0,36.2,112.3,4.65,60,150,177,48.6,35.2,4.92,36
50,5,45.6,38.0,106.1,6.07,60,150,280,55.8,39.5,5.6,50
47,2,50.5,28.0,88.8,5.48,49,144,276,80.0,26.1,5.87,47
48,3,40.6,36.3,84.0,5.71,60,132,277,70.0,38.7,5.77,48
41,6,35.3,29.6,83.7,4.79,54,111,215,34.6,34.4,5.24,41
44,1,29.4,34.4,106.3,7.81,60,150,238,80.0,35.7,5.41,44
46,5,33.7,30.5,95.6,3.59,35,118,270,45.0,31.6,5.87,46
47,5,35.8,30.3,98.9,5.97,60,130,244,46.2,31.6,5.19,47
44,2,35.9,28.4,110.9,6.44,60,123,241,80.0,32.6,5.48,44
50,5,42.6,32.4,61.7,6.62,60,88,252,48.0,33.9,5.04,50
50,4,34.5,21.1,84.7,5.79,60,150,271,53.5,18.4,5.42,50
45,1,29.1,35.9,85.8,5.85,60,150,246,80.0,35.7,5.47,45
50,3,27.9,31.6,64.9,6.47,59,150,260,63.6,30.5,5.2,50
38,2,37.9,32.0,92.7,5.08,60,150,217,80.0,32.2,5.71,38
40,7,34.4,37.1,95.3,6.26,60,136,188,35.1,39.8,4.7,40
44,6,31.8,22.5,87.8,6.56,60,150,229,38.0,23.3,5.2,44
41,5,42.8,27.4,115.9,4.66,60,123,225,41.3,34.0,5.49,41
36,1,44.7,38.8,80.5,3.85,45,150,220,80.0,34.9,6.11,36
48,5,41.4,38.7,84.7,3.61,60,150,266,46.3,30.3,5.54,48
50,7,37.4,38.1,89.7,6.01,60,106,262,30.4,36.4,5.24,50
43,5,38.1,28.2,95.1,5.45,60,150,237,41.3,30.8,5.51,43
44,6,38.6,38.3,88.0,4.44,60,109,255,44.2,43.1,5.8,44
29,9,30.8,24.1,109.3,4.17,60,88,143,21.3,26.2,4.93,29
39,5,29.0,36.1,96.5,5.87,60,102,228,35.0,39.3,5.85,39
41,6,24.7,30.1,71.8,5.19,60,150,209,29.3,27.9,5.1,41
50,2,39.6,24.4,91.8,6.61,60,87,287,80.0,27.3,5.74,50
43,3,42.4,40.7,89.6,4.86,45,150,235,59.6,39.5,5.47,43
46,3,38.6,32.1,113.3,6.4,37,122,263,72.1,33.8,5.72,46
50,2,40.7,29.7,62.0,4.52,48,105,268,80.0,31.2,5.36,50
27,4,47.9,39.3,79.3,4.89,60,101,150,46.4,33.1,5.56,27
44,3,35.9,26.8,132.8,6.11,60,119,280,66.9,31.7,6.36,44
41,4,41.1,25.8,79.9,5.51,60,113,242,54.3,21.8,5.9,41
46,5,39.4,32.9,71.1,5.42,60,121,260,47.2,36.4,5.65,46
38,2,39.4,31.9,82.4,4.86,57,150,206,79.6,37.7,5.42,38
45,6,32.9,28.6,64.8,4.11,51,144,227,35.2,25.5,5.04,45
47,4,30.1,30.7,97.8,6.59,60,137,249,54.8,28.7,5.3,47
39,5,37.4,28.2,71.3,5.0,43,150,198,37.5,20.3,5.08,39
34,2,37.3,31.3,99.4,4.14,60,106,184,69.1,34.5,5.41,34
49,3,43.7,26.5,79.6,4.69,47,150,263,68.8,30.1,5.37,49
42,0,43.5,29.9,95.5,5.67,60,150,251,80.0,24.5,5.98,42
35,5,37.8,25.5,89.3,5.52,60,150,213,44.8,21.1,6.09,35
41,3,43.4,41.7,77.8,5.23,60,150,245,64.2,37.3,5.98,41
39,4,44.9,37.8,125.9,6.84,60,150,214,51.2,39.2,5.49,39
40,4,35.8,28.8,96.0,5.13,60,118,203,43.6,30.8,5.08,40
32,3,32.0,37.8,74.2,5.43,60,150,154,42.8,34.9,4.81,32
50,2,45.4,38.2,90.8,6.6,46,136,283,80.0,34.3,5.66,50
42,6,35.6,24.7,98.1,4.66,60,65,214,39.1,31.0,5.1,42
39,10,46.9,35.3,91.2,4.84,60,138,199,31.6,35.1,5.1,39
40,6,35.2,34.7,96.0,6.46,57,123,218,36.6,38.6,5.45,40
37,5,39.7,22.6,99.9,6.19,60,142,189,37.9,21.4,5.11,37
50,2,43.5,30.9,90.3,5.24,60,150,290,80.0,36.1,5.8,50
28,5,31.1,40.0,102.8,5.14,41,150,158,30.6,37.4,5.64,28
30,3,40.8,30.2,100.3,4.99,53,147,169,49.8,25.5,5.63,30
42,4,39.8,29.2,85.4,5.04,60,138,245,48.3,24.1,5.83,42
43,5,42.8,33.4,72.0,6.6,60,150,216,40.2,41.5,5.02,43
50,6,30.5,34.9,115.5,6.1,60,150,270,43.4,34.0,5.4,50
47,3,36.9,32.6,86.2,5.16,60,150,273,72.5,35.8,5.81,47
35,5,46.9,29.9,97.6,6.75,60,150,192,42.8,31.7,5.49,35
40,6,48.3,26.9,87.5,6.25,60,147,218,44.8,25.9,5.45,40
42,2,42.7,30.2,63.5,4.56,60,102,230,80.0,31.8,5.48,42
38,6,37.7,32.3,91.4,5.39,51,150,193,31.6,38.0,5.08,38
49,3,37.5,26.4,101.0,5.62,60,90,294,74.1,23.8,6.0,49
48,6,49.3,26.9,83.4,4.54,60,150,282,47.7,26.5,5.88,48
33,4,32.0,33.4,106.2,4.31,60,150,177,39.8,38.9,5.36,33
45,6,36.5,35.7,102.0,3.93,60,150,231,39.2,26.6,5.13,45
50,3,37.7,22.5,66.7,6.67,60,150,276,73.9,25.7,5.52,50
39,2,40.8,32.0,79.9,4.8,37,150,216,80.0,31.5,5.54,39
50,1,45.7,32.7,86.1,7.19,60,74,269,80.0,28.9,5.38,50
39,4,45.7,38.1,84.8,3.5,55,125,218,47.2,39.4,5.59,39
32,3,41.4,33.3,102.7,4.66,60,150,153,46.0,37.7,4.78,32
33,1,30.9,35.8,76.1,5.83,56,107,178,80.0,33.1,5.39,33
47,8,36.9,26.6,76.4,4.0,59,150,244,32.8,28.9,5.19,47
38,5,29.4,33.8,83.3,6.62,60,150,211,41.0,32.9,5.55,38
38,6,43.6,36.4,78.2,4.44,60,150,211,39.7,37.9,5.55,38
43,7,29.4,33.2,72.6,5.19,48,150,232,31.9,30.9,5.4,43
50,3,36.7,23.1,100.3,6.15,60,150,296,70.4,29.3,5.92,50
43,7,43.3,36.3,80.6,5.47,60,150,232,35.8,43.8,5.4,43
50,3,39.0,34.3,91.2,5.12,60,150,301,79.3,36.1,6.02,50
43,6,29.8,23.7,98.8,4.47,51,150,247,36.1,21.2,5.74,43
39,5,37.9,27.3,65.5,6.3,60,150,192,37.6,18.7,4.92,39
38,2,44.9,30.3,96.8,6.04,60,53,227,80.0,25.3,5.97,38
47,8,46.2,27.6,91.0,6.85,42,135,276,36.6,29.5,5.87,47
44,8,38.7,37.0,108.0,8.05,59,150,238,33.1,38.6,5.41,44
41,3,40.9,35.1,87.1,5.69,45,117,238,62.4,31.4,5.8,41
40,3,35.5,30.9,82.4,5.43,60,93,213,56.4,29.8,5.32,40
47,5,36.8,38.4,75.6,5.27,60,150,234,39.1,37.5,4.98,47
42,4,37.8,31.5,98.9,5.29,41,150,241,50.3,32.1,5.74,42
33,6,35.7,30.6,74.2,3.88,60,150,166,37.0,37.3,5.03,33
39,5,41.6,30.5,92.5,5.99,60,150,206,41.6,33.0,5.28,39
48,1,31.6,30.3,82.6,7.42,58,98,265,80.0,24.7,5.52,48
41,0,38.5,27.0,81.3,5.25,60,149,233,80.0,24.4,5.68,41
50,5,27.1,35.1,95.5,5.56,44,94,260,39.9,39.0,5.2,50
48,3,28.3,28.8,84.3,3.99,57,150,259,64.1,31.5,5.4,48
50,4,31.9,33.4,80.8,6.09,60,148,270,54.0,37.6,5.4,50
28,6,36.3,35.8,88.8,7.63,60,119,146,33.8,33.7,5.21,28
41,4,39.0,33.2,90.4,5.51,49,117,227,56.7,27.4,5.54,41
28,8,40.7,31.5,73.1,4.51,60,150,157,25.2,34.2,5.61,28
38,3,46.5,30.8,86.3,5.97,60,95,223,63.0,35.5,5.87,38
44,6,40.6,38.0,48.1,4.8,60,148,231,42.4,35.2,5.25,44
37,4,40.9,31.6,90.7,5.43,56,150,191,46.0,31.3,5.16,37
40,5,35.0,25.0,91.8,5.2,60,150,232,42.6,26.3,5.8,40
33,7,43.7,31.9,91.4,6.55,60,129,171,35.7,39.7,5.18,33
44,4,52.0,36.6,99.1,4.1,60,150,242,56.7,45.5,5.5,44
43,9,30.3,35.5,86.5,4.13,60,150,220,26.2,35.6,5.12,43
41,6,46.2,31.3,99.1,5.33,60,150,238,43.6,38.4,5.8,41
39,7,43.5,37.3,84.5,4.97,53,126,210,31.7,41.2,5.38,39
43,5,38.7,25.1,91.9,3.98,60,116,246,43.4,21.3,5.72,43
50,4,40.0,37.3,85.5,7.61,60,150,275,57.6,35.3,5.5,50
49,5,31.5,37.4,86.2,5.79,45,150,238,39.0,40.4,4.86,49
47,5,27.8,35.4,97.5,5.39,60,137,271,40.0,35.6,5.77,47
40,0,36.5,33.6,87.8,5.56,47,150,241,80.0,36.6,6.02,40
37,6,37.5,35.8,122.1,4.0,60,150,210,32.2,40.9,5.68,37
45,7,32.7,31.0,99.5,6.16,60,149,227,32.9,36.1,5.04,45
38,10,31.5,25.6,89.1,4.72,57,150,173,23.5,19.4,4.55,38
50,5,42.1,18.6,85.9,3.41,57,103,296,51.0,17.0,5.92,50
50,5,44.1,42.7,69.4,4.39,60,100,257,51.3,41.5,5.14,50
47,4,34.9,35.6,74.9,5.58,60,150,266,57.6,32.4,5.66,47
46,1,26.5,31.0,109.7,4.37,40,84,261,80.0,27.8,5.67,46
35,3,43.2,35.7,91.4,4.78,60,76,193,54.9,35.4,5.51,35
46,1,31.2,34.1,95.8,4.72,60,120,237,80.0,34.7,5.15,46
35,5,28.6,30.3,75.2,6.71,60,150,172,26.7,28.4,4.91,35
34,4,40.9,39.0,73.8,5.12,52,150,163,41.9,39.9,4.79,34
50,6,28.8,25.5,82.8,3.76,60,150,257,36.2,27.9,5.14,50
41,6,39.0,25.5,97.6,5.39,60,150,213,42.6,24.1,5.2,41
29,6,41.1,43.9,89.8,5.14,48,150,135,30.1,39.4,4.66,29
30,8,40.4,42.7,84.8,6.07,54,126,155,24.6,41.7,5.17,30
43,5,35.1,31.7,80.6,6.81,60,150,228,42.7,37.7,5.3,43
43,6,37.8,38.8,94.2,5.93,53,69,245,39.1,42.5,5.7,43
45,6,37.8,42.0,83.1,5.5,49,150,240,38.6,45.9,5.33,45
40,4,43.4,29.1,82.6,5.06,47,150,227,55.3,28.2,5.68,40
50,3,31.9,29.6,94.8,4.64,60,111,264,69.8,31.0,5.28,50
42,6,46.2,28.4,86.4,5.05,60,120,231,45.5,28.6,5.5,42
35,8,46.3,34.3,112.2,7.1,56,150,189,33.1,38.7,5.4,35
37,4,31.1,37.2,105.0,6.15,54,150,194,36.5,32.6,5.24,37
39,5,41.3,33.9,95.5,6.53,37,150,217,41.7,32.3,5.56,39
47,3,39.8,33.6,68.2,5.93,52,147,276,71.9,32.9,5.87,47
38,2,40.6,29.0,91.1,3.08,60,150,216,79.5,32.2,5.68,38
46,3,46.8,33.4,86.4,3.97,48,122,270,67.4,34.4,5.87,46
30,6,40.4,28.3,107.1,6.23,60,150,165,31.8,29.0,5.5,30
37,5,29.9,35.3,92.4,5.74,44,109,180,40.8,38.6,4.86,37
45,6,32.9,35.8,116.7,3.71,42,142,257,38.0,40.0,5.71,45
41,2,27.3,17.5,92.3,5.69,60,150,210,71.2,12.0,5.12,41
38,3,34.0,30.1,105.4,5.73,60,118,202,52.2,34.4,5.32,38
49,4,37.9,36.8,96.0,6.27,60,125,282,51.2,45.8,5.76,49
43,5,28.8,29.0,93.4,6.01,38,150,219,37.3,30.1,5.09,43
38,6,45.3,35.2,97.6,6.29,51,150,208,38.7,41.4,5.47,38
36,4,33.9,39.1,80.4,4.51,60,72,195,38.8,44.9,5.42,36
50,5,40.4,35.0,70.9,4.58,60,150,264,49.6,37.5,5.28,50
47,3,42.7,26.7,87.7,5.07,60,145,270,74.2,25.4,5.74,47
40,4,34.0,29.3,97.0,5.03,58,93,227,48.1,28.0,5.68,40
41,6,37.1,37.6,96.1,4.93,60,128,222,38.2,32.8,5.41,41
41,5,49.8,37.9,102.9,6.97,60,127,212,44.1,41.1,5.17,41
50,8,42.6,28.9,91.6,5.39,31,140,258,37.9,16.4,5.16,50
38,7,36.0,34.5,82.2,4.93,60,148,189,29.2,31.4,4.97,38
35,6,39.7,38.2,124.4,4.84,60,133,185,30.8,34.6,5.29,35
36,4,48.0,36.3,85.6,5.47,60,150,203,49.9,41.9,5.64,36
47,2,40.7,30.4,145.3,4.48,60,141,282,80.0,30.5,6.0,47
44,3,35.9,31.0,89.0,4.71,60,145,244,64.9,32.6,5.55,44
32,3,38.9,30.8,110.2,5.3,58,120,191,54.8,27.4,5.97,32
37,5,33.4,20.0,73.5,6.47,45,150,218,44.4,19.1,5.89,37
50,6,29.8,31.5,127.7,6.31,50,129,252,34.6,35.3,5.04,50
42,2,34.6,30.9,129.0,6.4,60,129,247,80.0,35.8,5.88,42
47,3,31.3,29.1,100.3,5.65,60,146,269,63.1,27.6,5.72,47
35,4,37.4,37.4,84.9,5.39,53,150,200,46.7,31.3,5.71,35
50,10,46.9,31.6,85.1,4.18,50,150,267,38.8,28.4,5.34,50
45,9,36.4,23.0,95.4,6.28,60,150,235,32.3,23.8,5.22,45
48,6,44.9,35.4,64.6,5.32,60,103,279,44.4,32.8,5.81,48
17,7,44.3,28.9,113.7,5.34,60,150,82,24.1,25.2,4.82,17
46,3,40.5,26.1,72.8,6.46,60,149,261,69.8,23.1,5.67,46
41,9,36.1,27.3,82.0,4.12,47,98,196,28.7,28.0,4.78,41
50,4,41.6,28.3,84.5,6.1,60,150,271,60.7,30.4,5.42,50
36,3,35.0,15.5,81.3,6.07,60,104,204,50.0,16.8,5.67,36
50,8,34.7,34.0,92.3,6.51,60,150,267,39.7,39.5,5.34,50
40,7,33.8,27.4,89.9,6.4,50,150,220,33.3,22.3,5.5,40
46,6,37.4,32.5,105.8,2.86,60,150,247,42.9,28.3,5.37,46
41,4,48.1,26.6,100.7,5.07,55,109,237,50.3,29.8,5.78,41
44,6,39.5,38.2,90.2,3.32,60,112,253,40.7,31.2,5.75,44
32,5,35.8,22.2,108.4,5.13,60,112,179,42.0,23.8,5.59,32
48,4,32.8,26.8,93.4,4.39,40,136,272,54.6,27.8,5.67,48
45,5,34.3,36.3,100.6,4.27,60,118,238,39.1,33.6,5.29,45
42,6,22.4,40.9,78.6,5.3,60,150,197,29.7,35.9,4.69,42
41,2,34.8,26.0,85.6,5.55,60,150,236,80.0,20.1,5.76,41
19,5,32.5,36.1,85.2,4.66,60,150,69,22.7,40.1,3.63,19
34,5,36.9,28.9,104.4,6.65,37,135,189,42.4,25.3,5.56,34
24,10,24.7,26.0,104.9,4.75,53,150,115,13.9,21.4,4.79,24
45,7,30.2,35.7,80.2,4.87,60,150,233,36.4,32.7,5.18,45
32,5,39.4,34.4,98.3,4.29,52,148,170,40.1,33.3,5.31,32
46,5,34.3,35.1,112.6,5.08,60,90,260,44.8,31.0,5.65,46
45,6,31.5,25.2,114.5,5.12,27,150,243,37.5,24.6,5.4,45
50,2,33.9,27.2,69.4,5.17,60,148,280,80.0,29.4,5.6,50
47,4,29.3,34.9,109.7,3.87,60,150,237,46.4,33.5,5.04,47
40,4,34.6,25.8,60.4,5.74,60,147,197,44.0,20.9,4.92,40
43,7,25.6,35.5,65.7,4.23,60,127,204,30.3,31.8,4.74,43
43,4,33.5,26.2,79.6,5.2,57,145,218,47.2,25.3,5.07,43
50,4,35.8,30.1,98.5,5.37,60,132,255,51.9,28.2,5.1,50
42,2,38.0,32.6,87.0,5.09,60,109,254,80.0,31.9,6.05,42
43,5,41.1,30.4,88.0,6.91,60,133,244,45.0,29.8,5.67,43
47,5,36.3,32.6,96.2,6.37,60,150,249,42.8,34.3,5.3,47
36,0,31.0,31.0,77.1,5.36,51,150,195,80.0,28.8,5.42,36
37,4,35.7,36.5,84.0,3.99,32,120,177,36.8,34.0,4.78,37
47,2,27.6,34.8,74.2,7.58,59,148,238,77.5,34.8,5.06,47
49,4,38.2,30.2,79.2,5.52,60,142,260,53.6,31.8,5.31,49
50,5,30.6,33.7,85.1,6.99,60,150,255,43.0,33.6,5.1,50
31,5,42.2,36.1,99.8,7.76,60,122,157,36.6,38.2,5.06,31
48,2,37.4,32.6,90.9,5.71,60,150,306,80.0,30.9,6.38,48
37,3,28.2,32.4,53.7,5.64,56,150,179,47.1,28.4,4.84,37
46,3,47.6,31.2,111.1,4.65,60,150,278,76.5,28.8,6.04,46
41,4,32.9,28.5,102.8,5.46,34,150,231,48.0,29.7,5.63,41
42,6,50.3,33.9,111.3,5.6,56,150,249,43.4,30.8,5.93,42
38,0,48.5,29.8,100.3,6.67,52,150,223,80.0,33.9,5.87,38
50,7,41.3,29.9,87.8,4.91,60,150,248,39.9,32.9,4.96,50
48,5,35.1,38.0,93.4,7.07,52,150,255,47.2,37.1,5.31,48
42,2,33.2,32.8,94.7,4.57,59,147,240,80.0,31.0,5.71,42
42,6,35.3,26.2,90.3,6.35,56,150,227,32.4,24.8,5.4,42
36,6,33.8,29.3,84.5,4.69,60,126,164,29.8,27.2,4.56,36
37,6,37.8,28.6,111.0,4.23,60,150,193,34.6,30.8,5.22,37
50,3,33.8,30.5,104.3,4.86,60,150,267,65.9,34.8,5.34,50
37,3,39.7,27.0,97.5,6.09,51,150,208,59.9,22.5,5.62,37
34,3,42.6,33.8,93.0,5.57,48,150,179,48.8,29.6,5.26,34
49,6,35.3,34.3,96.5,4.1,60,150,264,40.9,31.8,5.39,49
40,8,34.1,26.7,103.0,7.28,48,150,185,29.0,26.8,4.62,40
39,9,40.1,23.2,102.1,4.12,60,138,205,31.7,17.5,5.26,39
50,2,34.3,28.3,95.9,5.58,60,85,272,80.0,35.7,5.44,50
47,5,45.1,38.2,106.0,3.19,52,150,308,55.3,39.4,6.55,47
31,4,37.5,31.1,96.9,6.12,60,150,185,43.3,30.8,5.97,31
36,3,32.3,26.6,77.7,4.64,52,150,188,50.7,23.4,5.22,36
41,5,46.4,37.4,101.9,4.77,60,150,201,44.2,34.4,4.9,41
40,6,35.9,26.0,96.4,4.56,60,101,213,36.4,23.9,5.32,40
47,6,36.7,24.1,90.2,4.45,60,150,237,37.7,24.2,5.04,47
36,1,33.3,33.9,79.4,5.56,60,150,202,80.0,36.1,5.61,36
44,6,41.7,35.8,104.1,4.89,33,150,234,40.5,37.2,5.32,44
50,4,35.4,41.0,108.9,4.93,60,130,281,60.0,45.5,5.62,50
32,4,40.7,36.0,95.0,6.14,55,84,168,37.7,31.2,5.25,32
49,3,39.6,27.6,99.0,4.75,56,138,267,70.4,33.3,5.45,49
39,4,40.1,34.2,86.6,7.37,60,118,245,52.9,27.6,6.28,39
34,6,34.3,37.9,112.6,4.2,35,129,191,36.1,44.2,5.62,34
38,1,43.8,33.7,76.1,5.89,60,150,204,80.0,31.5,5.37,38
40,2,38.0,22.8,85.2,6.82,60,150,209,76.9,23.0,5.22,40
25,6,43.2,32.7,92.9,5.97,60,146,139,32.9,30.8,5.56,25
46,6,34.5,38.3,65.4,5.06,60,92,244,38.4,38.0,5.3,46
42,2,38.6,38.8,96.3,5.4,54,140,250,80.0,37.3,5.95,42
40,6,31.1,34.1,95.1,6.25,59,150,222,31.2,35.5,5.55,40
37,9,24.6,40.0,85.2,5.17,60,150,167,28.4,44.8,4.51,37
46,3,49.2,21.4,66.2,6.35,51,150,263,72.7,25.3,5.72,46
44,1,31.5,26.4,126.5,6.47,54,150,245,80.0,32.6,5.57,44
39,6,36.9,36.2,99.4,5.24,60,150,211,37.6,35.6,5.41,39
48,9,47.2,19.3,72.3,5.29,60,150,267,36.6,17.4,5.56,48
42,5,28.9,35.5,99.2,7.09,60,142,228,39.9,39.7,5.43,42
50,5,36.6,32.3,119.0,6.78,60,150,283,40.8,33.7,5.66,50
45,2,36.9,37.3,96.6,5.94,50,150,243,80.0,28.1,5.4,45
38,6,36.6,37.7,103.0,5.49,49,128,192,35.7,38.3,5.05,38
41,2,29.9,38.7,99.1,6.06,48,150,251,80.0,30.4,6.12,41
32,2,48.7,32.1,72.6,5.48,47,150,188,77.4,34.0,5.88,32
39,8,51.2,33.7,109.9,5.25,60,150,224,41.1,34.2,5.74,39
43,2,31.4,27.8,116.8,5.3,60,80,266,80.0,26.9,6.19,43
42,4,39.1,31.0,92.6,6.02,60,150,217,46.6,33.4,5.17,42
36,5,30.7,42.4,88.4,5.46,60,150,190,35.5,40.1,5.28,36
44,4,39.5,40.0,100.4,5.42,59,77,241,48.2,38.8,5.48,44
44,10,31.9,27.8,116.1,3.16,60,134,204,23.4,29.0,4.64,44
39,6,40.2,30.9,68.8,4.9,60,150,198,36.1,30.3,5.08,39
43,7,33.3,20.2,97.7,4.44,60,143,230,33.0,22.4,5.35,43
45,5,30.9,23.7,103.3,5.23,60,150,238,38.7,25.2,5.29,45
44,3,43.4,23.6,113.0,3.52,48,140,286,78.8,20.6,6.5,44
28,3,40.7,33.9,89.2,5.52,60,139,139,42.9,32.6,4.96,28
27,6,29.5,30.8,82.8,5.14,55,150,140,24.9,30.0,5.19,27
35,4,35.3,29.2,117.9,5.8,60,117,201,40.8,29.1,5.74,35
39,7,37.4,42.8,93.9,3.77,35,109,211,35.2,39.7,5.41,39
40,5,43.4,33.3,87.7,6.19,50,150,210,41.6,32.6,5.25,40
39,5,34.2,32.6,86.2,5.92,60,136,200,33.3,30.7,5.13,39
50,2,45.6,29.5,69.3,6.0,52,150,297,80.0,25.9,5.94,50
50,2,33.9,42.0,115.7,6.49,53,150,273,80.0,44.9,5.46,50
28,3,33.5,32.0,87.4,4.42,47,138,133,38.9,26.5,4.75,28
50,5,32.5,29.4,90.2,5.74,60,117,276,47.5,28.4,5.52,50
47,5,37.6,28.7,83.4,6.88,60,150,266,45.5,27.8,5.66,47
48,3,29.1,28.0,88.3,4.79,57,121,276,65.3,28.4,5.75,48
44,3,38.5,29.6,96.9,5.61,60,116,249,68.1,32.4,5.66,44
41,2,36.4,34.7,93.1,6.45,51,122,236,80.0,29.3,5.76,41
42,1,35.7,38.9,91.8,4.32,48,150,225,80.0,35.0,5.36,42
42,5,34.7,29.6,98.3,5.98,60,150,241,43.8,25.7,5.74,42
37,5,43.2,31.1,111.6,6.58,60,150,208,45.2,26.4,5.62,37
40,6,41.1,33.7,98.1,4.81,56,150,228,36.6,32.8,5.7,40
36,4,42.5,30.2,84.3,4.35,60,123,183,45.0,32.5,5.08,36
49,4,39.5,31.2,107.8,6.3,55,150,284,59.3,32.8,5.8,49
45,2,37.3,22.7,93.8,3.61,55,143,273,80.0,25.2,6.07,45
36,5,37.9,29.6,95.8,3.57,60,150,175,35.3,30.5,4.86,36
41,2,30.0,36.0,119.0,4.82,53,150,229,78.8,36.0,5.59,41
32,3,33.7,32.2,76.7,5.85,60,150,165,43.8,36.2,5.16,32
46,8,39.6,41.8,94.2,6.04,60,150,235,32.4,48.7,5.11,46
50,9,42.5,34.2,85.3,5.28,57,143,255,34.7,38.4,5.1,50
35,3,42.9,36.1,95.4,4.48,60,113,181,58.4,37.2,5.17,35
48,5,38.6,32.1,76.3,5.84,60,111,258,47.8,33.8,5.38,48
42,8,41.6,32.2,78.7,5.68,60,141,203,32.2,40.5,4.83,42
49,9,36.4,32.5,87.8,5.46,60,150,244,34.7,30.5,4.98,49
45,7,39.9,36.5,103.0,4.79,60,143,236,36.9,32.9,5.24,45
43,3,34.5,39.7,93.5,5.65,60,134,237,66.4,40.2,5.51,43
25,6,40.2,43.2,92.5,4.87,42,82,103,21.1,47.7,4.12,25
42,7,34.5,23.3,101.1,5.34,60,30,213,36.6,22.7,5.07,42
40,6,43.2,39.2,92.4,6.92,60,118,228,41.6,42.7,5.7,40
34,4,30.4,25.9,109.0,4.39,57,150,159,29.8,24.0,4.68,34
40,5,38.0,28.7,107.3,5.57,41,94,216,41.7,19.8,5.4,40
40,1,35.2,24.6,86.3,7.5,60,150,230,80.0,23.9,5.75,40
41,5,29.6,33.6,84.3,4.14,55,150,203,34.6,32.8,4.95,41
37,3,30.5,28.1,76.6,3.96,60,90,183,49.9,24.6,4.95,37
37,8,33.0,38.3,82.6,6.21,60,104,192,28.7,32.9,5.19,37
41,7,39.7,30.2,106.4,5.59,60,150,248,41.3,27.7,6.05,41
49,4,48.1,32.4,100.8,4.45,60,136,297,61.1,31.3,6.06,49
39,4,28.6,31.0,81.6,7.12,60,140,208,43.5,22.8,5.33,39
50,7,45.5,33.9,72.7,5.07,57,150,259,42.9,33.8,5.18,50
45,2,29.1,37.0,99.1,4.65,60,150,236,78.4,35.4,5.24,45
29,8,49.6,37.7,82.7,5.84,54,104,158,33.3,33.7,5.45,29
34,2,36.7,31.7,89.5,7.54,60,148,184,74.3,28.4,5.41,34
50,4,34.4,33.8,97.3,6.88,60,132,251,52.3,36.1,5.02,50
33,1,35.7,25.0,67.9,5.36,60,150,191,80.0,26.7,5.79,33
42,5,39.7,33.1,98.9,5.6,60,128,229,41.7,24.9,5.45,42
44,5,37.4,30.0,87.8,6.3,60,94,232,42.1,25.8,5.27,44
37,1,49.5,28.5,56.8,6.73,50,137,213,80.0,31.3,5.76,37
46,3,24.4,24.3,95.0,5.17,51,150,243,62.5,26.1,5.28,46
50,3,34.7,35.3,75.4,4.88,46,117,253,59.6,38.4,5.06,50
49,6,34.7,25.0,86.1,4.68,60,97,274,36.6,24.9,5.59,49
40,4,29.3,27.7,92.3,5.45,58,150,227,42.4,22.9,5.68,40
47,2,40.4,39.0,68.0,7.45,60,150,273,80.0,38.6,5.81,47
40,3,38.1,26.8,48.4,5.39,53,150,219,60.3,24.0,5.48,40
34,8,37.0,17.2,99.1,5.48,57,123,174,24.3,14.1,5.12,34
34,4,44.5,36.9,85.2,6.66,56,150,173,40.5,41.7,5.09,34
42,5,32.2,41.8,101.5,6.48,60,150,229,42.9,46.1,5.45,42
50,5,34.7,32.6,110.6,5.73,60,89,294,49.1,40.4,5.88,50
50,6,33.6,24.7,101.8,5.51,60,133,249,43.9,29.6,4.98,50
32,4,36.0,34.2,83.1,5.51,60,101,183,43.8,35.9,5.72,32
31,5,38.4,33.1,60.6,4.32,55,150,161,37.7,32.2,5.19,31
48,4,38.2,29.0,90.5,5.26,60,94,283,57.5,32.1,5.9,48
35,3,37.1,25.5,126.2,7.06,45,150,209,49.2,22.9,5.97,35
50,3,47.9,29.2,81.1,5.37,44,107,309,80.0,28.6,6.18,50
45,7,42.4,30.2,118.0,4.8,60,57,257,40.1,32.7,5.71,45
50,2,34.9,24.4,88.5,5.18,60,150,274,80.0,20.0,5.48,50
50,2,39.0,35.9,66.9,5.87,51,139,239,80.0,28.5,4.78,50
42,6,31.8,31.0,113.3,5.69,60,150,234,35.5,33.3,5.57,42
50,4,33.1,22.1,82.9,6.27,55,139,262,52.5,22.0,5.24,50
35,6,44.4,36.2,98.4,7.18,60,144,213,41.3,35.7,6.09,35
50,5,33.8,35.6,98.9,3.5,60,127,281,44.5,36.1,5.62,50
41,3,40.5,34.2,63.9,5.89,60,135,203,57.8,37.7,4.95,41
43,5,46.0,27.7,71.1,5.82,60,150,240,42.1,25.0,5.58,43
32,6,54.5,27.2,82.5,4.65,46,124,178,40.6,29.3,5.56,32
50,5,39.6,36.3,102.3,5.16,60,150,262,48.0,39.3,5.24,50
45,4,36.1,30.3,94.1,7.11,39,100,252,54.7,33.3,5.6,45
49,10,41.9,26.1,97.8,5.75,60,150,269,31.2,22.9,5.49,49
43,3,35.3,31.0,90.3,4.02,60,150,237,62.1,26.8,5.51,43
38,4,35.2,25.1,98.9,7.02,41,105,211,47.8,26.9,5.55,38
27,2,35.1,25.7,97.6,6.56,60,150,153,53.7,25.5,5.67,27
48,5,33.8,37.4,83.2,5.66,60,150,252,47.4,35.3,5.25,48
37,1,39.5,27.0,65.5,6.53,60,104,219,80.0,30.4,5.92,37
41,7,46.8,32.2,95.9,5.6,60,143,223,38.0,31.0,5.44,41
40,2,34.5,29.6,105.3,5.99,60,141,225,80.0,26.3,5.62,40
44,5,33.9,35.9,55.3,3.91,50,150,236,36.3,39.8,5.36,44
50,5,41.7,26.7,94.4,5.65,60,109,290,52.2,26.3,5.8,50
36,1,39.3,28.6,117.1,5.71,50,99,216,80.0,27.0,6.0,36
39,3,36.7,32.8,98.7,6.13,60,114,227,58.1,34.7,5.82,39
45,2,46.2,30.6,79.4,5.13,54,125,253,80.0,32.5,5.62,45
38,6,34.8,29.0,103.3,5.78,60,150,195,40.4,24.4,5.13,38
50,2,48.5,33.3,81.6,6.28,60,150,274,80.0,35.2,5.48,50
50,3,37.0,27.0,102.1,7.91,60,108,296,75.5,29.1,5.92,50
29,6,46.6,29.9,106.8,4.62,39,141,145,36.3,24.9,5.0,29
44,7,29.9,20.5,95.8,5.27,60,150,236,34.6,19.2,5.36,44
40,4,46.2,26.1,65.3,6.23,60,140,221,50.7,35.1,5.52,40
42,4,36.3,41.1,75.5,5.12,41,150,207,43.1,42.5,4.93,42
38,3,45.9,26.3,109.1,5.28,60,150,231,71.0,32.9,6.08,38
38,8,36.5,28.8,86.7,5.76,45,150,192,32.0,26.7,5.05,38
42,3,36.9,27.6,88.3,5.13,60,141,211,52.5,27.0,5.02,42
50,6,35.4,26.8,122.8,5.25,60,134,299,43.6,29.5,5.98,50
44,5,37.6,40.1,116.8,5.04,60,136,255,46.3,41.4,5.8,44
50,2,33.7,36.4,98.6,6.48,49,128,281,80.0,36.9,5.62,50
42,3,40.6,26.5,102.3,7.25,60,134,233,59.3,28.4,5.55,42
45,7,51.6,27.7,103.6,6.13,49,102,281,45.7,32.9,6.24,45
50,8,38.9,30.2,92.4,5.97,46,150,256,38.4,25.0,5.12,50
42,3,45.3,31.4,94.1,5.86,60,134,244,74.7,28.5,5.81,42
47,6,51.7,25.6,91.8,6.65,60,126,282,47.1,27.3,6.0,47
50,4,44.4,27.1,66.3,5.48,58,130,282,56.9,24.2,5.64,50
41,5,46.5,29.6,104.8,5.17,49,150,238,45.9,30.7,5.8,41
50,10,34.9,29.2,76.1,7.0,60,150,258,26.0,31.9,5.16,50
44,7,34.9,33.7,90.9,7.15,60,150,232,34.7,34.8,5.27,44
47,5,24.2,34.4,94.5,5.84,60,102,243,42.8,33.7,5.17,47
40,1,27.5,27.3,77.7,4.13,60,101,230,80.0,32.7,5.75,40
50,4,30.6,34.7,105.6,5.24,44,150,282,52.9,35.7,5.64,50
32,5,44.1,26.0,75.7,6.7,60,150,184,39.0,30.3,5.75,32
38,5,37.9,34.8,73.6,5.24,37,150,191,41.0,38.5,5.03,38
47,4,21.8,37.7,82.1,7.11,60,150,233,44.6,33.2,4.96,47
50,6,36.2,31.1,102.2,6.21,60,150,284,45.0,27.9,5.68,50
44,7,34.1,31.1,86.8,6.37,60,150,231,33.9,30.0,5.25,44
50,4,48.1,32.8,88.8,3.51,60,139,301,65.8,38.2,6.02,50
50,4,40.8,32.8,91.1,5.39,60,150,264,54.2,31.7,5.28,50
46,9,41.2,30.3,86.5,5.29,50,150,228,32.1,28.3,4.96,46
46,5,33.0,37.8,92.3,6.04,58,118,250,47.5,39.4,5.43,46
50,6,41.1,37.7,76.2,5.43,48,150,272,43.0,44.1,5.44,50
50,5,30.3,34.3,116.8,6.1,38,136,279,40.2,28.2,5.58,50
50,4,50.9,28.6,89.4,4.38,60,150,306,64.5,26.8,6.12,50
50,3,42.8,27.8,128.9,5.6,57,119,294,77.9,30.6,5.88,50
44,4,24.8,30.6,108.0,6.54,60,150,228,40.5,32.3,5.18,44
31,2,40.5,36.6,81.3,5.51,60,150,161,63.4,37.1,5.19,31
36,5,39.8,29.8,93.4,7.34,40,150,205,38.4,29.3,5.69,36
43,5,37.0,28.7,101.0,6.58,45,150,230,41.6,25.7,5.35,43
40,2,36.7,24.8,87.0,6.5,60,107,221,80.0,28.2,5.52,40
50,7,32.8,31.9,110.0,4.11,48,122,259,32.5,38.4,5.18,50
50,3,44.5,27.9,105.6,5.63,60,150,280,66.1,23.4,5.6,50
46,6,31.7,37.7,88.4,5.85,60,150,232,39.6,37.6,5.04,46
42,3,28.0,41.2,108.1,6.18,60,150,216,61.5,43.8,5.14,42
30,3,39.9,33.4,91.4,6.22,59,150,171,48.6,39.4,5.7,30
25,2,48.6,31.2,102.5,5.94,60,68,160,62.8,28.4,6.4,25
50,7,32.7,30.2,97.8,6.23,57,117,284,34.4,34.5,5.68,50
32,4,53.8,24.5,97.3,4.96,60,150,177,45.1,28.4,5.53,32
42,3,35.7,37.3,95.2,4.56,60,150,232,63.9,32.0,5.52,42
36,3,42.5,35.2,81.0,5.3,50,125,210,61.6,36.5,5.83,36
40,3,31.6,27.3,83.4,5.27,60,106,201,52.7,37.0,5.03,40
38,7,29.8,33.7,111.1,6.43,60,150,221,30.9,34.8,5.82,38
45,5,29.0,30.7,83.9,5.55,60,150,232,39.2,31.8,5.16,45
44,3,36.8,32.2,90.2,6.52,55,150,232,60.2,36.2,5.27,44
41,6,36.9,30.4,68.4,6.45,60,150,198,37.8,36.0,4.83,41
49,7,31.1,32.2,69.8,5.76,51,150,268,36.3,34.6,5.47,49
42,4,32.9,27.5,103.7,5.97,60,150,234,48.9,29.2,5.57,42
33,5,34.0,25.2,94.4,4.58,60,119,186,38.5,24.9,5.64,33
39,6,35.9,37.8,81.8,5.55,60,126,219,37.5,36.5,5.62,39
46,4,48.2,25.6,114.4,5.73,60,140,258,56.7,27.7,5.61,46
35,6,31.3,42.6,86.6,4.19,60,104,165,26.6,41.4,4.71,35
36,5,28.9,27.3,114.7,5.95,60,150,165,33.6,28.5,4.58,36
38,3,26.5,35.3,111.7,4.1,60,129,224,57.9,29.8,5.89,38
43,5,42.4,37.1,90.0,6.2,51,150,243,48.8,38.0,5.65,43
33,7,41.2,32.4,89.7,6.49,16,113,162,29.2,36.4,4.91,33
36,5,40.2,34.5,97.5,6.93,60,150,193,41.1,38.2,5.36,36
47,4,42.1,34.5,142.3,6.51,60,85,265,50.8,32.6,5.64,47
41,4,46.1,19.3,77.9,5.65,48,150,221,49.6,15.5,5.39,41
50,2,33.8,20.4,104.9,7.3,60,150,287,80.0,20.6,5.74,50
39,5,38.5,30.5,78.3,7.35,60,122,228,40.1,32.3,5.85,39
39,3,50.8,35.8,73.4,7.54,43,137,228,62.8,34.7,5.85,39
44,6,34.3,19.7,75.0,5.18,60,150,240,39.1,20.3,5.45,44
43,9,33.3,34.1,98.7,6.53,60,71,203,25.8,36.7,4.72,43
43,3,42.0,39.6,62.4,5.07,60,84,204,54.1,37.3,4.74,43
26,5,43.2,29.5,89.2,6.2,60,126,143,33.7,28.3,5.5,26
50,6,42.4,20.8,71.7,4.77,60,119,259,43.0,24.7,5.18,50
37,6,44.8,25.4,115.1,5.8,48,74,207,39.8,31.8,5.59,37
46,7,42.8,35.5,104.3,6.49,60,150,242,36.1,35.2,5.26,46
45,0,38.7,25.4,95.2,5.3,60,150,264,80.0,26.4,5.87,45
43,4,38.8,31.7,112.0,4.95,54,118,251,57.5,27.5,5.84,43
33,3,32.3,28.7,112.1,4.98,47,150,191,50.1,24.4,5.79,33
38,3,42.0,26.6,76.2,7.0,50,150,226,61.1,25.5,5.95,38
31,1,54.3,38.9,104.1,5.56,60,125,193,80.0,34.1,6.23,31
48,6,46.2,31.8,102.5,5.06,60,119,274,44.5,43.1,5.71,48
31,8,25.2,41.2,81.2,5.73,60,117,151,23.1,43.7,4.87,31
47,5,37.0,37.8,83.3,6.14,60,150,241,46.1,40.3,5.13,47
45,6,47.3,31.7,78.2,4.73,55,121,252,45.9,34.3,5.6,45
49,4,32.6,31.8,97.9,6.48,60,149,281,58.7,30.3,5.73,49
41,4,46.1,38.1,94.7,5.31,60,140,246,55.6,40.4,6.0,41
49,2,40.5,37.8,84.7,4.83,56,122,276,80.0,31.2,5.63,49
42,4,32.3,31.8,91.5,3.85,60,150,229,44.1,28.4,5.45,42
39,8,33.6,32.1,91.5,8.1,53,150,181,29.8,29.6,4.64,39
38,7,46.9,35.4,110.8,7.71,60,150,201,35.1,42.3,5.29,38
49,3,44.3,32.3,75.1,4.05,60,150,258,71.9,34.9,5.27,49
36,6,49.9,31.4,117.2,5.31,60,150,224,43.3,33.0,6.22,36
40,1,38.7,35.2,86.4,4.54,60,150,237,80.0,38.2,5.92,40
39,4,38.6,27.1,85.1,5.33,60,150,226,51.9,24.6,5.79,39
50,3,37.8,28.2,99.0,4.81,60,150,279,70.1,33.7,5.58,50
48,4,45.2,28.1,84.1,4.19,60,144,265,58.5,31.0,5.52,48
33,1,29.6,29.3,105.5,6.16,60,146,186,80.0,32.0,5.64,33
45,7,48.7,41.2,109.8,4.45,60,99,263,41.2,39.8,5.84,45
37,4,43.9,28.8,102.8,5.91,49,143,225,54.6,33.9,6.08,37
37,6,32.5,22.5,91.3,3.71,60,150,189,26.8,15.6,5.11,37
47,0,34.3,31.2,102.5,4.22,58,122,271,80.0,36.2,5.77,47
43,7,51.0,31.6,89.2,6.19,28,150,267,33.8,28.4,6.21,43
45,2,45.0,30.8,85.7,5.99,60,137,252,80.0,26.8,5.6,45
50,6,40.5,32.2,78.7,5.37,60,126,268,46.0,36.7,5.36,50
45,3,40.8,34.7,98.0,5.32,60,150,245,67.0,32.8,5.44,45
47,3,45.0,34.6,89.5,6.34,60,150,260,72.7,38.0,5.53,47
35,6,50.3,35.8,103.6,5.71,56,150,185,36.9,39.8,5.29,35
50,2,41.9,33.5,85.5,6.85,60,137,279,80.0,35.2,5.58,50
47,4,35.0,35.5,80.6,5.71,52,115,231,48.4,34.2,4.91,47
33,2,43.2,34.4,90.4,5.67,60,136,180,69.7,37.9,5.45,33
46,4,32.8,33.9,108.2,4.53,48,150,254,49.4,28.6,5.52,46
45,5,37.1,29.8,97.1,6.79,54,150,244,48.2,31.7,5.42,45
43,7,30.7,23.6,103.0,4.02,60,150,240,28.6,27.2,5.58,43
39,3,29.6,29.9,88.8,3.95,60,94,205,53.7,27.9,5.26,39
44,5,39.8,30.1,78.0,4.16,41,150,270,43.9,39.7,6.14,44
47,6,35.6,31.3,83.0,3.85,60,150,259,39.8,35.3,5.51,47
31,7,36.6,24.8,107.9,4.47,33,150,184,32.4,20.7,5.94,31
48,6,46.0,36.3,105.8,5.21,44,150,262,44.0,36.9,5.46,48
41,3,39.6,30.2,67.8,4.3,50,150,242,61.7,23.1,5.9,41
50,3,32.1,24.9,97.0,5.88,60,116,289,69.2,28.5,5.78,50
50,6,33.8,30.4,113.8,6.19,55,150,276,43.7,29.0,5.52,50
38,2,40.1,38.0,105.5,5.29,35,130,222,79.0,36.1,5.84,38
38,1,46.4,24.4,93.5,4.08,60,150,233,80.0,21.6,6.13,38
45,6,37.7,33.8,80.2,6.59,52,150,240,40.7,30.1,5.33,45
40,7,36.4,35.2,81.0,5.65,20,141,217,36.5,37.0,5.42,40
43,7,39.0,44.6,107.7,6.63,60,150,236,30.1,46.8,5.49,43
43,8,39.7,40.0,37.6,4.79,60,150,201,24.8,46.3,4.67,43
49,4,43.5,29.9,76.2,4.41,60,150,272,56.8,31.2,5.55,49
38,6,45.1,30.6,85.0,6.97,42,150,223,44.2,33.0,5.87,38
42,2,44.2,20.7,87.2,5.45,50,79,241,80.0,29.6,5.74,42
50,5,38.1,29.8,89.2,6.19,60,150,278,47.7,30.9,5.56,50
41,5,31.9,40.5,99.4,6.32,60,143,210,37.3,37.0,5.12,41
50,5,48.9,35.7,83.0,5.73,46,150,266,49.2,38.9,5.32,50
44,3,39.2,24.9,65.9,4.76,60,149,263,68.1,22.0,5.98,44
41,6,37.3,28.9,90.6,5.21,49,127,194,34.9,30.8,4.73,41
33,7,39.7,29.1,130.8,3.51,60,150,167,30.8,24.1,5.06,33
48,5,39.0,27.0,92.9,3.72,60,150,276,47.2,23.2,5.75,48
40,5,32.8,25.3,112.2,5.91,58,98,213,32.1,21.1,5.32,40
42,5,33.8,38.2,78.2,6.21,60,150,212,35.8,42.1,5.05,42
40,10,42.1,32.9,81.5,3.95,54,150,203,24.5,36.0,5.08,40
44,3,34.4,31.0,81.3,4.18,48,150,253,64.8,23.5,5.75,44
49,3,38.3,38.1,89.9,3.5,60,107,282,67.8,33.8,5.76,49
38,8,36.7,24.6,96.9,5.26,34,112,219,33.6,25.8,5.76,38
41,3,35.7,42.7,85.6,5.88,58,116,214,56.2,43.5,5.22,41
50,5,49.7,30.6,91.6,5.83,59,97,278,56.0,29.1,5.56,50
30,8,34.8,36.7,87.6,4.1,60,150,137,22.2,38.4,4.57,30
50,5,46.9,44.3,84.1,5.58,60,150,268,52.8,41.9,5.36,50
50,2,44.5,30.1,75.9,6.44,59,150,273,80.0,33.1,5.46,50
41,6,40.8,37.3,116.6,4.78,60,89,227,36.6,29.1,5.54,41
50,7,37.2,34.4,98.3,6.93,60,118,265,37.8,31.7,5.3,50
32,2,42.7,23.6,94.1,3.8,60,138,173,69.1,25.4,5.41,32
35,3,37.7,26.5,102.5,4.98,60,150,208,52.4,29.2,5.94,35
39,6,33.6,32.3,106.2,6.25,60,150,223,40.1,31.3,5.72,39
43,5,44.8,37.8,100.1,4.71,60,150,230,42.7,32.8,5.35,43
42,5,31.3,35.2,104.7,6.91,60,150,226,39.9,33.7,5.38,42
48,8,32.7,29.8,124.2,7.0,56,150,258,28.3,29.6,5.38,48
45,2,42.9,31.1,91.6,4.9,60,146,265,80.0,30.1,5.89,45
34,7,42.8,30.1,89.1,4.52,60,150,181,29.0,35.2,5.32,34
45,6,32.2,30.1,107.2,6.19,60,110,253,38.6,33.9,5.62,45
45,0,40.1,31.9,96.7,5.87,53,144,259,80.0,32.4,5.76,45
42,6,28.3,29.2,88.5,4.55,59,89,226,27.4,27.8,5.38,42
46,4,27.9,23.1,55.8,4.59,60,150,248,48.7,24.9,5.39,46
37,6,36.1,38.9,76.6,6.06,60,117,203,30.0,41.7,5.49,37
41,2,47.3,33.0,116.3,5.75,60,150,245,80.0,34.5,5.98,41
43,6,33.2,31.8,113.2,5.93,60,92,243,39.4,32.1,5.65,43
46,5,39.4,31.2,44.4,4.63,50,150,249,42.5,31.4,5.41,46
38,3,26.1,31.3,100.2,4.25,57,125,204,53.1,37.9,5.37,38
37,7,45.6,32.0,81.0,3.87,60,150,213,36.4,25.6,5.76,37
45,5,38.3,30.9,83.2,5.36,60,150,248,48.2,34.7,5.51,45
50,4,35.3,40.4,85.6,5.61,60,150,278,59.7,42.2,5.56,50
50,5,33.8,34.1,73.3,5.72,60,91,261,45.9,35.0,5.22,50
43,4,35.7,35.4,72.6,3.87,60,138,233,51.9,44.7,5.42,43
19,2,28.3,28.3,78.2,6.1,51,136,109,42.8,27.1,5.74,19
42,3,40.8,29.0,64.1,5.83,60,150,213,60.0,25.9,5.07,42
45,6,29.5,27.2,97.6,5.84,60,150,233,34.9,26.5,5.18,45
47,3,41.3,30.1,77.2,4.66,60,98,264,72.3,29.9,5.62,47
37,8,42.8,27.4,130.8,6.02,60,150,215,34.5,31.7,5.81,37
31,3,45.5,33.0,111.1,4.05,50,150,185,60.1,42.2,5.97,31
42,7,34.4,29.3,87.4,4.23,60,145,206,30.8,31.1,4.9,42
46,1,42.7,33.8,88.4,5.97,60,150,257,80.0,35.3,5.59,46
50,1,34.2,28.8,95.9,4.48,56,150,283,80.0,30.1,5.66,50
45,5,31.0,40.3,68.5,6.56,60,150,218,36.2,46.1,4.84,45
35,4,38.7,26.7,77.2,3.99,60,150,185,46.0,18.8,5.29,35
47,6,36.4,34.7,105.6,3.58,59,150,271,40.0,40.9,5.77,47
43,2,33.2,39.1,128.9,4.36,60,150,255,80.0,43.5,5.93,43
50,7,34.1,29.0,93.2,5.14,60,150,262,33.3,24.2,5.24,50
25,7,40.5,32.4,66.2,6.12,60,112,112,26.5,30.6,4.48,25
40,4,42.3,40.3,74.1,5.85,60,88,202,42.4,41.3,5.05,40
38,7,52.1,33.8,76.8,7.75,60,107,193,36.9,44.5,5.08,38
50,5,38.8,39.0,72.4,5.84,60,150,273,52.3,38.8,5.46,50
29,4,33.0,33.0,92.1,5.93,60,150,146,33.9,31.8,5.03,29
49,3,28.8,37.8,85.2,6.53,60,150,271,67.4,39.8,5.53,49
45,6,30.0,35.3,127.2,6.77,51,150,246,34.1,35.9,5.47,45
41,4,37.0,34.7,73.0,4.71,60,107,207,46.5,32.1,5.05,41
38,2,48.3,24.8,69.2,6.09,42,150,212,80.0,22.6,5.58,38
44,6,49.8,29.0,91.5,3.99,39,63,252,46.3,37.9,5.73,44
42,4,29.0,44.1,91.9,5.91,60,120,206,44.8,43.3,4.9,42
30,6,31.3,35.3,79.0,4.94,59,149,144,27.3,37.5,4.8,30
37,9,44.7,33.7,67.8,4.73,60,150,175,34.7,38.0,4.73,37
28,6,43.9,23.9,88.8,4.55,60,150,145,29.3,26.7,5.18,28
50,7,39.0,37.6,80.9,6.34,44,150,264,41.5,42.1,5.28,50
44,7,33.0,39.1,78.6,5.92,60,150,201,25.0,33.1,4.57,44
37,6,37.9,27.1,94.7,7.74,59,144,179,30.7,22.7,4.84,37
50,1,36.2,45.1,87.6,6.68,60,150,284,80.0,40.3,5.68,50
43,3,45.6,35.2,98.3,5.72,60,147,258,73.4,44.6,6.0,43
50,1,43.0,23.0,99.7,6.04,45,150,298,80.0,22.8,5.96,50
48,2,29.5,37.6,85.4,5.45,39,150,268,80.0,41.2,5.58,48
44,3,44.1,32.7,85.2,5.04,60,118,281,70.9,32.2,6.39,44
40,5,29.5,33.4,83.1,5.9,60,150,208,42.4,39.4,5.2,40
50,5,44.5,29.0,101.4,4.34,49,95,277,53.1,37.1,5.54,50
41,3,40.1,24.6,80.3,4.91,57,128,225,64.3,29.0,5.49,41
32,1,41.1,26.9,46.5,5.51,58,126,178,80.0,27.9,5.56,32
38,4,44.7,33.3,80.1,4.85,57,150,227,52.4,29.1,5.97,38
39,3,37.9,34.1,61.1,5.48,60,114,210,59.1,40.4,5.38,39
42,5,31.2,35.5,80.5,5.49,60,150,218,46.2,37.7,5.19,42
48,3,34.8,34.2,79.9,5.6,60,150,262,67.8,33.5,5.46,48
40,7,30.8,32.4,74.4,4.21,60,150,200,31.2,35.4,5.0,40
42,8,43.3,23.3,76.0,4.21,60,150,217,33.5,25.3,5.17,42
35,8,36.6,26.4,95.2,4.89,45,139,182,35.6,38.6,5.2,35
19,7,34.4,30.7,80.7,4.65,60,150,94,26.6,37.6,4.95,19
50,3,41.1,36.4,83.2,5.6,60,145,271,74.5,36.0,5.42,50
45,5,38.8,38.0,67.0,5.72,34,150,239,43.3,37.8,5.31,45
44,5,39.3,25.8,82.3,6.33,60,150,238,42.6,26.3,5.41,44
50,3,33.9,40.0,81.4,6.49,47,143,268,70.1,48.7,5.36,50
36,3,28.5,28.6,76.5,7.38,54,150,191,49.8,19.9,5.31,36
50,5,29.2,27.5,99.3,5.32,60,150,270,44.9,28.0,5.4,50
33,4,39.6,29.4,72.2,4.34,60,145,159,41.2,22.2,4.82,33
46,2,17.6,29.0,127.0,4.46,53,150,255,80.0,22.7,5.54,46
50,4,38.6,31.4,118.6,5.46,57,110,303,60.3,28.4,6.06,50
42,1,37.1,28.9,97.7,5.84,60,144,239,80.0,29.1,5.69,42
35,5,28.0,31.8,63.6,7.97,60,150,167,31.8,30.3,4.77,35
42,5,27.6,33.4,108.9,6.54,60,97,215,34.7,27.7,5.12,42
44,2,42.1,28.0,98.3,5.25,60,126,263,80.0,30.1,5.98,44
50,9,38.1,39.3,111.3,5.39,60,103,272,31.4,31.3,5.44,50
50,6,37.0,27.4,89.2,5.98,51,150,275,44.9,29.3,5.5,50
38,4,32.5,42.0,91.5,5.25,60,150,223,44.5,37.1,5.87,38
31,4,41.3,40.6,90.1,7.73,60,148,159,32.6,38.4,5.13,31
50,4,26.6,28.5,77.4,4.26,60,150,262,50.9,31.2,5.24,50
34,1,44.3,29.2,94.1,6.49,28,121,205,80.0,28.5,6.03,34
38,3,48.5,33.8,86.8,5.93,60,105,228,65.0,43.6,6.0,38
48,4,27.9,28.8,76.0,5.81,54,93,261,50.3,35.3,5.44,48
43,1,39.1,32.5,79.1,5.05,60,150,231,80.0,31.4,5.37,43
37,4,44.1,31.7,98.6,6.97,59,78,227,51.3,31.7,6.14,37
35,2,32.9,34.7,110.7,5.78,58,150,189,65.9,27.5,5.4,35
32,3,30.9,37.6,88.8,3.77,60,150,157,43.6,35.2,4.91,32
47,8,38.7,34.4,83.5,7.48,52,121,238,33.3,36.8,5.06,47
28,8,35.0,25.6,74.8,4.49,60,130,120,24.8,31.3,4.29,28
34,3,41.9,30.6,63.0,6.69,60,128,184,53.6,37.4,5.41,34
35,4,39.9,38.1,115.3,5.98,60,145,196,45.9,35.1,5.6,35
50,5,32.2,28.2,100.5,6.15,45,128,282,47.9,25.4,5.64,50
36,3,34.6,33.4,101.3,5.59,60,140,201,52.9,27.6,5.58,36
50,1,37.9,37.4,63.9,4.67,55,145,284,80.0,47.9,5.68,50
29,4,38.4,32.7,82.7,4.46,60,150,160,39.6,31.6,5.52,29
44,4,43.0,38.7,90.7,6.11,57,150,252,56.1,33.3,5.73,44
34,6,39.5,31.4,82.4,5.13,58,136,177,33.7,37.1,5.21,34
39,2,31.6,37.6,92.3,6.9,60,144,228,75.3,39.6,5.85,39
47,1,43.2,24.1,118.2,5.97,59,120,279,80.0,18.8,5.94,47
39,4,39.4,30.7,83.9,5.54,60,150,210,50.1,30.2,5.38,39
25,4,24.3,29.9,95.0,4.57,60,136,130,29.3,28.9,5.2,25
39,6,34.4,22.9,94.7,6.42,60,150,196,36.9,24.4,5.03,39
35,4,42.2,36.0,91.3,5.86,44,150,195,48.1,33.0,5.57,35
39,3,37.1,30.1,92.4,6.7,53,142,210,60.4,30.0,5.38,39
47,3,39.5,30.5,84.8,3.45,49,150,259,66.9,31.7,5.51,47
48,7,45.4,37.8,100.7,5.57,20,133,271,40.4,33.5,5.65,48
50,3,46.2,34.8,71.8,5.45,48,136,275,73.5,28.8,5.5,50
26,2,40.3,37.1,95.9,6.14,60,126,133,53.6,33.7,5.12,26
37,5,35.3,34.7,100.6,6.19,60,143,212,38.2,38.3,5.73,37
49,5,39.3,35.6,78.0,7.25,57,119,272,51.1,34.6,5.55,49
37,6,36.2,23.5,93.7,5.15,58,150,208,31.1,25.1,5.62,37
47,7,35.5,34.6,106.9,5.46,58,150,261,34.3,35.2,5.55,47
32,6,46.8,35.5,94.7,5.73,60,111,191,32.3,33.8,5.97,32
44,5,37.2,31.7,73.1,4.23,54,150,240,50.4,37.2,5.45,44
39,3,41.8,29.5,78.6,5.13,60,150,207,60.2,27.8,5.31,39
49,3,39.5,30.6,97.3,6.03,60,146,262,66.7,30.2,5.35,49
28,9,32.6,34.3,87.4,4.63,60,150,132,22.4,34.4,4.71,28
40,5,38.5,31.4,100.1,5.53,60,150,223,38.8,32.9,5.58,40
39,6,36.3,29.9,78.8,5.15,60,150,226,36.2,33.5,5.79,39
37,3,50.3,30.0,121.0,3.38,48,150,231,67.4,32.8,6.24,37
38,7,38.7,39.7,66.7,5.25,60,71,205,29.9,41.0,5.39,38
50,1,42.5,39.9,91.0,5.85,57,122,300,80.0,38.0,6.0,50
39,4,50.1,46.2,94.7,4.07,60,150,213,44.1,49.1,5.46,39
26,5,35.4,29.9,95.3,6.36,60,145,136,27.4,30.3,5.23,26
43,6,46.1,27.5,79.8,5.97,59,146,241,51.5,24.3,5.6,43
32,3,43.4,37.8,97.2,4.16,60,72,167,53.1,34.4,5.22,32
45,5,38.4,32.2,58.5,4.39,60,150,247,44.0,34.9,5.49,45
38,4,40.2,29.2,75.0,4.17,60,99,196,42.4,35.6,5.16,38
30,3,45.6,31.5,105.2,5.3,60,150,183,57.2,36.8,6.1,30
50,2,37.8,23.9,83.8,5.07,60,103,294,80.0,15.8,5.88,50
38,3,45.3,35.4,88.6,6.56,60,150,203,56.4,33.0,5.34,38
26,4,39.1,26.4,69.4,5.52,51,114,145,40.7,29.5,5.58,26
40,7,45.1,31.1,106.5,4.26,60,112,239,42.8,31.2,5.98,40
40,2,31.2,32.8,101.9,5.55,59,133,232,78.8,35.9,5.8,40
50,4,41.4,28.7,103.0,4.48,60,150,277,59.6,24.5,5.54,50
38,4,42.5,31.7,102.7,4.21,60,100,203,43.9,29.4,5.34,38
41,7,38.2,27.8,111.9,6.17,46,144,222,24.6,28.4,5.41,41
39,3,35.2,23.0,99.0,6.8,52,106,218,55.2,19.3,5.59,39
43,3,41.4,27.3,105.5,4.75,40,150,232,62.6,24.5,5.4,43
46,1,34.0,26.4,107.0,5.56,60,138,264,80.0,24.5,5.74,46
50,5,35.6,35.7,54.5,7.11,35,71,250,40.7,34.6,5.0,50
49,3,31.3,33.3,65.7,5.13,60,100,265,67.5,34.1,5.41,49
36,5,48.8,34.0,89.5,6.91,60,150,192,43.0,35.0,5.33,36
35,7,42.4,21.0,96.6,7.01,48,150,186,36.5,17.0,5.31,35
35,9,43.3,37.7,97.4,4.49,60,143,152,29.5,43.4,4.34,35
38,3,37.3,36.0,88.7,4.61,51,138,215,46.6,39.0,5.66,38
49,3,40.0,16.9,87.6,3.94,60,150,256,64.2,21.8,5.22,49
47,4,39.0,33.9,111.9,4.95,50,150,244,54.9,30.8,5.19,47
44,6,43.1,23.9,68.6,4.73,55,150,256,43.7,24.2,5.82,44
42,5,38.9,28.7,83.1,5.0,55,150,232,41.8,22.8,5.52,42
34,1,39.6,26.8,87.3,5.03,60,150,186,80.0,25.0,5.47,34
40,3,35.8,24.6,90.9,6.78,60,150,233,58.9,22.8,5.82,40
42,5,43.5,27.5,79.8,4.97,60,150,241,48.4,23.3,5.74,42
49,10,45.8,41.1,104.4,5.18,60,131,253,32.1,38.6,5.16,49
36,10,42.0,30.1,92.3,5.26,60,150,181,32.7,25.0,5.03,36
37,4,39.0,28.7,90.2,5.58,60,150,224,47.6,32.0,6.05,37
50,7,32.1,28.4,90.6,6.25,58,125,266,40.3,34.4,5.32,50
33,6,23.9,28.7,62.9,7.33,60,76,158,23.9,26.7,4.79,33
30,4,39.2,39.1,72.1,4.28,60,101,150,39.3,40.6,5.0,30
39,4,33.9,30.6,72.3,3.6,60,112,207,44.8,36.2,5.31,39
45,2,38.3,29.8,108.1,6.86,60,121,250,80.0,34.9,5.56,45
40,10,34.4,31.4,81.7,6.79,49,150,207,26.9,35.2,5.18,40
50,5,35.4,38.5,83.5,6.22,60,150,265,43.4,47.6,5.3,50
37,7,35.0,26.5,104.1,6.2,58,127,189,32.1,29.4,5.11,37
50,4,40.2,34.1,42.7,5.7,60,135,249,54.2,31.6,4.98,50
50,3,29.1,34.2,74.4,5.11,53,150,273,67.7,38.9,5.46,50
34,5,44.1,24.9,95.7,4.6,60,130,198,39.8,26.7,5.82,34
34,4,36.7,25.7,83.6,5.81,50,150,155,34.6,27.9,4.56,34
39,7,39.6,37.1,84.5,6.25,60,150,204,35.0,35.3,5.23,39
37,3,51.3,35.9,94.9,6.67,60,146,212,63.7,37.5,5.73,37
47,2,41.8,33.4,82.8,5.2,54,150,265,80.0,32.3,5.64,47
40,3,27.1,32.7,68.7,5.58,60,150,220,60.2,33.6,5.5,40
38,7,22.8,38.2,75.2,5.29,60,150,163,19.8,45.2,4.29,38
50,4,36.8,22.3,93.5,5.19,53,150,281,58.4,18.8,5.62,50
44,10,40.6,28.5,68.9,3.81,60,107,230,29.1,30.7,5.23,44
44,7,41.1,32.1,102.1,5.01,59,150,235,35.9,34.1,5.34,44
37,6,36.9,32.1,109.9,4.31,60,139,189,36.2,35.1,5.11,37
50,6,32.3,24.8,91.2,7.15,60,131,250,42.1,24.9,5.0,50
50,2,48.1,31.5,100.2,5.53,60,118,291,80.0,24.6,5.82,50
37,3,24.6,33.2,82.4,6.26,60,107,187,45.0,36.4,5.05,37
23,6,45.2,27.1,87.8,6.3,60,149,131,27.7,25.6,5.7,23
47,4,32.2,31.7,53.6,5.09,48,150,251,48.5,29.2,5.34,47
48,6,44.4,33.4,75.3,5.96,47,150,264,45.2,35.4,5.5,48
50,6,38.2,35.0,111.4,4.23,60,150,270,39.8,43.8,5.4,50
39,8,32.6,36.9,79.4,5.62,60,150,204,27.9,33.7,5.23,39
37,3,40.6,31.3,72.3,4.1,60,147,210,60.8,24.0,5.68,37
44,2,35.9,29.8,111.0,4.98,52,150,252,80.0,34.2,5.73,44
47,8,27.4,33.7,92.3,3.43,60,113,244,29.3,36.1,5.19,47
37,2,41.0,38.1,101.2,7.07,60,100,200,70.8,36.6,5.41,37
45,5,39.0,22.8,101.2,7.45,53,150,245,48.2,18.7,5.44,45
45,5,31.2,43.1,91.4,4.22,60,150,243,40.0,44.5,5.4,45
48,7,42.1,29.3,98.2,8.41,59,150,276,40.5,29.4,5.75,48
44,6,46.2,32.8,82.5,5.73,60,150,222,49.0,33.0,5.05,44
38,2,37.0,33.4,81.2,4.27,60,108,196,76.5,35.9,5.16,38
34,7,35.3,33.5,92.7,7.11,60,150,187,31.3,36.6,5.5,34
36,5,31.1,34.5,75.8,6.24,49,52,165,35.7,39.1,4.58,36
46,6,38.4,30.9,119.0,5.45,60,150,252,38.1,32.3,5.48,46
46,3,34.3,46.6,99.0,6.54,60,150,260,63.1,45.1,5.65,46
50,4,38.1,33.6,80.2,3.93,60,150,258,52.9,37.6,5.16,50
33,5,44.1,33.1,106.5,5.05,60,150,199,43.9,28.5,6.03,33
50,5,37.3,37.5,90.4,5.22,49,79,261,48.6,41.8,5.22,50
29,5,30.5,30.5,90.6,2.9,60,78,154,25.9,28.1,5.31,29
44,7,33.7,43.6,71.8,6.04,60,87,219,34.9,41.5,4.98,44
41,5,36.5,37.9,103.0,5.83,60,150,244,43.2,42.6,5.95,41
48,4,35.8,26.0,75.5,5.67,60,150,266,51.0,21.4,5.54,48
49,6,46.1,43.5,109.7,6.81,59,145,253,44.8,38.2,5.16,49
46,2,30.5,22.8,103.5,6.02,60,150,277,80.0,29.4,6.02,46
45,0,39.3,30.8,86.4,4.92,60,123,263,80.0,30.5,5.84,45
39,4,36.3,34.5,66.7,5.95,60,150,191,44.0,31.0,4.9,39
42,8,44.4,33.1,98.9,4.74,60,150,203,35.2,38.6,4.83,42
50,5,41.5,26.8,79.2,4.48,60,150,266,54.2,23.0,5.32,50
48,4,36.9,29.5,96.0,5.23,60,128,287,59.1,32.8,5.98,48
44,3,33.6,33.0,77.6,4.3,60,124,254,63.7,28.9,5.77,44
35,7,36.6,36.1,106.9,5.91,60,150,179,21.8,36.1,5.11,35
34,10,31.8,29.0,93.3,4.54,53,146,184,20.6,31.5,5.41,34
41,1,26.7,33.8,77.5,5.91,60,150,221,80.0,40.8,5.39,41
32,9,43.6,36.8,91.5,7.0,56,150,164,29.5,38.0,5.12,32
50,6,42.6,33.4,69.8,6.51,55,150,265,45.8,35.2,5.3,50
30,4,49.3,28.7,82.0,5.49,60,119,167,44.8,28.6,5.57,30
46,3,32.4,29.8,106.0,6.01,60,110,247,65.5,30.4,5.37,46
45,7,34.1,27.6,92.9,5.84,60,150,232,35.0,31.9,5.16,45
50,7,35.4,36.9,65.6,6.86,60,114,261,31.8,34.7,5.22,50
28,8,48.9,45.1,105.0,6.53,60,150,158,38.4,42.2,5.64,28
34,6,42.9,39.9,107.5,5.25,49,130,183,28.8,32.0,5.38,34
44,5,36.2,32.5,74.2,4.24,54,99,231,38.3,30.1,5.25,44
33,2,39.1,39.3,80.4,5.36,54,121,184,68.6,38.4,5.58,33
46,3,52.1,37.1,89.0,6.05,60,150,242,69.3,33.2,5.26,46
46,5,36.3,29.1,119.2,4.47,60,150,282,47.3,31.9,6.13,46
50,5,37.0,32.7,111.7,5.47,60,150,280,44.3,40.5,5.6,50
37,4,44.4,36.1,103.2,4.85,60,150,206,50.3,43.0,5.57,37
50,3,41.7,32.9,111.3,5.54,60,150,263,68.5,29.3,5.26,50
44,2,29.0,36.8,59.0,5.74,60,150,244,80.0,37.8,5.55,44
50,3,38.2,29.3,96.3,6.19,59,100,270,74.6,29.6,5.4,50
45,4,38.8,38.1,121.8,6.63,39,113,241,50.8,42.0,5.36,45
41,0,35.7,32.5,93.6,5.79,60,140,249,80.0,34.8,6.07,41
50,5,36.9,31.1,88.8,4.46,60,150,286,49.5,26.4,5.72,50
48,6,40.8,38.8,110.6,5.15,60,112,253,46.1,45.8,5.27,48
42,10,42.9,34.3,79.2,5.95,49,150,216,32.6,35.3,5.14,42
29,6,21.9,37.0,75.2,5.47,60,150,133,19.1,34.1,4.59,29
36,4,33.9,42.3,75.2,4.4,42,137,190,35.3,41.8,5.28,36
47,5,39.8,35.0,102.3,4.38,60,47,251,43.9,29.9,5.34,47
49,4,30.7,37.3,80.4,3.98,26,122,252,48.8,35.2,5.14,49
31,2,42.0,39.0,104.8,5.89,58,87,201,73.0,34.3,6.48,31
39,9,37.5,30.2,67.4,3.68,55,147,196,31.2,30.6,5.03,39
38,2,38.3,36.0,91.9,5.36,52,115,206,80.0,29.8,5.42,38
45,1,33.8,36.5,102.5,4.32,44,150,270,80.0,36.3,6.0,45
50,4,34.6,29.8,103.4,5.34,60,150,267,53.8,31.5,5.34,50
42,3,33.2,27.7,84.3,6.27,50,140,230,61.2,26.1,5.48,42
36,4,37.0,29.7,76.1,4.92,60,115,179,43.6,32.7,4.97,36
50,3,40.7,31.8,92.5,3.67,60,150,274,73.4,34.7,5.48,50
50,3,38.1,28.5,103.2,6.58,60,146,287,75.8,29.9,5.74,50
39,6,37.0,39.3,79.8,6.68,60,100,196,33.9,43.3,5.03,39
39,4,40.1,39.0,62.7,7.82,60,131,222,52.5,40.4,5.69,39
30,7,35.5,33.4,89.1,6.05,38,145,136,26.6,34.5,4.53,30
45,4,47.6,24.2,88.5,4.99,60,114,237,51.1,21.7,5.27,45
46,6,43.0,41.0,94.8,4.96,46,150,251,41.6,42.3,5.46,46
38,5,37.1,25.9,101.9,6.5,41,150,214,38.1,18.4,5.63,38
50,6,33.6,32.4,111.1,6.06,60,102,281,37.1,42.0,5.62,50
38,4,27.4,30.6,94.9,7.83,60,139,181,37.3,33.7,4.76,38
49,5,43.2,33.0,106.8,6.06,53,84,282,44.9,35.0,5.76,49
48,7,40.4,40.6,60.1,4.71,60,106,227,31.8,40.8,4.73,48
35,5,38.6,26.8,74.3,6.01,47,115,193,38.6,29.9,5.51,35
45,5,35.2,36.4,82.6,5.34,60,87,241,44.2,41.1,5.36,45
35,5,49.1,30.3,109.9,5.97,54,109,209,45.9,28.9,5.97,35
50,5,36.6,35.5,67.3,6.0,43,150,248,42.2,36.6,4.96,50
35,6,23.8,30.4,58.4,5.55,42,150,173,25.7,35.0,4.94,35
50,6,36.5,33.7,101.4,3.95,60,150,272,42.0,36.6,5.44,50
32,3,30.8,35.8,90.6,5.4,60,150,167,47.7,41.4,5.22,32
50,2,36.0,29.8,85.1,6.34,60,121,283,80.0,30.9,5.66,50
43,4,32.5,27.9,93.2,8.31,50,150,241,49.9,28.7,5.6,43
38,6,39.2,35.5,85.5,4.77,39,150,193,30.8,34.3,5.08,38
47,3,30.2,20.5,98.5,6.7,60,132,282,70.5,21.1,6.0,47
38,5,38.7,31.9,87.9,4.96,60,129,223,47.8,39.4,5.87,38
43,6,38.1,33.6,72.4,7.04,60,150,215,38.4,38.0,5.0,43
31,4,41.1,27.1,112.8,4.69,60,150,176,40.9,25.8,5.68,31
40,6,43.9,25.9,117.0,5.04,55,124,230,39.7,29.0,5.75,40
41,4,45.9,35.3,77.4,5.65,60,150,235,47.6,37.9,5.73,41
34,5,32.0,26.9,90.2,3.58,60,150,185,35.9,18.9,5.44,34
30,5,51.5,30.2,91.6,4.92,60,96,167,40.8,23.9,5.57,30
45,3,26.4,40.7,75.6,5.6,60,150,235,58.4,38.3,5.22,45
50,2,38.2,40.5,90.2,7.29,52,140,280,80.0,35.9,5.6,50
33,5,30.2,42.3,87.3,7.58,60,150,155,37.9,49.9,4.7,33
39,4,39.3,30.2,91.6,4.06,60,150,205,48.3,23.3,5.26,39
40,7,33.2,24.4,93.8,6.12,26,150,237,37.7,32.3,5.92,40
37,7,25.2,33.8,87.4,4.71,56,130,187,29.3,32.2,5.05,37
44,5,42.0,39.2,97.7,4.62,50,128,242,37.2,34.8,5.5,44
36,6,39.1,27.5,91.8,4.59,60,59,185,30.6,25.2,5.14,36
35,7,40.4,36.4,99.8,4.53,60,150,185,33.3,31.4,5.29,35
32,2,51.2,41.0,70.1,6.12,34,150,162,72.6,39.3,5.06,32
44,3,43.7,46.4,90.6,4.95,45,149,239,69.1,41.0,5.43,44
46,6,33.8,29.4,82.9,5.49,60,146,254,40.0,21.6,5.52,46
50,5,34.5,29.2,86.6,5.26,60,138,267,49.1,36.3,5.34,50
44,6,50.6,31.0,111.7,6.22,60,113,243,41.3,26.4,5.52,44
50,2,31.5,40.0,82.5,6.03,60,124,261,80.0,33.5,5.22,50
38,5,43.0,27.3,99.0,3.89,48,112,215,35.9,36.8,5.66,38
50,5,35.3,32.5,105.0,5.51,49,150,284,50.3,31.8,5.68,50
37,6,41.8,27.9,95.8,6.08,60,150,205,35.9,36.7,5.54,37
44,9,44.8,38.6,93.1,5.78,60,150,211,31.5,41.4,4.8,44
37,3,38.2,28.9,106.6,5.53,56,150,204,55.1,31.0,5.51,37
30,7,45.4,33.9,75.2,7.02,53,150,159,32.1,30.0,5.3,30
37,5,36.8,35.4,92.3,8.0,60,150,179,35.5,34.1,4.84,37
50,1,45.7,35.9,83.4,4.88,60,137,286,80.0,32.4,5.72,50
49,7,43.9,35.4,83.5,3.88,53,150,238,36.9,33.0,4.86,49
45,5,49.5,29.9,114.5,6.53,60,75,248,54.1,30.7,5.51,45
32,4,38.7,37.3,51.4,7.04,43,93,139,33.1,35.5,4.34,32
32,3,34.6,36.8,85.6,4.45,60,150,172,44.5,35.0,5.38,32
40,5,45.4,37.4,94.5,4.19,60,108,216,46.6,41.8,5.4,40
26,8,39.0,24.9,86.5,4.96,58,118,133,19.5,18.9,5.12,26
50,4,31.6,29.6,83.1,5.8,56,101,267,55.6,29.3,5.34,50
39,4,40.7,27.9,67.3,6.36,60,150,205,48.9,29.3,5.26,39
50,10,39.1,33.3,99.6,6.81,60,150,278,29.4,35.7,5.56,50
47,4,32.5,29.0,101.2,5.66,60,150,283,56.3,28.6,6.02,47
33,3,42.8,29.9,101.5,4.92,60,150,193,53.8,38.0,5.85,33
37,2,42.9,32.0,95.5,5.73,51,140,218,80.0,31.3,5.89,37
36,2,39.1,30.9,103.8,3.14,60,117,185,73.7,32.3,5.14,36
40,2,46.3,28.3,61.9,6.67,45,128,221,80.0,29.1,5.52,40
46,3,37.5,34.0,75.1,4.48,60,150,251,65.1,35.9,5.46,46
39,6,34.1,27.2,93.0,5.55,60,150,202,33.6,23.4,5.18,39
46,4,45.8,34.8,108.8,4.08,45,150,261,61.3,37.5,5.67,46
50,2,35.7,32.9,107.5,4.66,60,119,299,80.0,33.6,5.98,50
24,6,36.1,27.3,104.9,4.55,60,144,105,22.4,29.2,4.38,24
23,1,37.2,41.6,100.5,6.34,60,150,145,80.0,48.8,6.3,23
30,2,47.5,30.5,97.1,4.26,60,150,179,74.0,30.0,5.97,30
34,4,40.7,28.2,68.9,6.31,60,150,179,44.7,25.0,5.26,34
36,2,34.6,28.1,99.3,4.86,38,133,210,72.9,24.6,5.83,36
35,4,41.1,26.0,88.7,5.52,60,150,193,41.1,26.8,5.51,35
42,8,32.0,33.4,59.8,5.53,60,141,210,24.9,34.0,5.0,42
37,0,38.6,35.0,72.3,3.96,60,150,217,80.0,33.9,5.86,37
41,3,41.7,21.8,73.6,5.08,60,123,218,59.6,25.0,5.32,41
40,1,42.7,25.5,103.2,5.85,60,87,226,80.0,33.4,5.65,40
48,7,38.2,33.2,121.3,4.73,60,141,262,39.5,38.5,5.46,48
30,4,37.5,34.2,73.3,6.37,51,150,175,46.0,38.3,5.83,30
50,6,45.1,38.3,82.1,4.47,60,150,257,45.7,37.0,5.14,50
45,3,35.1,30.7,73.8,6.61,60,144,245,62.0,33.6,5.44,45
50,3,39.4,30.2,80.2,5.63,60,150,306,73.6,31.8,6.12,50
50,3,42.1,30.5,74.5,5.37,54,150,276,73.2,30.8,5.52,50
37,3,44.8,38.1,86.9,6.57,60,122,226,64.4,41.7,6.11,37
50,7,33.6,29.0,73.1,2.98,56,150,254,36.1,36.6,5.08,50
29,7,29.5,30.1,87.2,4.86,60,150,144,23.6,33.1,4.97,29
43,8,27.6,26.9,74.4,5.18,60,150,209,24.2,22.9,4.86,43
44,2,29.2,38.7,66.8,6.12,60,126,217,80.0,40.8,4.93,44
45,6,34.0,30.2,93.2,5.52,60,86,221,37.5,31.9,4.91,45
37,1,48.8,29.2,70.3,4.95,60,135,218,80.0,26.7,5.89,37
36,8,29.9,46.5,85.7,3.36,49,150,181,26.5,44.5,5.03,36
42,4,36.6,38.0,78.8,5.63,57,150,225,47.9,40.1,5.36,42
33,3,41.8,26.6,92.2,4.62,60,150,194,60.3,29.9,5.88,33
42,1,35.8,27.7,97.9,3.88,60,131,238,80.0,26.2,5.67,42
44,7,16.9,29.4,99.5,5.2,59,113,230,23.4,37.7,5.23,44
41,8,43.1,36.5,116.8,4.86,60,129,236,34.1,36.7,5.76,41
33,6,31.4,26.1,91.9,5.04,60,150,175,28.6,19.3,5.3,33
39,6,35.6,28.2,106.5,5.78,60,143,224,37.4,29.4,5.74,39
39,6,33.4,26.7,103.9,3.66,60,150,215,39.2,23.1,5.51,39
45,4,47.9,44.7,76.8,4.93,55,150,231,51.6,42.5,5.13,45
47,10,41.4,32.6,91.4,4.72,60,124,247,34.5,37.1,5.26,47
46,1,38.5,31.6,73.2,6.76,60,150,258,80.0,25.0,5.61,46
40,2,33.8,35.6,86.9,5.29,60,150,219,76.1,36.0,5.48,40
48,4,38.5,24.6,104.5,5.01,60,150,296,58.2,26.5,6.17,48
34,6,40.8,21.5,93.7,7.59,60,134,177,28.8,26.1,5.21,34
49,2,33.8,29.6,94.1,5.15,60,108,283,80.0,36.5,5.78,49
37,2,34.9,23.6,90.7,6.46,51,150,226,80.0,23.8,6.11,37
43,1,36.8,24.0,83.8,5.14,60,122,251,80.0,26.4,5.84,43
37,1,33.1,34.3,122.2,5.89,60,150,214,80.0,37.0,5.78,37
32,3,46.3,34.6,61.0,4.13,45,124,154,46.5,40.9,4.81,32
46,6,38.1,33.0,93.3,4.97,60,150,232,35.4,33.5,5.04,46
41,4,40.1,25.1,69.8,7.4,60,139,233,54.4,18.4,5.68,41
38,5,36.1,24.2,85.8,7.14,60,145,206,37.3,16.9,5.42,38
30,2,27.9,34.8,105.8,4.61,55,115,159,59.4,35.0,5.3,30
42,3,39.5,30.8,76.1,5.39,60,150,238,59.9,36.2,5.67,42
37,2,41.6,43.5,86.4,6.82,60,125,210,80.0,48.2,5.68,37
46,4,41.4,28.0,80.7,8.84,60,149,253,55.2,24.4,5.5,46
40,4,40.6,29.9,83.6,5.47,52,150,221,53.8,40.3,5.52,40
50,3,46.8,39.7,112.4,4.74,60,94,281,77.0,44.8,5.62,50
50,3,36.2,26.2,82.9,4.73,42,150,300,74.7,23.2,6.0,50
28,7,46.8,32.0,80.6,6.08,60,150,139,30.6,32.0,4.96,28
46,3,32.4,30.3,97.4,5.64,60,143,266,61.4,28.5,5.78,46
40,2,30.8,30.1,97.4,5.4,39,150,216,76.9,24.5,5.4,40
48,4,44.3,36.1,88.9,4.89,60,150,273,53.9,31.1,5.69,48
45,3,33.5,34.1,77.3,4.95,60,150,211,56.0,26.8,4.69,45
41,5,39.9,27.3,95.9,3.97,58,90,240,48.5,36.2,5.85,41
47,3,51.6,34.9,68.5,5.41,60,150,275,78.8,36.1,5.85,47
40,2,46.7,31.8,119.1,5.21,44,108,225,80.0,24.8,5.62,40
49,5,20.1,35.4,103.3,4.66,60,88,253,36.3,34.8,5.16,49
40,7,35.1,29.0,99.7,4.52,59,150,238,35.3,29.1,5.95,40
47,3,41.9,26.6,77.7,4.03,60,143,268,69.6,31.2,5.7,47
32,8,33.5,32.0,109.7,4.18,51,150,153,24.3,35.5,4.78,32
48,6,37.0,27.1,108.4,6.57,60,139,276,45.4,30.9,5.75,48
48,8,36.9,35.0,102.6,6.29,60,76,247,36.0,34.4,5.15,48
24,5,34.4,24.3,62.0,6.87,60,150,125,27.1,20.6,5.21,24
48,6,36.9,33.4,92.7,4.99,57,150,260,47.9,34.4,5.42,48
33,5,39.6,36.5,67.3,4.61,60,150,175,37.5,41.3,5.3,33
49,6,40.5,42.2,80.0,5.55,36,106,244,37.1,36.3,4.98,49
42,3,41.7,37.5,105.7,5.56,60,139,239,60.1,39.2,5.69,42
36,4,32.0,28.5,66.7,5.88,52,150,203,47.1,24.9,5.64,36
50,4,48.2,34.4,105.8,6.16,60,131,273,57.1,30.2,5.46,50
25,1,34.9,32.3,98.5,3.6,59,150,138,80.0,32.0,5.52,25
50,5,44.9,29.2,79.1,5.31,60,97,271,52.0,26.2,5.42,50
39,8,37.8,36.1,110.5,4.12,55,146,219,32.8,35.8,5.62,39
30,7,41.0,27.6,83.7,3.62,60,136,167,33.0,30.3,5.57,30
43,4,33.3,30.3,89.3,3.66,60,150,243,48.5,27.4,5.65,43
48,1,31.8,30.5,61.0,6.29,60,109,251,80.0,32.8,5.23,48
37,8,40.1,34.4,65.6,3.6,44,150,159,27.9,38.0,4.3,37
43,5,35.6,35.5,87.7,6.09,59,143,240,40.0,34.1,5.58,43
39,3,36.1,33.0,99.9,7.53,46,150,186,52.6,36.2,4.77,39
50,2,38.7,26.9,106.7,5.67,60,148,283,80.0,33.3,5.66,50
33,6,25.0,22.8,82.9,5.96,41,132,159,26.0,22.3,4.82,33
40,2,36.3,30.6,116.1,4.92,58,84,228,80.0,28.2,5.7,40
44,5,41.0,35.0,119.1,4.99,55,150,232,44.0,38.1,5.27,44
47,4,41.4,33.8,94.5,4.77,60,141,265,57.5,38.5,5.64,47
44,2,39.2,30.9,74.3,3.79,59,150,243,80.0,33.9,5.52,44
42,3,33.3,33.8,83.7,3.72,60,139,222,58.9,38.1,5.29,42
37,7,36.1,27.6,79.9,5.65,37,126,195,33.3,23.3,5.27,37
40,7,33.4,36.1,83.1,5.64,60,77,185,26.6,36.7,4.62,40
39,2,38.7,22.0,71.4,4.82,47,150,194,77.6,23.8,4.97,39
39,7,33.0,36.8,92.0,5.79,39,150,211,32.5,43.4,5.41,39
50,5,40.8,36.8,104.5,5.47,58,150,275,48.6,40.4,5.5,50
45,5,40.1,34.6,77.6,5.93,60,150,248,46.5,27.0,5.51,45
36,3,35.5,23.5,99.6,6.45,60,122,209,56.5,18.9,5.81,36
50,5,29.0,24.8,88.6,6.55,60,150,273,42.5,25.4,5.46,50
40,10,37.2,27.4,93.6,5.87,53,90,209,25.5,29.8,5.22,40
45,3,26.4,29.9,90.1,6.38,59,115,237,57.6,37.0,5.27,45
33,9,35.3,28.5,96.3,6.24,60,150,175,26.1,28.1,5.3,33
50,5,42.3,29.7,100.8,4.69,26,147,269,49.4,34.5,5.38,50
46,6,47.1,36.9,89.8,5.24,60,147,238,42.5,34.3,5.17,46
36,9,37.5,38.7,90.1,7.4,60,150,155,20.2,41.2,4.31,36
47,5,34.5,42.2,87.0,5.68,52,71,253,43.9,36.2,5.38,47
50,5,38.3,33.3,108.3,5.89,60,142,289,52.2,27.3,5.78,50
35,1,42.6,31.0,79.8,6.08,60,114,182,80.0,30.6,5.2,35
45,3,32.9,35.0,112.1,6.26,60,150,262,67.7,37.2,5.82,45
38,6,41.3,32.2,92.8,5.12,60,146,245,43.9,28.3,6.45,38
31,5,36.9,31.7,65.1,5.41,60,120,168,33.3,28.4,5.42,31
40,4,36.9,28.1,90.2,5.29,57,150,231,53.8,28.3,5.78,40
35,3,43.4,36.6,104.6,4.9,60,150,205,61.8,45.6,5.86,35
36,2,42.1,33.5,95.9,5.44,60,150,200,72.9,33.9,5.56,36
50,5,36.1,24.5,94.3,4.05,41,124,275,44.7,29.0,5.5,50
36,6,30.7,27.1,68.4,5.0,26,150,184,29.5,22.5,5.11,36
46,5,47.6,34.0,73.8,6.66,60,131,257,51.9,32.2,5.59,46
37,3,45.6,32.2,98.3,5.78,60,150,221,64.2,32.0,5.97,37
47,3,40.9,33.6,95.5,7.16,60,120,273,70.0,29.4,5.81,47
47,6,47.6,25.7,78.1,7.09,37,91,261,48.8,29.8,5.55,47
29,9,34.1,46.8,113.7,5.26,60,150,133,17.8,54.6,4.59,29
29,3,42.8,39.2,55.5,5.27,60,150,141,43.6,35.7,4.86,29
39,2,27.6,32.8,53.5,2.66,53,150,193,73.1,28.3,4.95,39
50,3,42.2,27.4,88.1,6.31,60,149,287,75.7,23.0,5.74,50
39,1,35.4,31.4,97.5,4.54,60,96,206,80.0,26.5,5.28,39
42,5,48.6,20.7,103.3,5.38,60,150,230,45.5,19.6,5.48,42
50,4,40.0,29.1,110.1,6.07,60,138,280,63.4,29.6,5.6,50
50,3,48.8,25.3,88.5,4.5,50,100,287,79.5,28.9,5.74,50
39,6,38.3,30.8,84.5,4.97,60,150,224,34.9,34.0,5.74,39
45,4,38.9,37.6,85.0,5.75,55,150,248,56.9,39.8,5.51,45
41,5,37.7,41.3,71.8,6.42,60,150,204,48.1,36.9,4.98,41
49,4,32.3,34.7,90.2,5.12,41,150,285,51.9,36.6,5.82,49
41,6,36.1,32.8,83.2,5.51,50,150,229,34.3,28.2,5.59,41
40,4,38.5,26.5,83.0,5.39,28,150,229,51.1,21.3,5.72,40
36,4,36.9,29.8,85.4,4.03,51,119,210,53.1,31.2,5.83,36
50,6,42.1,40.8,96.3,7.26,60,150,235,40.1,41.3,4.7,50
38,2,48.9,26.1,82.3,4.41,60,149,243,80.0,32.1,6.39,38
44,4,36.5,29.8,95.3,4.88,60,150,248,53.6,35.6,5.64,44
37,5,39.5,36.1,96.3,6.0,60,145,196,41.9,35.5,5.3,37
45,6,27.8,29.2,103.5,4.0,60,126,243,29.0,26.8,5.4,45
35,4,36.3,36.4,94.4,6.05,48,109,183,41.5,43.6,5.23,35
40,5,36.9,43.5,88.0,5.28,50,104,192,42.9,48.0,4.8,40
42,5,30.2,40.4,96.5,4.41,53,111,207,40.7,30.8,4.93,42
40,6,34.6,30.5,98.1,5.12,60,150,224,39.8,36.6,5.6,40
37,4,43.1,32.5,83.9,3.8,60,150,202,44.2,27.0,5.46,37
49,1,44.8,27.1,111.1,7.1,60,44,289,80.0,26.6,5.9,49
50,4,40.5,40.5,100.5,6.76,51,150,284,62.1,40.0,5.68,50
43,8,34.9,27.8,72.9,6.17,53,150,215,28.6,25.7,5.0,43
40,2,32.5,30.0,57.3,5.63,44,150,197,73.7,31.9,4.92,40
50,5,48.8,24.4,62.6,5.49,48,111,285,54.8,23.8,5.7,50
50,6,46.2,34.0,97.8,4.92,60,150,275,44.6,31.4,5.5,50
50,3,22.4,25.0,106.9,5.37,60,150,276,60.0,25.0,5.52,50
45,3,38.2,34.7,99.0,4.99,56,150,253,64.5,29.1,5.62,45
49,7,42.9,26.4,86.4,5.33,41,109,256,36.8,26.3,5.22,49
50,6,38.0,30.6,110.8,5.11,44,109,275,39.2,32.5,5.5,50
48,3,28.1,36.5,121.0,4.0,51,133,264,56.1,34.5,5.5,48
38,4,42.5,29.9,74.0,5.25,60,150,204,50.9,36.5,5.37,38
50,5,41.3,27.5,95.9,5.99,60,150,288,48.1,28.5,5.76,50
40,7,32.1,31.0,91.4,5.04,47,150,195,29.0,34.5,4.88,40
50,7,37.4,35.0,97.0,6.08,60,114,278,43.4,35.5,5.56,50
38,1,47.2,22.9,80.5,5.01,60,150,233,80.0,18.9,6.13,38
50,3,39.8,36.5,93.8,6.45,60,150,272,65.1,35.5,5.44,50
48,2,37.7,23.0,115.9,4.12,60,150,276,80.0,19.9,5.75,48
40,2,42.7,31.9,114.2,5.63,52,150,241,80.0,30.1,6.02,40
47,9,43.8,34.1,77.9,5.45,60,141,248,37.7,38.8,5.28,47
24,4,46.3,31.1,76.1,6.4,60,150,157,45.0,37.9,6.54,24
50,5,27.1,39.8,102.9,4.49,60,104,271,41.1,37.8,5.42,50
47,5,44.7,33.1,75.0,4.03,52,150,261,50.6,41.8,5.55,47
30,6,28.5,37.2,66.6,3.51,60,83,147,27.2,31.4,4.9,30
50,2,46.6,28.3,94.6,4.94,55,145,294,80.0,30.2,5.88,50
46,2,52.0,29.2,103.7,5.03,60,150,275,80.0,30.3,5.98,46
33,4,35.1,24.2,105.8,5.68,60,150,191,44.3,27.6,5.79,33
33,6,41.5,42.9,61.9,4.98,60,150,176,33.2,48.3,5.33,33
36,7,28.7,39.2,62.2,6.42,60,150,155,26.1,39.2,4.31,36
50,6,36.3,38.9,96.9,6.17,60,94,277,40.8,44.3,5.54,50
40,6,30.8,38.5,67.7,4.8,60,143,187,32.9,40.0,4.68,40
50,7,38.6,35.0,108.1,4.82,60,118,279,36.0,32.8,5.58,50
43,2,39.6,32.2,98.0,7.04,60,150,267,80.0,37.2,6.21,43
44,6,38.1,33.4,104.3,3.71,60,150,227,41.4,29.0,5.16,44
50,1,32.9,37.9,85.4,6.01,56,150,291,80.0,42.2,5.82,50
23,8,35.1,30.5,62.1,6.45,52,129,103,23.8,27.8,4.48,23
49,3,37.0,32.1,97.0,5.64,60,150,268,70.1,30.9,5.47,49
44,8,33.2,36.8,86.1,6.61,57,100,231,29.5,37.2,5.25,44
42,4,33.2,27.5,90.4,5.19,60,106,218,48.2,22.6,5.19,42
39,6,40.6,36.2,86.2,5.06,60,129,225,41.9,39.1,5.77,39
32,6,34.0,39.8,110.0,5.85,47,143,140,28.1,36.9,4.38,32
38,6,39.0,29.9,89.0,5.88,60,150,190,37.8,29.6,5.0,38
39,5,31.2,31.3,71.6,5.78,60,124,205,37.2,35.1,5.26,39
50,4,32.5,39.0,82.7,5.49,60,150,259,53.0,41.1,5.18,50
46,3,44.4,34.9,74.7,6.49,60,150,256,68.9,39.2,5.57,46
44,2,42.6,34.2,105.6,5.71,60,150,259,80.0,32.7,5.89,44
35,5,28.1,26.7,100.5,6.76,58,98,177,35.5,28.2,5.06,35
45,3,44.1,20.4,99.3,6.41,60,150,261,66.4,17.7,5.8,45
45,6,48.2,35.4,91.6,3.18,49,150,268,47.0,37.3,5.96,45
40,5,47.1,35.0,75.9,7.88,54,128,219,47.4,30.8,5.48,40
41,8,39.2,35.9,115.9,3.18,56,138,229,30.9,41.3,5.59,41
50,4,37.9,26.9,93.3,3.57,56,150,270,55.8,25.8,5.4,50
39,9,30.9,27.8,67.0,3.48,60,112,189,30.8,26.2,4.85,39
35,3,30.2,28.5,94.7,5.49,56,108,188,41.7,27.7,5.37,35
50,5,28.1,36.7,92.0,5.36,60,95,268,43.9,39.1,5.36,50
43,6,40.6,31.3,106.0,6.09,57,150,247,40.8,34.7,5.74,43
41,8,25.2,21.0,118.7,5.28,60,119,209,26.2,28.3,5.1,41
50,2,36.9,32.2,113.7,5.13,60,115,311,80.0,36.5,6.22,50
40,7,46.9,36.7,78.8,5.23,60,112,198,40.9,35.5,4.95,40
44,6,39.0,34.9,80.9,5.48,60,150,229,38.2,36.3,5.2,44
39,3,38.6,31.7,74.1,6.03,60,132,208,60.5,29.4,5.33,39
39,5,39.9,38.3,93.4,4.78,60,150,211,41.6,38.7,5.41,39
47,4,32.4,26.3,93.3,6.06,59,97,246,44.8,33.2,5.23,47
39,7,31.7,38.2,69.1,5.88,60,143,182,30.6,32.8,4.67,39
49,2,30.3,19.6,66.4,6.44,60,127,274,80.0,15.0,5.59,49
37,7,36.8,31.5,84.1,5.47,37,150,190,31.2,29.9,5.14,37
38,5,41.2,27.6,89.1,3.54,60,150,185,38.9,32.3,4.87,38
48,4,29.3,28.7,82.9,6.12,60,150,247,54.1,29.6,5.15,48
37,2,38.9,34.5,79.8,6.16,60,150,198,75.7,31.8,5.35,37
29,8,39.3,30.4,101.2,5.76,37,150,150,24.2,29.6,5.17,29
36,8,42.1,41.5,112.8,5.64,60,88,206,31.9,41.0,5.72,36
43,3,36.5,35.0,93.1,6.48,60,145,240,59.8,36.5,5.58,43
40,3,32.5,31.9,90.8,4.84,60,145,221,55.7,33.2,5.52,40
38,9,43.8,27.0,85.4,5.99,48,150,214,25.8,26.7,5.63,38
44,5,45.3,28.9,80.9,3.73,60,135,262,46.6,25.8,5.95,44
37,7,36.8,32.1,108.0,6.09,60,150,202,36.6,33.2,5.46,37
48,5,37.1,29.7,59.0,4.89,60,131,267,42.3,31.0,5.56,48
44,5,33.3,31.8,85.0,6.15,51,82,218,42.4,35.7,4.95,44
34,4,33.1,32.4,105.8,6.14,49,125,148,38.8,34.6,4.35,34
42,10,36.1,31.7,85.0,5.02,36,135,228,28.9,31.6,5.43,42
44,5,45.0,18.9,101.0,7.44,60,128,257,43.8,14.9,5.84,44
28,7,38.8,34.8,82.1,4.58,57,114,146,30.3,32.9,5.21,28
30,3,38.1,32.9,72.5,5.33,60,123,153,44.1,34.4,5.1,30
50,4,32.6,30.2,92.3,7.8,60,150,270,51.0,31.2,5.4,50
39,4,33.8,29.5,94.8,5.24,48,87,221,41.8,28.2,5.67,39
39,3,35.1,35.1,103.1,4.62,41,126,221,60.9,36.4,5.67,39
47,5,41.0,40.1,104.1,7.86,60,106,251,40.2,43.6,5.34,47
49,6,42.2,28.5,108.2,5.76,60,150,253,41.3,40.0,5.16,49
35,4,28.3,26.1,76.7,5.39,50,146,191,41.6,26.3,5.46,35
37,4,37.7,40.8,99.6,5.67,60,89,200,41.7,44.9,5.41,37
47,6,41.6,19.6,82.6,3.84,37,141,280,42.4,22.4,5.96,47
45,2,37.2,40.2,103.1,4.81,45,98,232,80.0,32.8,5.16,45
42,3,43.3,23.7,86.2,5.81,60,150,258,71.2,37.6,6.14,42
42,6,46.2,29.8,111.1,5.1,58,147,242,42.0,33.2,5.76,42
46,4,33.4,31.8,98.9,7.3,60,150,242,48.0,31.4,5.26,46
44,3,29.4,34.2,72.2,5.56,58,150,231,56.5,37.5,5.25,44
40,6,37.7,28.1,56.3,3.98,60,150,209,32.9,32.8,5.22,40
26,4,43.9,23.0,103.9,5.77,18,150,138,37.8,26.8,5.31,26
34,5,40.2,40.5,93.5,4.69,60,150,161,34.9,38.9,4.74,34
41,4,29.9,29.6,123.5,4.61,60,98,234,45.3,34.7,5.71,41
42,1,39.3,33.9,83.5,6.54,50,150,227,80.0,29.9,5.4,42
46,5,35.5,28.2,118.7,4.72,60,71,247,41.8,21.9,5.37,46
44,5,38.5,34.3,93.5,5.37,45,150,244,44.3,36.7,5.55,44
42,6,43.8,28.4,91.4,4.75,60,150,239,44.5,29.5,5.69,42
50,2,42.0,37.2,99.3,6.66,60,125,289,80.0,33.1,5.78,50
35,8,35.8,31.0,100.6,4.88,60,150,186,28.7,38.1,5.31,35
50,4,35.3,33.1,118.3,7.1,56,150,299,63.7,36.5,5.98,50
30,3,46.2,30.8,91.7,3.48,60,145,173,48.4,31.1,5.77,30
38,7,33.7,34.5,84.0,6.47,60,150,181,26.4,41.1,4.76,38
36,5,40.8,30.6,91.8,7.27,49,146,213,44.5,31.9,5.92,36
31,5,39.1,29.9,118.4,4.2,50,118,159,30.8,25.8,5.13,31
50,10,45.2,32.1,99.0,5.41,50,150,265,28.2,35.1,5.3,50
44,2,38.7,32.1,104.2,4.88,59,150,233,80.0,39.3,5.3,44
30,0,38.0,35.9,82.6,5.52,60,147,151,80.0,36.3,5.03,30
48,3,39.4,41.3,68.6,7.51,60,119,261,64.7,40.5,5.44,48
33,3,28.1,26.9,89.3,4.0,60,150,171,47.0,28.7,5.18,33
28,5,38.6,37.4,92.1,5.21,48,150,167,32.7,37.2,5.96,28
38,3,37.4,33.8,107.7,6.68,60,150,217,58.9,32.1,5.71,38
42,5,24.1,32.7,102.9,6.02,45,117,215,31.7,29.8,5.12,42
50,3,33.9,27.3,76.6,2.81,60,150,273,69.3,28.5,5.46,50
50,3,39.5,34.6,93.3,5.64,60,150,295,72.6,37.4,5.9,50
45,4,37.8,32.7,92.8,4.88,60,141,222,48.8,28.1,4.93,45
44,7,50.1,38.4,61.3,4.47,60,150,227,44.8,37.0,5.16,44
34,5,44.8,34.2,86.2,5.36,32,150,177,41.4,45.1,5.21,34
44,5,42.2,36.2,103.6,4.34,54,150,258,46.8,40.2,5.86,44
44,3,44.2,29.2,67.7,4.8,60,150,276,72.1,31.8,6.27,44
40,5,43.8,40.5,69.9,3.49,42,150,214,42.3,37.2,5.35,40
44,2,32.8,36.5,72.1,5.51,44,150,236,80.0,42.1,5.36,44
39,7,30.3,27.1,87.1,6.73,55,150,199,37.9,22.5,5.1,39
40,3,28.1,33.8,53.4,3.92,60,95,188,53.4,27.8,4.7,40
44,2,39.2,36.8,76.5,5.93,55,119,250,80.0,39.2,5.68,44
46,8,49.2,34.8,72.5,4.32,49,150,227,35.6,35.7,4.93,46
36,7,30.6,28.7,115.1,5.18,55,138,195,30.4,32.7,5.42,36
48,3,37.1,38.2,79.3,6.32,54,134,264,71.5,34.1,5.5,48
37,1,35.9,29.1,81.8,6.07,60,150,195,80.0,30.0,5.27,37
28,3,31.6,26.6,84.8,5.24,60,150,131,30.0,23.5,4.68,28
36,10,41.2,38.0,62.6,4.22,60,136,177,26.9,38.8,4.92,36
48,3,36.4,30.4,101.7,6.43,57,115,273,67.8,37.1,5.69,48
47,4,29.9,37.3,99.8,5.4,60,150,261,51.0,38.1,5.55,47
19,2,29.9,35.1,107.3,5.18,60,124,85,36.9,39.1,4.47,19
45,3,54.9,31.8,87.5,6.75,60,137,272,80.0,30.7,6.04,45
43,5,35.4,26.9,53.6,4.73,60,150,215,45.6,25.6,5.0,43
35,5,38.1,31.3,81.5,6.29,60,150,179,35.4,26.4,5.11,35
50,10,31.6,33.0,94.9,6.33,51,141,258,31.2,30.4,5.16,50
45,7,32.8,26.2,110.5,5.66,60,127,235,35.8,22.4,5.22,45
45,5,41.6,26.9,88.6,4.89,60,95,248,48.9,25.7,5.51,45
37,4,39.9,28.8,90.5,4.81,60,126,210,52.7,30.9,5.68,37
40,3,37.4,36.7,87.8,6.45,60,150,206,52.7,34.6,5.15,40
50,10,41.3,30.5,61.3,4.49,60,150,237,34.9,31.0,4.74,50
48,9,34.1,31.2,82.0,5.17,59,150,228,31.8,38.1,4.75,48
45,1,32.7,29.0,96.4,4.54,60,150,248,80.0,24.5,5.51,45
50,1,34.9,39.4,91.9,4.1,57,150,261,80.0,39.9,5.22,50
42,9,40.8,32.2,98.1,4.81,60,150,193,25.1,34.4,4.6,42
25,5,33.4,21.8,81.7,4.63,60,150,127,29.1,29.2,5.08,25
33,9,36.4,30.9,71.2,5.05,38,93,170,23.7,38.4,5.15,33
42,3,36.2,30.0,75.3,4.8,60,88,223,62.9,22.8,5.31,42
35,1,34.1,23.3,76.3,6.58,60,137,197,80.0,23.6,5.63,35
39,3,31.3,23.4,85.9,6.44,60,145,223,50.6,25.9,5.72,39
42,7,42.8,26.9,114.5,4.71,59,68,237,36.5,34.7,5.64,42
50,4,39.3,31.8,113.1,5.69,47,150,276,60.3,26.8,5.52,50
49,8,27.2,33.1,83.3,5.86,58,148,256,32.7,28.9,5.22,49
43,4,35.8,40.6,85.8,7.27,36,146,234,52.5,43.6,5.44,43
47,2,22.3,26.6,70.2,6.92,60,150,228,79.0,29.6,4.85,47
35,8,41.5,36.3,99.0,5.46,38,150,168,28.5,33.1,4.8,35
42,3,42.9,20.8,85.8,6.11,60,114,216,55.3,17.3,5.14,42
46,7,41.1,25.3,83.9,6.35,60,150,250,41.6,29.3,5.43,46
43,4,39.1,23.5,105.7,3.68,46,150,220,45.3,30.1,5.12,43
49,7,42.6,30.3,78.6,6.36,40,133,283,39.7,29.2,5.78,49
35,2,42.1,30.5,121.7,4.79,60,150,206,77.4,28.8,5.89,35
33,5,33.1,35.1,87.5,6.29,52,136,169,33.4,37.9,5.12,33
33,3,37.6,30.1,64.5,3.94,60,142,182,52.6,33.6,5.52,33
45,6,30.4,34.9,120.6,5.44,60,150,222,30.6,33.7,4.93,45
47,6,45.6,36.1,94.5,5.85,60,139,267,42.0,32.9,5.68,47
37,7,35.2,33.6,94.0,4.55,60,141,182,30.3,37.0,4.92,37
46,3,43.2,28.1,99.2,6.35,60,92,258,70.9,32.1,5.61,46
35,2,46.5,33.8,100.6,5.64,60,55,224,80.0,36.5,6.4,35
43,4,43.4,36.6,106.3,6.05,60,150,227,50.8,38.0,5.28,43
44,5,39.5,25.5,105.2,5.66,60,150,262,42.0,30.9,5.95,44
41,6,29.2,41.3,97.8,5.65,60,94,214,37.5,46.1,5.22,41
39,4,42.1,30.1,103.0,6.28,60,135,208,49.3,30.0,5.33,39
39,8,31.6,38.0,117.7,5.15,60,123,220,19.4,38.2,5.64,39
36,2,48.3,25.1,103.7,6.25,53,105,226,80.0,24.4,6.28,36
37,6,41.7,29.9,82.9,4.75,60,150,207,42.8,31.5,5.59,37
35,3,37.8,29.4,91.5,5.0,60,150,183,46.0,32.9,5.23,35
42,5,39.2,31.7,83.5,5.61,60,123,231,39.3,29.2,5.5,42
41,7,24.4,25.4,72.1,6.79,60,150,194,32.9,32.4,4.73,41
50,7,31.6,28.5,86.5,4.7,51,57,262,30.8,26.8,5.24,50
45,6,36.2,29.8,111.1,6.85,50,150,268,35.1,19.6,5.96,45
32,3,35.5,26.7,105.2,5.76,60,121,192,54.4,25.1,6.0,32
43,4,33.1,29.3,106.2,5.44,47,150,226,43.7,30.0,5.26,43
50,7,46.2,34.2,85.5,6.06,43,110,262,40.4,32.8,5.24,50
45,4,38.0,17.4,89.7,4.51,60,102,266,57.2,15.4,5.91,45
39,6,38.3,35.8,114.0,5.36,50,150,221,41.4,32.7,5.67,39
35,5,39.8,27.4,86.9,5.82,41,150,194,37.2,33.7,5.54,35
46,6,33.5,29.1,95.0,5.74,53,150,267,38.7,32.4,5.8,46
44,3,35.1,26.3,89.3,5.02,60,121,250,64.3,20.9,5.68,44
35,5,38.0,32.1,96.2,5.02,60,146,180,39.8,27.2,5.14,35
43,8,37.2,23.5,95.8,3.01,60,150,228,31.0,29.1,5.3,43
46,6,38.1,28.9,71.3,5.73,60,145,228,33.8,22.3,4.96,46
31,5,35.0,28.6,70.7,5.53,54,150,161,32.2,31.3,5.19,31
27,2,37.7,31.8,78.0,5.18,60,150,166,69.9,31.1,6.15,27
47,4,33.8,37.7,111.4,5.26,47,150,264,53.6,43.8,5.62,47
48,2,43.0,31.2,114.5,4.9,60,125,289,80.0,36.1,6.02,48
41,10,32.9,30.9,81.6,5.07,60,124,201,29.3,26.9,4.9,41
50,5,48.5,37.2,117.9,4.9,60,113,296,58.6,38.8,5.92,50
31,5,39.3,21.6,102.2,4.52,60,143,179,39.7,22.3,5.77,31
36,1,43.1,21.0,92.0,4.91,48,150,217,80.0,22.6,6.03,36
43,4,34.1,38.2,68.0,7.0,60,94,203,47.6,36.4,4.72,43
49,5,39.7,34.3,102.5,5.6,60,150,285,46.9,35.9,5.82,49
47,3,39.9,30.4,115.2,5.74,60,114,286,75.5,32.5,6.09,47
40,8,40.6,34.1,103.8,5.18,57,145,230,34.8,34.2,5.75,40
40,3,31.4,30.9,84.0,4.95,60,150,195,52.3,33.0,4.88,40
40,4,45.4,43.9,73.6,7.06,60,150,222,53.4,49.0,5.55,40
39,7,42.7,33.8,83.4,5.13,60,150,216,39.3,39.1,5.54,39
37,2,45.1,31.1,97.3,4.14,60,62,219,80.0,33.2,5.92,37
43,5,36.3,28.2,58.8,3.95,55,127,228,43.2,31.0,5.3,43
43,5,52.8,34.1,98.9,5.41,60,150,241,51.6,37.0,5.6,43
37,6,33.5,36.3,74.6,5.79,53,88,188,32.9,31.2,5.08,37
34,8,43.3,34.7,73.7,5.98,60,150,178,36.1,34.4,5.24,34
50,5,35.4,28.3,72.5,4.89,60,150,276,47.9,32.0,5.52,50
29,3,42.0,30.1,86.4,4.55,60,95,161,41.5,27.3,5.55,29
43,6,42.1,30.5,106.3,5.59,60,150,251,40.8,37.3,5.84,43
38,3,39.5,45.8,110.5,5.67,41,150,207,57.6,41.2,5.45,38
41,2,37.4,28.6,89.6,6.11,60,125,212,77.0,20.2,5.17,41
39,1,34.2,27.6,78.7,6.05,60,120,224,80.0,19.4,5.74,39
40,1,47.7,20.2,110.8,4.49,60,150,257,80.0,21.9,6.42,40
37,4,37.5,24.3,88.7,4.57,38,127,222,49.0,25.8,6.0,37
49,4,47.1,36.3,96.0,7.32,60,150,291,64.4,35.5,5.94,49
50,5,26.1,34.7,76.7,7.96,60,107,248,41.1,33.7,4.96,50
40,4,31.8,31.0,108.5,5.29,60,150,194,42.1,36.5,4.85,40
38,8,40.7,37.1,73.3,6.32,56,150,208,30.8,36.8,5.47,38
38,5,32.2,37.0,87.7,6.1,55,98,196,39.9,37.8,5.16,38
41,4,32.0,30.6,96.1,5.41,46,150,205,46.5,32.8,5.0,41
50,3,31.9,31.4,115.2,4.63,34,150,278,69.9,35.1,5.56,50
50,6,33.0,32.7,105.5,5.52,51,146,289,43.5,32.8,5.78,50
48,3,40.0,35.3,87.9,6.32,60,148,272,77.6,42.9,5.67,48
45,6,34.7,34.4,90.6,5.97,55,150,222,39.5,32.6,4.93,45
24,5,22.6,30.2,107.6,4.44,60,150,85,17.3,28.9,3.54,24
41,6,42.9,37.1,131.3,3.51,26,146,230,39.8,38.0,5.61,41
50,7,37.4,34.4,83.1,5.21,60,61,254,40.2,30.1,5.08,50
38,5,35.4,35.8,86.3,6.16,60,150,202,34.7,29.5,5.32,38
31,2,45.2,31.6,84.5,7.33,60,52,161,61.2,34.2,5.19,31
50,9,41.3,32.1,78.1,4.56,60,150,278,34.2,28.9,5.56,50
46,5,45.5,32.6,92.8,6.86,60,134,243,46.5,31.5,5.28,46
39,10,30.2,36.3,88.6,6.36,60,150,173,26.2,37.1,4.44,39
26,6,42.3,30.7,81.0,5.73,60,139,119,31.6,29.4,4.58,26
48,6,45.5,32.6,113.7,6.27,60,148,270,45.7,45.8,5.62,48
46,7,42.6,41.6,90.2,8.0,58,118,235,34.0,30.0,5.11,46
46,4,34.5,36.4,67.4,4.88,60,130,240,44.9,39.3,5.22,46
40,4,45.9,30.1,77.1,6.09,56,118,220,50.0,39.1,5.5,40
44,8,28.0,34.0,62.8,6.14,60,150,211,25.9,32.8,4.8,44
46,3,34.5,30.4,90.2,4.99,60,150,252,66.1,26.1,5.48,46
36,5,35.8,31.5,80.4,3.95,60,57,180,38.8,27.1,5.0,36
32,1,32.3,37.6,101.1,5.54,60,150,183,80.0,34.0,5.72,32
40,7,42.6,28.2,119.0,5.34,50,128,244,36.0,26.8,6.1,40
47,5,43.8,30.1,101.2,5.4,60,150,264,48.2,24.8,5.62,47
35,3,36.7,39.1,86.8,3.71,60,66,200,51.8,44.4,5.71,35
43,4,35.0,25.6,88.9,6.67,60,150,264,53.2,31.3,6.14,43
36,2,44.2,38.7,83.8,7.19,60,130,199,78.1,37.2,5.53,36
35,10,38.0,26.7,89.6,3.75,58,98,185,26.6,21.0,5.29,35
48,3,37.3,28.5,90.8,5.12,60,121,279,69.5,32.9,5.81,48
38,3,44.2,30.6,80.7,5.62,60,118,214,64.0,29.0,5.63,38
45,6,21.5,34.1,77.9,5.49,60,150,234,30.8,32.4,5.2,45
50,0,40.8,30.2,100.3,5.03,60,101,295,80.0,33.4,5.9,50
42,7,48.2,25.1,94.6,4.87,32,150,242,39.9,26.0,5.76,42
33,5,48.4,29.0,87.7,6.14,60,131,169,38.6,27.2,5.12,33
40,0,38.5,30.3,68.4,2.98,57,150,212,80.0,27.3,5.3,40
50,2,37.3,33.7,85.9,4.81,60,147,274,80.0,32.1,5.48,50
43,1,43.1,28.3,55.8,5.23,60,150,247,80.0,22.8,5.74,43
32,7,47.1,38.9,103.1,4.64,53,123,174,34.3,41.2,5.44,32
33,7,41.7,28.4,97.6,3.64,58,150,182,33.6,28.8,5.52,33
49,3,35.5,33.2,98.1,4.74,60,150,278,70.4,33.3,5.67,49
49,1,39.9,28.5,98.7,6.05,60,150,293,80.0,28.5,5.98,49
45,5,35.8,30.0,103.2,5.53,60,117,254,51.3,22.9,5.64,45
42,3,48.3,38.4,92.1,6.19,60,146,225,65.8,42.3,5.36,42
41,6,39.8,35.4,122.3,4.49,60,150,235,36.6,37.4,5.73,41
40,6,44.1,29.7,86.3,4.5,46,141,235,38.4,32.0,5.88,40
50,2,45.3,26.7,94.3,5.78,41,150,284,80.0,27.5,5.68,50
36,4,37.0,29.9,83.4,4.91,60,150,218,45.9,30.8,6.06,36
28,3,38.0,26.7,102.8,6.77,47,117,173,51.6,28.4,6.18,28
49,4,46.2,37.5,97.2,5.14,60,150,269,60.5,41.3,5.49,49
46,5,34.0,43.2,115.8,4.65,51,150,250,45.8,50.5,5.43,46
41,4,28.7,31.4,81.0,3.98,60,72,208,43.8,27.8,5.07,41
38,3,46.8,27.7,68.6,6.21,60,105,228,62.3,26.1,6.0,38
38,2,37.1,28.3,78.8,5.9,55,132,205,78.3,31.4,5.39,38
50,4,37.8,29.9,114.9,4.86,60,99,297,65.5,29.7,5.94,50
41,4,42.4,27.9,93.1,6.29,60,132,228,59.0,29.9,5.56,41
44,8,42.1,31.6,121.8,6.63,60,150,243,29.5,32.6,5.52,44
43,4,37.8,30.1,85.7,5.96,60,150,248,47.5,39.2,5.77,43
30,4,38.5,34.1,102.8,3.43,53,123,159,43.0,24.3,5.3,30
37,4,42.3,29.8,77.6,5.34,60,53,225,52.2,32.2,6.08,37
50,5,39.7,25.5,77.1,6.2,52,150,267,43.9,21.6,5.34,50
35,8,35.8,29.9,79.6,6.72,60,90,168,30.5,31.6,4.8,35
44,2,48.9,29.0,96.6,6.25,60,150,256,80.0,34.9,5.82,44
50,5,44.2,31.5,95.7,6.03,60,99,291,52.9,31.9,5.82,50
30,4,35.9,28.5,104.1,6.34,60,150,165,37.5,25.8,5.5,30
40,5,45.0,36.9,102.5,5.27,60,142,218,48.7,38.9,5.45,40
45,7,36.8,36.9,95.8,6.7,60,120,228,36.7,39.2,5.07,45
44,5,35.8,37.2,82.2,3.64,60,150,239,40.0,35.6,5.43,44
40,7,40.3,40.5,67.4,4.26,60,129,192,30.3,40.1,4.8,40
50,5,44.4,33.9,75.5,6.51,60,150,287,52.3,34.9,5.74,50
34,3,30.0,33.2,76.0,5.78,60,136,177,47.9,30.6,5.21,34
25,2,33.4,27.2,102.9,6.63,54,150,148,61.6,34.3,5.92,25
50,4,36.2,33.4,87.8,6.03,60,71,257,51.7,37.7,5.14,50
41,1,35.1,34.4,66.6,6.1,60,101,243,80.0,36.9,5.93,41
42,4,44.9,36.2,73.6,7.18,60,143,222,52.0,39.8,5.29,42
38,3,42.3,32.2,85.6,5.01,60,124,217,60.1,30.7,5.71,38
50,8,36.1,32.8,72.6,5.36,60,150,242,36.1,25.9,4.84,50
44,6,34.9,24.4,84.4,4.4,60,131,245,39.4,20.4,5.57,44
50,7,32.3,39.9,81.8,5.69,54,150,255,32.3,38.2,5.1,50
25,5,33.4,30.7,105.9,4.58,60,150,113,30.3,29.9,4.52,25
37,6,37.3,28.0,131.1,3.34,60,86,197,33.2,30.7,5.32,37
36,7,37.8,27.7,64.7,7.41,60,150,194,31.8,26.8,5.39,36
43,6,31.9,26.5,112.3,6.29,58,150,249,40.3,26.9,5.79,43
45,6,37.1,36.6,72.5,6.71,60,150,255,42.5,35.4,5.67,45
32,3,37.9,33.5,91.0,5.31,44,104,176,56.1,35.8,5.5,32
50,0,44.3,34.2,71.8,4.44,58,150,298,80.0,36.7,5.96,50
46,3,36.5,35.5,86.2,5.23,60,119,249,67.3,41.2,5.41,46
27,4,28.1,37.2,108.0,6.62,53,147,146,32.1,40.1,5.41,27
44,7,41.5,31.3,87.7,6.54,60,122,236,34.7,27.0,5.36,44
33,1,40.6,25.9,64.7,7.91,53,150,174,80.0,27.4,5.27,33
45,10,43.0,27.7,83.9,6.54,60,98,232,24.1,30.4,5.16,45
50,5,38.5,23.7,78.2,6.1,51,133,284,53.7,25.6,5.68,50
38,4,33.1,31.6,100.1,5.8,51,138,220,43.4,33.6,5.79,38
50,3,28.9,33.7,93.9,5.8,60,83,261,68.7,33.3,5.22,50
37,2,36.2,37.6,72.0,5.38,39,150,195,73.3,39.7,5.27,37
37,5,32.8,30.4,98.2,4.02,60,150,203,38.5,30.5,5.49,37
48,8,38.6,42.6,88.0,5.53,40,138,246,37.1,45.0,5.12,48
47,6,37.5,23.8,109.4,5.43,56,150,261,46.8,29.4,5.55,47
39,6,37.2,29.8,97.9,4.67,60,150,220,39.2,31.7,5.64,39
28,3,34.1,38.3,58.8,6.73,60,150,127,38.3,30.9,4.54,28
42,1,43.4,29.5,112.3,6.62,47,74,269,80.0,37.8,6.4,42
42,4,36.5,27.2,114.9,5.68,57,118,262,56.8,26.1,6.24,42
50,5,42.0,34.9,97.4,6.45,60,77,279,47.4,29.2,5.58,50
31,5,34.7,38.6,81.4,7.01,60,82,166,35.8,47.3,5.35,31
27,6,29.0,31.8,93.8,6.71,60,111,135,26.0,36.0,5.0,27
32,2,45.6,26.9,91.6,5.41,47,115,189,73.3,30.0,5.91,32
43,3,42.1,22.7,87.4,4.16,47,131,241,60.3,18.1,5.6,43
33,6,43.8,33.3,84.8,5.71,60,150,161,33.4,22.5,4.88,33
46,5,40.0,39.6,102.3,5.3,60,133,263,49.4,39.1,5.72,46
42,5,26.9,33.2,120.1,5.64,44,150,239,47.3,35.9,5.69,42
34,4,51.6,30.6,80.5,5.64,60,148,192,50.5,30.6,5.65,34
44,7,47.1,21.4,90.7,5.18,60,150,247,41.4,20.3,5.61,44
45,3,39.6,32.2,100.4,5.61,47,90,245,64.7,34.1,5.44,45
50,3,36.1,26.9,95.2,6.4,48,150,283,68.8,24.9,5.66,50
30,7,35.0,27.0,108.1,5.23,60,150,169,30.5,21.1,5.63,30
42,6,43.1,30.8,89.3,7.73,60,150,223,40.0,31.3,5.31,42
27,8,36.7,35.8,72.1,4.82,58,106,132,24.8,43.6,4.89,27
41,4,31.4,24.5,58.7,6.41,60,112,206,49.0,26.7,5.02,41
44,2,38.7,46.8,92.3,6.7,60,134,235,80.0,51.9,5.34,44
41,2,30.9,41.5,119.3,5.25,60,150,215,80.0,43.0,5.24,41
38,4,43.8,25.1,91.4,5.84,60,138,226,51.5,24.5,5.95,38
32,10,34.7,38.9,96.5,6.19,60,139,146,23.7,39.8,4.56,32
49,4,35.2,30.8,101.1,3.56,60,149,276,53.9,25.5,5.63,49
35,7,39.2,30.6,101.1,4.28,60,96,191,29.5,26.5,5.46,35
38,5,31.8,31.1,129.7,5.04,60,150,202,38.4,28.8,5.32,38
35,3,37.4,29.4,84.9,5.03,46,144,203,60.9,31.5,5.8,35
43,4,38.1,24.1,73.4,5.23,60,150,228,48.3,28.8,5.3,43
50,3,36.5,30.4,86.0,6.0,55,150,284,72.1,31.7,5.68,50
36,6,27.8,37.9,99.1,6.97,57,141,189,30.7,38.4,5.25,36
40,4,46.6,34.9,104.8,5.43,60,150,232,51.2,40.2,5.8,40
38,3,39.1,30.2,73.9,6.01,60,127,222,60.3,22.0,5.84,38
29,1,40.5,35.4,91.2,5.87,34,130,184,80.0,29.7,6.34,29
47,7,27.2,38.0,99.5,4.31,60,150,216,27.4,36.9,4.6,47
40,4,28.9,26.9,88.8,5.1,60,129,215,45.3,30.8,5.38,40
43,4,37.1,23.1,107.6,6.95,53,150,258,52.1,24.0,6.0,43
30,4,30.0,31.4,105.8,3.78,60,150,166,32.9,37.6,5.53,30
43,4,36.6,35.0,67.2,5.82,60,150,231,46.1,36.5,5.37,43
34,8,37.5,34.2,67.3,5.88,57,150,177,33.3,35.9,5.21,34
47,2,32.3,26.5,66.5,6.44,60,126,235,80.0,19.8,5.0,47
49,4,31.1,32.0,90.4,5.32,60,115,272,56.1,32.3,5.55,49
45,9,23.7,35.0,92.1,4.72,56,150,227,27.7,39.0,5.04,45
49,1,35.0,25.3,94.0,5.37,54,150,278,80.0,31.2,5.67,49
42,4,47.3,35.9,76.0,6.24,60,107,223,47.7,38.0,5.31,42
43,3,30.6,29.9,77.1,6.88,55,121,231,61.2,37.4,5.37,43
42,2,32.7,31.8,61.6,4.73,60,150,203,76.8,31.3,4.83,42
50,5,40.2,38.2,68.4,7.58,60,121,295,53.2,41.1,5.9,50
28,4,37.3,30.8,90.0,5.57,60,150,154,37.7,30.2,5.5,28
50,3,26.4,32.2,93.5,6.62,51,150,281,65.0,31.2,5.62,50
35,4,29.7,35.1,87.1,6.53,38,150,167,41.2,41.0,4.77,35
48,3,27.7,34.5,98.2,6.02,60,143,264,63.4,38.9,5.5,48
50,8,45.1,35.2,96.1,4.74,60,150,265,37.6,40.6,5.3,50
48,1,47.1,35.4,103.2,5.87,60,150,294,80.0,32.1,6.12,48
26,5,39.6,30.8,79.2,4.61,55,135,144,32.6,29.2,5.54,26
44,4,34.0,35.3,114.2,5.36,30,145,232,45.5,35.2,5.27,44
50,6,41.3,25.3,92.6,9.42,60,118,268,38.7,25.1,5.36,50
49,5,37.6,39.5,111.1,5.88,55,150,268,48.1,39.8,5.47,49
50,6,33.0,36.8,82.1,4.48,41,81,259,38.5,32.4,5.18,50
50,5,41.0,28.8,123.9,5.61,55,150,278,40.7,23.5,5.56,50
41,3,33.2,30.0,64.0,4.39,60,149,223,58.8,24.3,5.44,41
42,1,29.1,31.1,90.8,4.57,54,127,213,80.0,31.4,5.07,42
47,4,31.2,31.0,66.5,5.01,60,143,252,51.0,32.4,5.36,47
40,5,51.8,31.5,100.1,5.58,51,150,223,44.1,36.1,5.58,40
41,2,42.9,36.3,78.5,5.07,60,149,213,79.8,30.9,5.2,41
43,4,40.5,31.5,120.5,5.04,60,150,247,50.0,27.4,5.74,43
42,3,29.8,34.0,87.3,7.01,60,150,259,66.0,40.2,6.17,42
46,5,35.0,31.9,83.6,4.9,60,150,256,43.9,27.4,5.57,46
42,3,36.6,26.9,78.8,3.91,60,150,233,61.9,19.1,5.55,42
40,8,45.0,27.5,125.6,5.9,53,136,230,37.5,19.4,5.75,40
45,4,41.9,39.6,71.7,5.41,60,100,241,57.5,45.6,5.36,45
49,5,35.7,32.7,95.0,6.06,46,150,267,45.7,38.5,5.45,49
50,7,39.4,32.5,79.8,3.8,60,143,258,37.7,39.4,5.16,50
41,5,38.3,36.8,58.3,4.64,60,150,230,45.3,37.1,5.61,41
43,5,46.3,34.0,70.3,4.91,60,150,230,47.0,27.0,5.35,43
42,4,49.5,34.9,87.9,6.31,54,150,225,58.2,36.6,5.36,42
33,6,35.1,31.4,97.9,4.18,60,150,174,34.7,30.8,5.27,33
41,5,34.2,32.2,80.4,4.41,60,135,212,36.3,26.4,5.17,41
39,3,44.0,31.3,108.2,5.41,50,150,226,70.0,32.5,5.79,39
32,6,33.0,36.6,88.4,4.66,56,133,174,33.4,36.1,5.44,32
38,6,41.3,29.1,75.0,5.11,17,88,199,33.1,25.0,5.24,38
36,3,30.1,29.3,85.4,5.23,60,150,191,46.4,31.1,5.31,36
30,2,37.9,33.2,95.4,6.48,58,95,159,63.9,38.3,5.3,30
46,10,44.0,33.6,78.4,6.26,60,113,238,30.7,30.0,5.17,46
35,6,44.0,26.7,87.3,6.25,60,150,190,39.8,20.0,5.43,35
39,4,33.7,28.5,88.2,5.49,60,89,219,49.2,25.7,5.62,39
28,8,34.2,36.0,71.7,6.36,60,150,116,21.9,30.1,4.14,28
40,5,32.7,35.5,111.2,4.43,43,118,204,37.5,39.5,5.1,40
50,10,33.1,19.5,109.7,4.56,46,129,265,32.1,21.1,5.3,50
29,2,22.5,30.6,80.3,6.43,33,150,135,48.1,32.1,4.66,29
39,8,47.8,30.7,93.0,5.41,60,150,196,36.1,22.7,5.03,39
36,4,41.3,29.2,75.3,5.77,60,150,210,46.9,31.0,5.83,36
36,6,44.0,33.1,105.1,4.97,60,70,214,40.1,38.8,5.94,36
33,9,30.6,25.0,80.5,4.9,60,63,152,19.3,26.1,4.61,33
50,4,27.5,34.1,119.9,4.64,60,103,277,51.3,34.4,5.54,50
37,5,39.8,28.0,67.4,5.3,60,150,182,35.0,25.7,4.92,37
50,6,43.3,28.9,96.3,3.23,60,149,286,48.3,28.5,5.72,50
44,2,44.5,31.0,106.3,6.19,60,145,241,80.0,37.2,5.48,44
50,5,46.1,38.2,85.3,4.65,60,133,280,51.7,37.9,5.6,50
29,9,44.3,23.9,77.8,7.07,31,150,146,28.0,21.9,5.03,29
37,5,30.8,31.8,114.9,4.91,60,111,206,38.6,45.3,5.57,37
35,4,32.1,34.8,80.3,5.68,59,146,197,39.2,35.3,5.63,35
43,2,44.8,37.7,91.4,4.92,60,150,253,80.0,40.4,5.88,43
39,4,33.7,28.2,65.5,5.84,45,150,195,38.7,26.1,5.0,39
42,6,33.5,33.3,80.7,6.13,60,143,221,33.3,30.4,5.26,42
41,0,31.9,38.7,98.0,5.56,60,109,229,80.0,33.0,5.59,41
36,7,36.8,28.8,85.3,5.93,60,150,214,31.0,33.6,5.94,36
46,5,34.2,28.9,80.8,6.62,60,137,230,45.5,23.2,5.0,46
46,2,20.2,26.3,107.5,4.32,46,150,248,78.8,27.3,5.39,46
38,6,38.6,38.3,121.4,5.56,60,68,202,36.8,48.0,5.32,38
44,4,39.5,28.6,124.2,5.25,60,148,249,51.2,24.6,5.66,44
46,4,38.2,32.1,78.7,7.89,52,150,250,52.4,27.2,5.43,46
30,6,34.9,32.5,102.5,4.55,49,150,183,36.9,32.0,6.1,30
50,3,37.4,34.3,92.8,4.62,60,150,280,67.6,31.1,5.6,50
41,6,31.2,33.8,108.0,4.65,60,150,212,31.8,37.4,5.17,41
42,6,39.6,37.9,60.1,5.68,60,150,233,36.5,48.6,5.55,42
48,10,45.6,33.3,65.6,5.62,60,150,250,37.5,34.5,5.21,48
35,5,50.0,23.3,89.3,5.21,50,150,199,42.7,26.3,5.69,35
50,2,36.1,32.7,103.5,5.72,47,111,294,80.0,36.5,5.88,50
49,5,32.0,34.5,120.3,7.88,60,96,272,44.4,33.4,5.55,49
39,3,34.7,35.1,88.6,6.49,60,150,209,60.1,32.2,5.36,39
37,3,43.8,31.1,95.6,5.97,60,150,199,57.8,25.8,5.38,37
45,3,39.9,33.6,100.9,5.95,60,123,273,65.2,39.3,6.07,45
50,6,38.6,37.9,101.8,6.16,60,150,268,43.9,43.6,5.36,50
42,9,42.9,36.3,101.4,5.34,60,108,216,31.0,44.0,5.14,42
31,8,40.4,26.6,111.1,6.0,56,150,166,29.9,27.1,5.35,31
37,3,33.2,30.4,98.7,6.16,60,131,181,48.3,33.5,4.89,37
43,5,41.2,25.0,87.5,5.71,58,150,238,41.4,29.2,5.53,43
50,3,39.1,40.1,104.3,4.2,50,39,272,73.0,41.7,5.44,50
38,5,31.2,22.8,84.1,5.89,60,104,205,37.5,33.3,5.39,38
38,5,39.3,30.2,69.9,5.32,60,150,219,40.4,28.5,5.76,38
50,2,36.2,24.0,93.8,6.77,60,150,295,80.0,25.0,5.9,50
36,4,35.8,36.3,84.4,5.35,60,150,210,46.2,38.8,5.83,36
44,3,29.4,33.1,96.0,5.4,60,136,235,53.5,39.6,5.34,44
35,3,43.3,25.0,120.8,6.08,60,150,236,59.8,34.7,6.74,35
41,3,30.6,34.0,89.1,4.41,60,150,235,54.2,37.0,5.73,41
31,4,26.3,23.9,88.9,5.97,60,150,188,38.2,23.9,6.06,31
30,3,50.2,27.6,87.8,5.38,49,150,182,56.2,26.5,6.07,30
41,4,37.2,32.2,80.3,7.4,60,126,200,48.8,24.9,4.88,41
44,1,39.3,33.6,85.0,3.91,44,150,265,80.0,33.8,6.02,44
43,5,39.4,30.6,90.5,5.87,60,150,235,44.4,32.8,5.47,43
44,4,31.6,28.2,65.0,4.13,59,129,244,50.6,28.4,5.55,44
50,8,33.9,37.2,92.8,3.6,37,150,270,35.4,38.8,5.4,50
34,5,43.0,39.5,61.2,3.79,60,147,207,48.5,36.2,6.09,34
42,5,43.8,30.8,109.3,4.54,59,52,249,45.2,30.4,5.93,42
45,8,41.9,25.2,109.1,4.05,60,150,224,31.0,26.6,4.98,45
40,5,37.1,33.1,84.4,5.13,60,114,210,34.9,29.8,5.25,40
41,1,36.1,26.1,91.9,4.77,53,110,219,80.0,29.1,5.34,41
45,4,27.9,30.9,98.4,6.0,51,150,225,44.1,33.0,5.0,45
41,6,41.9,26.6,87.8,4.28,54,106,231,42.6,32.2,5.63,41
45,3,44.4,36.5,97.0,7.3,60,150,262,68.3,45.3,5.82,45
41,3,38.5,35.8,88.1,6.5,60,150,226,54.9,33.2,5.51,41
45,3,32.8,26.3,91.1,7.14,52,150,265,63.9,25.5,5.89,45
46,4,36.4,24.9,81.9,4.9,60,147,269,54.3,24.5,5.85,46
38,4,41.9,35.3,70.9,4.05,58,129,205,47.7,38.0,5.39,38
49,2,42.4,34.8,114.7,4.53,60,126,281,80.0,36.6,5.73,49
48,7,43.2,42.8,92.3,6.01,60,150,253,38.5,48.4,5.27,48
48,4,32.3,40.3,69.3,3.32,40,150,235,47.7,31.1,4.9,48
44,8,42.2,32.2,96.9,6.73,60,110,238,37.9,33.8,5.41,44
37,1,42.2,36.1,116.0,6.73,60,150,217,80.0,37.5,5.86,37
36,3,38.9,22.2,90.3,5.91,55,112,210,63.6,30.1,5.83,36
37,2,26.8,34.2,72.8,4.4,50,138,170,56.5,31.4,4.59,37
50,7,41.2,32.4,133.0,7.49,49,127,285,44.9,38.9,5.7,50
50,2,31.3,38.1,100.9,4.89,60,147,263,80.0,41.5,5.26,50
31,5,41.3,32.5,69.7,4.19,60,123,170,39.5,29.5,5.48,31
39,4,38.6,45.4,85.9,6.04,60,149,211,44.6,47.9,5.41,39
37,4,29.1,30.2,98.6,4.55,52,150,198,36.0,27.0,5.35,37
47,10,26.8,41.5,70.2,4.98,60,149,227,22.5,47.1,4.83,47
44,8,26.5,30.6,89.9,4.4,60,150,229,32.9,31.2,5.2,44
42,4,41.9,26.4,98.0,5.73,60,150,263,58.1,26.5,6.26,42
48,3,32.5,22.4,74.5,6.48,60,83,273,64.5,25.2,5.69,48
45,5,35.8,31.0,81.6,5.83,16,119,237,42.5,27.9,5.27,45
50,2,34.7,36.6,118.2,8.05,60,110,277,80.0,29.9,5.54,50
28,3,54.0,26.6,75.4,5.66,60,121,170,58.1,23.1,6.07,28
50,3,38.2,41.4,105.7,6.51,60,132,291,74.0,39.9,5.82,50
50,2,37.5,35.2,83.5,4.37,60,150,298,80.0,32.3,5.96,50
29,3,35.3,22.2,76.8,5.1,52,107,160,48.0,30.6,5.52,29
36,4,45.2,33.2,90.2,6.5,56,137,199,54.3,35.2,5.53,36
50,4,28.2,30.3,102.2,6.81,60,139,274,50.0,29.2,5.48,50
36,7,48.6,34.3,86.9,4.64,60,123,183,36.6,29.8,5.08,36
42,10,48.1,35.7,112.7,5.97,35,123,215,41.0,43.7,5.12,42
34,6,43.1,30.7,84.6,6.83,50,112,147,36.6,28.2,4.32,34
49,1,40.1,31.8,80.4,4.1,51,150,281,80.0,30.7,5.73,49
45,6,41.7,24.8,74.7,3.41,60,150,245,40.9,27.3,5.44,45
50,4,37.4,32.5,90.9,4.84,60,150,294,59.0,33.5,5.88,50
41,6,32.4,25.9,104.4,5.89,49,115,201,37.7,25.6,4.9,41
31,3,36.1,37.3,93.7,6.54,55,150,174,50.5,41.6,5.61,31
50,6,43.4,29.4,85.0,6.36,60,100,291,46.6,32.8,5.82,50
32,7,37.7,37.0,96.0,4.34,54,150,160,31.4,36.8,5.0,32
49,2,43.2,33.5,84.6,4.86,50,134,284,80.0,39.1,5.8,49
34,4,49.7,36.6,78.0,5.02,60,101,176,47.9,36.9,5.18,34
36,2,48.7,34.0,90.7,4.09,60,150,202,80.0,36.8,5.61,36
44,8,38.7,36.7,114.7,7.06,60,125,232,36.0,36.9,5.27,44
37,7,47.6,39.1,97.6,3.94,60,150,192,39.0,40.2,5.19,37
32,5,37.4,25.5,93.8,5.38,60,119,169,41.0,21.2,5.28,32
50,10,35.5,31.4,86.9,5.93,60,134,250,30.0,38.1,5.0,50
47,6,42.3,27.6,104.9,6.35,60,141,277,42.0,28.6,5.89,47
43,2,28.6,24.7,83.9,7.59,43,146,256,80.0,27.7,5.95,43
50,6,40.9,32.4,103.6,4.34,60,150,259,47.2,34.3,5.18,50
40,7,38.9,32.4,88.0,4.36,60,150,192,29.0,30.1,4.8,40
50,2,35.6,36.0,113.1,6.07,60,117,283,80.0,37.2,5.66,50
50,8,33.8,45.4,119.7,6.88,60,150,258,33.4,50.4,5.16,50
44,1,42.3,30.1,86.4,5.61,55,128,230,80.0,23.7,5.23,44
50,8,31.5,26.5,84.7,5.54,60,102,257,32.5,26.3,5.14,50
50,1,33.9,37.7,80.5,5.51,60,150,269,80.0,35.5,5.38,50
41,6,42.1,27.7,73.9,5.87,50,150,224,36.2,32.0,5.46,41
45,5,50.1,20.0,101.2,6.41,58,150,244,43.4,20.1,5.42,45
35,4,26.9,33.0,90.0,4.68,60,150,171,40.8,26.5,4.89,35
44,5,41.6,27.5,83.7,4.43,48,142,258,53.2,28.6,5.86,44
42,2,35.4,35.6,115.9,4.38,55,150,232,80.0,35.6,5.52,42
43,6,31.4,35.2,77.4,5.11,60,141,205,31.6,34.4,4.77,43
39,6,37.1,35.4,93.4,6.39,52,103,186,35.1,33.6,4.77,39
43,3,39.5,37.3,89.7,5.65,60,131,251,65.2,40.4,5.84,43
45,7,49.0,24.9,86.1,3.45,60,110,238,46.1,29.0,5.29,45
40,7,40.5,30.4,115.7,5.76,60,72,214,33.5,26.5,5.35,40
46,5,27.8,34.8,101.3,6.05,60,145,250,38.9,40.0,5.43,46
39,3,47.9,21.3,99.9,5.25,60,150,232,58.0,14.5,5.95,39
50,2,44.9,29.8,105.0,6.38,60,150,285,80.0,29.0,5.7,50
42,9,41.2,30.8,77.6,5.87,60,124,196,30.6,34.4,4.67,42
36,3,30.9,36.1,111.3,5.97,60,150,205,60.0,41.1,5.69,36
40,3,40.3,30.5,85.2,4.02,60,150,213,59.2,26.5,5.32,40
29,3,43.7,37.9,86.8,2.7,60,146,174,49.9,43.7,6.0,29
42,4,37.5,31.8,98.9,5.28,60,126,235,48.6,30.1,5.6,42
38,8,31.8,32.8,86.3,6.76,60,150,193,25.7,30.1,5.08,38
41,2,39.1,34.7,75.6,6.03,60,150,217,80.0,30.9,5.29,41
36,2,45.3,21.8,98.1,4.13,60,150,170,65.8,26.3,4.72,36
50,4,39.6,29.7,79.7,5.14,52,150,286,56.2,30.7,5.72,50
50,4,31.0,31.9,90.3,6.33,60,115,248,50.0,34.3,4.96,50
44,5,37.6,36.3,110.5,6.64,36,150,235,44.4,37.3,5.34,44
40,6,32.2,37.0,117.0,4.82,56,146,200,34.1,39.5,5.0,40
27,6,52.6,34.8,95.3,5.74,57,149,133,33.0,34.2,4.93,27
43,5,60.0,34.8,68.3,6.69,60,150,252,52.3,38.1,5.86,43
39,9,37.3,37.0,118.8,6.19,58,74,193,24.5,34.6,4.95,39
34,3,39.1,29.6,88.0,4.69,49,150,197,54.3,29.1,5.79,34
28,3,40.2,34.3,83.8,7.02,58,124,151,44.1,34.3,5.39,28
50,4,42.3,38.5,81.4,6.27,39,150,298,59.3,38.2,5.96,50
49,8,39.8,32.2,118.0,5.09,60,113,244,39.4,32.6,4.98,49
46,4,43.5,31.9,95.4,2.54,60,149,255,58.2,28.6,5.54,46
46,6,39.4,38.8,90.1,5.58,60,150,248,39.9,36.8,5.39,46
48,3,38.6,39.2,96.5,5.53,59,150,274,69.4,39.9,5.71,48
42,1,40.8,31.9,76.0,5.0,60,141,226,80.0,28.6,5.38,42
35,5,45.2,31.6,85.4,7.47,53,109,179,36.8,39.6,5.11,35
33,9,46.8,35.0,89.5,5.2,58,102,154,32.5,34.0,4.67,33
50,6,35.4,31.6,81.9,4.61,35,139,276,42.5,38.3,5.52,50
47,10,47.8,31.3,95.2,5.64,60,150,253,38.4,28.0,5.38,47
33,1,43.1,38.0,83.3,4.91,57,150,184,80.0,31.4,5.58,33
34,1,32.5,36.8,58.2,5.04,36,101,183,80.0,29.3,5.38,34
46,3,25.5,34.4,60.0,7.0,60,143,228,59.5,41.4,4.96,46
38,4,32.6,34.4,75.7,3.46,53,87,193,40.8,30.6,5.08,38
43,3,22.2,38.2,111.0,6.28,60,88,231,57.7,38.5,5.37,43
49,4,32.1,40.9,106.5,5.73,60,144,278,55.3,36.8,5.67,49
41,5,27.0,35.5,116.8,5.02,60,150,208,40.6,37.1,5.07,41
42,1,40.3,26.0,97.0,5.64,55,150,247,80.0,26.4,5.88,42
50,7,27.9,34.5,72.5,6.49,60,150,250,32.1,36.2,5.0,50
30,5,41.9,26.3,89.2,6.75,58,150,162,32.7,28.2,5.4,30
49,1,34.6,32.5,81.3,5.24,60,141,280,80.0,25.6,5.71,49
43,9,47.2,25.7,91.8,4.35,60,150,240,40.6,27.5,5.58,43
43,5,42.3,29.2,88.5,5.33,60,129,222,45.4,29.4,5.16,43
37,2,40.9,45.3,79.4,6.54,58,118,199,72.7,41.8,5.38,37
50,5,39.9,22.1,97.5,6.43,60,139,296,52.3,26.3,5.92,50
42,9,36.8,42.1,96.8,5.02,51,149,215,30.8,39.2,5.12,42
50,3,41.6,29.8,82.3,7.24,59,73,284,74.9,32.5,5.68,50
42,2,35.9,37.0,75.3,6.29,60,142,239,80.0,37.4,5.69,42
50,3,36.1,16.1,102.5,4.55,60,132,279,70.7,17.1,5.58,50
40,6,34.0,31.8,79.7,4.01,58,150,185,34.6,36.2,4.62,40
42,7,35.2,34.1,93.7,6.21,38,95,242,35.6,35.0,5.76,42
37,4,46.7,28.5,76.7,4.64,42,95,203,52.3,29.7,5.49,37
43,7,32.1,34.5,90.9,4.98,24,150,229,32.8,27.5,5.33,43
50,9,32.8,32.3,95.7,6.2,60,126,272,31.9,36.0,5.44,50
50,3,36.6,30.8,82.2,4.23,60,150,284,64.6,37.8,5.68,50
41,2,35.2,40.9,77.9,3.78,33,150,216,77.0,40.5,5.27,41
50,2,47.7,27.8,52.5,5.25,58,150,265,80.0,25.9,5.3,50
44,5,35.0,35.6,85.2,4.67,56,112,230,46.8,36.3,5.23,44
40,7,31.3,29.0,84.2,4.7,60,147,201,31.1,35.2,5.03,40
30,9,31.2,35.1,110.1,3.45,58,109,131,19.9,37.6,4.37,30
40,3,44.2,31.7,79.9,3.44,60,150,208,60.2,33.2,5.2,40
46,5,34.6,34.4,97.1,5.22,49,150,237,41.5,27.8,5.15,46
41,7,33.6,37.3,94.7,7.02,60,150,200,34.1,35.7,4.88,41
49,4,32.0,28.7,96.8,5.24,60,150,291,61.1,29.1,5.94,49
49,9,30.8,39.7,63.0,5.95,44,127,218,29.7,40.0,4.45,49
33,7,24.2,41.9,63.6,8.09,60,96,164,21.8,44.5,4.97,33
47,7,37.1,26.5,92.3,4.8,54,150,255,33.3,24.4,5.43,47
43,4,43.9,32.7,65.2,3.89,60,135,241,51.0,28.6,5.6,43
44,1,31.4,23.6,94.7,4.45,60,95,259,80.0,30.3,5.89,44
50,10,45.7,35.1,71.2,6.34,40,123,260,32.7,40.1,5.2,50
40,5,55.5,37.6,91.9,4.95,60,150,259,50.8,44.9,6.48,40
41,6,33.7,33.5,105.1,4.91,56,139,206,37.2,34.5,5.02,41
48,3,35.9,32.5,67.5,6.76,60,136,263,68.3,39.0,5.48,48
40,1,44.4,31.2,90.4,5.58,41,146,215,80.0,28.8,5.38,40
50,5,36.4,37.4,96.3,5.51,60,135,260,43.0,38.2,5.2,50
43,5,41.0,35.4,89.7,5.68,60,111,249,48.8,37.7,5.79,43
37,7,32.2,36.5,94.2,4.43,58,144,212,31.9,37.8,5.73,37
34,7,41.8,33.5,95.9,5.41,60,150,177,28.9,37.2,5.21,34
35,6,43.0,29.0,84.9,4.92,55,150,199,34.9,30.8,5.69,35
50,3,31.6,31.7,77.2,5.19,60,150,275,67.3,30.4,5.5,50
44,6,44.1,33.7,98.9,5.53,60,105,240,39.6,31.1,5.45,44
41,6,34.1,31.8,109.6,5.55,48,150,219,40.2,29.3,5.34,41
42,5,28.3,36.5,94.9,6.53,60,132,228,33.8,28.9,5.43,42
38,5,39.0,35.8,87.2,6.84,60,105,229,43.0,34.5,6.03,38
50,3,37.8,39.1,73.3,5.61,60,143,259,69.7,37.5,5.18,50
41,3,38.2,32.1,92.2,4.58,43,126,221,58.0,30.4,5.39,41
32,4,42.5,27.6,98.8,6.34,56,119,189,44.6,32.8,5.91,32
34,4,41.2,33.2,92.2,7.3,38,96,183,38.0,31.7,5.38,34
40,4,36.6,41.3,61.9,5.25,60,150,214,49.0,40.4,5.35,40
31,5,39.7,32.0,83.1,3.81,60,150,159,35.0,26.1,5.13,31
40,2,30.9,37.2,100.7,6.3,60,144,219,77.6,33.0,5.48,40
37,2,39.3,26.3,113.6,5.14,50,112,211,76.3,23.0,5.7,37
42,4,42.5,29.9,105.0,3.83,60,145,237,55.8,23.1,5.64,42
38,5,34.2,29.5,73.4,6.11,56,128,184,34.6,28.1,4.84,38
47,3,36.8,36.2,78.4,4.44,60,134,242,59.8,39.9,5.15,47
44,2,44.1,30.1,71.4,5.21,60,150,242,80.0,37.1,5.5,44
40,6,46.3,37.4,97.0,5.29,49,118,223,39.1,34.3,5.58,40
35,8,33.2,33.1,71.2,3.92,60,134,161,26.9,35.1,4.6,35
40,4,29.3,31.4,83.2,5.33,60,118,212,45.4,40.6,5.3,40
50,3,35.4,26.8,107.7,5.43,44,150,282,73.9,25.5,5.64,50
38,6,34.5,25.7,110.8,5.22,38,96,210,27.7,32.5,5.53,38
41,2,36.8,37.2,75.2,6.18,60,149,222,78.6,36.5,5.41,41
34,5,30.1,38.1,113.6,3.91,49,77,180,36.6,36.7,5.29,34
33,0,36.4,26.6,95.2,5.27,60,125,192,80.0,22.5,5.82,33
38,6,42.1,31.1,90.6,5.43,60,136,226,44.6,30.2,5.95,38
50,5,37.8,23.2,93.4,7.89,43,150,263,44.9,26.1,5.26,50
50,1,30.3,31.6,98.5,6.52,60,150,271,80.0,24.1,5.42,50
44,5,47.6,29.6,107.9,7.46,60,119,244,49.2,23.0,5.55,44
39,3,29.6,31.9,64.8,5.41,29,68,204,55.6,32.2,5.23,39
39,6,33.2,27.8,61.8,6.07,60,85,210,35.9,31.1,5.38,39
49,3,28.1,23.2,69.1,5.94,60,150,255,59.9,23.7,5.2,49
35,2,39.5,22.0,86.2,4.16,41,120,227,80.0,19.4,6.49,35
45,5,46.9,28.1,82.1,5.68,60,150,263,48.2,25.9,5.84,45
49,3,43.2,32.8,96.0,6.11,58,148,298,75.8,34.6,6.08,49
48,3,54.1,31.3,106.6,4.78,60,139,294,80.0,34.5,6.12,48
44,8,40.0,22.3,98.3,4.98,60,150,247,35.1,25.0,5.61,44
46,4,45.6,35.4,95.3,6.66,37,150,275,57.4,37.3,5.98,46
36,4,44.4,30.4,78.1,5.12,52,149,204,53.6,31.7,5.67,36
42,2,36.5,40.3,95.2,5.48,59,150,247,80.0,38.4,5.88,42
45,3,38.2,24.2,63.3,5.44,53,150,249,65.4,35.0,5.53,45
39,5,35.2,34.5,129.0,4.18,60,124,207,38.1,33.4,5.31,39
41,4,37.1,35.9,117.8,4.75,60,150,234,49.1,36.5,5.71,41
50,8,43.0,28.6,89.4,5.73,60,73,266,39.4,25.0,5.32,50
50,4,48.2,37.4,93.1,5.44,57,150,257,55.1,37.6,5.14,50
36,3,27.9,39.5,94.8,6.3,60,124,210,55.2,40.0,5.83,36
43,3,36.1,34.3,97.0,4.11,60,150,225,57.3,35.6,5.23,43
35,2,43.2,30.0,97.3,6.91,60,127,184,73.8,25.9,5.26,35
36,7,42.2,34.4,108.3,4.1,60,84,203,29.5,35.6,5.64,36
43,10,28.7,35.7,110.3,7.32,60,138,194,17.8,35.2,4.51,43
36,1,30.3,34.8,97.2,5.9,60,150,217,80.0,28.6,6.03,36
46,5,46.7,29.6,81.7,5.95,31,150,257,47.5,30.2,5.59,46
33,3,33.5,31.4,99.1,5.52,51,150,189,46.7,38.6,5.73,33
48,3,38.5,31.0,78.8,5.71,60,142,249,61.5,30.1,5.19,48
36,5,30.5,22.4,83.8,5.04,60,150,194,35.6,18.4,5.39,36
45,10,35.9,27.8,84.1,5.47,42,145,234,26.9,23.5,5.2,45
48,6,37.8,31.9,113.8,5.67,60,120,265,38.9,33.8,5.52,48
31,3,49.2,31.8,71.6,5.63,60,126,181,58.3,30.8,5.84,31
48,4,43.9,27.4,76.3,5.62,46,150,252,58.7,28.9,5.25,48
39,6,43.8,30.9,101.0,5.71,60,107,210,40.6,30.9,5.38,39
36,2,33.5,28.6,85.5,4.3,46,87,194,69.4,28.8,5.39,36
50,4,29.2,38.6,86.7,4.27,60,124,246,50.7,44.1,4.92,50
49,4,34.5,39.9,75.6,5.96,60,119,268,52.8,31.7,5.47,49
45,2,49.4,36.5,113.0,4.34,45,150,265,80.0,37.3,5.89,45
40,2,24.1,28.1,71.8,5.64,60,74,231,80.0,26.4,5.78,40
47,2,37.8,38.5,87.8,5.47,60,150,282,80.0,27.9,6.0,47
41,4,26.9,27.7,102.0,6.13,54,141,217,40.5,33.8,5.29,41
27,4,42.7,32.0,112.9,6.48,60,150,156,39.3,32.7,5.78,27
45,7,32.6,33.6,80.2,4.44,44,147,217,36.3,33.8,4.82,45
34,4,47.4,28.9,108.0,3.74,60,145,182,45.7,29.5,5.35,34
33,4,34.6,34.0,95.7,3.56,29,150,193,39.6,37.1,5.85,33
50,2,39.2,23.8,82.2,6.41,55,150,296,80.0,20.0,5.92,50
47,2,34.6,32.9,87.9,6.5,60,94,258,80.0,27.3,5.49,47
46,4,30.7,28.4,99.7,5.27,60,150,229,42.7,24.4,4.98,46
49,7,40.9,30.6,95.7,4.8,60,121,256,36.6,33.7,5.22,49
40,2,40.8,34.4,96.9,4.44,60,114,239,80.0,33.2,5.98,40
40,2,42.3,27.9,80.9,5.57,60,132,225,80.0,25.2,5.62,40
49,4,34.2,35.4,89.5,4.48,60,150,250,52.2,32.9,5.1,49
40,1,41.1,30.4,72.8,3.1,60,125,233,80.0,30.6,5.82,40
39,2,38.7,31.5,96.9,4.43,57,150,252,80.0,33.9,6.46,39
48,3,42.3,33.9,118.4,4.71,60,150,308,74.4,38.6,6.42,48
47,2,47.7,33.5,96.7,4.58,48,86,262,80.0,38.6,5.57,47
36,5,32.2,30.9,111.1,5.31,60,150,183,34.4,21.2,5.08,36
47,5,39.5,35.2,73.1,5.06,41,150,254,47.2,39.0,5.4,47
50,3,39.5,23.8,105.6,5.59,60,150,286,71.0,28.8,5.72,50
41,4,28.5,31.8,127.1,4.48,60,150,232,43.9,24.7,5.66,41
50,5,32.4,37.8,116.9,5.38,60,150,261,42.2,39.9,5.22,50
34,3,33.3,25.3,87.3,6.66,53,100,182,46.9,30.7,5.35,34
50,7,48.6,42.6,82.0,6.35,55,36,268,42.6,44.7,5.36,50
45,5,37.6,29.2,92.4,4.82,58,150,265,46.3,28.1,5.89,45
43,7,34.6,28.1,86.4,4.47,57,150,234,30.6,29.7,5.44,43
33,6,28.0,27.7,108.1,5.54,60,130,178,30.5,27.1,5.39,33
39,3,35.1,34.5,79.9,5.69,60,150,208,57.3,36.7,5.33,39
45,4,35.7,31.2,85.2,5.8,60,128,222,48.5,30.9,4.93,45
40,3,45.5,24.4,66.6,4.82,60,133,222,63.4,29.3,5.55,40
35,6,28.5,24.5,100.1,4.65,47,97,188,30.3,32.7,5.37,35
29,3,41.7,40.5,87.8,5.75,60,96,143,42.7,43.7,4.93,29
34,5,28.8,27.5,84.3,5.83,60,150,178,34.0,31.6,5.24,34
50,2,39.6,31.7,110.1,4.85,60,149,289,80.0,31.5,5.78,50
47,6,33.5,30.3,109.7,5.07,56,150,244,42.4,27.4,5.19,47
50,7,36.0,30.7,70.4,6.49,60,150,262,36.5,30.1,5.24,50
33,8,37.1,34.7,95.4,6.48,60,150,155,26.2,38.0,4.7,33
38,4,47.9,36.1,59.5,5.99,36,150,221,55.3,33.3,5.82,38
47,6,36.2,40.8,105.7,6.28,38,143,246,39.1,43.9,5.23,47
50,4,39.5,25.2,115.9,5.89,60,150,295,61.3,26.7,5.9,50
44,5,38.2,31.8,102.8,5.57,60,150,249,44.6,30.9,5.66,44
45,0,42.8,36.5,55.4,6.22,60,30,255,80.0,37.2,5.67,45
35,3,32.4,34.6,47.7,6.91,60,130,173,50.6,31.2,4.94,35
39,7,34.5,31.4,88.8,5.47,50,150,202,36.0,33.3,5.18,39
35,3,43.1,25.5,98.0,3.89,50,150,194,57.2,25.3,5.54,35
34,5,48.3,29.0,93.4,4.85,58,93,204,40.1,30.1,6.0,34
50,7,31.2,27.6,98.0,6.42,60,102,252,34.3,25.4,5.04,50
45,4,29.3,28.9,113.1,6.53,60,150,245,51.2,35.4,5.44,45
39,7,38.8,35.7,98.6,4.49,60,150,193,33.3,34.8,4.95,39
36,6,37.6,23.5,114.7,5.2,57,150,208,32.5,24.8,5.78,36
46,2,32.4,41.7,95.9,5.7,60,121,236,80.0,47.8,5.13,46
48,4,40.3,32.3,90.8,5.86,60,150,267,60.0,28.7,5.56,48
50,6,36.7,34.0,103.9,6.41,55,116,279,44.0,35.2,5.58,50
46,1,34.3,29.4,89.5,4.67,60,77,267,80.0,36.2,5.8,46
33,5,37.5,28.3,73.7,5.95,60,150,154,34.5,33.3,4.67,33
32,8,52.8,35.9,99.1,7.18,39,142,150,36.7,38.3,4.69,32
43,4,33.0,28.5,83.2,5.95,60,125,247,56.2,29.2,5.74,43
43,6,35.4,26.1,100.4,3.44,60,150,228,37.8,24.4,5.3,43
44,9,49.8,33.3,130.2,7.01,52,131,250,42.6,35.1,5.68,44
38,2,49.6,28.5,101.6,6.31,60,150,238,80.0,34.1,6.26,38
48,5,15.2,33.1,102.2,4.95,60,139,248,36.9,33.3,5.17,48
50,5,35.3,33.8,96.8,6.81,60,121,253,43.2,34.7,5.06,50
45,5,34.6,30.2,83.9,4.86,60,150,229,32.0,37.0,5.09,45
50,5,32.6,24.3,110.8,7.31,23,150,286,49.2,25.9,5.72,50
37,4,32.8,33.8,122.6,6.09,60,150,215,48.9,32.4,5.81,37
41,6,35.5,35.0,103.2,5.26,46,148,230,30.7,42.9,5.61,41
39,3,41.7,34.8,89.2,7.22,53,150,227,66.9,34.6,5.82,39
32,7,42.1,27.0,93.7,6.52,60,142,189,31.9,27.7,5.91,32
44,7,29.7,32.1,95.1,3.3,60,150,238,27.3,33.4,5.41,44
34,4,43.9,38.2,85.3,5.52,53,150,191,46.6,41.6,5.62,34
49,5,44.0,30.9,76.1,6.81,60,150,260,49.9,26.4,5.31,49
45,6,32.6,29.5,92.1,5.36,60,150,233,32.9,25.6,5.18,45
43,4,44.8,40.3,85.1,5.29,51,150,242,56.6,47.9,5.63,43
34,2,38.9,30.5,105.7,5.33,60,91,197,78.0,30.4,5.79,34
46,10,34.2,28.1,65.6,4.9,51,139,230,26.9,26.8,5.0,46
49,5,31.3,27.5,54.8,4.59,60,150,251,43.1,29.4,5.12,49
45,5,43.0,34.1,92.1,5.33,41,150,257,49.5,30.5,5.71,45
36,3,44.1,36.6,97.1,4.12,60,135,213,67.5,39.8,5.92,36
50,3,34.9,44.4,101.6,5.02,56,144,290,72.9,50.4,5.8,50
50,4,36.6,28.4,66.7,6.5,60,67,287,53.4,30.5,5.74,50
50,4,40.1,32.0,114.4,6.02,39,150,278,56.8,30.9,5.56,50
50,5,42.5,28.5,92.7,5.69,60,150,289,45.4,29.4,5.78,50
50,4,42.8,40.2,90.3,4.45,60,150,264,55.4,35.4,5.28,50
50,4,30.3,28.5,68.5,4.49,60,98,282,48.8,26.9,5.64,50
35,2,40.3,32.7,103.2,5.32,55,116,206,77.5,31.7,5.89,35
40,2,31.9,38.4,84.5,5.49,44,136,216,76.3,39.9,5.4,40
42,3,42.4,25.9,60.9,6.69,60,150,227,67.2,22.6,5.4,42
26,4,32.4,33.5,109.1,5.4,56,117,114,35.3,35.7,4.38,26
35,6,35.7,43.1,76.7,6.63,59,150,178,30.7,42.2,5.09,35
44,8,36.1,35.9,87.3,5.63,60,143,234,30.4,29.0,5.32,44
50,3,32.3,30.8,101.4,6.82,57,150,274,65.2,34.3,5.48,50
41,5,53.8,31.7,103.5,6.68,59,115,257,51.8,30.0,6.27,41
39,4,41.3,35.4,58.5,4.6,60,141,205,52.6,35.4,5.26,39
41,4,37.9,34.9,91.2,6.01,60,150,198,48.7,38.0,4.83,41
42,10,41.2,23.2,98.3,6.71,59,150,199,25.2,22.9,4.74,42
46,4,38.8,35.7,86.7,5.31,39,150,233,54.2,41.3,5.07,46
40,2,32.7,35.3,98.9,6.23,33,150,235,79.0,31.8,5.88,40
40,10,30.6,31.0,101.1,6.2,60,150,202,25.0,30.2,5.05,40
40,2,36.9,29.5,72.8,6.15,54,150,224,80.0,32.4,5.6,40
29,5,38.1,31.4,88.9,4.34,36,126,156,36.4,42.9,5.38,29
44,4,33.3,29.4,88.6,5.96,60,93,223,46.4,36.5,5.07,44
49,4,36.4,27.4,106.2,4.93,45,150,275,53.6,26.1,5.61,49
42,4,24.7,37.3,56.6,5.45,60,150,199,40.5,36.1,4.74,42
42,1,42.0,35.5,105.7,3.63,53,118,237,80.0,40.1,5.64,42
44,6,44.5,27.0,91.1,6.53,51,150,263,41.9,25.9,5.98,44
48,3,45.4,36.0,86.5,4.76,60,65,275,70.3,36.3,5.73,48
42,6,43.1,35.8,87.4,3.89,60,126,231,41.8,42.6,5.5,42
39,2,37.9,31.3,69.1,5.65,39,63,188,70.1,28.1,4.82,39
46,2,34.0,30.8,69.3,4.56,54,150,249,80.0,36.3,5.41,46
40,6,42.2,27.5,101.5,5.71,60,47,231,34.8,30.6,5.78,40
49,1,41.2,33.5,111.4,3.95,60,150,275,80.0,28.6,5.61,49
45,7,33.3,37.5,81.1,6.71,48,146,221,29.4,34.1,4.91,45
44,7,31.1,29.0,101.3,5.18,60,150,249,32.8,32.7,5.66,44
37,7,34.8,31.6,70.4,5.61,60,150,184,24.8,29.0,4.97,37
48,6,33.2,34.9,82.9,4.07,60,117,257,41.2,35.6,5.35,48
50,2,43.3,28.8,76.1,5.39,60,103,286,80.0,34.6,5.72,50
37,2,35.8,38.9,78.1,7.13,49,120,221,80.0,36.8,5.97,37
49,5,38.1,33.4,89.2,5.58,26,140,268,52.6,31.0,5.47,49
50,6,36.1,33.7,80.1,5.27,60,126,241,38.3,35.9,4.82,50
37,4,37.8,27.4,75.8,5.2,60,150,208,48.0,25.2,5.62,37
42,6,32.6,29.3,73.3,5.03,60,113,214,36.7,34.0,5.1,42
42,2,22.0,32.0,99.7,6.02,51,150,224,70.9,27.4,5.33,42
50,2,37.0,25.7,72.1,5.7,60,90,300,80.0,28.2,6.0,50
47,6,38.7,28.2,93.4,4.58,60,118,260,45.8,32.4,5.53,47
50,4,30.8,28.8,76.6,4.73,60,150,267,52.5,26.6,5.34,50
40,2,35.1,31.1,91.2,3.55,60,87,234,80.0,34.3,5.85,40
50,4,44.3,29.0,137.1,4.15,60,150,291,54.1,26.6,5.82,50
50,5,39.0,35.7,81.3,6.27,60,112,262,50.2,31.4,5.24,50
33,6,35.6,32.1,99.0,6.11,48,128,194,28.6,33.8,5.88,33
31,5,45.5,38.2,86.2,4.81,60,125,176,36.4,38.3,5.68,31
35,5,42.5,32.6,98.1,5.95,50,150,191,38.7,32.3,5.46,35
46,4,39.6,43.3,86.5,3.35,38,131,248,54.8,46.9,5.39,46
39,4,33.1,32.4,96.8,5.17,60,104,213,47.0,35.1,5.46,39
41,7,34.4,40.1,85.3,4.35,60,139,202,29.5,32.2,4.93,41
49,9,32.8,28.3,96.2,6.09,51,150,221,25.6,32.9,4.51,49
37,4,40.8,34.5,109.0,4.88,58,131,208,49.5,33.0,5.62,37
38,0,40.3,27.0,70.4,4.87,60,85,223,80.0,23.0,5.87,38
42,5,37.6,30.5,80.6,3.42,60,113,230,48.0,36.2,5.48,42
38,5,39.6,30.6,98.9,6.48,53,140,214,52.3,28.6,5.63,38
30,4,35.8,38.8,105.5,3.27,60,150,168,37.9,45.2,5.6,30
43,2,42.9,35.6,109.1,5.92,49,106,258,80.0,39.0,6.0,43
50,2,44.5,39.8,101.5,4.5,60,150,289,80.0,29.9,5.78,50
48,6,33.0,20.3,105.8,3.73,60,150,270,39.2,21.2,5.62,48
50,3,41.7,35.2,91.6,6.08,60,150,275,70.4,31.2,5.5,50
43,2,41.8,34.3,100.2,4.79,60,150,232,80.0,34.6,5.4,43
38,2,39.4,30.0,78.2,4.91,54,144,201,77.6,34.4,5.29,38
35,4,44.2,37.2,131.4,5.65,60,150,208,49.7,34.6,5.94,35
50,4,38.9,32.1,87.1,5.1,60,119,274,57.5,36.6,5.48,50
50,7,38.8,39.9,100.7,6.09,60,150,266,38.1,37.1,5.32,50
50,5,47.3,35.6,105.9,5.85,60,150,276,53.5,34.1,5.52,50
31,5,44.0,29.3,83.3,4.76,60,135,173,45.0,25.3,5.58,31
50,3,34.5,31.8,92.3,5.93,51,137,271,68.5,35.4,5.42,50
50,4,36.6,32.5,91.8,5.1,47,86,260,49.6,27.6,5.2,50
50,4,28.2,39.2,92.0,5.22,60,149,281,52.4,39.1,5.62,50
50,3,38.1,26.7,91.2,5.33,60,119,295,78.4,32.0,5.9,50
49,4,33.5,39.4,93.6,5.54,35,139,267,50.8,33.6,5.45,49
34,4,44.7,29.7,70.6,5.59,60,150,168,46.3,30.3,4.94,34
50,6,33.7,36.0,79.4,6.31,60,150,282,43.7,35.1,5.64,50
39,6,40.5,26.2,83.6,3.44,60,150,208,33.2,26.9,5.33,39
49,8,33.7,30.6,90.6,4.85,52,150,248,32.6,24.0,5.06,49
49,3,38.2,23.3,84.8,5.33,60,145,297,74.6,20.9,6.06,49
46,5,35.1,31.6,93.8,4.83,60,150,256,42.9,32.2,5.57,46
42,4,43.9,28.7,75.5,5.7,60,147,217,51.3,25.9,5.17,42
50,6,28.8,20.2,78.0,4.49,60,65,259,40.9,23.1,5.18,50
45,7,43.1,28.2,77.8,5.05,60,150,238,32.4,35.5,5.29,45
33,1,42.4,31.2,103.2,4.59,59,87,208,80.0,33.1,6.3,33
42,4,47.8,34.2,79.0,6.48,60,150,227,52.6,28.8,5.4,42
40,4,30.6,31.9,83.8,4.89,60,143,208,44.3,28.1,5.2,40
36,4,42.0,28.9,108.1,5.01,60,146,226,54.9,31.1,6.28,36
44,5,40.4,29.2,99.1,5.6,60,150,226,43.8,25.0,5.14,44
40,7,40.2,28.6,68.5,3.94,60,150,182,29.5,32.6,4.55,40
47,6,33.0,36.2,92.1,6.14,60,120,261,37.7,27.7,5.55,47
36,2,22.3,40.3,73.7,4.96,60,150,174,61.0,33.9,4.83,36
29,6,39.3,25.2,71.3,4.66,60,150,144,29.6,26.4,4.97,29
46,4,28.4,30.3,90.8,7.05,54,150,245,48.1,29.1,5.33,46
50,3,52.6,37.0,83.3,4.92,60,124,281,77.5,37.2,5.62,50
32,2,41.6,24.1,70.2,5.15,57,147,194,80.0,22.1,6.06,32
48,4,38.3,25.7,90.6,5.98,60,150,274,56.8,24.9,5.71,48
31,6,38.1,43.3,115.6,5.83,60,150,164,33.8,45.4,5.29,31
49,1,38.3,40.3,75.3,5.44,49,133,266,80.0,42.3,5.43,49
41,3,44.3,24.6,86.0,5.67,52,144,240,70.9,21.9,5.85,41
41,6,31.0,38.4,90.6,4.87,60,150,217,35.9,39.6,5.29,41
39,4,24.8,39.9,107.3,6.48,59,150,203,38.5,44.0,5.21,39
49,7,43.7,37.9,87.4,4.97,50,115,270,42.7,37.5,5.51,49
44,4,44.0,35.8,83.4,6.91,60,115,242,46.1,40.9,5.5,44
25,6,43.2,25.9,72.0,4.38,60,150,113,31.3,25.0,4.52,25
44,2,35.7,31.6,74.1,4.36,45,136,244,80.0,27.3,5.55,44
43,0,38.3,36.7,93.0,5.8,43,150,244,80.0,39.7,5.67,43
49,4,50.5,27.3,87.8,7.24,60,150,296,63.3,24.6,6.04,49
33,7,42.4,30.6,90.9,7.0,60,130,172,31.2,36.0,5.21,33
48,5,42.8,24.6,112.4,6.25,34,145,247,45.4,22.4,5.15,48
50,5,43.8,27.6,82.3,5.19,54,115,270,48.4,29.4,5.4,50
38,5,40.2,34.4,95.0,6.15,60,135,210,37.5,39.3,5.53,38
48,6,29.5,43.8,66.1,5.35,60,115,245,29.4,48.7,5.1,48
41,6,38.0,39.0,84.9,5.84,60,150,227,35.6,40.9,5.54,41
44,7,27.4,24.3,96.0,7.05,60,141,236,33.4,23.7,5.36,44
24,1,31.6,38.7,87.3,5.5,60,81,112,80.0,36.4,4.67,24
46,7,37.2,34.0,86.5,6.03,60,96,236,37.3,35.0,5.13,46
41,7,35.3,24.6,99.7,6.05,56,150,203,31.3,20.5,4.95,41
44,7,34.9,38.4,93.8,5.03,43,150,233,33.0,40.1,5.3,44
30,4,30.2,38.3,107.7,3.71,60,150,171,36.9,45.6,5.7,30
44,5,33.6,31.1,93.0,3.83,60,138,234,41.1,31.3,5.32,44
33,9,37.1,34.7,74.3,5.48,37,150,173,33.0,40.7,5.24,33
47,6,43.3,37.7,120.7,6.48,48,128,246,43.9,46.8,5.23,47
40,4,36.8,31.3,91.9,5.61,60,150,214,45.1,32.2,5.35,40
39,6,37.3,33.3,107.0,3.76,60,150,190,31.5,29.2,4.87,39
37,3,46.0,31.6,73.5,6.24,60,138,189,56.8,30.9,5.11,37
36,3,39.6,31.2,96.3,3.8,60,150,207,53.2,29.5,5.75,36
42,4,30.3,28.2,84.1,6.33,60,127,218,39.4,25.4,5.19,42
47,3,19.8,31.0,83.9,5.87,48,123,239,57.7,36.0,5.09,47
45,1,46.1,29.1,85.0,4.76,58,124,257,80.0,26.6,5.71,45
48,6,31.5,29.9,68.2,6.09,43,150,218,29.6,32.1,4.54,48
45,5,27.7,33.4,71.7,3.4,60,150,225,33.9,31.1,5.0,45
47,5,44.5,37.5,78.4,4.12,60,150,253,51.6,31.9,5.38,47
48,4,42.3,32.6,85.5,5.37,60,150,270,58.8,35.9,5.62,48
32,8,38.3,30.7,114.9,5.36,60,140,186,28.1,33.1,5.81,32
40,6,43.5,27.5,86.8,4.82,44,150,223,42.3,25.4,5.58,40
50,5,31.1,34.7,107.1,6.43,60,98,290,49.9,34.5,5.8,50
48,8,34.9,29.0,64.4,5.17,60,150,262,40.6,29.4,5.46,48
42,10,32.0,33.0,93.9,5.57,40,150,203,25.5,32.3,4.83,42
44,5,33.8,32.1,78.6,6.35,60,113,227,42.9,35.1,5.16,44
46,3,41.3,33.2,106.6,7.86,60,49,247,68.0,38.2,5.37,46
44,3,48.2,25.9,92.2,5.95,59,128,283,71.6,22.1,6.43,44
30,4,46.2,23.3,75.3,4.7,56,136,165,46.3,24.2,5.5,30
41,6,46.4,37.4,117.5,5.94,51,113,229,44.0,43.1,5.59,41
23,3,54.1,34.1,96.5,5.02,59,150,148,50.1,32.9,6.43,23
45,7,28.1,25.8,92.8,4.87,51,134,214,31.0,29.8,4.76,45
50,4,42.7,37.4,78.0,5.15,37,109,280,57.5,43.0,5.6,50
49,5,47.9,28.8,76.4,6.73,60,116,286,53.2,26.5,5.84,49
42,5,36.7,35.4,125.5,4.95,60,138,243,43.5,32.2,5.79,42
50,2,38.2,30.9,90.9,6.0,60,114,277,80.0,35.5,5.54,50
44,3,29.7,33.3,89.9,3.39,60,150,232,54.3,43.6,5.27,44
49,5,32.9,26.0,97.2,4.26,60,126,253,46.0,27.8,5.16,49
41,5,32.1,31.7,88.6,4.04,39,150,205,34.6,31.3,5.0,41
42,5,33.9,35.6,98.2,6.37,60,144,229,39.2,36.5,5.45,42
34,3,33.0,32.9,108.3,4.56,60,150,187,48.5,30.4,5.5,34
40,4,39.9,33.4,71.2,5.79,60,86,247,57.2,30.4,6.18,40
48,4,38.1,39.5,84.0,4.78,60,150,264,52.7,35.4,5.5,48
50,5,37.0,37.0,88.1,5.52,51,150,262,49.0,37.4,5.24,50
30,5,34.5,26.3,100.7,4.93,49,150,151,31.6,28.3,5.03,30
36,8,43.8,32.6,82.5,5.88,60,150,162,28.7,24.6,4.5,36
39,5,38.0,28.2,87.0,7.28,60,150,202,34.5,28.8,5.18,39
46,7,39.2,33.7,111.9,6.76,60,96,250,38.2,33.5,5.43,46
45,2,25.1,31.7,70.2,4.52,44,150,228,79.6,30.5,5.07,45
45,2,30.3,33.7,94.6,5.62,60,95,254,80.0,35.7,5.64,45
43,1,40.9,28.4,75.2,3.81,55,150,258,80.0,28.1,6.0,43
48,4,39.3,32.0,103.7,6.79,55,150,267,54.4,25.9,5.56,48
30,8,36.6,30.6,91.2,7.68,58,108,150,27.8,27.9,5.0,30
36,0,32.8,32.7,75.6,7.13,60,126,185,80.0,37.7,5.14,36
34,3,34.1,26.6,105.1,5.11,51,150,196,54.2,26.6,5.76,34
37,7,35.0,33.6,104.4,4.92,60,134,180,30.8,33.6,4.86,37
45,8,45.4,31.8,97.8,6.24,39,149,252,35.8,29.9,5.6,45
39,3,33.9,39.3,78.1,4.46,60,107,199,54.8,41.2,5.1,39
37,2,43.5,30.3,88.4,4.92,60,150,223,80.0,29.8,6.03,37
40,2,38.6,38.4,83.4,5.95,60,150,209,74.2,37.4,5.22,40
27,7,42.0,26.0,95.7,6.71,48,139,136,31.5,30.0,5.04,27
49,10,40.5,30.2,72.8,4.54,60,150,250,26.7,39.1,5.1,49
50,5,44.5,29.3,99.1,4.82,60,130,277,49.8,29.9,5.54,50
46,2,40.6,30.5,108.9,5.04,60,111,266,80.0,29.7,5.78,46
48,2,48.1,32.0,108.8,5.06,39,108,281,80.0,35.4,5.85,48
41,2,45.7,32.3,82.4,4.82,60,71,229,80.0,31.9,5.59,41
50,4,35.7,34.8,68.0,5.6,60,150,254,51.5,31.2,5.08,50
48,4,49.4,32.7,108.7,6.25,60,150,277,58.6,36.7,5.77,48
44,7,40.6,25.7,77.8,4.79,60,101,210,36.2,21.2,4.77,44
33,3,32.7,28.4,105.4,4.04,41,150,185,54.8,30.3,5.61,33
50,8,45.4,35.8,124.1,3.51,23,126,287,42.2,34.9,5.74,50
39,4,35.8,35.6,87.0,4.37,33,150,202,48.9,43.4,5.18,39
50,7,35.1,32.7,91.4,5.45,60,150,275,34.9,32.1,5.5,50
42,3,35.8,35.4,99.5,4.04,60,121,218,58.6,42.0,5.19,42
43,1,30.1,29.9,83.5,5.6,60,126,235,80.0,34.8,5.47,43
46,3,30.0,34.3,78.3,3.89,60,150,251,57.5,37.9,5.46,46
31,10,37.1,32.3,75.7,5.65,53,128,132,25.5,31.5,4.26,31
47,6,34.5,32.4,84.1,5.73,59,79,243,40.1,41.0,5.17,47
31,3,32.4,32.7,81.2,6.21,51,150,153,42.0,29.5,4.94,31
43,4,32.0,40.9,96.7,6.48,47,121,220,47.5,39.6,5.12,43
48,2,34.5,25.3,103.0,5.9,60,150,266,80.0,22.0,5.54,48
39,4,46.8,29.4,83.8,5.24,52,150,220,49.8,27.2,5.64,39
42,6,34.6,22.1,92.3,5.76,46,128,227,33.8,27.9,5.4,42
50,7,46.8,36.2,73.0,6.02,57,109,257,35.2,38.6,5.14,50
34,3,41.2,33.1,96.9,5.46,57,150,184,51.5,36.6,5.41,34
50,7,41.5,28.9,92.3,4.85,43,150,286,41.3,33.4,5.72,50
50,4,38.5,19.2,71.4,4.18,60,150,272,54.8,22.8,5.44,50
41,4,41.2,40.2,94.1,6.64,60,31,226,50.7,39.8,5.51,41
46,5,40.9,35.4,99.0,6.03,39,150,265,49.5,40.7,5.76,46
48,7,30.1,35.3,110.0,5.58,22,150,239,28.6,27.8,4.98,48
38,6,41.5,35.8,80.7,4.97,45,138,192,35.2,36.5,5.05,38
46,2,30.1,28.2,90.1,4.16,60,150,272,80.0,31.5,5.91,46
34,4,34.7,23.8,94.0,6.93,60,112,188,47.0,28.3,5.53,34
41,3,32.9,38.1,75.5,5.37,60,150,210,59.0,38.8,5.12,41
41,3,37.3,38.4,109.5,5.59,60,85,231,61.9,41.6,5.63,41
42,4,37.0,22.2,122.6,5.86,60,150,249,51.1,30.0,5.93,42
50,5,39.6,28.4,82.0,6.07,60,150,291,53.4,25.2,5.82,50
41,9,40.4,30.0,66.9,4.41,60,111,197,31.4,32.1,4.8,41
48,4,41.6,34.9,90.4,5.67,37,91,257,53.1,40.4,5.35,48
41,8,46.6,29.1,113.0,3.86,60,150,223,39.3,32.9,5.44,41
46,4,42.5,22.1,106.7,4.57,60,150,269,53.6,20.5,5.85,46
32,4,29.1,37.6,71.1,5.61,60,116,155,36.2,42.0,4.84,32
43,3,34.0,28.9,95.5,7.05,56,141,241,59.3,25.7,5.6,43
44,4,32.8,29.3,98.8,6.16,60,150,267,52.6,31.4,6.07,44
50,5,36.4,35.8,78.7,5.13,60,137,277,44.2,36.5,5.54,50
44,1,40.7,37.6,73.9,5.22,56,150,240,80.0,33.6,5.45,44
27,4,39.5,24.9,100.8,6.86,60,150,143,35.0,29.0,5.3,27
44,3,41.0,33.0,97.8,7.02,50,150,264,66.7,33.9,6.0,44
33,7,42.1,24.1,92.2,5.19,60,150,200,29.6,21.9,6.06,33
46,5,33.6,34.2,76.2,5.52,60,146,232,43.8,36.2,5.04,46
30,1,38.7,29.0,80.5,6.45,60,120,163,80.0,34.5,5.43,30
34,7,44.4,24.6,80.8,5.34,60,150,185,31.4,21.8,5.44,34
40,5,33.4,24.9,129.4,5.57,32,150,238,42.7,27.5,5.95,40
48,4,44.5,32.4,87.8,5.6,59,150,266,57.1,32.4,5.54,48
48,7,44.7,21.1,76.8,7.26,60,81,246,42.4,28.6,5.12,48
26,4,28.7,33.1,124.3,5.26,60,150,156,34.7,40.9,6.0,26
50,7,47.7,35.0,84.7,5.49,60,150,287,39.6,38.3,5.74,50
40,3,36.3,31.9,93.5,4.86,60,150,207,53.2,31.5,5.18,40
43,8,32.3,38.1,100.6,5.58,60,112,211,27.7,37.1,4.91,43
35,10,36.2,28.0,65.6,6.38,60,78,161,23.0,27.7,4.6,35
50,4,43.5,38.9,98.9,6.06,60,150,272,57.8,33.4,5.44,50
50,4,33.2,35.2,94.6,5.02,60,136,267,54.4,40.4,5.34,50
36,1,26.0,31.9,96.4,4.3,52,150,190,80.0,28.3,5.28,36
37,6,46.9,30.7,77.6,6.27,22,100,211,43.4,25.6,5.7,37
35,6,36.5,29.8,74.6,5.71,60,141,187,33.1,27.8,5.34,35
38,1,30.8,27.2,99.1,5.21,53,136,224,80.0,26.3,5.89,38
40,5,40.9,30.1,81.6,6.61,48,150,241,49.4,30.3,6.02,40
26,6,36.6,32.6,107.4,5.93,60,150,112,25.7,32.8,4.31,26
49,1,33.3,37.8,91.4,5.05,59,114,268,80.0,37.5,5.47,49
50,6,40.7,27.2,100.4,4.77,50,150,262,45.5,26.0,5.24,50
48,7,47.5,28.5,66.8,5.36,39,150,252,35.7,27.9,5.25,48
46,4,29.4,37.7,96.6,7.1,40,150,255,49.9,30.2,5.54,46
34,3,47.3,32.7,63.5,5.26,53,150,212,62.4,40.4,6.24,34
38,4,42.6,26.2,69.8,6.95,60,148,210,43.3,26.9,5.53,38
50,6,44.2,32.3,88.0,5.63,60,132,284,43.1,33.4,5.68,50
33,4,36.5,32.3,89.8,5.09,53,118,158,40.7,29.1,4.79,33
45,10,39.2,30.6,78.1,6.32,56,150,246,30.2,36.7,5.47,45
44,3,50.6,29.5,103.8,4.19,60,95,242,65.7,30.5,5.5,44
30,2,39.5,32.2,116.3,3.53,60,131,182,71.2,30.3,6.07,30
49,4,41.5,30.8,105.2,5.95,60,150,279,60.5,27.6,5.69,49
38,2,42.2,35.6,93.0,3.54,60,79,201,77.6,38.8,5.29,38
50,6,36.3,35.0,73.2,6.38,60,92,271,45.0,37.0,5.42,50
50,5,42.2,28.4,74.8,4.14,60,63,267,45.0,29.0,5.34,50
32,4,31.8,38.8,67.9,6.34,60,109,159,33.5,34.5,4.97,32
35,5,33.0,26.6,70.2,5.99,60,150,189,38.3,28.5,5.4,35
37,0,34.3,20.6,86.0,5.26,60,115,215,80.0,24.3,5.81,37
46,2,29.7,31.2,92.1,4.23,46,113,250,80.0,27.0,5.43,46
47,7,41.6,25.3,100.4,4.43,60,147,260,35.0,28.2,5.53,47
45,1,40.2,32.0,95.5,5.74,47,150,258,80.0,30.6,5.73,45
42,3,40.7,37.9,93.5,4.28,60,150,231,58.7,42.6,5.5,42
34,6,34.0,35.5,73.5,4.22,60,145,174,32.0,46.0,5.12,34
37,2,35.3,30.0,65.1,5.41,60,90,180,69.4,32.8,4.86,37
32,6,36.1,34.7,99.8,5.6,60,97,157,28.5,38.5,4.91,32
37,5,34.3,31.6,97.7,4.53,60,150,212,39.1,29.8,5.73,37
46,6,45.6,34.5,106.3,4.43,53,150,264,43.9,34.2,5.74,46
48,3,40.1,35.2,99.2,6.09,60,118,289,72.2,34.7,6.02,48
39,7,44.3,33.5,84.6,5.66,60,150,220,36.7,32.6,5.64,39
32,2,28.7,28.5,78.2,6.07,54,121,178,58.5,24.8,5.56,32
40,3,34.2,29.7,76.9,3.95,60,136,224,56.5,36.7,5.6,40
42,4,33.8,33.0,80.2,5.33,60,150,232,47.4,34.4,5.52,42
50,3,41.5,33.4,94.5,6.68,60,105,282,75.2,39.9,5.64,50
41,8,43.1,37.3,82.0,6.31,60,150,219,28.4,35.7,5.34,41
29,5,42.9,25.3,107.8,4.98,60,69,175,37.0,21.4,6.03,29
43,2,37.2,29.2,78.7,5.27,60,150,218,78.4,26.9,5.07,43
48,5,33.9,33.0,90.7,6.23,60,146,270,45.4,37.3,5.62,48
36,6,32.2,30.5,84.2,5.77,60,120,197,32.3,28.9,5.47,36
37,7,40.5,28.1,112.2,7.29,60,96,190,36.6,32.4,5.14,37
36,5,45.1,29.6,101.3,4.92,60,150,196,38.5,24.4,5.44,36
48,8,32.2,30.4,71.3,2.83,60,150,241,34.5,25.0,5.02,48
39,2,38.4,25.1,100.1,7.57,60,109,212,75.7,22.9,5.44,39
44,5,42.4,27.1,87.7,6.43,60,138,253,45.3,26.0,5.75,44
50,5,42.3,23.8,77.5,6.15,56,150,275,43.9,26.5,5.5,50
37,7,43.1,34.8,64.2,4.02,42,144,215,35.3,37.7,5.81,37
40,4,39.4,29.9,101.9,4.63,60,150,228,47.0,30.2,5.7,40
41,5,39.2,31.5,99.3,4.55,60,143,220,41.6,27.5,5.37,41
49,3,44.5,38.4,80.6,5.2,56,131,262,73.5,43.8,5.35,49
44,3,37.4,36.5,88.2,6.65,32,83,263,71.9,35.7,5.98,44
44,5,39.6,30.1,89.2,5.49,53,116,249,47.2,31.4,5.66,44
44,3,36.3,33.4,74.1,6.09,56,150,249,63.0,35.2,5.66,44
28,7,36.0,22.6,96.4,3.58,60,92,150,29.1,28.7,5.36,28
50,1,37.2,36.6,99.0,4.51,60,150,285,80.0,37.1,5.7,50
43,2,38.4,37.5,74.3,5.75,60,149,248,80.0,36.4,5.77,43
29,2,49.8,25.2,78.9,5.86,46,150,182,75.4,24.4,6.28,29
36,5,41.7,29.7,66.2,5.68,60,150,218,43.0,29.5,6.06,36
42,8,34.6,32.9,81.8,6.58,60,109,222,29.4,38.8,5.29,42
39,2,37.9,30.5,113.2,6.57,45,134,233,80.0,30.4,5.97,39
29,5,30.0,36.1,92.5,5.78,60,150,159,31.9,32.2,5.48,29
37,7,38.9,32.7,69.9,3.53,60,73,183,32.7,29.7,4.95,37
46,5,29.1,28.6,103.7,5.25,60,139,249,48.4,29.3,5.41,46
50,5,35.2,30.7,91.1,6.25,60,144,286,50.1,29.2,5.72,50
35,3,31.2,32.6,86.8,3.63,60,149,180,42.9,23.4,5.14,35
42,6,34.7,35.9,91.2,5.24,34,150,226,33.1,33.7,5.38,42
36,5,33.4,32.0,80.5,4.12,60,125,199,39.2,32.7,5.53,36
47,2,37.1,23.9,91.0,5.64,60,150,287,80.0,22.5,6.11,47
37,6,36.6,33.7,93.4,7.29,60,150,195,36.9,31.9,5.27,37
39,4,42.0,34.9,84.7,4.26,60,150,221,48.5,31.1,5.67,39
34,4,40.8,28.3,59.5,6.5,45,150,173,45.6,23.8,5.09,34
42,5,37.5,31.0,94.1,6.55,60,150,218,42.4,26.4,5.19,42
50,8,42.3,36.3,94.5,4.18,60,149,287,40.2,36.9,5.74,50
40,4,44.3,37.9,83.2,4.71,49,150,228,53.0,40.3,5.7,40
37,8,33.2,36.2,90.2,6.9,60,150,194,26.4,35.7,5.24,37
48,6,31.0,27.4,67.2,4.04,60,150,250,42.4,27.0,5.21,48
29,7,27.1,37.8,80.1,4.42,51,144,132,21.2,39.2,4.55,29
44,5,38.1,28.0,51.9,6.28,60,150,232,45.4,32.8,5.27,44
37,3,42.9,30.3,106.0,6.26,50,150,233,63.5,34.2,6.3,37
32,4,36.5,38.1,91.0,5.83,60,150,166,42.3,45.6,5.19,32
38,3,34.0,33.9,100.7,5.74,60,109,221,58.6,33.5,5.82,38
45,2,33.7,31.3,94.1,6.09,60,103,257,80.0,41.0,5.71,45
42,5,39.2,33.6,82.6,5.35,60,137,233,44.9,29.0,5.55,42
50,3,35.1,31.9,84.7,5.22,60,141,269,66.9,36.7,5.38,50
41,7,37.1,37.1,93.7,4.87,60,145,229,37.6,32.6,5.59,41
49,6,29.4,29.3,76.8,6.34,60,150,232,40.3,24.6,4.73,49
50,1,38.8,35.8,75.3,5.42,56,95,284,80.0,35.9,5.68,50
48,5,43.5,30.0,102.2,4.7,60,114,260,48.5,24.4,5.42,48
49,3,40.0,23.8,73.9,6.47,60,98,269,68.9,24.4,5.49,49
40,5,35.1,27.3,79.4,4.94,60,150,208,33.1,32.7,5.2,40
50,7,34.0,24.5,82.7,3.61,59,150,273,38.7,29.8,5.46,50
35,2,31.6,35.2,94.4,5.66,59,110,174,66.7,35.5,4.97,35
31,10,39.1,29.9,89.2,6.27,60,150,170,25.1,23.2,5.48,31
49,4,33.5,35.5,77.8,5.57,60,141,276,51.8,30.1,5.63,49
36,8,39.7,37.4,93.8,5.2,60,150,176,27.8,43.6,4.89,36
45,3,41.9,26.4,91.8,5.17,56,125,241,63.9,25.4,5.36,45
27,2,30.3,32.1,126.4,5.45,60,147,134,50.6,30.9,4.96,27
29,5,34.8,37.3,90.1,6.32,60,127,143,28.4,31.1,4.93,29
33,7,34.3,33.9,69.8,4.12,60,115,166,27.4,37.4,5.03,33
40,5,37.0,31.8,81.0,4.93,60,120,205,40.4,33.8,5.12,40
47,3,30.2,40.3,58.9,6.16,59,150,229,55.4,38.9,4.87,47
47,2,39.6,29.3,94.0,4.48,59,135,274,80.0,34.6,5.83,47
36,6,31.4,31.3,78.0,5.49,60,150,163,28.4,35.7,4.53,36
50,2,46.6,29.4,108.7,6.7,55,137,302,80.0,24.6,6.04,50
32,3,23.4,31.2,89.4,5.06,60,150,177,48.4,27.4,5.53,32
50,4,32.5,30.3,96.8,4.42,60,150,292,60.5,31.6,5.84,50
41,6,43.2,33.6,93.5,5.64,28,130,232,42.8,36.4,5.66,41
42,3,29.7,26.3,97.7,4.77,45,146,236,61.3,27.1,5.62,42
49,1,34.9,27.6,80.2,6.75,41,150,297,80.0,33.3,6.06,49
34,2,29.2,28.8,97.2,6.23,60,130,177,67.9,34.4,5.21,34
50,7,23.9,35.9,72.8,3.89,60,145,247,33.3,35.6,4.94,50
42,3,48.8,44.5,103.0,5.02,60,142,257,67.4,52.5,6.12,42
49,7,34.2,31.3,106.5,5.54,60,150,265,34.4,38.9,5.41,49
42,1,32.5,29.0,80.1,6.2,48,117,246,80.0,22.4,5.86,42
37,5,44.6,30.4,73.4,7.43,58,123,202,42.2,35.8,5.46,37
50,6,37.0,29.2,77.0,6.48,60,123,268,43.8,25.0,5.36,50
25,6,36.4,35.9,98.3,3.56,60,68,119,25.3,31.9,4.76,25
49,6,36.6,17.8,87.5,5.62,60,107,262,40.3,17.9,5.35,49
39,7,35.5,35.0,94.9,5.93,60,104,201,29.5,28.7,5.15,39
46,4,43.4,21.1,85.6,5.06,43,150,251,60.3,19.5,5.46,46
47,3,32.5,33.5,69.5,4.72,37,150,255,63.3,37.2,5.43,47
45,8,27.3,35.3,86.4,6.45,59,110,212,30.3,37.8,4.71,45
36,10,28.2,34.0,98.0,6.0,59,131,155,25.9,36.8,4.31,36
50,5,35.1,32.3,107.3,6.42,60,150,264,46.2,31.1,5.28,50
39,7,39.5,35.5,71.7,5.02,48,127,190,30.6,37.0,4.87,39
39,2,46.2,37.1,80.1,5.48,54,150,228,80.0,39.2,5.85,39
26,3,36.7,26.7,81.8,6.43,60,150,151,40.0,26.5,5.81,26
50,4,37.9,34.6,77.1,3.75,60,106,266,59.6,32.3,5.32,50
32,4,36.1,30.5,92.8,6.48,56,111,180,42.2,40.1,5.62,32
41,2,40.8,35.5,73.8,5.17,57,150,209,77.7,36.5,5.1,41
36,2,48.3,36.0,93.0,6.74,60,150,208,79.4,30.9,5.78,36
50,1,33.8,29.7,113.1,7.09,55,129,278,80.0,32.6,5.56,50
38,1,29.8,39.3,102.7,7.74,60,150,208,80.0,38.6,5.47,38
50,6,42.5,40.6,83.5,5.16,51,112,291,49.7,39.3,5.82,50
50,6,45.0,28.9,67.0,3.59,60,150,264,47.1,22.4,5.28,50
47,7,38.2,39.2,85.9,5.85,60,58,242,36.6,35.9,5.15,47
36,2,40.9,26.4,103.5,5.82,60,133,189,73.9,26.2,5.25,36
42,5,42.7,31.6,71.7,4.91,60,150,254,45.7,35.9,6.05,42
39,7,43.5,35.1,112.1,5.09,59,110,197,35.1,35.2,5.05,39
50,4,41.6,23.6,92.6,6.44,56,113,293,59.6,16.2,5.86,50
48,2,45.1,33.9,108.7,3.35,60,150,278,80.0,36.2,5.79,48
29,5,48.8,27.4,109.9,5.78,60,145,157,39.5,30.5,5.41,29
46,2,38.4,31.4,107.7,5.92,60,150,271,80.0,36.2,5.89,46
46,3,45.6,26.0,114.2,3.54,60,150,274,73.0,18.4,5.96,46
40,5,32.8,34.3,103.2,6.53,56,112,227,39.8,35.5,5.68,40
38,7,42.0,26.1,92.1,4.18,55,73,230,37.4,25.4,6.05,38
33,9,45.5,31.5,72.2,6.11,60,150,150,30.1,21.1,4.55,33
47,3,31.4,26.7,72.6,4.01,60,150,241,62.2,29.3,5.13,47
49,9,29.2,23.9,86.4,5.13,60,150,258,27.8,20.0,5.27,49
37,5,38.3,31.6,90.6,7.91,58,149,214,34.8,32.0,5.78,37
50,2,35.1,28.8,100.4,4.47,57,126,289,80.0,27.3,5.78,50
34,2,43.3,27.6,87.1,6.55,59,122,188,68.0,29.9,5.53,34
35,6,38.7,39.0,84.1,3.85,60,150,186,28.8,37.2,5.31,35
