overs_played,wickets_lost,avg_batting_avg,avg_bowling_avg,avg_strike_rate,avg_economy,powerplay_runs,middle_overs_runs,total_innings_runs,team_batting_avg,team_bowling_avg,total_run_avg,overs_batted
8,2,28.3,15.0,144.9,10.11,18,25,81,39.1,12.0,10.12,8
5,3,31.2,24.7,156.4,11.11,18,25,74,31.3,17.9,14.8,5
8,3,21.2,25.3,131.7,9.79,18,25,41,16.7,23.5,5.12,8
9,7,37.5,28.3,155.3,9.23,18,25,77,22.6,31.3,8.56,9
8,5,19.1,15.0,140.2,9.5,18,25,63,12.7,18.4,7.88,8
8,7,23.4,17.8,146.0,8.35,18,25,66,14.4,21.2,8.25,8
6,7,34.0,15.0,152.0,9.5,18,25,64,25.3,12.0,10.67,6
8,8,35.7,25.2,172.1,8.06,18,25,77,24.9,22.7,9.62,8
10,7,34.1,18.5,132.4,9.85,18,25,108,20.4,19.4,10.8,10
7,3,31.6,29.4,140.6,7.7,18,25,56,23.2,28.4,8.0,7
8,5,24.1,25.6,137.7,8.7,18,25,58,10.0,23.3,7.25,8
7,3,36.7,19.0,174.2,10.96,18,25,77,25.1,18.6,11.0,7
7,4,26.6,15.0,132.7,8.42,18,25,46,12.5,12.5,6.57,7
9,7,20.2,22.1,148.0,9.65,18,25,67,14.9,18.2,7.44,9
10,5,24.1,22.5,128.8,9.59,18,25,64,16.6,25.2,6.4,10
10,6,19.7,24.2,140.3,9.52,18,25,87,14.9,15.8,8.7,10
7,3,32.8,19.2,152.1,10.7,18,25,62,32.0,16.4,8.86,7
6,7,29.4,25.9,139.1,7.9,18,25,30,15.1,23.4,5.0,6
8,3,32.6,25.8,150.0,8.87,18,25,77,28.8,26.5,9.62,8
9,1,28.8,22.9,155.5,10.45,18,25,84,60.4,25.7,9.33,9
9,3,39.4,21.1,120.2,8.9,18,25,67,35.2,28.0,7.44,9
7,7,28.8,21.9,145.3,7.98,18,25,42,15.1,21.8,6.0,7
9,4,23.6,22.2,132.0,9.37,18,25,76,19.3,20.9,8.44,9
5,4,26.4,23.9,139.8,8.33,18,25,30,13.1,26.7,6.0,5
10,6,28.5,26.0,124.7,9.28,18,25,81,17.1,22.4,8.1,10
9,5,15.9,25.4,150.4,11.06,18,25,69,13.2,23.1,7.67,9
9,3,34.4,20.5,162.5,10.0,18,25,94,34.2,20.6,10.44,9
8,6,27.7,16.4,128.8,9.7,18,25,62,21.4,12.0,7.75,8
7,7,23.9,23.1,151.2,8.32,18,25,49,12.3,24.9,7.0,7
5,2,32.9,18.1,138.8,8.15,18,25,54,28.8,12.0,10.8,5
10,3,27.9,27.7,130.1,7.77,18,25,62,24.6,30.4,6.2,10
8,10,37.3,26.9,136.6,10.02,18,25,46,16.6,29.7,5.75,8
9,6,25.9,15.0,145.4,10.4,18,25,94,19.3,15.5,10.44,9
9,6,25.7,24.0,130.2,9.78,18,25,73,12.0,23.6,8.11,9
10,5,27.3,26.8,141.8,10.39,18,25,83,19.4,22.6,8.3,10
9,2,25.2,15.5,119.7,10.68,18,25,101,42.8,13.8,11.22,9
8,2,34.7,15.0,160.0,8.0,18,25,83,38.9,12.0,10.38,8
8,2,40.6,28.2,118.6,7.12,18,25,69,42.8,28.0,8.62,8
9,8,24.0,15.0,152.7,9.85,18,25,62,15.6,19.3,6.89,9
9,5,27.8,18.8,156.0,9.05,18,25,75,22.6,19.0,8.33,9
8,3,29.9,21.8,154.3,10.31,18,25,80,28.0,18.3,10.0,8
9,7,32.3,29.7,188.5,8.8,18,25,70,19.0,32.0,7.78,9
7,3,25.7,16.5,139.4,8.7,18,25,68,24.2,12.0,9.71,7
9,6,35.7,20.8,152.5,11.16,18,25,76,24.6,18.9,8.44,9
8,2,25.2,15.2,163.1,9.79,18,25,72,36.3,23.8,9.0,8
10,0,22.5,22.9,149.6,10.47,18,25,96,73.3,25.4,9.6,10
3,5,39.1,15.0,146.0,10.39,18,25,30,14.0,25.7,10.0,3
5,4,28.0,19.6,121.9,8.1,18,25,30,20.0,19.0,6.0,5
6,3,35.5,18.2,137.0,8.16,18,25,47,19.9,20.9,7.83,6
9,1,17.2,19.0,150.6,9.57,18,25,83,54.7,22.3,9.22,9
8,4,15.5,20.3,159.2,9.18,18,25,65,11.5,22.3,8.12,8
8,10,32.3,25.8,141.0,8.69,18,25,59,17.4,28.0,7.38,8
10,6,23.7,15.6,141.7,9.07,18,25,73,14.4,16.0,7.3,10
7,4,32.9,27.3,141.8,9.51,18,25,73,27.9,23.5,10.43,7
10,0,27.5,17.4,128.2,10.56,18,25,96,67.5,12.0,9.6,10
7,3,23.3,21.5,142.9,10.51,18,25,39,17.4,14.1,5.57,7
9,1,30.1,23.4,154.6,9.92,18,25,90,65.4,20.9,10.0,9
9,7,34.9,25.2,146.5,8.48,18,25,94,23.1,23.8,10.44,9
10,1,35.0,20.9,155.3,9.37,18,25,121,80.0,19.3,12.1,10
7,8,39.2,15.0,138.9,8.99,18,25,43,22.4,16.3,6.14,7
6,9,31.6,15.6,139.3,9.97,18,25,30,14.4,20.6,5.0,6
9,3,22.7,18.7,149.9,7.39,18,25,85,27.2,18.6,9.44,9
7,4,22.4,21.9,151.3,10.74,18,25,53,12.7,21.6,7.57,7
8,4,29.3,18.5,157.7,8.63,18,25,75,23.6,18.3,9.38,8
6,5,32.9,22.1,133.5,7.86,18,25,46,17.5,23.7,7.67,6
9,3,25.9,32.9,135.7,10.87,18,25,90,26.3,36.7,10.0,9
5,6,15.8,26.1,138.1,10.09,18,25,30,10.0,29.9,6.0,5
9,3,28.2,20.0,122.5,10.71,18,25,65,26.3,21.5,7.22,9
8,3,27.6,21.2,142.6,10.03,18,25,76,22.0,19.1,9.5,8
10,1,25.4,24.6,134.0,9.58,18,25,74,52.0,19.6,7.4,10
10,4,16.7,26.8,141.2,8.56,18,25,73,21.8,32.3,7.3,10
6,7,33.5,28.9,159.8,9.7,18,25,60,15.4,28.8,10.0,6
8,8,28.4,18.7,139.8,9.55,18,25,81,10.0,25.0,10.12,8
7,3,22.4,29.8,126.0,7.54,18,25,54,22.7,31.1,7.71,7
8,4,24.4,15.8,168.8,9.79,18,25,109,32.0,18.4,13.62,8
8,7,19.2,15.0,154.1,8.82,18,25,65,13.6,16.0,8.12,8
9,2,30.4,21.4,123.3,9.75,18,25,101,38.1,23.8,11.22,9
10,2,30.7,20.0,128.9,9.57,18,25,110,46.6,25.9,11.0,10
6,2,27.4,18.9,137.1,7.64,18,25,53,27.5,21.2,8.83,6
6,7,30.4,15.0,145.0,10.19,18,25,44,14.1,18.3,7.33,6
10,8,21.7,30.6,135.1,7.84,18,25,67,10.0,37.8,6.7,10
9,2,19.4,27.7,134.1,9.73,18,25,67,26.2,29.6,7.44,9
8,5,28.6,22.7,150.8,8.84,18,25,73,19.1,19.6,9.12,8
10,9,30.8,27.5,136.6,10.3,18,25,66,12.1,30.9,6.6,10
7,8,24.9,30.7,106.3,9.88,18,25,62,16.9,32.9,8.86,7
7,6,27.3,27.3,155.5,9.23,18,25,43,14.6,25.0,6.14,7
9,7,30.5,16.8,143.1,9.73,18,25,97,14.6,21.9,10.78,9
4,8,37.7,16.5,122.0,10.94,18,25,33,20.0,18.6,8.25,4
5,6,18.8,15.2,162.6,9.3,18,25,30,12.7,12.0,6.0,5
6,10,16.1,29.2,168.5,9.02,18,25,30,10.0,40.6,5.0,6
9,3,19.4,20.3,119.8,10.73,18,25,49,15.0,17.4,5.44,9
7,6,18.6,16.3,152.8,9.65,18,25,63,10.9,13.3,9.0,7
7,5,33.8,23.5,140.8,9.82,18,25,57,22.9,24.5,8.14,7
8,3,28.9,17.0,117.2,9.65,18,25,88,28.1,17.6,11.0,8
8,10,29.1,20.5,146.8,8.43,18,25,41,10.5,16.7,5.12,8
8,5,38.9,17.3,137.0,10.85,18,25,55,21.6,17.3,6.88,8
8,5,22.1,26.6,177.9,11.24,18,25,67,12.8,25.7,8.38,8
7,3,35.0,20.6,130.2,8.24,18,25,73,24.8,23.4,10.43,7
8,9,34.2,22.2,130.2,10.77,18,25,34,19.2,17.6,4.25,8
8,2,29.3,34.5,153.2,9.22,18,25,62,27.3,36.9,7.75,8
6,4,39.1,21.5,139.6,9.09,18,25,54,23.9,29.3,9.0,6
10,5,25.0,30.0,104.0,8.53,18,25,57,15.4,31.5,5.7,10
10,3,30.2,24.3,136.3,8.73,18,25,83,31.0,27.8,8.3,10
9,7,33.3,16.0,124.3,10.14,18,25,69,16.0,18.0,7.67,9
7,3,18.7,30.4,147.1,10.55,18,25,75,20.5,26.4,10.71,7
9,9,31.7,19.6,152.7,8.55,18,25,44,16.1,20.4,4.89,9
5,7,22.7,16.9,137.6,10.64,18,25,43,11.9,18.1,8.6,5
8,3,40.3,24.4,127.3,9.98,18,25,42,22.7,25.4,5.25,8
8,3,25.2,25.8,138.1,8.98,18,25,67,24.3,32.5,8.38,8
7,3,28.0,25.1,134.1,8.6,18,25,67,21.6,22.7,9.57,7
8,5,31.9,20.9,144.0,9.42,18,25,65,19.3,22.4,8.12,8
7,3,38.0,24.6,121.9,8.22,18,25,61,20.5,16.1,8.71,7
8,5,32.9,21.4,135.1,9.08,18,25,103,22.0,16.5,12.88,8
4,4,26.6,18.3,132.7,10.33,18,25,41,22.3,22.5,10.25,4
6,4,25.9,21.2,143.0,9.95,18,25,61,16.1,23.3,10.17,6
7,6,29.6,20.9,156.8,11.1,18,25,53,15.2,21.5,7.57,7
7,3,36.0,27.5,141.7,10.01,18,25,68,25.3,33.8,9.71,7
8,5,40.2,21.8,105.8,8.51,18,25,93,24.1,17.3,11.62,8
9,6,35.6,23.7,158.8,10.25,18,25,101,29.2,27.1,11.22,9
6,6,27.5,28.7,134.6,8.13,18,25,37,17.3,32.0,6.17,6
10,7,25.1,28.7,148.4,8.75,18,25,81,13.7,25.0,8.1,10
7,8,33.3,20.9,158.8,9.02,18,25,54,14.8,12.1,7.71,7
8,2,29.3,19.3,154.6,9.51,18,25,65,30.1,16.9,8.12,8
6,1,38.0,17.3,163.1,7.15,18,25,80,62.9,14.8,13.33,6
6,6,28.6,23.3,151.5,9.25,18,25,46,12.2,22.1,7.67,6
8,5,27.8,17.9,130.9,9.51,18,25,41,13.1,15.6,5.12,8
7,4,25.1,21.7,149.3,7.92,18,25,47,15.7,18.0,6.71,7
8,4,27.9,27.4,139.3,10.79,18,25,59,18.3,28.8,7.38,8
10,5,36.7,21.4,132.6,9.7,18,25,83,25.7,27.6,8.3,10
9,2,23.1,20.5,139.6,10.51,18,25,97,39.8,26.8,10.78,9
8,1,20.1,19.1,124.8,8.58,18,25,88,58.0,20.0,11.0,8
9,3,23.2,15.0,134.5,8.97,18,25,60,22.9,13.9,6.67,9
8,4,34.1,21.0,141.2,9.08,18,25,79,21.9,25.4,9.88,8
7,2,19.9,18.1,148.0,11.61,18,25,52,25.3,15.7,7.43,7
7,6,15.0,20.3,149.5,9.7,18,25,48,14.2,16.6,6.86,7
7,3,30.6,22.2,141.0,10.46,18,25,69,25.5,19.6,9.86,7
3,4,19.9,19.6,128.3,8.81,18,25,30,11.9,23.1,10.0,3
8,4,23.8,24.2,124.1,8.26,18,25,74,21.1,25.7,9.25,8
10,4,26.3,23.5,125.5,9.82,18,25,86,23.9,23.8,8.6,10
10,8,32.4,20.0,150.2,10.38,18,25,92,18.8,22.5,9.2,10
9,4,29.0,24.6,156.7,8.72,18,25,93,29.0,23.2,10.33,9
5,10,31.6,20.9,154.1,9.1,18,25,44,18.7,18.1,8.8,5
9,7,34.8,20.5,154.2,9.58,18,25,82,22.3,18.9,9.11,9
10,5,27.1,25.3,168.5,9.02,18,25,105,21.4,26.6,10.5,10
9,5,30.0,21.2,140.5,12.94,18,25,65,17.3,26.7,7.22,9
5,4,29.2,29.4,166.3,9.88,18,25,54,19.0,35.5,10.8,5
7,3,15.0,24.4,127.5,9.4,18,25,56,20.0,25.5,8.0,7
9,3,23.2,16.1,132.6,10.13,18,25,85,25.0,12.0,9.44,9
7,3,23.0,15.0,156.5,8.79,18,25,58,18.8,15.4,8.29,7
6,6,37.8,26.3,125.1,6.93,18,25,47,15.5,26.4,7.83,6
10,3,23.4,18.5,153.8,9.27,18,25,94,28.1,18.8,9.4,10
6,4,17.5,24.4,146.6,9.56,18,25,53,12.5,23.0,8.83,6
6,5,28.2,19.2,147.8,9.49,18,25,53,21.0,20.5,8.83,6
8,3,33.2,24.0,131.9,10.45,18,25,83,35.4,24.2,10.38,8
8,4,30.1,27.5,134.5,8.79,18,25,79,24.7,32.5,9.88,8
9,5,19.8,26.0,138.6,8.26,18,25,62,14.9,29.0,6.89,9
10,4,22.5,22.2,158.3,10.87,18,25,74,19.0,24.6,7.4,10
6,3,29.7,28.7,113.8,8.52,18,25,41,15.6,35.0,6.83,6
7,4,27.9,24.4,127.3,9.13,18,25,51,22.0,30.5,7.29,7
6,3,30.6,19.8,147.7,10.37,18,25,46,23.4,12.0,7.67,6
8,2,25.0,24.6,167.8,9.73,18,25,82,31.8,29.8,10.25,8
7,10,29.7,16.4,175.9,9.23,18,25,73,17.3,16.6,10.43,7
10,1,22.9,19.9,129.3,10.05,18,25,120,80.0,30.3,12.0,10
10,3,26.0,17.6,136.0,11.02,18,25,87,27.9,17.7,8.7,10
10,2,32.7,24.7,135.0,9.38,18,25,101,42.4,23.6,10.1,10
8,2,17.2,19.4,138.8,10.12,18,25,70,28.0,22.1,8.75,8
6,3,31.9,15.7,127.7,10.41,18,25,45,19.0,23.4,7.5,6
6,4,35.2,20.0,159.6,9.89,18,25,66,19.9,19.6,11.0,6
8,4,23.6,18.8,138.6,8.74,18,25,84,25.5,23.1,10.5,8
8,6,27.9,17.8,135.7,8.52,18,25,76,14.9,19.3,9.5,8
6,7,24.0,22.6,150.7,9.53,18,25,41,19.4,24.9,6.83,6
7,3,28.8,22.7,134.4,8.77,18,25,56,19.9,17.2,8.0,7
10,5,33.1,29.6,152.8,8.41,18,25,98,27.0,34.9,9.8,10
10,5,25.6,17.2,157.5,11.58,18,25,108,26.3,22.0,10.8,10
8,9,24.6,24.7,138.4,11.26,18,25,50,13.4,22.5,6.25,8
8,1,27.4,28.8,129.6,10.18,18,25,90,66.5,36.1,11.25,8
7,5,27.3,15.0,141.6,10.17,18,25,70,20.8,16.9,10.0,7
6,7,28.3,19.4,135.7,9.18,18,25,30,10.0,20.4,5.0,6
8,3,22.8,19.0,180.6,8.79,18,25,83,18.8,18.7,10.38,8
9,2,27.7,25.8,153.5,9.96,18,25,89,36.9,25.0,9.89,9
9,5,18.3,23.3,142.8,9.93,18,25,65,17.4,26.4,7.22,9
6,2,25.3,20.5,147.3,11.0,18,25,77,25.9,13.5,12.83,6
8,0,27.6,29.7,159.2,7.98,18,25,97,70.5,25.2,12.12,8
6,2,23.9,24.1,163.0,8.55,18,25,74,36.3,29.0,12.33,6
7,1,27.9,39.7,153.5,9.03,18,25,41,34.3,34.4,5.86,7
8,3,24.5,26.3,157.9,9.15,18,25,89,20.9,29.8,11.12,8
8,3,36.1,23.2,161.1,10.77,18,25,91,28.7,22.3,11.38,8
9,4,29.9,15.0,155.2,9.28,18,25,98,28.8,12.0,10.89,9
10,4,32.8,22.5,153.8,9.77,18,25,89,22.5,23.5,8.9,10
10,1,36.2,15.0,114.4,9.74,18,25,96,71.9,17.8,9.6,10
8,4,26.0,22.9,159.2,10.05,18,25,69,18.8,19.3,8.62,8
7,7,27.3,18.8,147.9,12.54,18,25,56,12.5,18.1,8.0,7
10,4,15.0,28.2,132.2,8.72,18,25,77,21.7,29.2,7.7,10
9,1,31.0,15.0,139.2,9.93,18,25,105,75.3,12.0,11.67,9
9,0,34.0,30.7,160.1,11.59,18,25,81,67.7,34.7,9.0,9
9,3,37.8,19.2,150.4,9.51,18,25,119,42.4,15.6,13.22,9
5,7,27.0,15.8,144.9,11.17,18,25,39,14.0,22.5,7.8,5
7,1,36.3,23.1,147.9,10.28,18,25,73,58.2,14.6,10.43,7
10,3,24.8,26.8,171.3,9.84,18,25,107,35.0,33.9,10.7,10
9,3,29.5,20.1,157.6,8.82,18,25,89,33.1,18.7,9.89,9
6,2,40.5,17.1,143.1,8.31,18,25,70,37.1,17.5,11.67,6
7,2,26.1,21.9,137.7,9.38,18,25,56,27.3,17.5,8.0,7
8,6,22.6,23.1,160.8,8.07,18,25,52,16.3,26.2,6.5,8
10,10,23.8,23.6,157.1,8.99,18,25,83,14.7,23.2,8.3,10
7,4,29.3,21.7,118.1,9.56,18,25,41,17.5,25.7,5.86,7
6,2,27.4,31.9,160.5,10.5,18,25,55,29.4,31.8,9.17,6
8,3,19.9,27.0,151.5,8.71,18,25,75,20.0,27.9,9.38,8
10,1,27.7,23.6,148.8,8.51,18,25,115,77.8,27.6,11.5,10
8,4,30.5,15.0,155.5,10.16,18,25,69,20.2,16.7,8.62,8
7,7,19.3,16.0,112.6,8.72,18,25,31,10.0,12.0,4.43,7
7,1,19.0,23.6,160.2,9.58,18,25,87,65.3,23.8,12.43,7
10,5,28.5,20.1,147.2,8.99,18,25,72,18.1,23.9,7.2,10
8,5,37.9,23.4,144.8,8.7,18,25,83,19.4,18.6,10.38,8
6,3,32.3,24.8,134.7,9.27,18,25,48,22.0,25.9,8.0,6
10,3,19.4,21.6,150.0,10.38,18,25,94,26.3,24.4,9.4,10
4,7,34.7,27.1,158.5,10.18,18,25,44,16.9,29.9,11.0,4
8,1,29.1,25.5,138.2,9.41,18,25,80,59.7,26.5,10.0,8
9,4,31.9,22.5,140.2,8.97,18,25,70,24.9,28.7,7.78,9
6,2,31.5,29.6,147.2,8.25,18,25,48,28.5,31.5,8.0,6
10,3,22.4,26.1,124.5,9.26,18,25,116,34.5,24.2,11.6,10
5,3,21.9,27.5,139.5,9.08,18,25,61,21.8,29.3,12.2,5
6,5,29.4,17.5,140.6,9.68,18,25,55,20.5,16.6,9.17,6
10,1,15.1,27.7,160.2,9.73,18,25,79,54.9,28.7,7.9,10
7,2,22.5,16.6,154.1,8.97,18,25,69,30.8,20.0,9.86,7
6,5,24.5,28.9,151.5,7.67,18,25,37,12.9,34.4,6.17,6
9,3,32.9,22.3,144.7,7.78,18,25,97,27.5,27.9,10.78,9
8,4,21.7,24.3,138.9,9.52,18,25,67,17.5,25.0,8.38,8
7,4,28.8,28.1,148.4,10.77,18,25,62,19.7,23.2,8.86,7
7,2,29.3,26.4,155.6,8.62,18,25,52,26.9,21.6,7.43,7
8,5,30.1,26.2,152.6,8.22,18,25,85,17.9,29.7,10.62,8
7,9,32.3,15.0,142.5,8.91,18,25,68,20.1,14.1,9.71,7
9,9,35.4,21.4,143.2,8.9,18,25,82,18.5,19.7,9.11,9
8,2,25.0,17.9,143.9,7.65,18,25,91,33.0,15.1,11.38,8
7,3,38.4,29.9,136.3,8.83,18,25,67,27.8,29.2,9.57,7
10,4,36.5,15.0,148.7,9.86,18,25,117,35.7,12.0,11.7,10
6,6,19.2,23.4,154.6,8.59,18,25,35,10.0,18.0,5.83,6
10,7,38.5,26.2,134.1,8.4,18,25,73,22.7,24.6,7.3,10
10,3,36.2,18.7,142.2,9.2,18,25,103,37.0,20.9,10.3,10
8,4,20.6,26.9,130.1,10.23,18,25,37,21.4,32.9,4.62,8
9,2,37.4,21.3,148.4,10.7,18,25,93,47.6,23.1,10.33,9
5,7,29.7,27.6,164.2,8.27,18,25,30,13.2,29.6,6.0,5
7,1,21.9,15.0,141.6,9.93,18,25,73,51.7,12.0,10.43,7
7,10,25.3,18.2,126.0,10.55,18,25,30,10.0,24.7,4.29,7
8,4,22.5,16.8,161.0,8.04,18,25,64,17.3,19.6,8.0,8
9,3,23.3,23.9,132.7,9.42,18,25,82,30.8,16.1,9.11,9
8,5,31.5,25.5,153.7,8.5,18,25,82,24.7,23.5,10.25,8
7,2,27.8,18.5,142.2,11.31,18,25,77,30.0,13.5,11.0,7
8,3,30.3,26.4,167.6,8.06,18,25,86,27.5,26.1,10.75,8
7,2,23.3,15.0,135.8,10.51,18,25,68,28.0,21.1,9.71,7
7,8,29.5,28.8,109.5,8.41,18,25,30,11.1,32.4,4.29,7
8,5,27.1,19.5,151.7,7.73,18,25,65,14.6,17.0,8.12,8
6,2,22.8,26.6,116.1,10.51,18,25,47,26.9,33.9,7.83,6
10,7,18.4,15.0,151.4,8.95,18,25,99,16.4,17.9,9.9,10
7,4,34.0,18.6,119.8,9.53,18,25,68,23.2,21.0,9.71,7
7,4,29.9,29.4,143.4,9.9,18,25,63,25.1,20.6,9.0,7
6,7,33.7,20.8,141.1,10.06,18,25,30,11.6,12.2,5.0,6
9,3,29.0,27.3,166.9,11.38,18,25,68,31.6,24.6,7.56,9
6,7,26.6,16.5,135.7,9.73,18,25,35,12.8,16.6,5.83,6
9,7,22.6,15.0,147.2,9.38,18,25,71,18.0,18.3,7.89,9
9,3,27.6,22.3,157.5,8.8,18,25,77,33.8,23.4,8.56,9
8,3,28.2,18.6,154.3,10.72,18,25,89,28.0,18.5,11.12,8
8,3,18.0,17.1,129.5,11.26,18,25,60,22.4,16.1,7.5,8
10,5,26.6,21.9,160.4,7.84,18,25,88,22.7,19.6,8.8,10
7,2,36.8,21.3,157.0,8.89,18,25,90,36.7,17.2,12.86,7
6,6,27.4,26.9,169.1,8.17,18,25,52,12.8,27.4,8.67,6
10,1,27.9,15.9,153.2,10.19,18,25,116,80.0,18.2,11.6,10
8,7,29.5,16.2,125.3,11.74,18,25,80,22.2,16.7,10.0,8
4,7,32.3,19.6,133.3,9.69,18,25,32,17.6,18.7,8.0,4
10,5,40.5,22.9,127.8,8.71,18,25,110,28.1,26.9,11.0,10
7,6,34.0,30.7,146.6,11.18,18,25,43,17.3,31.4,6.14,7
9,7,18.9,17.7,154.6,9.04,18,25,62,11.7,13.7,6.89,9
9,3,34.2,24.9,136.9,10.42,18,25,80,28.5,24.3,8.89,9
8,6,35.7,17.2,175.5,10.16,18,25,82,22.4,17.0,10.25,8
10,6,29.8,28.4,128.8,11.29,18,25,93,19.5,28.0,9.3,10
5,3,23.0,16.9,132.2,9.28,18,25,30,10.0,18.4,6.0,5
6,7,30.3,29.5,135.2,7.59,18,25,42,19.8,36.1,7.0,6
6,0,25.2,27.9,161.2,9.51,18,25,61,47.3,31.4,10.17,6
9,3,26.5,26.7,146.3,9.92,18,25,75,25.5,31.6,8.33,9
9,3,29.9,19.7,162.1,9.05,18,25,106,32.7,18.1,11.78,9
8,6,31.3,20.5,131.3,7.72,18,25,68,18.9,17.0,8.5,8
5,6,33.1,18.9,142.8,10.24,18,25,33,16.5,26.9,6.6,5
10,3,28.5,27.2,138.8,8.36,18,25,99,30.5,26.0,9.9,10
10,3,24.2,27.8,157.4,9.73,18,25,109,36.5,17.8,10.9,10
8,8,25.8,19.7,111.2,10.58,18,25,61,16.2,17.7,7.62,8
9,3,26.4,26.9,153.5,8.73,18,25,58,24.2,21.5,6.44,9
8,4,30.1,27.2,170.3,7.61,18,25,44,16.4,31.1,5.5,8
8,2,33.3,28.1,132.8,9.98,18,25,62,30.1,35.6,7.75,8
8,5,27.8,23.9,180.5,9.6,18,25,53,14.6,21.9,6.62,8
7,8,15.0,22.9,176.5,9.7,18,25,48,10.0,21.3,6.86,7
8,4,23.8,25.0,134.5,10.16,18,25,72,17.6,23.5,9.0,8
10,4,22.1,17.9,127.8,7.49,18,25,87,22.5,20.3,8.7,10
7,5,29.7,22.8,148.4,9.44,18,25,62,17.7,18.6,8.86,7
7,5,32.9,25.3,166.3,8.62,18,25,62,21.7,28.9,8.86,7
9,4,22.0,22.6,125.2,9.29,18,25,75,18.1,28.3,8.33,9
7,8,22.9,19.9,124.1,9.73,18,25,40,17.1,22.1,5.71,7
9,7,31.2,25.2,122.8,10.24,18,25,55,14.0,24.7,6.11,9
10,4,25.6,23.1,145.1,9.58,18,25,77,23.4,25.6,7.7,10
10,6,19.1,28.9,150.8,7.7,18,25,68,18.7,22.5,6.8,10
9,2,17.7,15.2,149.7,9.1,18,25,89,32.0,14.0,9.89,9
7,1,29.2,25.9,144.8,9.45,18,25,79,59.3,23.6,11.29,7
5,4,28.9,15.0,151.3,8.09,18,25,54,24.7,16.8,10.8,5
8,8,22.1,15.7,124.4,10.2,18,25,55,14.1,20.0,6.88,8
8,3,31.1,25.0,133.2,9.5,18,25,66,29.8,28.9,8.25,8
8,6,29.6,15.0,152.9,9.28,18,25,84,20.8,12.0,10.5,8
8,7,36.3,20.4,148.3,10.92,18,25,73,24.3,18.2,9.12,8
10,4,27.4,22.1,141.8,10.61,18,25,114,30.0,31.1,11.4,10
6,9,26.0,15.0,153.6,10.15,18,25,48,15.2,18.3,8.0,6
9,3,29.6,24.7,135.2,9.8,18,25,79,23.3,28.8,8.78,9
8,6,27.2,30.6,157.6,7.83,18,25,69,16.0,26.4,8.62,8
8,7,19.2,27.3,150.5,9.07,18,25,49,19.1,21.8,6.12,8
7,3,21.5,15.0,127.9,10.05,18,25,71,24.8,21.5,10.14,7
6,8,26.8,24.7,170.5,10.19,18,25,38,14.6,27.6,6.33,6
8,6,25.1,17.8,156.9,10.0,18,25,63,11.5,21.5,7.88,8
8,3,24.7,19.0,129.1,8.47,18,25,50,23.2,16.4,6.25,8
7,2,16.1,18.7,141.6,9.21,18,25,63,29.6,17.7,9.0,7
9,8,40.2,16.9,126.1,11.06,18,25,71,18.5,22.8,7.89,9
4,5,26.4,25.4,151.9,9.0,18,25,30,22.0,25.0,7.5,4
9,6,27.8,30.2,128.3,8.65,18,25,70,20.0,22.1,7.78,9
9,5,43.0,24.7,167.5,9.83,18,25,99,23.7,23.3,11.0,9
9,6,17.9,16.9,157.5,8.93,18,25,69,17.4,12.0,7.67,9
5,2,30.8,20.9,116.4,11.03,18,25,45,26.2,18.2,9.0,5
7,4,28.0,24.6,133.9,9.72,18,25,45,18.8,27.4,6.43,7
7,10,26.9,20.2,144.7,9.91,18,25,37,11.2,22.7,5.29,7
10,7,27.6,21.0,124.0,8.52,18,25,88,14.2,21.0,8.8,10
9,9,25.3,30.7,164.4,9.22,18,25,53,10.6,27.4,5.89,9
8,5,31.6,25.7,173.4,10.01,18,25,84,23.5,29.6,10.5,8
7,4,39.8,15.2,149.7,7.16,18,25,68,27.4,15.1,9.71,7
8,8,42.8,15.0,151.8,9.68,18,25,57,23.5,20.1,7.12,8
8,6,21.6,15.0,116.3,7.45,18,25,70,16.9,19.1,8.75,8
7,1,30.2,22.4,135.7,10.76,18,25,82,61.5,23.0,11.71,7
8,6,28.5,30.4,148.2,8.31,18,25,65,12.7,25.6,8.12,8
9,4,28.4,26.1,133.1,10.66,18,25,81,20.2,31.3,9.0,9
7,4,29.7,30.3,156.4,8.32,18,25,71,21.7,24.4,10.14,7
9,5,28.6,32.4,143.8,8.56,18,25,76,23.2,36.1,8.44,9
9,3,29.0,32.5,149.1,8.05,18,25,109,37.0,32.6,12.11,9
9,1,27.9,25.9,153.9,10.2,18,25,72,50.6,26.9,8.0,9
9,3,16.8,28.0,136.3,10.94,18,25,43,20.1,29.8,4.78,9
7,7,26.2,23.1,134.6,8.97,18,25,55,13.2,28.8,7.86,7
10,5,25.9,29.7,165.3,8.11,18,25,92,18.7,25.3,9.2,10
7,6,32.0,16.8,153.6,10.59,18,25,69,18.2,13.0,9.86,7
8,7,23.9,21.2,116.8,8.51,18,25,42,11.4,25.6,5.25,8
8,10,23.2,25.6,147.4,8.98,18,25,41,11.4,24.1,5.12,8
10,4,28.4,18.0,166.4,8.93,18,25,103,24.9,12.9,10.3,10
8,3,25.4,17.9,160.7,8.67,18,25,88,27.7,15.5,11.0,8
7,4,27.3,22.3,149.4,9.32,18,25,61,20.9,19.2,8.71,7
7,4,25.6,28.6,129.4,9.69,18,25,50,15.4,27.0,7.14,7
5,7,31.7,28.5,151.6,9.56,18,25,35,20.0,32.1,7.0,5
9,1,35.0,24.6,118.1,10.61,18,25,98,70.0,24.2,10.89,9
10,1,28.3,16.2,126.8,9.96,18,25,103,79.1,13.8,10.3,10
5,8,27.9,22.2,149.9,10.11,18,25,30,18.6,15.6,6.0,5
8,1,42.1,18.9,118.4,10.62,18,25,89,68.2,20.4,11.12,8
10,3,25.7,23.5,117.6,9.54,18,25,102,29.0,24.0,10.2,10
10,5,26.6,26.3,132.5,10.48,18,25,86,22.1,32.0,8.6,10
7,8,15.0,24.3,142.6,10.81,18,25,48,10.0,27.1,6.86,7
10,8,26.9,15.0,147.3,9.59,18,25,86,17.5,21.7,8.6,10
7,9,25.6,21.1,149.2,9.25,18,25,65,14.4,21.2,9.29,7
7,4,21.7,15.6,160.0,8.64,18,25,66,20.2,13.4,9.43,7
5,2,24.0,21.7,165.1,10.27,18,25,52,28.6,17.4,10.4,5
8,2,26.4,22.4,136.7,8.23,18,25,87,38.1,26.1,10.88,8
10,8,33.2,15.0,153.8,8.85,18,25,96,16.7,15.6,9.6,10
8,7,35.0,25.9,130.2,9.75,18,25,78,19.9,25.0,9.75,8
7,5,43.1,21.3,146.9,8.5,18,25,85,31.1,19.4,12.14,7
8,9,27.0,21.9,136.8,8.92,18,25,41,11.3,17.8,5.12,8
7,3,25.3,15.0,149.8,10.95,18,25,76,26.2,18.0,10.86,7
8,5,21.7,21.6,139.6,10.03,18,25,56,18.6,24.7,7.0,8
7,5,25.4,20.1,125.0,10.47,18,25,62,18.0,18.8,8.86,7
9,7,19.9,25.3,131.5,9.22,18,25,69,17.9,29.4,7.67,9
5,5,17.6,28.6,154.0,9.05,18,25,30,10.3,30.7,6.0,5
6,8,17.1,30.1,123.5,9.32,18,25,30,12.5,38.2,5.0,6
8,3,15.8,25.0,150.7,8.99,18,25,51,11.8,20.7,6.38,8
9,3,25.5,22.6,164.7,8.67,18,25,89,27.2,28.0,9.89,9
9,3,22.5,27.9,145.8,8.94,18,25,78,23.3,33.6,8.67,9
8,5,34.0,24.5,147.4,9.77,18,25,88,18.7,22.7,11.0,8
10,1,32.2,15.0,159.1,8.76,18,25,106,78.9,14.6,10.6,10
9,6,31.7,27.3,140.1,8.97,18,25,72,18.7,26.8,8.0,9
4,3,25.6,16.6,162.9,8.1,18,25,30,15.3,18.8,7.5,4
7,5,36.7,28.8,135.6,9.67,18,25,78,27.5,26.3,11.14,7
7,6,21.5,19.1,123.9,10.34,18,25,46,14.9,27.5,6.57,7
6,2,15.9,20.2,130.6,8.08,18,25,41,21.7,19.1,6.83,6
9,3,33.3,24.1,127.3,9.54,18,25,64,27.8,21.7,7.11,9
10,6,34.8,19.7,141.1,10.85,18,25,103,26.4,20.8,10.3,10
7,4,31.9,25.2,158.7,10.94,18,25,62,16.9,34.3,8.86,7
5,4,32.0,23.0,142.7,9.51,18,25,50,21.8,25.6,10.0,5
9,5,33.7,21.1,160.5,10.58,18,25,89,26.3,18.4,9.89,9
8,2,21.2,18.6,131.8,9.65,18,25,86,34.1,13.3,10.75,8
7,5,33.9,22.0,165.7,9.69,18,25,63,19.6,20.4,9.0,7
8,5,26.8,16.6,142.9,8.11,18,25,78,19.2,13.0,9.75,8
7,1,22.9,26.3,117.5,7.55,18,25,90,64.5,25.3,12.86,7
9,4,30.0,29.0,137.4,9.96,18,25,91,25.3,27.3,10.11,9
7,6,34.7,18.5,122.9,9.69,18,25,89,21.5,12.6,12.71,7
8,4,24.3,28.7,134.5,9.53,18,25,52,16.3,24.6,6.5,8
10,3,25.1,25.5,185.4,10.54,18,25,114,37.5,25.9,11.4,10
10,5,27.3,21.2,160.4,9.13,18,25,101,27.8,23.0,10.1,10
10,3,31.0,20.6,176.8,10.79,18,25,93,39.5,25.2,9.3,10
9,0,34.3,23.8,139.6,8.73,18,25,97,70.6,28.8,10.78,9
10,8,23.2,23.5,143.5,10.33,18,25,83,12.8,22.5,8.3,10
8,7,33.0,15.0,134.0,7.57,18,25,59,21.7,12.0,7.38,8
6,6,23.4,28.9,119.5,10.75,18,25,30,12.5,28.4,5.0,6
8,2,19.9,27.1,163.3,9.46,18,25,52,21.9,30.1,6.5,8
7,5,29.6,21.2,140.6,10.68,18,25,90,22.3,22.8,12.86,7
7,2,34.7,23.7,120.2,9.13,18,25,49,23.7,22.3,7.0,7
8,3,35.6,28.5,138.9,7.7,18,25,79,32.1,32.4,9.88,8
6,3,25.0,29.1,139.3,10.73,18,25,49,16.5,35.3,8.17,6
9,3,21.3,15.0,131.6,8.76,18,25,104,28.8,17.2,11.56,9
6,3,31.8,24.4,154.0,8.96,18,25,65,26.2,31.1,10.83,6
7,7,38.1,15.0,143.1,10.78,18,25,54,17.9,13.8,7.71,7
8,9,18.8,15.0,138.6,10.29,18,25,39,10.0,16.2,4.88,8
4,7,24.4,25.2,149.1,10.92,18,25,35,10.2,26.7,8.75,4
10,6,36.1,24.4,175.9,7.99,18,25,100,19.1,29.0,10.0,10
9,3,21.7,19.0,161.2,9.87,18,25,89,23.7,20.8,9.89,9
6,6,32.5,23.1,164.3,9.43,18,25,72,16.9,24.0,12.0,6
5,4,15.0,18.4,146.9,8.93,18,25,42,14.5,15.2,8.4,5
8,4,32.6,15.0,145.4,10.08,18,25,83,26.2,15.6,10.38,8
8,2,31.4,25.7,138.0,9.92,18,25,100,43.8,29.6,12.5,8
10,6,45.0,25.7,133.8,8.48,18,25,101,21.5,28.3,10.1,10
8,4,21.3,18.4,151.7,9.96,18,25,78,23.6,23.1,9.75,8
8,6,29.3,16.9,131.3,9.98,18,25,66,20.7,14.4,8.25,8
10,4,35.4,21.5,141.5,11.25,18,25,88,18.3,22.3,8.8,10
10,7,22.0,15.0,142.2,9.55,18,25,82,16.9,24.9,8.2,10
9,9,32.6,20.0,172.3,10.05,18,25,97,14.6,26.1,10.78,9
7,5,25.6,22.9,116.4,9.95,18,25,38,12.8,20.7,5.43,7
7,4,26.8,20.7,118.7,8.58,18,25,50,15.1,20.7,7.14,7
10,4,26.7,21.2,147.1,9.43,18,25,100,21.2,23.7,10.0,10
7,2,21.3,21.0,131.0,9.29,18,25,68,26.2,12.0,9.71,7
7,3,34.2,22.0,151.9,9.97,18,25,59,30.9,24.8,8.43,7
7,6,26.4,22.1,129.1,10.63,18,25,46,14.0,24.1,6.57,7
9,7,27.4,15.0,136.0,10.01,18,25,90,16.7,18.7,10.0,9
6,3,27.1,22.1,138.9,10.58,18,25,50,18.7,21.3,8.33,6
10,3,29.9,20.6,161.1,9.55,18,25,118,33.6,15.1,11.8,10
8,4,18.1,31.1,133.9,9.14,18,25,69,21.8,27.9,8.62,8
8,2,34.0,24.2,127.0,9.98,18,25,113,46.6,23.9,14.12,8
10,7,31.5,29.7,133.3,8.15,18,25,62,16.6,31.2,6.2,10
7,3,24.5,20.2,151.4,9.86,18,25,61,21.7,14.4,8.71,7
7,5,33.9,23.3,136.1,9.3,18,25,49,23.3,24.5,7.0,7
7,5,35.9,23.8,172.6,7.44,18,25,82,20.9,25.7,11.71,7
7,5,26.1,22.3,155.6,11.13,18,25,41,16.6,24.0,5.86,7
9,5,24.2,15.0,117.7,9.84,18,25,69,19.3,15.1,7.67,9
6,10,28.3,18.9,143.5,9.65,18,25,30,10.0,18.6,5.0,6
10,3,35.5,16.5,139.2,10.5,18,25,103,31.0,20.9,10.3,10
10,4,23.4,19.9,152.9,8.02,18,25,101,27.5,19.6,10.1,10
9,2,27.5,18.2,130.1,8.33,18,25,77,36.4,20.4,8.56,9
3,3,30.0,19.2,158.2,7.59,18,25,47,22.2,17.2,15.67,3
6,3,28.6,26.2,158.2,9.65,18,25,53,22.5,24.8,8.83,6
10,2,22.3,29.0,141.9,9.08,18,25,92,40.3,24.9,9.2,10
9,4,42.9,15.0,135.0,9.02,18,25,96,25.7,12.1,10.67,9
5,4,33.2,19.7,135.8,10.7,18,25,33,16.1,22.3,6.6,5
9,6,35.0,21.7,128.0,9.41,18,25,59,19.9,23.0,6.56,9
7,3,27.2,20.5,143.0,7.83,18,25,56,22.1,15.2,8.0,7
10,2,18.5,29.0,141.0,7.56,18,25,83,28.0,28.9,8.3,10
6,1,28.7,22.9,161.3,8.26,18,25,88,64.0,29.6,14.67,6
6,5,30.1,26.1,164.4,11.09,18,25,60,20.0,23.9,10.0,6
9,5,36.4,26.7,149.2,9.25,18,25,71,20.1,23.5,7.89,9
9,4,31.1,26.7,168.4,10.54,18,25,91,25.9,28.9,10.11,9
8,4,18.2,20.5,122.9,8.82,18,25,47,15.2,21.1,5.88,8
8,9,27.5,25.6,154.0,9.98,18,25,53,16.3,22.1,6.62,8
9,3,23.7,26.2,140.3,9.28,18,25,74,27.2,29.4,8.22,9
10,5,29.1,24.0,149.8,10.16,18,25,91,22.1,25.6,9.1,10
5,4,31.6,23.1,140.5,9.88,18,25,39,17.2,22.1,7.8,5
7,8,31.3,16.4,164.7,7.61,18,25,72,18.9,12.0,10.29,7
9,3,31.9,16.1,150.8,9.61,18,25,92,34.8,19.5,10.22,9
6,2,18.4,20.7,138.3,9.46,18,25,58,19.3,19.5,9.67,6
9,5,25.4,24.0,149.6,9.77,18,25,76,25.9,16.5,8.44,9
7,8,36.0,15.0,136.6,10.23,18,25,72,18.2,13.6,10.29,7
5,3,36.9,21.9,143.0,9.14,18,25,54,26.0,18.5,10.8,5
8,4,18.3,16.7,153.7,8.05,18,25,63,17.6,23.7,7.88,8
8,7,32.7,18.3,150.9,9.67,18,25,55,18.7,12.2,6.88,8
10,5,25.1,18.9,126.0,7.77,18,25,86,21.9,20.8,8.6,10
8,7,20.4,17.6,154.0,10.03,18,25,71,13.6,23.9,8.88,8
8,3,24.6,25.6,122.0,8.98,18,25,85,35.6,25.8,10.62,8
9,1,33.0,29.7,139.3,11.19,18,25,87,66.3,30.6,9.67,9
9,4,26.3,21.9,138.6,8.66,18,25,64,20.8,17.0,7.11,9
10,9,23.8,19.8,142.1,10.65,18,25,83,18.4,20.2,8.3,10
7,5,31.0,30.8,130.5,9.59,18,25,63,19.0,33.3,9.0,7
10,0,26.1,28.4,153.0,8.77,18,25,108,80.0,33.2,10.8,10
7,4,28.1,17.3,147.0,8.9,18,25,75,26.0,22.1,10.71,7
6,5,34.5,25.2,147.0,8.9,18,25,30,13.8,20.7,5.0,6
7,3,29.3,19.5,153.1,11.11,18,25,87,36.0,15.2,12.43,7
7,4,21.9,15.3,170.0,9.55,18,25,69,13.6,15.5,9.86,7
10,3,31.2,20.7,129.7,9.55,18,25,90,29.7,21.6,9.0,10
10,2,30.5,27.2,141.2,9.2,18,25,92,41.3,28.6,9.2,10
5,4,28.7,27.0,140.4,10.71,18,25,33,17.1,28.0,6.6,5
6,3,20.7,20.0,116.3,9.62,18,25,54,15.9,17.0,9.0,6
9,8,43.4,15.5,106.8,9.43,18,25,102,23.5,16.8,11.33,9
8,2,28.0,21.3,126.2,9.51,18,25,65,31.3,19.6,8.12,8
6,3,19.3,24.5,135.8,9.03,18,25,34,17.0,26.2,5.67,6
9,8,26.8,27.0,149.7,8.68,18,25,82,15.0,30.8,9.11,9
6,6,28.1,24.8,137.8,9.2,18,25,47,17.0,30.2,7.83,6
7,8,24.0,25.4,119.4,8.96,18,25,45,15.9,22.0,6.43,7
8,6,37.1,22.0,153.0,9.32,18,25,82,23.9,24.1,10.25,8
9,3,34.1,30.8,110.9,8.91,18,25,88,29.3,36.4,9.78,9
7,3,41.7,20.8,162.9,9.44,18,25,60,27.4,22.8,8.57,7
8,3,33.7,17.0,113.7,8.48,18,25,80,26.8,20.3,10.0,8
6,3,38.6,17.5,142.4,10.02,18,25,71,32.6,14.9,11.83,6
10,7,19.7,27.7,134.4,11.73,18,25,68,21.6,29.6,6.8,10
10,4,26.0,21.0,131.2,10.33,18,25,78,26.8,24.7,7.8,10
7,2,17.2,22.6,129.1,9.44,18,25,47,21.3,18.8,6.71,7
10,8,27.7,15.0,132.1,8.88,18,25,61,20.0,14.3,6.1,10
8,0,29.4,28.2,153.7,10.42,18,25,77,61.0,28.6,9.62,8
8,1,28.4,31.1,143.9,9.79,18,25,84,60.0,24.0,10.5,8
8,7,29.0,25.6,134.9,8.86,18,25,77,18.6,30.5,9.62,8
7,4,34.9,18.7,139.2,8.68,18,25,78,28.1,12.8,11.14,7
6,1,34.2,24.1,139.6,8.79,18,25,72,57.4,26.3,12.0,6
8,7,21.4,28.6,160.0,8.5,18,25,65,17.0,28.7,8.12,8
10,2,23.5,26.3,145.3,10.33,18,25,85,33.3,25.3,8.5,10
9,4,20.9,15.0,143.9,9.57,18,25,88,25.2,12.3,9.78,9
8,7,17.6,22.8,141.6,10.15,18,25,30,10.0,28.8,3.75,8
10,6,21.0,19.9,158.5,8.89,18,25,92,17.1,12.1,9.2,10
8,3,28.9,19.5,133.8,9.16,18,25,64,28.4,12.3,8.0,8
9,3,37.1,19.4,140.3,8.98,18,25,94,35.0,18.1,10.44,9
6,1,19.8,29.1,129.4,9.03,18,25,45,37.9,24.4,7.5,6
7,8,23.4,22.0,141.5,9.98,18,25,30,17.8,22.9,4.29,7
9,7,19.2,20.4,152.4,10.2,18,25,66,15.1,20.7,7.33,9
9,6,19.6,24.1,130.3,11.01,18,25,53,16.3,20.6,5.89,9
6,4,31.9,20.2,132.9,9.22,18,25,48,24.2,22.6,8.0,6
10,3,26.4,21.7,132.1,11.82,18,25,90,27.5,25.0,9.0,10
8,3,23.8,28.5,147.8,7.99,18,25,65,24.9,34.0,8.12,8
7,7,27.5,24.5,130.7,9.6,18,25,39,17.0,22.5,5.57,7
10,2,18.9,24.7,148.6,9.44,18,25,80,30.3,27.6,8.0,10
9,7,17.0,29.6,136.4,9.94,18,25,54,10.0,30.5,6.0,9
8,1,30.1,15.0,139.5,10.23,18,25,80,58.6,17.5,10.0,8
9,1,21.9,27.2,125.3,10.63,18,25,81,57.2,31.4,9.0,9
10,5,23.0,22.3,165.3,9.22,18,25,74,16.0,20.1,7.4,10
7,4,29.5,23.6,147.0,10.07,18,25,55,24.4,27.9,7.86,7
10,4,27.3,15.0,153.4,8.74,18,25,99,30.0,18.2,9.9,10
8,4,22.4,19.4,151.5,10.41,18,25,60,18.8,22.9,7.5,8
7,6,31.8,15.0,141.0,11.0,18,25,55,13.6,15.5,7.86,7
6,3,31.8,19.7,134.6,8.77,18,25,89,35.9,20.1,14.83,6
6,2,26.0,19.6,153.5,9.62,18,25,74,28.9,17.4,12.33,6
10,7,29.2,15.3,176.6,10.18,18,25,71,18.0,16.9,7.1,10
10,7,26.9,15.0,154.1,11.05,18,25,71,16.0,12.0,7.1,10
8,4,15.0,21.9,137.2,9.07,18,25,63,16.0,19.7,7.88,8
7,5,27.9,15.0,155.8,8.18,18,25,58,23.3,12.0,8.29,7
9,4,28.8,22.9,128.8,9.72,18,25,94,22.5,22.3,10.44,9
8,2,37.4,20.7,147.9,7.23,18,25,74,39.8,13.2,9.25,8
10,0,30.0,20.0,143.2,9.14,18,25,100,71.0,23.8,10.0,10
6,5,27.4,15.0,122.5,8.68,18,25,34,17.1,16.6,5.67,6
9,5,27.6,29.6,142.6,8.32,18,25,67,18.1,26.6,7.44,9
10,4,18.5,27.1,153.8,10.64,18,25,90,21.9,31.6,9.0,10
7,5,27.9,19.8,132.3,9.66,18,25,66,21.3,14.7,9.43,7
7,3,23.1,29.8,146.3,8.62,18,25,56,19.1,28.9,8.0,7
9,4,32.7,24.0,137.9,8.7,18,25,92,24.4,28.0,10.22,9
6,4,29.4,27.9,123.0,11.66,18,25,44,20.4,25.0,7.33,6
6,1,31.4,17.0,160.4,9.97,18,25,53,37.5,20.8,8.83,6
6,7,24.1,15.8,164.0,7.67,18,25,54,14.2,12.0,9.0,6
10,4,20.1,26.4,150.6,9.9,18,25,93,22.9,21.5,9.3,10
8,5,35.3,15.9,159.4,8.29,18,25,103,23.5,15.1,12.88,8
9,1,25.3,31.3,158.0,9.79,18,25,92,61.6,22.4,10.22,9
6,9,26.5,18.8,153.1,8.54,18,25,56,16.3,22.5,9.33,6
5,1,28.6,29.6,164.6,10.41,18,25,59,43.8,28.9,11.8,5
9,4,36.5,16.7,140.3,8.57,18,25,94,27.6,12.0,10.44,9
8,3,21.6,19.2,164.1,11.0,18,25,61,26.0,25.8,7.62,8
5,6,21.7,15.0,127.0,11.19,18,25,42,18.0,12.0,8.4,5
8,2,35.2,15.0,130.7,7.18,18,25,107,52.4,21.5,13.38,8
7,4,26.4,31.0,135.5,7.75,18,25,30,14.0,36.0,4.29,7
9,4,28.1,33.8,169.1,9.97,18,25,73,17.7,34.0,8.11,9
4,4,30.0,17.2,114.6,9.84,18,25,30,17.6,12.0,7.5,4
10,6,26.2,15.0,147.6,9.85,18,25,97,24.5,13.1,9.7,10
7,8,31.9,19.4,157.3,8.44,18,25,79,16.0,27.4,11.29,7
8,6,17.5,24.2,134.7,9.37,18,25,63,16.0,24.5,7.88,8
9,5,29.1,28.4,148.5,9.13,18,25,72,25.7,23.7,8.0,9
7,1,26.7,20.7,153.2,10.65,18,25,84,69.7,24.2,12.0,7
8,9,23.8,27.0,130.8,9.53,18,25,51,11.4,28.9,6.38,8
7,3,23.9,28.5,135.3,10.42,18,25,64,20.7,31.3,9.14,7
7,3,25.0,20.9,172.2,10.9,18,25,48,19.0,20.2,6.86,7
9,2,26.7,18.7,144.8,10.56,18,25,85,41.0,22.7,9.44,9
7,5,32.6,29.3,168.8,9.87,18,25,59,17.3,36.5,8.43,7
7,6,27.4,26.1,148.6,9.19,18,25,60,17.3,27.6,8.57,7
9,5,29.4,25.6,178.6,8.92,18,25,82,19.2,24.5,9.11,9
10,4,40.9,24.9,160.4,9.73,18,25,119,38.2,28.9,11.9,10
8,3,27.9,28.4,144.7,10.85,18,25,67,22.7,34.5,8.38,8
8,4,32.0,29.9,125.0,10.02,18,25,75,25.2,32.3,9.38,8
9,4,19.8,20.9,126.7,9.24,18,25,84,22.6,19.5,9.33,9
7,5,34.4,16.0,133.2,9.41,18,25,84,26.2,12.0,12.0,7
8,0,34.9,24.4,136.7,7.98,18,25,52,47.2,18.8,6.5,8
10,3,22.4,15.0,129.1,8.94,18,25,88,25.3,12.0,8.8,10
7,4,31.5,25.5,151.8,10.91,18,25,75,27.0,21.7,10.71,7
10,10,19.7,24.6,151.0,8.28,18,25,66,14.7,27.0,6.6,10
9,1,37.2,27.4,133.5,9.36,18,25,114,80.0,29.7,12.67,9
10,4,25.5,22.5,145.3,8.33,18,25,70,16.4,20.2,7.0,10
9,5,35.1,22.7,138.9,10.03,18,25,93,23.8,20.7,10.33,9
9,2,30.0,25.6,132.5,11.52,18,25,92,37.2,27.7,10.22,9
8,4,31.8,15.0,139.9,11.78,18,25,68,23.7,12.0,8.5,8
7,3,31.8,28.0,162.4,9.24,18,25,42,19.3,26.8,6.0,7
9,9,31.6,28.0,146.5,10.32,18,25,59,15.3,24.8,6.56,9
9,2,17.7,23.6,147.2,7.34,18,25,61,25.4,25.5,6.78,9
8,1,23.5,25.7,131.6,10.31,18,25,92,64.0,23.7,11.5,8
5,2,17.3,22.4,189.1,9.19,18,25,49,19.4,25.2,9.8,5
8,7,19.6,16.7,145.4,9.63,18,25,60,14.2,13.9,7.5,8
10,7,30.0,29.7,147.0,10.04,18,25,98,17.5,30.4,9.8,10
8,5,30.3,18.4,131.8,9.36,18,25,75,22.8,16.0,9.38,8
6,3,18.9,19.5,90.3,8.29,18,25,49,17.9,15.1,8.17,6
6,3,29.2,26.8,159.1,11.28,18,25,72,23.3,25.2,12.0,6
8,5,29.1,22.4,142.1,10.99,18,25,50,23.4,21.5,6.25,8
7,6,27.6,19.0,155.3,10.78,18,25,63,16.5,15.6,9.0,7
7,6,22.8,16.1,142.1,9.28,18,25,61,12.9,12.0,8.71,7
8,2,21.3,18.3,130.1,11.18,18,25,62,24.8,18.6,7.75,8
7,2,27.1,25.5,148.4,10.22,18,25,59,25.0,32.7,8.43,7
10,7,23.6,19.3,124.0,9.8,18,25,66,16.0,19.7,6.6,10
9,5,18.9,25.6,115.7,9.12,18,25,58,16.3,24.8,6.44,9
8,4,34.3,27.0,153.9,8.07,18,25,77,19.1,28.9,9.62,8
8,5,34.4,22.0,135.6,8.24,18,25,80,19.5,23.7,10.0,8
7,6,26.4,19.5,173.5,8.04,18,25,61,17.4,23.1,8.71,7
8,6,21.0,24.6,140.7,8.38,18,25,58,15.5,23.2,7.25,8
9,8,29.0,19.7,168.0,9.21,18,25,75,21.0,15.1,8.33,9
9,6,39.4,17.0,162.8,10.15,18,25,74,22.4,19.8,8.22,9
8,5,30.2,21.3,125.4,8.26,18,25,74,19.9,21.1,9.25,8
9,5,21.2,20.6,143.9,9.48,18,25,53,13.9,21.5,5.89,9
7,5,39.8,29.2,149.0,9.86,18,25,44,24.8,32.3,6.29,7
9,6,33.7,22.8,162.5,8.22,18,25,76,19.3,23.5,8.44,9
6,3,22.8,27.2,148.1,9.59,18,25,32,14.4,28.8,5.33,6
8,3,24.2,28.3,150.0,8.89,18,25,56,17.8,30.5,7.0,8
9,3,34.7,18.1,153.6,9.23,18,25,103,38.5,19.3,11.44,9
8,5,22.9,19.1,149.1,8.89,18,25,77,17.3,14.3,9.62,8
8,3,20.3,23.7,157.9,9.09,18,25,47,15.9,23.1,5.88,8
6,4,24.1,21.5,124.5,9.3,18,25,40,24.4,13.5,6.67,6
9,6,23.0,28.7,142.2,9.98,18,25,56,18.4,33.5,6.22,9
7,4,30.3,24.3,145.0,9.07,18,25,51,16.5,28.4,7.29,7
10,10,36.7,19.0,117.1,10.87,18,25,70,16.3,25.3,7.0,10
6,1,21.5,28.4,154.8,9.0,18,25,35,28.0,22.9,5.83,6
9,8,34.6,15.0,152.2,7.09,18,25,84,22.9,13.8,9.33,9
8,8,33.4,22.4,120.0,9.56,18,25,48,13.4,27.4,6.0,8
6,2,28.3,22.6,135.2,9.05,18,25,47,23.1,18.1,7.83,6
8,5,22.0,17.7,148.6,10.09,18,25,74,14.5,25.8,9.25,8
10,2,22.7,20.3,138.5,9.59,18,25,78,40.1,15.3,7.8,10
5,6,21.6,30.4,179.8,9.31,18,25,52,14.2,28.6,10.4,5
8,4,23.1,15.0,123.9,9.74,18,25,54,17.1,23.0,6.75,8
8,4,32.1,24.0,139.3,9.53,18,25,77,26.5,25.9,9.62,8
8,6,30.4,19.7,125.4,10.05,18,25,50,12.7,17.2,6.25,8
9,6,23.1,20.7,140.0,8.5,18,25,83,11.2,16.7,9.22,9
8,2,28.5,15.0,146.4,10.0,18,25,93,37.9,12.0,11.62,8
6,4,34.0,19.1,131.7,9.7,18,25,60,17.6,19.4,10.0,6
6,4,26.8,16.3,138.0,9.97,18,25,41,12.1,12.0,6.83,6
8,5,33.5,20.4,155.4,6.94,18,25,82,24.6,18.4,10.25,8
9,7,15.0,25.0,131.4,10.25,18,25,73,13.8,31.6,8.11,9
7,3,30.4,32.9,149.3,9.92,18,25,65,25.7,33.7,9.29,7
7,4,33.8,24.3,155.6,10.12,18,25,70,19.9,29.3,10.0,7
10,3,32.7,18.1,132.0,9.86,18,25,86,25.6,17.6,8.6,10
5,5,31.8,21.0,148.0,8.06,18,25,40,19.2,17.9,8.0,5
10,5,29.0,22.1,159.7,9.99,18,25,113,24.4,25.4,11.3,10
7,6,35.8,18.1,135.5,9.16,18,25,72,28.4,15.7,10.29,7
8,3,27.9,20.6,141.6,10.3,18,25,68,22.4,18.7,8.5,8
7,5,29.2,19.3,157.3,8.78,18,25,68,18.6,24.3,9.71,7
8,6,26.2,15.3,152.6,7.91,18,25,69,22.0,12.7,8.62,8
6,2,30.9,17.7,145.5,11.22,18,25,65,28.4,13.8,10.83,6
9,3,24.8,23.3,161.5,10.2,18,25,72,24.3,21.2,8.0,9
9,4,32.2,17.8,169.2,10.07,18,25,107,27.9,23.2,11.89,9
8,3,31.9,25.9,145.0,8.5,18,25,76,26.8,29.7,9.5,8
10,5,23.7,15.2,142.8,10.83,18,25,112,25.4,17.5,11.2,10
9,6,15.0,20.5,170.9,10.24,18,25,70,14.3,25.7,7.78,9
7,3,19.1,24.0,136.2,9.1,18,25,52,15.2,20.7,7.43,7
7,3,26.6,23.9,140.7,8.44,18,25,79,28.2,19.2,11.29,7
8,9,36.7,19.3,150.5,10.33,18,25,56,18.3,25.8,7.0,8
8,7,30.8,25.0,145.4,9.03,18,25,64,19.9,17.0,8.0,8
8,0,20.6,23.2,145.9,11.03,18,25,73,50.3,26.7,9.12,8
10,4,29.3,20.6,114.0,9.48,18,25,105,24.2,13.6,10.5,10
6,3,29.2,18.3,152.8,9.22,18,25,48,21.3,12.6,8.0,6
9,3,33.5,24.4,155.3,9.95,18,25,97,29.9,30.1,10.78,9
7,3,32.7,25.2,123.5,8.97,18,25,60,26.9,22.5,8.57,7
8,5,25.6,24.8,145.2,11.48,18,25,72,14.2,26.3,9.0,8
6,5,38.7,15.0,144.2,10.34,18,25,65,24.1,18.1,10.83,6
9,5,32.2,19.5,170.4,10.15,18,25,96,27.1,16.3,10.67,9
9,5,18.4,29.0,136.4,9.85,18,25,86,23.8,29.1,9.56,9
6,4,29.8,27.9,143.5,10.01,18,25,39,21.1,28.5,6.5,6
9,3,47.5,24.6,151.3,11.62,18,25,60,28.9,24.0,6.67,9
8,3,26.0,17.5,144.0,8.47,18,25,69,25.6,18.0,8.62,8
6,1,20.7,34.9,153.5,9.98,18,25,32,27.6,35.9,5.33,6
7,6,33.8,15.0,131.3,9.4,18,25,64,18.2,12.0,9.14,7
5,5,31.9,21.5,132.4,9.34,18,25,31,18.9,22.4,6.2,5
7,3,18.5,20.0,148.0,8.45,18,25,102,25.2,27.8,14.57,7
8,5,32.9,16.1,140.2,10.08,18,25,89,22.8,17.6,11.12,8
5,2,30.0,28.9,139.9,7.67,18,25,32,20.7,28.5,6.4,5
7,2,34.3,20.4,166.5,8.88,18,25,66,35.0,23.0,9.43,7
10,4,37.4,23.4,165.6,11.53,18,25,106,32.9,22.3,10.6,10
8,9,29.4,21.8,143.2,10.06,18,25,59,16.3,25.5,7.38,8
7,7,24.8,30.2,146.0,9.02,18,25,62,12.2,36.8,8.86,7
7,2,30.4,16.8,150.5,10.97,18,25,73,28.5,16.4,10.43,7
10,4,25.5,16.7,141.9,9.76,18,25,103,24.8,25.3,10.3,10
7,4,31.4,31.7,123.7,8.49,18,25,37,19.9,36.5,5.29,7
8,5,28.0,23.4,150.8,9.47,18,25,70,20.7,17.5,8.75,8
6,6,17.3,22.1,139.9,9.95,18,25,31,10.0,27.4,5.17,6
7,5,27.0,19.2,122.1,7.36,18,25,65,19.7,17.3,9.29,7
8,9,21.4,22.6,148.6,8.64,18,25,60,10.0,24.4,7.5,8
10,1,20.0,25.2,153.2,11.92,18,25,94,66.9,26.2,9.4,10
10,5,35.5,25.2,160.9,9.84,18,25,90,19.0,25.0,9.0,10
9,3,21.0,28.5,140.2,9.37,18,25,85,28.3,25.5,9.44,9
9,3,27.9,23.8,128.7,9.86,18,25,80,30.0,23.3,8.89,9
7,3,15.0,15.0,128.9,9.87,18,25,58,19.2,12.0,8.29,7
8,4,21.6,21.0,146.2,7.46,18,25,66,13.4,23.1,8.25,8
10,7,33.1,22.8,136.4,9.49,18,25,73,15.2,22.3,7.3,10
10,5,31.0,19.4,167.7,8.26,18,25,82,19.5,28.6,8.2,10
6,2,29.8,32.2,133.1,7.25,18,25,45,24.2,33.3,7.5,6
7,3,35.1,20.8,162.7,7.94,18,25,72,26.4,20.3,10.29,7
6,5,29.5,22.7,137.4,10.41,18,25,48,16.2,18.8,8.0,6
9,0,20.0,21.9,134.0,10.18,18,25,87,63.1,17.6,9.67,9
8,4,24.0,26.0,145.0,9.88,18,25,64,23.2,23.1,8.0,8
9,3,33.9,27.1,145.4,7.22,18,25,58,31.3,30.4,6.44,9
8,9,29.6,20.3,157.3,9.58,18,25,50,15.9,21.6,6.25,8
10,2,24.9,23.1,164.5,10.97,18,25,93,37.2,24.4,9.3,10
8,4,24.1,19.5,136.6,9.79,18,25,75,22.7,23.3,9.38,8
9,4,36.8,19.8,127.6,9.0,18,25,93,28.8,23.6,10.33,9
8,6,15.0,15.4,144.0,9.36,18,25,56,11.4,24.0,7.0,8
6,4,20.9,18.5,129.5,9.85,18,25,33,11.0,22.9,5.5,6
8,4,29.7,15.0,127.9,10.01,18,25,86,27.5,20.5,10.75,8
5,5,22.2,25.3,155.0,8.02,18,25,33,13.8,31.8,6.6,5
9,3,36.2,24.1,163.4,9.35,18,25,100,30.0,27.5,11.11,9
9,2,33.3,22.7,151.4,10.6,18,25,113,44.3,26.7,12.56,9
8,5,31.0,23.8,151.4,9.15,18,25,71,22.1,25.1,8.88,8
8,7,28.5,28.6,132.0,8.81,18,25,57,16.4,23.5,7.12,8
7,4,18.6,23.0,144.9,7.85,18,25,59,17.3,15.2,8.43,7
9,3,31.4,15.8,136.7,10.45,18,25,83,25.4,20.8,9.22,9
10,7,31.0,15.1,152.1,9.88,18,25,104,30.2,15.8,10.4,10
8,4,32.7,25.4,124.8,9.63,18,25,70,27.9,24.8,8.75,8
8,4,33.4,22.7,145.3,8.53,18,25,90,27.4,19.0,11.25,8
10,2,28.1,17.8,141.9,10.16,18,25,86,34.3,19.6,8.6,10
7,6,27.9,19.5,171.4,11.28,18,25,89,19.7,12.0,12.71,7
9,6,25.8,24.8,144.2,9.22,18,25,75,11.1,26.4,8.33,9
8,9,36.0,16.3,134.9,9.99,18,25,96,19.1,21.4,12.0,8
6,2,29.9,23.6,157.4,9.49,18,25,52,23.5,22.0,8.67,6
7,1,32.7,16.1,121.2,9.7,18,25,66,52.0,12.0,9.43,7
9,7,22.0,16.3,138.7,8.61,18,25,51,16.5,19.0,5.67,9
8,9,29.2,26.7,169.9,9.66,18,25,50,20.6,29.3,6.25,8
8,2,44.6,23.6,147.5,9.13,18,25,89,46.2,25.5,11.12,8
6,4,31.6,15.9,139.5,11.27,18,25,66,23.0,14.1,11.0,6
10,3,35.6,18.1,121.9,8.28,18,25,91,29.1,26.6,9.1,10
9,10,28.9,21.7,165.5,9.73,18,25,71,14.5,21.9,7.89,9
7,8,37.2,17.1,161.2,10.21,18,25,38,23.0,23.1,5.43,7
10,3,24.7,18.2,157.9,10.25,18,25,83,22.9,24.7,8.3,10
7,5,31.9,22.2,151.1,9.11,18,25,54,17.9,17.3,7.71,7
9,2,30.2,24.6,148.8,9.98,18,25,75,37.0,28.9,8.33,9
9,4,25.0,22.6,153.0,10.12,18,25,88,21.5,23.1,9.78,9
10,4,34.6,22.7,157.9,9.85,18,25,103,32.0,24.4,10.3,10
7,2,24.3,20.4,132.2,8.56,18,25,58,34.0,22.1,8.29,7
7,1,38.6,20.5,140.3,9.59,18,25,84,70.9,22.1,12.0,7
8,1,34.8,21.9,152.2,9.51,18,25,88,65.8,22.4,11.0,8
8,6,28.0,29.4,141.3,9.27,18,25,63,17.8,27.4,7.88,8
9,4,27.1,27.3,162.1,9.27,18,25,78,19.6,29.9,8.67,9
9,2,22.7,23.1,125.6,10.31,18,25,67,34.3,15.7,7.44,9
6,6,32.2,19.4,143.0,9.05,18,25,69,17.2,29.3,11.5,6
10,4,18.9,27.5,118.1,9.71,18,25,76,17.8,29.2,7.6,10
8,4,20.2,20.8,142.0,9.36,18,25,43,10.0,24.2,5.38,8
7,2,18.8,18.8,141.9,10.44,18,25,74,30.9,18.3,10.57,7
8,10,36.1,23.0,144.1,10.25,18,25,59,13.8,18.4,7.38,8
10,5,39.6,19.8,165.8,9.99,18,25,103,29.8,20.8,10.3,10
6,5,33.2,17.7,174.6,11.4,18,25,73,18.7,19.4,12.17,6
4,6,24.1,32.8,128.2,8.82,18,25,30,11.8,29.9,7.5,4
8,5,41.9,22.6,161.9,9.78,18,25,91,30.4,19.7,11.38,8
7,3,24.9,18.8,157.5,9.21,18,25,55,19.7,12.0,7.86,7
7,2,26.1,22.5,118.2,8.78,18,25,42,20.3,21.1,6.0,7
6,7,32.2,19.5,172.4,9.91,18,25,44,16.1,19.7,7.33,6
8,3,32.3,24.7,163.3,9.37,18,25,91,32.9,23.2,11.38,8
8,7,30.9,16.2,125.2,9.96,18,25,89,14.5,16.0,11.12,8
7,4,33.2,16.3,157.2,8.91,18,25,76,27.4,22.0,10.86,7
9,8,29.2,23.4,150.7,10.61,18,25,74,11.9,30.3,8.22,9
7,4,20.8,15.0,141.4,9.86,18,25,58,17.0,20.6,8.29,7
10,2,24.6,15.8,133.4,10.64,18,25,90,38.1,13.2,9.0,10
6,4,30.3,20.7,125.7,7.95,18,25,60,20.6,14.6,10.0,6
6,6,29.6,26.9,131.4,10.17,18,25,30,19.5,28.6,5.0,6
7,4,33.2,18.3,127.1,11.07,18,25,66,23.8,22.5,9.43,7
7,4,32.5,18.7,158.8,9.11,18,25,76,27.5,25.4,10.86,7
9,8,28.4,17.4,119.4,9.06,18,25,57,13.4,19.6,6.33,9
7,2,37.6,20.3,152.1,8.55,18,25,74,35.5,20.8,10.57,7
8,5,35.8,15.0,142.5,9.87,18,25,90,20.4,19.5,11.25,8
6,0,27.1,18.8,156.5,9.38,18,25,57,51.6,19.1,9.5,6
7,3,28.4,26.7,143.6,8.83,18,25,69,29.5,27.0,9.86,7
7,4,36.1,19.5,139.6,8.56,18,25,78,30.3,14.4,11.14,7
8,4,29.7,22.7,156.0,9.19,18,25,81,27.9,18.3,10.12,8
6,2,28.5,23.9,119.8,11.2,18,25,47,27.3,19.9,7.83,6
7,5,25.4,22.5,134.0,8.15,18,25,61,17.6,20.4,8.71,7
6,5,28.1,19.9,111.1,11.34,18,25,41,17.0,20.7,6.83,6
5,6,26.8,24.3,152.4,10.39,18,25,47,19.0,22.4,9.4,5
9,5,35.1,25.0,138.7,9.18,18,25,72,21.8,27.6,8.0,9
7,5,30.9,18.4,139.9,9.92,18,25,54,18.9,12.0,7.71,7
7,7,30.3,21.1,145.8,8.9,18,25,44,18.8,19.8,6.29,7
7,5,25.8,15.0,149.3,8.43,18,25,68,15.8,20.1,9.71,7
6,6,25.6,26.3,136.8,9.33,18,25,31,15.9,28.2,5.17,6
9,4,34.2,18.9,156.3,9.55,18,25,87,31.4,12.1,9.67,9
10,3,20.8,23.1,154.9,7.41,18,25,93,25.7,26.4,9.3,10
7,6,26.7,15.0,200.0,9.11,18,25,67,16.9,12.0,9.57,7
7,3,25.3,23.9,136.1,9.4,18,25,64,27.1,24.0,9.14,7
8,9,37.4,19.2,143.3,9.79,18,25,79,21.9,21.8,9.88,8
7,5,34.5,24.4,166.8,9.03,18,25,68,23.3,20.3,9.71,7
9,5,22.3,17.1,168.1,9.02,18,25,91,16.7,19.9,10.11,9
9,6,40.2,18.3,128.9,8.5,18,25,94,18.5,24.0,10.44,9
10,5,22.5,19.3,155.6,9.53,18,25,94,22.3,17.1,9.4,10
7,4,36.0,26.1,120.3,11.15,18,25,58,24.9,26.6,8.29,7
5,4,32.5,15.4,145.0,7.81,18,25,35,20.6,18.0,7.0,5
7,2,26.5,37.8,158.5,8.71,18,25,44,20.7,35.1,6.29,7
5,4,25.5,21.6,110.9,9.05,18,25,30,12.2,23.7,6.0,5
6,2,19.5,20.6,147.1,10.15,18,25,69,26.4,29.8,11.5,6
7,3,31.6,20.5,136.0,9.17,18,25,50,25.4,22.7,7.14,7
7,5,28.7,17.2,147.9,10.97,18,25,56,17.8,17.3,8.0,7
8,4,25.8,25.8,140.4,10.79,18,25,59,12.6,20.9,7.38,8
7,4,26.5,15.0,138.4,9.83,18,25,72,21.5,15.4,10.29,7
7,1,20.0,15.2,134.2,8.07,18,25,69,52.2,12.0,9.86,7
8,6,26.0,26.0,134.3,10.34,18,25,67,18.8,26.5,8.38,8
8,4,25.6,29.6,155.1,8.71,18,25,57,18.6,28.6,7.12,8
7,6,22.9,19.6,144.8,8.3,18,25,46,17.5,18.4,6.57,7
8,10,35.8,20.7,129.2,10.91,18,25,77,15.5,28.3,9.62,8
8,4,19.4,31.5,155.2,9.67,18,25,85,24.2,37.4,10.62,8
8,4,36.8,21.4,156.3,10.12,18,25,78,19.0,22.7,9.75,8
9,3,33.7,15.0,122.4,10.27,18,25,82,29.6,15.2,9.11,9
9,8,23.9,20.2,170.9,9.94,18,25,74,12.5,12.0,8.22,9
9,5,27.3,15.0,151.2,9.73,18,25,106,21.7,18.1,11.78,9
8,4,28.0,21.4,172.2,10.06,18,25,95,26.9,22.4,11.88,8
8,3,32.1,27.3,145.8,9.64,18,25,64,24.7,30.0,8.0,8
6,4,36.2,26.8,140.8,9.99,18,25,54,28.3,25.3,9.0,6
10,3,28.7,24.0,170.0,10.95,18,25,92,31.7,24.1,9.2,10
10,9,27.5,25.9,139.8,8.52,18,25,94,17.2,25.6,9.4,10
6,4,31.0,23.2,138.9,9.95,18,25,54,17.5,22.5,9.0,6
8,2,31.2,23.7,136.4,7.27,18,25,92,38.2,21.5,11.5,8
8,4,39.9,27.2,159.1,8.34,18,25,84,28.6,26.1,10.5,8
8,5,21.3,26.6,135.1,10.21,18,25,48,12.9,27.9,6.0,8
9,4,19.7,23.2,169.4,8.31,18,25,58,16.4,24.6,6.44,9
10,1,30.4,26.2,152.3,12.12,18,25,92,67.6,20.8,9.2,10
7,4,29.7,31.2,155.7,9.5,18,25,55,20.0,38.8,7.86,7
8,4,26.5,25.3,154.3,10.16,18,25,58,11.4,21.4,7.25,8
8,2,28.0,15.0,150.2,8.97,18,25,108,45.3,21.2,13.5,8
10,6,33.4,17.0,160.6,9.27,18,25,107,24.6,12.0,10.7,10
8,2,27.6,15.5,143.1,9.14,18,25,95,38.5,12.9,11.88,8
6,4,23.4,20.9,148.9,12.01,18,25,73,18.8,23.0,12.17,6
7,9,22.9,19.4,124.6,9.38,18,25,34,13.3,18.4,4.86,7
5,3,15.0,21.7,148.2,9.41,18,25,30,16.9,28.8,6.0,5
8,3,35.9,15.0,139.1,10.97,18,25,68,25.9,15.3,8.5,8
9,5,18.2,24.7,128.0,9.08,18,25,69,12.0,21.4,7.67,9
7,6,35.0,22.6,173.3,10.24,18,25,77,27.0,19.1,11.0,7
9,5,30.5,22.8,126.8,10.61,18,25,84,14.9,17.1,9.33,9
7,8,28.3,17.4,156.3,9.47,18,25,59,20.6,13.8,8.43,7
7,6,30.5,19.9,156.2,7.72,18,25,45,11.7,22.5,6.43,7
10,5,28.8,26.3,155.8,11.2,18,25,101,22.3,22.3,10.1,10
9,3,28.3,25.0,134.5,8.49,18,25,102,31.6,19.2,11.33,9
9,2,24.9,28.0,140.5,9.17,18,25,87,37.4,38.2,9.67,9
9,4,38.4,20.1,149.2,10.29,18,25,110,29.5,23.1,12.22,9
7,6,28.2,26.1,134.7,10.69,18,25,50,10.9,32.2,7.14,7
7,4,23.5,16.9,130.7,11.51,18,25,43,20.9,21.8,6.14,7
9,4,21.8,15.0,156.5,10.29,18,25,104,22.9,14.8,11.56,9
7,4,29.6,23.8,146.7,8.68,18,25,55,21.2,17.8,7.86,7
6,3,24.0,26.6,148.8,7.62,18,25,40,15.3,21.7,6.67,6
10,5,28.8,15.0,145.1,8.94,18,25,80,22.5,17.9,8.0,10
10,3,26.3,18.4,152.5,10.95,18,25,96,27.6,12.0,9.6,10
8,3,31.8,16.2,174.9,8.82,18,25,80,31.9,22.0,10.0,8
6,5,19.8,21.4,158.4,10.51,18,25,63,14.9,21.0,10.5,6
10,4,20.8,18.3,147.9,8.12,18,25,84,21.6,21.7,8.4,10
9,5,24.5,21.1,168.8,9.99,18,25,79,18.5,18.6,8.78,9
10,3,29.0,17.3,130.7,9.05,18,25,110,35.1,12.0,11.0,10
9,4,37.8,25.6,154.8,10.6,18,25,88,27.5,22.7,9.78,9
8,3,31.9,15.7,147.6,9.16,18,25,98,31.1,15.8,12.25,8
6,2,30.0,15.0,136.1,11.03,18,25,60,30.1,15.4,10.0,6
7,8,21.2,26.2,123.2,7.83,18,25,41,11.6,31.2,5.86,7
9,8,26.2,20.4,135.0,10.87,18,25,78,18.7,31.0,8.67,9
6,4,33.9,21.6,118.6,10.93,18,25,43,25.6,21.2,7.17,6
8,4,29.1,26.1,137.7,7.98,18,25,66,18.5,29.3,8.25,8
9,2,24.6,22.6,138.4,10.35,18,25,110,46.1,22.2,12.22,9
7,6,29.8,22.5,134.1,11.01,18,25,48,17.8,33.4,6.86,7
9,5,25.2,19.7,133.6,11.04,18,25,88,21.1,13.9,9.78,9
6,4,27.0,28.7,128.5,10.41,18,25,53,15.9,32.1,8.83,6
4,3,33.2,26.6,169.6,8.01,18,25,36,22.0,31.1,9.0,4
10,2,20.1,15.0,147.2,8.74,18,25,83,33.4,12.0,8.3,10
8,8,25.9,26.9,143.9,8.95,18,25,52,18.1,30.2,6.5,8
10,3,25.0,26.4,141.9,11.0,18,25,89,29.1,25.3,8.9,10
9,4,35.8,23.1,143.4,8.05,18,25,82,29.2,19.7,9.11,9
6,3,25.2,19.3,157.8,9.92,18,25,70,22.4,21.0,11.67,6
7,5,35.1,15.0,136.8,9.13,18,25,47,24.8,12.5,6.71,7
8,2,27.3,15.0,141.3,7.75,18,25,90,40.6,20.1,11.25,8
8,10,43.6,22.1,156.7,10.41,18,25,78,19.2,20.2,9.75,8
10,8,30.0,15.0,135.3,11.52,18,25,100,20.6,19.3,10.0,10
8,4,30.2,28.1,144.7,9.48,18,25,80,27.0,30.3,10.0,8
10,5,15.0,22.3,172.5,9.89,18,25,84,17.7,17.5,8.4,10
4,7,32.9,15.0,152.9,9.66,18,25,54,15.8,17.6,13.5,4
8,7,29.6,18.9,171.2,9.49,18,25,79,22.4,17.0,9.88,8
8,1,24.3,27.7,148.2,9.5,18,25,61,44.6,31.6,7.62,8
6,5,29.9,29.3,156.1,10.76,18,25,38,13.3,29.8,6.33,6
7,3,28.7,24.8,127.2,9.25,18,25,55,26.1,28.0,7.86,7
10,2,29.2,15.0,152.3,9.33,18,25,133,50.6,13.7,13.3,10
8,2,28.8,22.7,131.4,10.22,18,25,72,36.3,20.3,9.0,8
9,3,22.4,15.0,134.0,10.81,18,25,103,31.4,19.2,11.44,9
8,2,28.0,23.2,148.1,8.68,18,25,65,30.6,19.6,8.12,8
9,8,21.9,15.0,125.0,6.91,18,25,64,10.5,18.3,7.11,9
9,7,34.5,19.3,148.7,10.8,18,25,79,20.2,22.2,8.78,9
7,5,29.0,27.1,159.1,9.57,18,25,60,19.4,29.9,8.57,7
8,6,21.2,23.9,168.1,8.76,18,25,67,11.7,27.3,8.38,8
7,7,30.7,18.1,150.0,9.71,18,25,75,15.6,17.7,10.71,7
8,8,20.2,22.4,147.0,9.86,18,25,62,10.8,23.0,7.75,8
9,3,27.3,20.0,146.5,9.77,18,25,83,30.3,13.8,9.22,9
10,4,31.4,20.2,135.3,9.69,18,25,88,24.9,18.5,8.8,10
6,3,27.7,22.9,159.2,8.39,18,25,63,23.2,23.9,10.5,6
7,4,36.8,30.7,139.2,9.44,18,25,67,23.0,28.8,9.57,7
8,7,26.2,18.2,134.6,10.35,18,25,51,19.3,18.7,6.38,8
10,1,18.6,16.9,137.1,8.5,18,25,98,66.3,16.2,9.8,10
10,5,27.0,23.6,146.0,7.23,18,25,75,13.7,21.2,7.5,10
7,6,22.6,24.9,139.2,10.51,18,25,59,14.3,24.4,8.43,7
7,2,32.2,28.9,136.7,9.15,18,25,63,30.6,34.6,9.0,7
9,6,30.3,18.6,157.9,9.78,18,25,81,15.0,16.5,9.0,9
9,6,29.8,26.6,143.3,8.43,18,25,84,15.1,25.7,9.33,9
9,8,25.8,29.0,125.9,8.89,18,25,44,10.6,37.0,4.89,9
9,4,24.2,26.5,136.1,9.14,18,25,71,20.2,31.4,7.89,9
8,4,22.9,15.4,146.8,8.67,18,25,87,22.9,12.0,10.88,8
9,4,33.1,25.7,167.2,11.31,18,25,86,31.3,37.1,9.56,9
8,4,26.5,21.8,178.2,10.84,18,25,67,17.4,23.5,8.38,8
10,3,32.4,15.0,122.6,8.81,18,25,75,30.5,17.2,7.5,10
7,5,32.2,25.9,169.6,8.71,18,25,46,11.7,23.6,6.57,7
10,3,31.1,25.0,147.5,7.98,18,25,98,28.0,23.3,9.8,10
7,0,27.7,24.7,156.0,8.7,18,25,70,48.0,24.5,10.0,7
8,5,30.8,15.5,164.2,8.76,18,25,87,21.8,20.1,10.88,8
9,5,31.4,17.1,144.8,10.42,18,25,55,18.2,17.7,6.11,9
7,3,24.2,15.6,160.2,9.72,18,25,53,22.1,14.6,7.57,7
5,3,29.8,15.0,161.4,9.69,18,25,73,25.4,12.9,14.6,5
9,4,31.3,17.8,168.1,9.82,18,25,86,27.2,20.2,9.56,9
10,5,32.9,26.7,133.7,10.42,18,25,101,27.7,27.8,10.1,10
6,8,23.6,24.6,177.6,9.91,18,25,68,15.5,24.9,11.33,6
5,4,25.0,27.4,139.9,11.11,18,25,30,12.2,27.1,6.0,5
5,3,27.9,23.5,139.4,11.25,18,25,30,18.2,17.7,6.0,5
7,2,20.2,26.6,173.8,9.81,18,25,76,33.6,33.1,10.86,7
8,3,25.6,20.4,132.6,10.86,18,25,96,25.6,25.0,12.0,8
6,3,33.2,20.8,151.2,8.38,18,25,67,32.3,21.4,11.17,6
7,4,26.6,20.5,154.3,8.26,18,25,70,20.0,19.5,10.0,7
5,6,39.5,30.7,130.9,10.02,18,25,30,22.4,33.6,6.0,5
7,6,26.7,16.6,156.8,9.51,18,25,64,13.0,19.3,9.14,7
9,4,31.8,23.1,148.9,10.61,18,25,88,24.7,26.0,9.78,9
5,6,32.4,29.8,124.8,9.5,18,25,40,15.4,28.3,8.0,5
9,4,25.3,19.4,155.9,9.59,18,25,85,22.7,27.5,9.44,9
7,10,37.0,22.1,151.2,9.85,18,25,57,14.3,19.0,8.14,7
8,9,25.2,25.6,176.9,9.44,18,25,62,12.1,25.9,7.75,8
6,1,31.8,24.6,181.0,6.91,18,25,85,62.4,23.9,14.17,6
8,4,29.5,15.0,155.0,9.0,18,25,72,19.4,16.8,9.0,8
9,3,28.2,24.9,171.0,9.53,18,25,79,25.5,25.6,8.78,9
7,2,32.2,30.8,150.6,9.13,18,25,75,36.7,35.3,10.71,7
9,7,35.6,25.7,133.6,9.43,18,25,82,12.5,24.9,9.11,9
10,4,30.1,29.4,167.2,9.91,18,25,90,27.8,34.0,9.0,10
8,4,37.8,25.3,139.2,9.88,18,25,70,22.8,25.8,8.75,8
9,5,20.4,21.8,132.4,10.65,18,25,65,14.2,27.8,7.22,9
7,2,28.1,19.5,133.6,11.02,18,25,74,30.0,17.5,10.57,7
7,4,34.7,28.8,147.7,8.92,18,25,61,23.1,31.8,8.71,7
9,3,35.8,20.8,160.0,10.58,18,25,124,34.0,14.1,13.78,9
9,4,25.7,18.2,141.6,9.05,18,25,104,24.0,17.9,11.56,9
8,2,15.9,22.1,149.1,8.88,18,25,70,25.3,12.9,8.75,8
10,5,28.6,18.5,156.5,10.9,18,25,97,23.0,19.4,9.7,10
10,6,30.0,26.8,154.4,10.8,18,25,81,23.5,26.7,8.1,10
6,2,31.4,17.9,113.1,9.64,18,25,44,25.3,20.7,7.33,6
8,10,28.0,23.5,157.2,9.31,18,25,49,13.5,26.0,6.12,8
7,1,42.8,15.0,143.2,10.17,18,25,86,71.8,16.4,12.29,7
8,5,29.1,16.8,162.5,8.72,18,25,62,12.8,12.2,7.75,8
10,5,31.3,32.7,116.7,9.03,18,25,59,13.0,36.3,5.9,10
7,6,26.0,26.2,159.3,9.76,18,25,57,19.8,24.9,8.14,7
10,4,35.0,24.1,161.7,10.15,18,25,105,31.2,33.9,10.5,10
8,8,34.2,26.0,142.6,10.85,18,25,30,15.0,24.7,3.75,8
5,7,27.2,17.5,130.9,8.76,18,25,60,17.3,27.6,12.0,5
8,4,28.2,30.8,149.3,10.35,18,25,81,22.8,25.8,10.12,8
6,5,33.9,17.6,131.1,7.61,18,25,49,26.6,21.5,8.17,6
9,7,21.7,23.3,129.7,10.35,18,25,58,14.8,18.0,6.44,9
8,5,24.5,29.8,129.6,9.09,18,25,53,15.6,34.3,6.62,8
10,3,20.6,27.0,160.5,10.89,18,25,104,26.8,26.6,10.4,10
9,3,29.0,15.0,133.2,8.29,18,25,75,27.9,18.0,8.33,9
6,5,18.7,27.7,149.6,9.77,18,25,30,13.7,25.3,5.0,6
8,4,17.5,24.0,141.8,8.32,18,25,82,20.9,26.0,10.25,8
8,3,18.8,24.0,156.4,11.69,18,25,51,15.5,21.2,6.38,8
9,7,20.0,34.4,160.9,9.86,18,25,70,12.9,31.5,7.78,9
5,6,15.0,15.7,161.2,9.78,18,25,33,10.0,20.2,6.6,5
5,3,27.5,19.1,155.5,10.91,18,25,37,26.7,18.7,7.4,5
8,4,35.2,17.8,165.0,8.39,18,25,96,26.5,20.5,12.0,8
7,3,33.1,18.0,144.3,10.99,18,25,76,25.8,19.1,10.86,7
9,5,33.2,15.4,146.0,8.87,18,25,94,17.5,14.6,10.44,9
7,5,35.3,21.5,140.6,10.47,18,25,65,17.3,23.8,9.29,7
7,8,29.9,19.2,118.1,9.89,18,25,30,16.8,23.6,4.29,7
7,4,21.2,23.8,110.0,8.77,18,25,46,17.0,27.3,6.57,7
9,6,23.6,26.8,130.4,11.14,18,25,61,15.0,18.5,6.78,9
8,4,37.6,15.3,130.4,11.92,18,25,80,30.1,25.3,10.0,8
8,4,30.3,33.5,151.1,8.68,18,25,54,23.2,34.3,6.75,8
7,8,26.8,17.6,151.5,10.04,18,25,59,14.3,18.3,8.43,7
7,5,28.4,23.5,163.8,9.74,18,25,33,15.0,24.0,4.71,7
10,5,29.8,22.3,151.9,9.99,18,25,104,24.8,25.6,10.4,10
8,5,17.1,25.6,120.2,8.87,18,25,59,15.9,29.8,7.38,8
8,9,31.3,23.6,134.4,9.64,18,25,82,19.4,27.5,10.25,8
8,4,32.3,27.7,120.6,6.99,18,25,48,19.0,29.8,6.0,8
10,7,31.8,25.7,167.2,11.47,18,25,74,22.1,30.3,7.4,10
7,1,38.3,15.0,177.4,11.42,18,25,80,64.7,15.1,11.43,7
8,3,30.5,24.5,170.1,7.27,18,25,65,27.5,18.7,8.12,8
9,5,41.4,25.4,127.0,11.21,18,25,89,27.0,28.8,9.89,9
10,8,31.6,15.1,137.4,8.59,18,25,84,19.0,13.4,8.4,10
9,5,30.5,23.8,118.5,7.76,18,25,84,22.6,18.2,9.33,9
6,5,25.8,19.1,164.2,9.44,18,25,62,20.3,21.9,10.33,6
6,6,24.7,21.9,133.6,9.49,18,25,54,14.5,20.2,9.0,6
7,3,27.8,20.6,144.4,8.63,18,25,45,20.5,21.3,6.43,7
8,3,22.0,17.2,164.6,11.47,18,25,90,32.5,19.9,11.25,8
7,10,31.4,24.7,159.2,9.3,18,25,39,17.6,26.3,5.57,7
8,1,24.6,33.5,133.6,10.06,18,25,82,57.9,37.8,10.25,8
9,3,21.8,25.6,157.2,9.37,18,25,85,26.9,28.0,9.44,9
6,2,37.6,19.6,145.5,9.3,18,25,55,30.6,20.1,9.17,6
10,4,37.8,16.5,142.7,9.86,18,25,118,32.5,15.2,11.8,10
7,6,21.8,27.5,136.2,9.03,18,25,53,17.4,30.9,7.57,7
5,5,38.2,26.6,152.1,9.49,18,25,30,16.6,32.9,6.0,5
6,6,17.0,15.4,120.4,8.88,18,25,56,11.3,12.5,9.33,6
9,3,36.5,27.6,134.9,6.72,18,25,96,38.0,28.6,10.67,9
7,8,16.2,16.6,127.8,9.31,18,25,34,10.0,12.0,4.86,7
10,7,27.1,23.7,142.4,8.52,18,25,80,21.7,23.2,8.0,10
9,2,23.4,15.0,127.2,8.68,18,25,79,29.9,20.5,8.78,9
7,4,25.9,21.6,156.0,10.42,18,25,62,17.5,25.5,8.86,7
8,1,20.6,19.6,145.1,9.25,18,25,84,57.8,19.3,10.5,8
10,2,26.4,40.5,138.8,8.16,18,25,94,40.0,40.3,9.4,10
10,3,31.3,19.3,152.6,10.6,18,25,109,33.2,15.6,10.9,10
7,4,36.3,23.9,134.8,10.11,18,25,82,22.7,27.9,11.71,7
9,3,32.5,16.0,189.7,11.22,18,25,100,31.2,14.2,11.11,9
8,6,30.4,22.0,132.6,8.71,18,25,73,18.5,28.6,9.12,8
10,6,28.9,22.9,137.5,9.97,18,25,66,19.2,27.6,6.6,10
10,6,20.0,15.0,169.3,9.81,18,25,94,15.2,19.1,9.4,10
9,1,19.7,20.7,149.4,11.14,18,25,72,55.2,23.2,8.0,9
8,4,25.4,15.0,122.7,9.92,18,25,66,17.9,12.0,8.25,8
8,3,23.2,15.4,131.7,9.17,18,25,67,23.4,15.2,8.38,8
7,5,22.4,25.3,142.7,8.58,18,25,60,14.1,29.6,8.57,7
7,8,28.4,17.8,160.0,8.3,18,25,61,14.7,18.8,8.71,7
6,7,15.0,30.0,118.0,10.42,18,25,30,12.4,28.5,5.0,6
7,1,26.4,24.0,145.7,11.15,18,25,88,65.4,33.1,12.57,7
8,7,29.4,17.4,164.1,10.3,18,25,69,16.3,23.6,8.62,8
7,2,27.5,17.8,155.4,9.01,18,25,52,23.4,27.5,7.43,7
7,4,20.2,17.8,159.2,9.83,18,25,50,14.3,17.8,7.14,7
10,7,27.8,16.9,152.2,9.84,18,25,73,14.2,17.2,7.3,10
8,7,25.3,23.0,132.3,10.03,18,25,56,18.2,21.2,7.0,8
9,8,26.6,19.7,165.6,9.39,18,25,76,23.1,16.9,8.44,9
7,3,28.4,19.3,155.7,8.48,18,25,55,22.0,25.9,7.86,7
9,6,24.6,21.1,148.4,9.19,18,25,68,14.1,23.5,7.56,9
9,2,28.2,15.0,149.1,9.15,18,25,107,41.2,15.6,11.89,9
10,6,20.6,27.2,144.5,8.85,18,25,56,12.6,26.4,5.6,10
10,3,41.4,24.5,153.8,8.94,18,25,125,39.1,15.7,12.5,10
7,7,24.0,25.0,162.6,10.52,18,25,43,13.0,25.6,6.14,7
8,6,31.8,25.7,144.3,9.5,18,25,50,16.6,24.6,6.25,8
10,4,19.5,26.0,133.8,8.81,18,25,79,20.9,26.9,7.9,10
6,7,36.4,18.3,147.7,12.0,18,25,52,17.7,14.8,8.67,6
9,3,17.2,21.1,153.5,10.34,18,25,89,20.8,20.1,9.89,9
9,7,22.0,22.7,151.5,7.96,18,25,75,14.0,16.9,8.33,9
9,4,26.9,23.1,148.5,8.87,18,25,79,20.8,23.4,8.78,9
6,7,35.8,24.1,141.4,10.99,18,25,39,17.4,27.9,6.5,6
6,2,35.4,22.6,151.7,9.72,18,25,71,33.3,31.4,11.83,6
9,6,17.9,22.9,150.8,9.2,18,25,96,19.7,23.9,10.67,9
7,5,30.5,15.0,136.7,10.79,18,25,77,24.4,13.7,11.0,7
8,7,30.0,23.1,131.6,10.35,18,25,44,18.9,28.7,5.5,8
9,5,15.4,27.2,140.7,8.78,18,25,68,19.4,36.1,7.56,9
8,3,28.4,21.1,141.6,9.21,18,25,65,25.5,17.1,8.12,8
9,6,33.3,18.2,168.0,8.46,18,25,98,23.8,24.9,10.89,9
7,4,22.4,25.5,153.1,11.92,18,25,72,16.9,31.1,10.29,7
7,4,25.9,24.8,123.3,10.5,18,25,50,18.7,26.0,7.14,7
4,3,27.3,19.1,123.1,9.92,18,25,30,18.3,17.6,7.5,4
8,3,28.9,15.0,115.3,9.65,18,25,74,28.9,15.8,9.25,8
9,6,26.6,15.0,155.1,9.7,18,25,78,18.5,16.8,8.67,9
7,7,28.7,18.8,123.2,8.41,18,25,40,15.4,24.0,5.71,7
8,2,35.3,27.0,149.3,8.22,18,25,69,30.3,29.7,8.62,8
9,4,28.3,27.7,156.3,10.82,18,25,59,24.9,34.0,6.56,9
8,7,41.3,21.3,151.2,8.59,18,25,80,22.6,18.8,10.0,8
8,3,30.3,19.8,123.1,10.88,18,25,91,27.9,16.7,11.38,8
10,7,30.9,33.2,117.8,9.65,18,25,58,14.8,36.5,5.8,10
10,2,31.5,23.4,141.5,8.15,18,25,107,41.4,17.5,10.7,10
8,4,24.2,22.4,141.9,10.31,18,25,38,18.2,26.3,4.75,8
6,2,27.2,17.2,149.9,10.02,18,25,50,26.8,20.7,8.33,6
7,1,39.2,20.5,121.4,10.34,18,25,73,60.8,16.1,10.43,7
10,2,30.7,23.1,133.3,8.01,18,25,69,35.1,24.2,6.9,10
10,2,26.8,24.0,155.0,11.28,18,25,112,47.4,16.7,11.2,10
7,6,22.1,21.8,145.2,9.33,18,25,50,13.4,19.7,7.14,7
8,3,27.4,15.0,147.8,8.18,18,25,85,24.3,18.2,10.62,8
6,6,32.4,23.3,135.4,8.36,18,25,38,14.2,24.2,6.33,6
8,6,26.9,26.0,154.1,9.8,18,25,83,14.1,28.6,10.38,8
8,5,30.7,23.3,150.4,8.74,18,25,70,20.5,23.7,8.75,8
8,5,24.8,17.6,130.8,10.57,18,25,63,18.5,19.1,7.88,8
8,5,32.4,20.0,125.3,9.93,18,25,74,25.2,20.8,9.25,8
8,7,25.9,21.0,133.6,10.0,18,25,32,12.2,14.0,4.0,8
7,3,25.9,24.4,166.6,9.78,18,25,42,25.1,20.1,6.0,7
10,4,16.0,24.1,160.6,10.25,18,25,90,15.0,25.0,9.0,10
7,6,18.3,21.8,136.4,8.75,18,25,57,11.7,21.7,8.14,7
6,9,28.1,29.3,166.5,8.29,18,25,53,18.5,25.4,8.83,6
8,8,28.0,18.1,145.0,9.56,18,25,77,15.5,16.6,9.62,8
9,4,31.4,21.1,145.4,9.2,18,25,88,22.9,22.3,9.78,9
10,3,29.4,15.0,130.0,8.49,18,25,98,33.1,13.8,9.8,10
8,5,32.8,18.8,127.6,8.4,18,25,59,24.1,13.2,7.38,8
9,3,19.3,22.0,110.8,9.22,18,25,73,22.2,20.8,8.11,9
7,2,35.9,18.4,124.6,12.41,18,25,57,28.4,15.7,8.14,7
6,6,30.3,22.4,138.2,10.2,18,25,49,11.4,28.1,8.17,6
8,5,18.2,21.1,136.5,10.5,18,25,64,15.8,26.2,8.0,8
9,4,27.7,32.8,165.4,8.82,18,25,91,29.3,29.9,10.11,9
10,4,22.8,16.0,126.0,10.91,18,25,95,24.1,15.1,9.5,10
7,3,28.7,28.2,146.3,10.62,18,25,70,24.6,27.2,10.0,7
8,5,25.0,26.5,140.3,9.89,18,25,50,10.0,35.2,6.25,8
10,5,27.5,23.3,136.7,8.87,18,25,73,19.9,24.6,7.3,10
5,5,39.1,15.0,124.7,9.99,18,25,50,18.6,16.8,10.0,5
7,6,42.1,16.0,143.6,8.64,18,25,86,22.5,12.0,12.29,7
7,5,22.4,21.8,153.0,7.12,18,25,46,13.8,31.3,6.57,7
8,4,27.4,19.7,128.6,8.29,18,25,63,22.7,20.0,7.88,8
7,3,30.5,26.9,143.7,9.83,18,25,74,22.5,28.4,10.57,7
8,2,31.6,32.4,130.8,8.54,18,25,77,44.6,39.5,9.62,8
7,6,37.8,24.4,168.2,9.01,18,25,70,27.8,19.3,10.0,7
10,8,33.1,27.7,155.2,9.13,18,25,76,14.8,30.4,7.6,10
8,4,27.8,25.2,132.6,9.26,18,25,58,24.0,30.0,7.25,8
8,3,33.1,24.3,140.7,9.09,18,25,80,28.5,30.1,10.0,8
7,3,25.2,25.1,150.8,9.75,18,25,47,18.6,26.4,6.71,7
9,5,30.7,16.0,168.4,8.81,18,25,85,21.9,16.7,9.44,9
9,5,20.8,24.4,123.7,10.65,18,25,58,13.7,26.4,6.44,9
6,5,36.1,23.6,150.9,9.56,18,25,45,15.1,19.4,7.5,6
9,6,23.1,21.8,176.4,8.64,18,25,94,17.7,24.2,10.44,9
10,5,16.3,28.9,162.7,7.82,18,25,80,19.6,30.4,8.0,10
8,6,28.4,24.3,169.3,7.23,18,25,89,22.0,31.6,11.12,8
8,7,23.5,23.5,143.5,9.78,18,25,58,13.3,23.5,7.25,8
10,6,20.6,16.6,151.6,9.23,18,25,67,17.0,18.5,6.7,10
10,6,28.4,19.5,140.9,7.67,18,25,84,23.3,21.7,8.4,10
8,7,26.8,29.0,121.7,8.94,18,25,46,11.6,32.2,5.75,8
9,7,29.0,23.3,168.7,10.03,18,25,77,12.9,27.5,8.56,9
9,7,30.7,20.7,149.8,10.39,18,25,56,16.7,20.9,6.22,9
8,4,23.9,27.1,131.2,10.2,18,25,85,24.1,27.1,10.62,8
10,8,29.8,15.0,144.2,6.83,18,25,94,20.3,12.0,9.4,10
8,4,25.2,24.2,130.9,8.44,18,25,66,16.7,25.5,8.25,8
7,2,22.8,17.7,160.4,9.44,18,25,71,30.4,15.4,10.14,7
9,5,38.9,24.1,146.6,10.91,18,25,81,27.1,22.1,9.0,9
6,5,31.8,17.8,147.9,10.27,18,25,47,14.4,18.5,7.83,6
7,1,29.5,17.0,135.8,8.33,18,25,91,68.7,17.0,13.0,7
7,10,28.3,24.8,152.6,12.09,18,25,57,13.5,26.8,8.14,7
9,6,25.7,25.3,141.6,10.35,18,25,55,15.7,33.9,6.11,9
9,4,23.3,24.6,150.9,7.79,18,25,60,22.0,23.3,6.67,9
7,6,29.4,15.4,148.0,7.79,18,25,65,17.6,26.1,9.29,7
9,5,31.7,20.2,174.8,8.81,18,25,89,23.5,22.6,9.89,9
10,4,41.4,18.4,147.1,10.75,18,25,107,34.5,12.9,10.7,10
9,7,27.5,22.1,151.8,9.47,18,25,77,19.1,19.3,8.56,9
10,3,28.9,19.0,145.7,7.65,18,25,87,30.9,20.5,8.7,10
7,1,32.4,30.4,132.1,9.75,18,25,70,57.0,28.4,10.0,7
9,5,32.0,27.3,144.5,10.34,18,25,80,21.7,25.2,8.89,9
10,5,29.9,27.1,167.3,9.18,18,25,79,23.4,30.3,7.9,10
10,2,24.6,23.0,133.8,8.34,18,25,102,36.4,22.6,10.2,10
9,5,30.7,24.9,118.4,8.55,18,25,76,25.9,25.7,8.44,9
9,3,33.0,26.5,143.6,9.37,18,25,91,34.3,27.8,10.11,9
10,5,18.0,15.0,160.5,9.9,18,25,106,18.0,12.0,10.6,10
8,5,34.3,22.3,139.0,10.3,18,25,57,19.3,16.0,7.12,8
7,3,27.2,21.1,143.3,10.98,18,25,62,22.8,23.8,8.86,7
9,3,27.2,22.8,140.8,10.04,18,25,96,29.5,19.2,10.67,9
8,2,26.7,22.9,135.5,9.03,18,25,57,27.5,19.3,7.12,8
10,2,15.0,19.7,159.2,9.87,18,25,116,43.4,21.2,11.6,10
7,4,19.8,24.3,129.3,9.32,18,25,43,14.1,26.8,6.14,7
8,8,22.3,18.9,147.8,9.18,18,25,49,13.8,12.3,6.12,8
7,5,24.7,18.9,139.3,10.25,18,25,51,15.9,23.2,7.29,7
7,2,22.1,19.7,111.7,7.89,18,25,56,22.6,18.2,8.0,7
6,1,24.1,22.6,160.8,8.97,18,25,38,29.7,28.5,6.33,6
6,5,37.0,24.3,150.4,8.55,18,25,72,28.0,25.5,12.0,6
8,5,18.6,19.1,141.1,9.92,18,25,50,13.8,18.2,6.25,8
7,5,31.4,26.6,160.6,9.62,18,25,55,19.5,28.4,7.86,7
8,5,22.5,21.6,142.1,8.84,18,25,43,17.1,24.9,5.38,8
10,4,25.8,32.4,136.7,9.68,18,25,87,24.6,35.0,8.7,10
9,8,18.1,16.9,152.0,7.66,18,25,66,13.9,28.0,7.33,9
5,2,30.6,23.2,159.3,9.7,18,25,54,28.1,31.3,10.8,5
5,3,23.5,23.2,155.4,9.15,18,25,45,18.5,22.8,9.0,5
9,3,30.5,26.8,147.7,8.56,18,25,81,28.0,20.1,9.0,9
8,4,43.0,28.3,129.5,9.57,18,25,69,30.3,21.4,8.62,8
6,7,21.2,24.5,152.1,7.98,18,25,37,10.0,31.6,6.17,6
7,10,23.4,28.7,146.7,8.9,18,25,32,10.0,28.5,4.57,7
8,6,20.0,19.7,135.9,9.52,18,25,49,13.6,21.8,6.12,8
8,2,29.5,23.3,133.5,9.48,18,25,85,38.3,19.0,10.62,8
7,7,22.2,25.3,144.8,8.48,18,25,78,12.4,30.4,11.14,7
9,5,30.5,30.8,161.4,10.48,18,25,83,20.1,36.5,9.22,9
9,6,29.3,20.5,153.3,9.82,18,25,75,21.6,19.0,8.33,9
9,8,34.4,15.4,149.4,10.44,18,25,83,22.1,17.8,9.22,9
8,7,38.6,18.4,182.7,8.15,18,25,69,13.9,17.3,8.62,8
6,7,30.6,28.0,169.9,7.4,18,25,47,15.4,25.7,7.83,6
9,1,19.5,24.5,165.7,11.09,18,25,98,65.8,24.4,10.89,9
10,7,31.6,18.6,148.1,8.31,18,25,80,17.8,25.2,8.0,10
10,6,36.8,18.8,161.2,9.16,18,25,116,27.0,19.1,11.6,10
9,9,27.1,15.0,153.7,10.35,18,25,85,12.3,12.2,9.44,9
10,5,35.0,18.9,116.7,8.97,18,25,78,24.6,16.6,7.8,10
7,1,31.9,18.3,155.3,8.8,18,25,76,56.0,25.7,10.86,7
7,7,41.3,15.0,122.5,9.41,18,25,78,21.3,15.9,11.14,7
9,2,17.6,27.0,131.2,10.54,18,25,73,28.4,31.9,8.11,9
8,4,34.0,28.4,117.4,9.61,18,25,65,27.1,31.1,8.12,8
6,5,37.2,15.0,121.3,8.98,18,25,52,16.3,18.3,8.67,6
6,3,30.6,17.7,182.9,8.71,18,25,63,24.7,15.9,10.5,6
7,3,21.2,15.1,134.7,10.84,18,25,70,24.2,14.3,10.0,7
7,6,38.0,26.5,163.9,8.91,18,25,72,25.8,32.5,10.29,7
7,4,24.8,23.3,138.3,10.02,18,25,67,17.7,17.5,9.57,7
7,2,32.0,21.7,134.2,9.29,18,25,49,28.3,24.6,7.0,7
6,2,22.3,24.2,92.4,10.81,18,25,30,22.0,29.6,5.0,6
7,6,27.4,19.7,157.7,8.9,18,25,69,16.0,22.2,9.86,7
7,2,27.6,24.9,132.2,9.82,18,25,64,28.4,24.3,9.14,7
7,5,35.7,27.4,134.6,9.68,18,25,72,19.5,28.2,10.29,7
10,5,30.8,18.1,130.6,7.6,18,25,76,25.2,15.8,7.6,10
10,5,30.0,26.3,177.7,9.78,18,25,89,20.6,21.7,8.9,10
7,2,31.1,22.5,148.5,10.58,18,25,60,30.5,26.8,8.57,7
8,3,26.1,29.4,136.2,10.68,18,25,70,24.7,28.7,8.75,8
8,6,25.1,21.3,138.7,8.8,18,25,70,18.4,25.7,8.75,8
8,1,29.0,22.2,154.1,9.39,18,25,94,69.1,23.4,11.75,8
7,3,18.5,30.2,150.7,8.89,18,25,46,20.1,32.9,6.57,7
7,4,29.3,28.9,153.6,9.11,18,25,61,21.6,36.9,8.71,7
4,4,20.2,22.2,140.2,10.34,18,25,30,10.0,25.9,7.5,4
10,1,28.2,21.3,143.1,8.46,18,25,105,74.7,16.8,10.5,10
9,4,35.6,25.7,138.7,9.77,18,25,77,27.3,33.9,8.56,9
9,4,30.3,22.6,137.2,8.73,18,25,86,26.9,24.2,9.56,9
9,5,15.0,21.8,133.9,8.57,18,25,86,15.8,28.0,9.56,9
9,3,24.6,32.3,153.1,10.97,18,25,104,31.6,35.4,11.56,9
7,1,27.2,23.5,135.3,9.97,18,25,51,45.0,28.2,7.29,7
10,3,30.0,21.3,153.6,8.32,18,25,85,31.6,27.5,8.5,10
9,5,33.5,18.8,142.0,8.33,18,25,91,21.1,13.1,10.11,9
7,5,30.6,18.8,145.6,10.23,18,25,55,17.9,25.8,7.86,7
6,8,35.3,23.9,157.1,9.76,18,25,38,12.8,22.2,6.33,6
7,8,19.6,20.8,167.9,9.58,18,25,65,17.6,27.4,9.29,7
6,4,24.0,15.0,133.8,8.48,18,25,57,12.6,16.5,9.5,6
9,3,35.9,20.7,129.4,9.84,18,25,82,29.7,28.4,9.11,9
10,5,17.5,21.7,144.4,10.02,18,25,84,12.3,19.1,8.4,10
7,7,40.0,18.2,107.5,9.18,18,25,33,21.4,13.6,4.71,7
5,1,21.9,15.0,141.4,10.74,18,25,45,36.4,13.0,9.0,5
9,8,33.2,15.9,131.4,8.89,18,25,100,16.6,18.9,11.11,9
7,4,18.8,15.4,159.4,11.2,18,25,52,16.5,12.7,7.43,7
5,3,31.5,30.3,143.6,9.31,18,25,30,13.7,35.5,6.0,5
10,9,32.7,15.6,155.4,7.55,18,25,87,16.3,21.8,8.7,10
8,6,28.0,20.9,141.9,8.4,18,25,57,17.0,17.8,7.12,8
8,4,21.8,15.0,123.7,10.54,18,25,48,16.9,17.2,6.0,8
6,5,26.7,23.0,145.2,9.48,18,25,52,16.1,22.4,8.67,6
9,2,25.2,37.1,131.7,9.83,18,25,52,23.4,44.4,5.78,9
8,4,33.5,23.0,135.6,7.2,18,25,70,27.0,25.2,8.75,8
10,4,23.9,24.0,169.6,8.7,18,25,107,30.1,16.5,10.7,10
6,4,24.6,15.0,129.8,9.89,18,25,45,15.9,19.2,7.5,6
7,4,31.9,21.8,144.0,7.88,18,25,61,17.8,26.3,8.71,7
8,2,20.3,19.6,166.3,9.68,18,25,85,34.3,15.9,10.62,8
7,7,35.4,18.0,154.6,9.03,18,25,66,16.3,23.6,9.43,7
6,3,34.3,25.3,146.3,10.13,18,25,31,19.3,29.9,5.17,6
7,1,27.0,29.3,157.1,7.89,18,25,74,52.0,25.4,10.57,7
8,5,23.9,18.6,149.0,9.35,18,25,61,19.6,24.0,7.62,8
9,9,34.5,25.2,133.3,9.41,18,25,35,18.4,27.4,3.89,9
6,4,34.8,19.8,153.4,8.32,18,25,62,19.8,20.1,10.33,6
8,4,26.1,20.9,132.9,8.71,18,25,65,15.9,22.4,8.12,8
8,3,18.5,16.3,147.2,9.44,18,25,72,23.8,20.7,9.0,8
7,6,27.9,21.1,139.8,9.78,18,25,48,17.7,17.1,6.86,7
7,3,43.5,24.0,121.3,9.08,18,25,54,34.7,20.0,7.71,7
9,2,40.6,16.2,139.4,7.85,18,25,102,51.8,17.8,11.33,9
8,4,26.5,19.8,150.0,9.55,18,25,75,22.0,21.5,9.38,8
8,6,30.3,22.7,150.4,7.51,18,25,68,21.4,24.0,8.5,8
8,7,28.1,17.7,158.8,10.5,18,25,76,11.9,19.7,9.5,8
8,4,25.6,27.5,137.5,9.37,18,25,52,19.4,31.8,6.5,8
8,6,30.0,16.8,161.9,8.22,18,25,58,18.0,19.5,7.25,8
6,7,27.2,21.4,158.5,10.05,18,25,45,18.4,21.8,7.5,6
5,3,34.0,22.5,132.1,9.57,18,25,35,20.9,19.0,7.0,5
6,3,28.4,18.5,130.4,9.89,18,25,57,30.8,25.5,9.5,6
6,5,32.5,22.1,158.0,8.39,18,25,57,18.8,20.0,9.5,6
8,3,26.7,24.0,161.2,9.12,18,25,78,32.0,21.0,9.75,8
9,0,23.1,20.9,138.3,9.41,18,25,85,59.4,13.8,9.44,9
9,2,26.6,23.9,152.0,8.74,18,25,87,33.4,23.3,9.67,9
8,3,35.2,22.3,151.0,10.39,18,25,70,22.3,20.8,8.75,8
6,4,31.1,20.6,146.7,9.42,18,25,53,19.8,18.1,8.83,6
9,5,28.1,17.2,107.1,10.57,18,25,68,22.2,15.2,7.56,9
7,2,15.7,27.1,162.5,9.78,18,25,62,21.7,32.9,8.86,7
10,4,23.8,19.9,130.2,10.23,18,25,83,27.6,13.3,8.3,10
6,3,29.2,25.3,136.6,8.46,18,25,35,20.6,30.2,5.83,6
7,2,27.5,29.5,141.2,10.37,18,25,56,21.9,23.3,8.0,7
9,5,25.5,16.5,139.6,9.7,18,25,79,20.4,19.6,8.78,9
9,2,28.6,19.8,144.1,9.64,18,25,112,44.0,15.3,12.44,9
8,5,23.8,15.1,156.2,11.27,18,25,82,20.7,12.0,10.25,8
7,6,38.0,19.0,139.6,9.32,18,25,63,23.7,21.0,9.0,7
6,4,35.7,26.0,121.1,8.05,18,25,55,21.8,30.3,9.17,6
8,2,38.5,18.0,138.8,8.93,18,25,110,48.3,21.2,13.75,8
9,6,20.1,24.0,110.5,9.59,18,25,54,10.0,28.6,6.0,9
9,3,24.9,19.4,175.9,9.87,18,25,91,28.5,25.6,10.11,9
9,3,29.4,19.9,158.9,8.75,18,25,80,24.1,24.2,8.89,9
7,7,38.5,17.3,142.2,9.27,18,25,47,22.6,30.7,6.71,7
7,6,24.0,25.9,143.9,9.22,18,25,72,15.3,23.0,10.29,7
9,1,26.7,26.6,123.4,7.85,18,25,99,73.1,30.2,11.0,9
7,2,27.9,25.3,126.0,9.77,18,25,56,28.9,24.7,8.0,7
7,2,27.8,15.0,119.8,9.43,18,25,47,28.0,15.2,6.71,7
8,5,38.6,19.8,132.6,7.74,18,25,65,24.4,18.1,8.12,8
8,6,34.4,17.8,166.5,11.79,18,25,77,24.3,14.8,9.62,8
8,4,32.5,25.6,144.0,9.36,18,25,60,26.2,23.2,7.5,8
8,2,31.6,19.8,141.5,10.17,18,25,97,37.9,13.1,12.12,8
7,2,29.0,19.3,159.1,9.58,18,25,65,30.8,14.4,9.29,7
6,4,28.6,25.1,156.0,8.37,18,25,53,16.8,25.2,8.83,6
10,6,27.9,33.4,137.5,9.7,18,25,73,14.1,35.3,7.3,10
9,5,17.1,25.8,149.4,8.92,18,25,78,16.4,28.0,8.67,9
10,2,27.1,23.5,130.2,8.12,18,25,100,41.1,25.0,10.0,10
9,8,31.9,15.0,150.9,9.63,18,25,87,21.7,16.6,9.67,9
8,1,34.8,17.0,145.7,10.47,18,25,106,80.0,14.2,13.25,8
10,4,32.7,15.8,137.1,7.99,18,25,112,28.8,12.8,11.2,10
9,5,20.1,25.7,161.4,8.66,18,25,60,12.0,28.1,6.67,9
5,4,35.9,20.4,166.2,10.71,18,25,57,26.3,27.5,11.4,5
10,6,37.1,16.0,127.0,7.95,18,25,81,20.4,19.2,8.1,10
9,3,28.3,19.3,138.4,9.16,18,25,76,19.3,25.3,8.44,9
9,3,25.8,22.2,147.5,10.42,18,25,93,29.5,21.1,10.33,9
9,3,26.2,24.1,158.6,9.31,18,25,102,28.2,30.6,11.33,9
7,1,17.5,22.0,122.3,9.94,18,25,55,42.2,18.7,7.86,7
7,4,36.6,16.6,145.0,7.88,18,25,57,25.1,17.6,8.14,7
4,4,28.3,19.6,154.5,9.72,18,25,30,17.9,12.4,7.5,4
9,3,33.9,19.0,130.9,9.24,18,25,81,33.0,19.0,9.0,9
9,7,29.9,37.6,146.7,9.48,18,25,67,13.4,37.3,7.44,9
9,5,37.1,20.3,149.9,9.82,18,25,80,23.5,26.5,8.89,9
8,5,32.7,21.8,119.7,8.79,18,25,72,23.4,19.4,9.0,8
9,3,33.0,28.9,139.9,7.66,18,25,65,19.8,33.0,7.22,9
7,1,16.1,17.3,117.7,11.08,18,25,64,43.5,22.2,9.14,7
4,7,21.4,15.0,155.5,10.45,18,25,30,10.4,18.3,7.5,4
10,3,19.8,26.2,149.3,10.86,18,25,89,28.2,26.3,8.9,10
9,2,17.4,19.0,154.1,9.33,18,25,82,30.7,21.3,9.11,9
9,3,23.4,25.5,156.4,9.27,18,25,92,31.3,19.4,10.22,9
8,5,23.3,25.1,142.8,10.3,18,25,38,13.8,28.6,4.75,8
4,5,26.0,21.0,130.4,9.31,18,25,30,14.5,19.6,7.5,4
10,4,34.2,24.5,166.4,9.72,18,25,109,31.6,20.2,10.9,10
9,1,33.1,19.1,167.7,10.49,18,25,122,80.0,22.2,13.56,9
8,5,21.3,17.1,117.6,11.0,18,25,49,13.0,12.0,6.12,8
8,7,26.3,32.9,137.0,8.28,18,25,50,14.7,32.6,6.25,8
8,10,31.3,15.0,155.0,9.8,18,25,67,19.1,12.0,8.38,8
9,3,26.4,22.7,136.4,9.79,18,25,78,29.1,23.2,8.67,9
10,4,39.4,20.6,134.6,8.91,18,25,110,34.0,12.6,11.0,10
10,8,29.2,18.0,169.6,8.02,18,25,99,20.8,12.0,9.9,10
10,8,16.6,27.6,141.0,8.08,18,25,79,15.6,32.4,7.9,10
10,5,34.3,27.1,141.7,10.82,18,25,104,24.8,31.2,10.4,10
8,3,36.7,17.8,146.8,9.34,18,25,78,31.7,17.8,9.75,8
8,8,26.8,31.2,127.5,7.95,18,25,36,17.3,28.1,4.5,8
9,2,31.5,28.2,153.4,11.19,18,25,112,46.3,37.1,12.44,9
7,6,27.4,15.0,159.2,8.36,18,25,44,15.3,19.4,6.29,7
6,4,23.7,28.5,153.2,7.7,18,25,50,21.1,28.9,8.33,6
9,2,20.0,29.5,150.4,10.08,18,25,64,31.5,31.6,7.11,9
9,6,22.6,25.1,140.6,10.36,18,25,53,14.3,25.1,5.89,9
10,4,19.4,17.1,150.7,8.94,18,25,97,22.0,24.8,9.7,10
9,0,23.1,15.0,154.6,10.12,18,25,107,75.2,16.6,11.89,9
7,7,21.7,18.8,157.7,7.85,18,25,33,11.3,12.9,4.71,7
7,6,32.4,18.1,162.2,9.63,18,25,60,18.5,26.1,8.57,7
10,3,35.1,23.8,118.9,7.2,18,25,107,39.0,25.7,10.7,10
6,7,25.7,17.6,129.7,9.87,18,25,35,16.1,21.4,5.83,6
6,3,24.4,24.5,142.9,8.64,18,25,39,19.0,28.2,6.5,6
6,3,15.0,23.2,169.6,9.4,18,25,31,13.7,19.3,5.17,6
9,2,29.7,23.7,166.7,8.18,18,25,107,47.7,21.4,11.89,9
7,3,23.7,22.5,120.1,9.87,18,25,34,21.6,26.9,4.86,7
10,4,32.3,25.1,128.7,9.83,18,25,99,29.9,23.9,9.9,10
7,2,33.3,17.4,131.3,10.52,18,25,79,33.4,18.6,11.29,7
7,3,23.3,15.0,150.4,9.79,18,25,61,23.0,12.0,8.71,7
7,3,17.6,23.6,127.9,10.18,18,25,58,15.2,27.3,8.29,7
9,0,28.5,24.1,137.2,10.87,18,25,91,66.3,25.2,10.11,9
9,4,15.0,17.3,160.0,9.71,18,25,67,12.2,18.6,7.44,9
10,5,18.8,22.5,148.4,9.87,18,25,89,16.5,25.2,8.9,10
6,2,24.7,25.9,167.7,8.32,18,25,56,34.7,20.3,9.33,6
9,6,35.8,18.5,139.3,9.72,18,25,78,16.2,20.0,8.67,9
8,6,25.3,18.3,141.7,8.26,18,25,62,22.4,22.8,7.75,8
6,6,31.1,23.9,139.3,9.2,18,25,30,14.1,26.6,5.0,6
8,7,26.0,19.7,153.4,9.32,18,25,76,19.9,28.9,9.5,8
9,4,26.5,19.4,134.0,10.69,18,25,90,14.6,17.9,10.0,9
7,2,32.0,24.6,136.5,10.01,18,25,57,29.8,25.5,8.14,7
7,6,26.4,25.4,156.3,10.62,18,25,52,17.0,33.8,7.43,7
10,7,39.2,15.0,156.4,9.16,18,25,113,23.3,13.7,11.3,10
9,5,34.4,20.3,142.8,9.59,18,25,90,26.1,25.1,10.0,9
8,6,28.5,15.0,136.0,9.23,18,25,63,17.9,15.9,7.88,8
7,6,22.4,17.7,151.0,9.79,18,25,59,14.2,24.2,8.43,7
6,1,35.9,18.0,148.9,8.88,18,25,67,59.9,21.1,11.17,6
8,8,27.1,15.0,146.7,9.28,18,25,75,13.9,17.0,9.38,8
9,4,26.1,20.6,168.8,8.52,18,25,88,25.8,20.6,9.78,9
7,3,29.2,17.8,131.7,9.73,18,25,62,22.3,16.0,8.86,7
7,9,35.0,29.0,135.0,9.79,18,25,47,19.0,26.8,6.71,7
7,1,29.2,27.0,121.6,9.98,18,25,61,48.1,28.7,8.71,7
9,2,34.2,36.0,142.4,8.77,18,24,85,40.6,33.0,9.44,9
9,3,26.3,29.8,161.5,10.18,18,25,93,32.3,28.1,10.33,9
8,7,24.1,21.3,157.8,7.42,18,25,67,13.4,20.8,8.38,8
5,7,21.5,25.6,123.4,10.16,18,25,30,15.8,31.4,6.0,5
8,5,20.6,15.0,146.2,11.03,18,25,67,22.2,16.2,8.38,8
7,5,32.1,18.7,147.3,9.66,18,25,80,19.2,21.4,11.43,7
9,5,19.7,21.8,123.7,8.93,18,25,65,16.1,23.6,7.22,9
7,10,34.7,22.5,158.8,8.51,18,25,59,12.4,20.7,8.43,7
5,5,16.7,23.0,142.8,9.77,18,25,30,12.1,25.8,6.0,5
9,6,24.3,21.6,151.5,8.41,18,25,84,21.5,18.4,9.33,9
5,6,35.2,19.8,137.2,7.58,18,25,43,19.3,18.8,8.6,5
8,5,32.7,15.0,122.7,10.31,18,25,85,23.6,12.0,10.62,8
7,6,32.5,15.0,164.9,9.2,18,25,77,20.2,12.0,11.0,7
4,4,31.1,19.9,162.5,8.89,18,25,62,25.0,21.7,15.5,4
8,3,22.3,26.3,147.6,9.27,18,25,64,23.8,27.1,8.0,8
10,4,29.5,20.4,142.1,10.71,18,25,100,29.5,19.5,10.0,10
9,2,43.5,27.2,105.3,8.97,18,25,85,43.8,26.0,9.44,9
8,4,36.0,27.8,153.8,9.8,18,25,84,25.2,24.5,10.5,8
10,2,30.9,22.5,140.8,7.81,18,25,94,40.4,25.7,9.4,10
9,9,28.1,22.8,146.9,11.57,18,25,79,17.6,19.6,8.78,9
9,8,22.8,21.0,126.2,9.9,18,25,55,13.1,30.5,6.11,9
10,6,24.8,15.7,129.6,9.66,18,25,80,20.6,19.6,8.0,10
7,5,16.1,25.1,144.7,9.61,18,25,49,14.6,26.3,7.0,7
10,4,21.6,33.0,153.8,7.89,18,25,68,23.1,33.5,6.8,10
8,6,32.4,15.2,140.5,9.99,18,25,69,19.9,12.0,8.62,8
9,2,31.7,15.5,119.4,8.61,18,25,91,37.3,19.9,10.11,9
5,4,19.3,15.0,156.3,10.5,18,25,53,16.4,17.8,10.6,5
8,3,31.5,19.6,136.8,10.36,18,25,77,33.6,18.2,9.62,8
6,5,28.0,33.0,161.0,10.46,18,25,51,17.3,34.6,8.5,6
5,3,31.1,29.0,147.9,9.31,18,25,36,22.8,27.1,7.2,5
9,7,33.0,23.0,142.9,8.82,18,25,87,17.3,23.1,9.67,9
6,6,27.5,29.3,149.2,8.19,18,25,60,15.7,34.3,10.0,6
4,3,15.0,15.0,148.2,8.27,18,25,30,10.5,14.3,7.5,4
5,3,24.5,25.9,176.8,9.72,18,25,42,20.7,24.2,8.4,5
10,6,30.2,17.7,145.4,8.78,18,25,82,19.1,15.8,8.2,10
9,6,27.8,21.9,179.3,8.33,18,25,76,22.0,18.3,8.44,9
5,3,32.5,27.1,140.3,10.7,18,25,31,19.9,19.6,6.2,5
10,5,21.3,22.5,158.0,7.92,18,25,100,20.1,22.2,10.0,10
6,5,40.0,21.2,123.0,8.77,18,25,42,17.9,22.3,7.0,6
8,4,32.9,25.7,122.0,8.35,18,25,68,19.6,25.9,8.5,8
7,9,22.8,15.2,143.6,10.02,18,25,30,14.2,23.4,4.29,7
8,6,35.8,29.0,141.6,10.06,18,25,70,25.0,31.2,8.75,8
9,5,26.6,30.2,160.6,9.62,18,25,80,17.0,24.6,8.89,9
6,5,16.3,24.4,112.8,9.66,18,25,30,10.0,26.4,5.0,6
8,5,24.9,24.1,146.6,10.7,18,25,81,14.4,24.1,10.12,8
8,2,36.4,28.1,158.3,9.25,18,25,99,44.0,24.6,12.38,8
10,7,24.8,24.5,150.2,9.71,18,25,82,15.5,21.3,8.2,10
8,6,33.9,20.6,145.4,8.15,18,25,84,21.9,19.9,10.5,8
9,5,22.1,15.0,139.5,9.73,18,25,67,14.4,14.6,7.44,9
9,1,26.4,30.7,165.2,9.31,18,25,107,69.5,31.8,11.89,9
7,6,29.9,22.8,146.1,8.31,18,25,79,13.8,24.2,11.29,7
8,5,27.2,15.8,162.7,10.93,18,25,90,19.3,17.9,11.25,8
9,6,17.9,15.0,149.9,8.87,18,25,72,14.8,12.4,8.0,9
8,2,20.5,15.0,163.5,8.94,18,25,77,30.9,24.0,9.62,8
10,2,34.5,29.1,160.8,9.66,18,25,86,33.8,32.4,8.6,10
5,9,31.6,24.5,162.0,10.71,18,25,39,17.3,28.3,7.8,5
9,4,31.3,19.7,118.9,10.89,18,25,59,20.4,20.2,6.56,9
8,5,33.7,28.9,112.3,10.53,18,25,58,25.4,29.8,7.25,8
8,7,21.3,23.4,156.1,10.16,18,25,56,10.0,21.6,7.0,8
10,1,15.0,21.8,151.4,9.8,18,25,107,71.7,24.4,10.7,10
9,3,30.5,24.4,158.2,10.16,18,25,83,31.1,23.2,9.22,9
5,5,30.7,27.4,156.7,9.22,18,25,39,14.9,38.3,7.8,5
10,2,23.3,17.5,166.2,8.08,18,25,122,49.2,12.0,12.2,10
7,3,19.2,28.1,146.0,10.39,18,25,30,18.2,31.7,4.29,7
9,2,31.3,28.9,133.6,9.53,18,25,96,42.7,24.8,10.67,9
10,5,33.0,20.9,146.7,8.8,18,25,85,22.2,27.6,8.5,10
6,5,28.1,27.2,154.3,8.71,18,25,55,19.3,32.8,9.17,6
8,7,35.0,19.1,174.2,9.82,18,25,86,23.6,17.7,10.75,8
9,7,30.3,19.3,150.5,11.11,18,25,77,20.4,17.5,8.56,9
9,4,29.5,22.2,143.8,9.93,18,25,94,24.4,19.8,10.44,9
9,6,29.4,25.5,161.1,10.1,18,25,88,20.2,25.5,9.78,9
8,3,29.4,18.6,160.3,9.32,18,25,75,26.1,14.8,9.38,8
9,3,29.9,24.2,151.1,10.03,18,25,85,23.2,20.3,9.44,9
9,10,26.2,27.0,164.6,10.5,18,25,71,12.2,28.6,7.89,9
7,4,15.0,20.2,172.2,9.45,18,25,63,15.4,19.9,9.0,7
7,7,22.3,16.8,144.3,9.37,18,25,46,12.8,14.4,6.57,7
8,5,30.0,20.5,179.3,10.35,18,25,61,16.5,23.5,7.62,8
8,3,33.4,22.9,163.3,9.23,18,25,88,30.3,18.6,11.0,8
6,8,22.3,30.1,148.9,9.82,18,25,33,10.0,29.3,5.5,6
10,6,34.6,27.2,152.3,9.31,18,25,103,28.1,24.7,10.3,10
7,10,30.6,26.2,154.9,9.95,18,25,45,19.7,32.1,6.43,7
7,3,18.6,20.4,124.8,8.31,18,25,54,20.9,15.9,7.71,7
10,0,35.3,27.6,142.8,8.54,18,25,109,77.2,30.8,10.9,10
10,5,26.2,15.0,147.0,10.02,18,25,81,24.1,23.3,8.1,10
8,6,17.7,24.7,132.7,9.64,18,25,40,10.0,23.4,5.0,8
10,7,26.2,19.1,135.3,11.45,18,25,92,18.4,17.0,9.2,10
8,5,25.9,22.9,148.4,10.51,18,25,78,20.7,20.9,9.75,8
8,5,26.9,15.2,128.2,10.15,18,25,58,15.9,12.0,7.25,8
10,2,36.7,18.1,147.2,10.31,18,25,89,42.6,12.0,8.9,10
7,7,25.8,25.8,129.7,9.14,18,25,54,10.1,27.9,7.71,7
8,6,28.8,18.5,111.9,9.29,18,25,42,16.3,19.0,5.25,8
5,3,30.5,19.2,170.5,9.94,18,25,50,20.0,16.1,10.0,5
7,6,31.6,15.0,117.8,9.45,18,25,55,17.3,12.0,7.86,7
7,5,21.2,19.0,150.4,8.32,18,25,45,15.3,23.6,6.43,7
8,3,30.5,23.5,156.4,10.66,18,25,69,23.5,23.1,8.62,8
5,7,25.5,18.7,139.4,9.42,18,25,39,15.6,16.7,7.8,5
8,2,29.6,22.1,153.5,8.57,18,25,85,36.4,25.4,10.62,8
10,6,23.1,24.7,136.9,9.7,18,25,83,17.3,23.5,8.3,10
9,5,23.5,20.6,142.4,11.57,18,25,70,19.0,22.5,7.78,9
9,1,35.4,24.5,150.1,8.72,18,25,114,80.0,23.6,12.67,9
8,6,36.7,26.3,143.0,7.83,18,25,66,20.6,27.0,8.25,8
7,2,24.5,15.5,139.7,9.19,18,25,57,28.8,22.0,8.14,7
6,8,21.6,18.4,123.8,7.86,18,25,30,10.0,18.1,5.0,6
9,4,23.7,31.0,120.4,12.39,18,25,66,19.3,32.4,7.33,9
7,4,15.3,18.0,167.2,9.65,18,25,61,18.7,12.4,8.71,7
8,7,29.6,25.0,142.0,9.97,18,25,73,14.1,26.9,9.12,8
9,5,24.3,25.5,135.2,7.99,18,25,74,24.9,23.6,8.22,9
8,3,21.6,27.4,133.0,9.81,18,25,79,22.8,29.1,9.88,8
7,4,28.9,19.4,105.7,10.47,18,25,65,19.0,15.8,9.29,7
7,1,29.6,21.1,176.6,9.2,18,25,81,57.9,21.7,11.57,7
9,2,39.5,20.2,130.8,9.51,18,25,101,47.6,21.0,11.22,9
9,2,42.0,24.8,154.9,9.28,18,25,93,44.2,25.7,10.33,9
6,5,27.1,20.4,138.8,8.77,18,25,30,10.0,24.8,5.0,6
4,5,27.0,24.9,151.1,9.23,18,25,30,10.0,25.3,7.5,4
8,8,21.5,26.7,151.2,9.1,18,25,80,19.7,19.0,10.0,8
9,5,22.1,26.3,143.4,9.99,18,25,68,14.3,23.3,7.56,9
7,3,32.7,22.1,168.0,8.54,18,25,68,26.5,26.2,9.71,7
8,2,19.7,15.0,160.1,8.88,18,25,81,31.2,12.0,10.12,8
7,4,28.6,28.3,131.2,8.67,18,25,35,15.9,31.0,5.0,7
7,1,30.2,19.4,141.1,8.07,18,25,106,77.3,21.1,15.14,7
8,7,30.2,31.2,112.2,11.27,18,25,35,17.5,32.0,4.38,8
8,5,31.0,27.5,131.4,7.38,18,25,57,24.5,28.9,7.12,8
10,6,24.8,18.2,148.7,9.58,18,25,96,15.4,27.6,9.6,10
9,1,21.1,22.3,158.1,8.82,18,25,86,59.9,24.0,9.56,9
7,2,31.6,20.3,150.1,8.65,18,25,76,38.1,14.2,10.86,7
4,7,29.2,19.1,155.6,9.2,18,25,30,15.8,21.1,7.5,4
8,7,25.2,15.2,148.8,10.14,18,25,59,14.8,19.2,7.38,8
8,4,36.2,17.8,159.0,9.65,18,25,61,19.7,20.3,7.62,8
6,5,26.3,19.9,154.8,8.81,18,25,67,16.7,26.0,11.17,6
10,3,38.8,19.2,129.3,9.95,18,25,107,34.3,23.7,10.7,10
10,2,15.7,18.9,121.1,9.87,18,25,91,31.7,19.7,9.1,10
8,5,32.4,27.1,147.0,9.86,18,25,91,26.1,33.9,11.38,8
9,7,24.7,17.4,127.1,8.99,18,25,91,12.6,19.9,10.11,9
10,5,25.2,32.6,177.1,9.6,18,25,100,27.9,33.8,10.0,10
7,5,33.1,15.0,144.9,9.32,18,25,55,20.0,16.6,7.86,7
7,4,22.0,28.3,123.6,8.68,18,25,38,15.7,26.1,5.43,7
5,5,25.8,26.5,125.5,8.4,18,25,30,12.3,23.1,6.0,5
8,4,26.7,23.5,153.0,10.63,18,25,82,20.7,25.3,10.25,8
6,4,23.9,22.1,176.0,10.1,18,25,45,18.7,25.4,7.5,6
7,0,21.2,29.3,150.4,9.93,18,25,63,44.2,26.7,9.0,7
9,3,26.7,25.4,156.8,8.72,18,25,82,23.6,29.4,9.11,9
7,2,21.2,33.3,139.0,9.51,18,25,53,25.2,22.3,7.57,7
7,7,26.3,20.6,123.6,10.09,18,25,59,13.5,24.7,8.43,7
8,2,28.9,23.3,125.4,10.04,18,25,76,35.0,19.2,9.5,8
7,2,19.8,20.3,135.9,10.19,18,25,65,28.5,24.0,9.29,7
7,7,28.9,25.3,131.4,9.17,18,25,47,14.5,28.7,6.71,7
5,7,27.3,15.0,147.6,8.21,18,25,32,10.0,17.7,6.4,5
8,10,27.3,18.4,153.7,10.02,18,25,57,15.4,15.8,7.12,8
8,8,31.1,21.8,138.4,8.63,18,25,45,17.6,20.6,5.62,8
9,3,29.9,23.5,124.1,9.83,18,25,83,30.2,26.1,9.22,9
10,4,22.6,15.2,140.7,9.89,18,25,84,18.7,20.5,8.4,10
8,2,35.3,18.0,166.8,8.72,18,25,84,39.4,12.0,10.5,8
8,5,26.8,20.5,155.8,10.7,18,25,57,21.3,19.3,7.12,8
9,4,32.3,24.3,128.4,9.53,18,25,69,22.6,29.2,7.67,9
8,3,27.8,23.6,163.5,10.22,18,25,98,29.2,27.7,12.25,8
8,4,22.7,24.9,154.5,9.35,18,25,79,25.9,31.0,9.88,8
8,5,31.9,29.3,147.6,12.36,18,25,51,18.0,36.7,6.38,8
9,4,27.9,22.9,162.2,11.06,18,25,104,24.4,24.1,11.56,9
6,3,34.3,23.5,148.9,8.37,18,25,75,26.0,21.7,12.5,6
8,3,16.6,19.2,146.9,8.99,18,25,70,21.9,13.5,8.75,8
9,8,25.3,28.2,161.2,10.54,18,25,66,17.8,28.8,7.33,9
9,2,31.1,21.1,160.4,9.74,18,25,105,51.4,22.4,11.67,9
8,6,28.6,31.4,155.8,8.78,18,25,66,15.9,45.2,8.25,8
8,5,21.4,24.8,134.4,9.9,18,25,72,17.2,24.2,9.0,8
10,6,23.7,18.8,142.5,10.93,18,25,92,16.6,23.7,9.2,10
9,6,22.0,20.1,154.3,10.02,18,25,86,22.3,21.1,9.56,9
10,3,27.4,18.6,138.8,11.07,18,25,89,26.7,24.5,8.9,10
8,5,30.9,29.9,187.2,9.0,18,25,67,20.8,33.3,8.38,8
8,6,32.5,17.3,108.4,8.53,18,25,41,20.9,19.5,5.12,8
8,8,34.8,21.8,158.8,8.74,18,25,57,14.5,25.1,7.12,8
8,5,24.2,27.6,160.9,8.77,18,25,69,18.8,25.6,8.62,8
8,1,15.8,15.6,138.3,9.61,18,25,68,53.8,18.6,8.5,8
7,4,33.6,19.4,165.5,9.99,18,25,63,25.2,19.0,9.0,7
9,3,20.5,30.8,162.3,8.34,18,25,80,23.5,30.7,8.89,9
10,3,36.7,15.0,155.8,10.54,18,25,106,35.7,17.9,10.6,10
6,1,26.8,28.5,148.4,9.01,18,25,50,42.8,29.5,8.33,6
9,4,28.9,17.1,162.7,9.89,18,25,77,24.8,17.3,8.56,9
8,5,15.1,24.7,154.9,7.82,18,25,47,10.0,27.4,5.88,8
9,10,25.7,31.9,133.7,7.71,18,25,30,14.3,36.8,3.33,9
6,2,38.8,16.2,158.7,9.63,18,25,72,39.1,19.5,12.0,6
8,7,33.6,31.0,162.6,9.77,18,25,58,17.8,37.0,7.25,8
9,6,35.4,24.8,110.5,7.96,18,25,49,17.6,24.3,5.44,9
10,7,27.5,25.7,142.5,9.5,18,25,86,18.0,25.0,8.6,10
6,6,39.0,20.7,159.6,8.64,18,25,40,18.0,25.0,6.67,6
6,1,22.3,22.6,144.9,9.62,18,25,46,33.8,20.0,7.67,6
6,3,28.4,19.1,155.8,9.58,18,25,52,25.0,22.4,8.67,6
8,0,17.6,27.8,168.9,7.33,18,25,59,44.6,28.6,7.38,8
9,2,21.8,22.0,165.0,9.38,18,25,92,33.3,30.2,10.22,9
8,7,33.1,20.5,152.7,10.18,18,25,59,20.7,15.6,7.38,8
4,6,30.2,20.2,136.5,9.22,18,25,30,17.4,19.3,7.5,4
7,3,31.9,18.8,161.9,9.22,18,25,75,27.3,15.9,10.71,7
6,6,34.7,23.7,137.5,6.39,18,25,53,18.5,25.2,8.83,6
8,5,27.8,24.7,157.2,9.65,18,25,59,15.5,24.7,7.38,8
5,6,33.8,35.5,141.5,11.3,18,25,30,17.4,36.2,6.0,5
6,4,32.2,23.2,134.0,8.54,18,25,72,27.0,21.8,12.0,6
8,2,23.0,15.0,148.2,9.07,18,25,71,28.7,12.0,8.88,8
9,5,26.7,20.5,131.6,10.31,18,25,73,19.2,24.0,8.11,9
8,3,15.0,18.8,130.3,9.21,18,25,67,21.2,20.3,8.38,8
7,4,32.5,25.9,166.8,11.12,18,25,68,21.3,27.6,9.71,7
8,4,16.4,31.3,164.8,8.88,18,25,63,20.2,31.1,7.88,8
8,1,32.7,23.9,173.8,11.02,18,25,85,64.9,22.3,10.62,8
8,2,21.7,25.8,133.6,10.87,18,25,62,28.3,23.7,7.75,8
5,5,32.4,21.5,153.4,8.07,18,25,46,15.7,25.5,9.2,5
8,6,25.2,19.3,156.1,10.47,18,25,55,14.0,24.9,6.88,8
8,3,31.6,23.8,151.0,8.17,18,25,84,29.4,18.5,10.5,8
7,3,32.3,23.3,189.0,8.41,18,25,69,22.9,24.5,9.86,7
8,4,20.5,33.6,157.7,9.28,18,25,54,14.0,32.8,6.75,8
8,10,25.0,26.5,154.1,8.37,18,25,69,12.2,24.7,8.62,8
6,6,21.6,24.4,159.5,8.02,18,25,54,13.5,24.5,9.0,6
8,5,31.7,23.2,146.7,9.92,18,25,55,17.5,20.3,6.88,8
7,3,31.9,28.3,143.3,8.24,18,25,83,31.6,34.0,11.86,7
9,6,30.8,25.6,152.0,11.06,18,25,80,20.4,30.3,8.89,9
5,3,21.3,23.5,151.2,10.13,18,25,46,21.5,19.7,9.2,5
9,2,27.3,15.0,166.5,9.67,18,25,125,48.8,14.8,13.89,9
6,4,29.0,28.4,145.1,10.07,18,25,37,24.0,24.8,6.17,6
10,7,22.5,15.0,103.7,10.14,18,25,83,16.4,18.5,8.3,10
8,6,27.3,22.8,134.4,8.94,18,25,58,21.6,18.6,7.25,8
8,8,24.0,24.2,153.8,11.36,18,25,58,11.7,26.2,7.25,8
7,7,29.4,31.4,140.5,8.63,18,25,56,18.0,30.1,8.0,7
8,6,34.7,18.5,152.4,9.46,18,25,96,20.5,16.7,12.0,8
6,4,20.6,25.1,148.1,10.12,18,25,67,17.4,27.9,11.17,6
9,5,33.9,21.1,144.2,8.93,18,25,99,24.6,24.5,11.0,9
8,3,26.3,15.1,147.0,9.88,18,25,105,35.6,22.9,13.12,8
7,1,27.3,18.5,165.0,11.67,18,25,88,65.9,23.2,12.57,7
8,2,36.2,15.0,165.7,9.37,18,25,115,53.7,12.0,14.38,8
10,5,17.0,24.7,165.6,10.3,18,25,87,10.2,22.5,8.7,10
9,10,24.1,24.7,137.3,12.44,18,25,52,14.7,25.1,5.78,9
6,4,23.4,20.1,162.7,10.07,18,25,44,17.3,23.0,7.33,6
9,4,24.6,16.8,118.5,8.37,18,25,80,20.7,16.6,8.89,9
6,7,36.9,25.5,139.6,11.33,18,25,57,22.8,26.9,9.5,6
6,7,19.7,25.2,141.5,6.89,18,25,37,11.1,32.6,6.17,6
10,5,22.3,19.0,137.4,10.66,18,25,73,22.4,24.6,7.3,10
8,9,40.1,22.2,155.1,5.53,18,25,68,22.7,27.2,8.5,8
10,1,36.2,21.9,151.8,10.59,18,25,105,75.9,12.0,10.5,10
7,3,23.2,18.6,139.1,10.27,18,25,72,23.5,15.0,10.29,7
6,4,20.1,21.2,160.4,9.93,18,25,34,13.5,25.0,5.67,6
7,7,28.6,23.2,142.7,8.77,18,25,60,20.9,22.1,8.57,7
7,3,26.7,22.5,154.6,8.2,18,25,48,17.1,19.3,6.86,7
10,6,31.1,24.3,127.8,9.9,18,25,70,23.9,29.0,7.0,10
9,0,24.1,15.0,138.7,9.83,18,25,101,68.9,12.0,11.22,9
10,1,22.4,27.8,102.1,8.97,18,25,66,51.0,33.0,6.6,10
10,3,32.1,23.2,138.9,9.5,18,25,79,25.2,21.8,7.9,10
8,8,28.9,15.0,129.7,11.57,18,25,56,14.9,16.3,7.0,8
9,8,22.3,17.9,158.0,7.71,18,25,79,10.0,15.9,8.78,9
7,7,23.3,18.6,136.5,9.05,18,25,49,13.3,23.2,7.0,7
10,4,26.2,15.0,128.0,9.18,18,25,108,24.7,12.0,10.8,10
10,4,30.9,24.4,170.0,8.08,18,25,74,16.4,22.0,7.4,10
9,10,41.4,20.9,148.0,9.54,18,25,84,19.3,20.1,9.33,9
6,3,23.5,29.9,151.5,9.86,18,25,43,17.5,33.8,7.17,6
7,4,26.6,20.1,150.4,10.62,18,25,43,18.4,19.9,6.14,7
9,4,35.7,25.3,132.8,9.09,18,25,88,27.4,29.3,9.78,9
9,4,20.8,27.6,170.8,6.67,18,25,105,22.2,24.7,11.67,9
10,3,24.3,32.2,157.0,10.37,18,25,107,29.5,37.3,10.7,10
8,9,36.0,29.0,166.4,9.66,18,25,57,16.1,34.9,7.12,8
7,5,33.0,21.8,128.9,8.46,18,25,67,23.8,18.5,9.57,7
7,5,32.2,28.1,154.8,9.74,18,25,58,24.8,27.8,8.29,7
6,3,22.4,25.5,173.0,9.28,18,25,47,14.3,27.1,7.83,6
8,2,40.2,25.1,150.6,10.13,18,25,70,36.1,22.9,8.75,8
10,3,31.4,23.1,133.4,9.9,18,25,100,35.6,30.5,10.0,10
9,3,22.1,22.7,145.6,10.33,18,25,87,21.5,17.3,9.67,9
7,3,22.3,32.0,151.8,11.34,18,25,64,17.9,33.9,9.14,7
9,8,39.1,27.1,160.5,9.88,18,25,61,27.0,35.0,6.78,9
8,6,22.4,20.9,124.2,9.74,18,25,50,18.9,19.0,6.25,8
8,7,28.2,20.2,164.7,7.64,18,25,77,13.5,17.3,9.62,8
9,3,26.5,20.6,148.1,9.27,18,25,86,31.6,19.6,9.56,9
10,4,22.0,15.0,139.4,10.99,18,25,99,28.4,19.3,9.9,10
6,6,25.9,21.9,143.8,10.89,18,25,36,17.5,15.8,6.0,6
8,5,20.8,26.1,142.8,8.91,18,25,46,16.1,27.3,5.75,8
5,8,27.7,20.8,149.9,8.87,18,25,30,10.0,24.3,6.0,5
9,3,22.6,26.0,134.9,7.65,18,25,49,18.6,18.9,5.44,9
9,8,22.8,27.4,130.7,10.41,18,25,73,17.4,27.0,8.11,9
9,4,23.1,25.9,119.0,9.84,18,25,66,16.3,21.9,7.33,9
8,6,24.5,17.1,159.8,9.86,18,25,88,17.7,17.3,11.0,8
7,3,28.6,22.8,148.7,9.99,18,25,67,20.4,22.3,9.57,7
8,2,24.2,29.1,158.2,9.7,18,25,69,27.8,30.7,8.62,8
7,5,31.0,24.9,164.3,10.25,18,25,76,23.0,27.3,10.86,7
10,7,23.0,37.3,157.0,9.86,18,25,64,21.8,40.5,6.4,10
10,2,19.1,20.6,138.4,9.21,18,25,81,36.2,18.1,8.1,10
9,4,31.4,21.5,147.6,9.36,18,24,95,22.2,26.3,10.56,9
6,3,33.2,22.3,172.6,9.18,18,25,76,32.5,21.8,12.67,6
7,1,22.2,31.3,163.4,8.93,18,25,63,47.9,26.0,9.0,7
6,6,33.9,20.4,161.7,8.95,18,25,61,15.2,29.1,10.17,6
8,3,33.1,26.0,145.7,11.91,18,25,70,31.1,24.5,8.75,8
10,4,28.3,20.5,131.0,9.18,18,25,86,28.0,19.0,8.6,10
7,4,29.0,21.6,142.3,8.81,18,25,55,19.3,19.7,7.86,7
9,4,28.7,21.1,182.5,10.23,18,25,85,25.9,22.7,9.44,9
10,5,32.6,23.7,161.6,11.04,18,25,107,29.3,17.4,10.7,10
5,1,33.3,16.9,130.8,9.64,18,25,76,58.5,18.1,15.2,5
9,6,23.5,26.1,148.0,9.51,18,25,39,14.1,22.5,4.33,9
4,7,25.0,25.8,154.5,8.82,18,25,30,12.4,32.3,7.5,4
9,3,24.9,31.9,135.9,10.03,18,25,83,26.1,24.0,9.22,9
7,8,24.4,24.6,151.7,8.93,18,25,52,11.4,26.7,7.43,7
8,3,27.1,28.4,121.6,9.03,18,25,74,25.1,25.9,9.25,8
7,5,27.6,25.1,161.1,9.76,18,25,71,17.8,27.2,10.14,7
8,3,24.5,15.4,137.1,8.42,18,25,61,20.7,18.0,7.62,8
9,4,32.2,26.2,140.1,8.91,18,25,81,25.8,30.9,9.0,9
10,5,31.4,20.8,138.7,8.74,18,25,78,25.2,19.7,7.8,10
10,4,15.0,25.5,158.2,9.8,18,25,86,19.3,21.5,8.6,10
6,4,24.8,25.1,123.8,11.11,18,25,34,14.2,25.7,5.67,6
7,5,29.8,24.2,155.6,8.69,18,25,64,16.9,20.2,9.14,7
7,4,25.0,28.2,154.0,10.35,18,25,46,18.5,28.0,6.57,7
6,2,28.0,19.6,125.8,10.02,18,25,42,22.0,17.0,7.0,6
7,1,33.7,30.0,165.0,10.51,18,25,81,62.7,32.9,11.57,7
7,3,22.7,31.9,168.3,7.88,18,25,77,24.5,30.5,11.0,7
8,4,16.9,26.5,129.8,10.01,18,25,58,16.2,23.8,7.25,8
8,4,15.0,25.4,151.4,9.09,18,25,72,13.2,26.2,9.0,8
7,6,29.0,17.9,127.3,8.51,18,25,59,12.3,17.7,8.43,7
9,3,21.4,16.7,143.6,9.32,18,25,104,32.6,18.9,11.56,9
9,5,27.0,28.3,179.8,9.55,18,25,95,23.5,33.6,10.56,9
7,6,27.9,27.3,123.2,9.71,18,25,46,12.1,20.7,6.57,7
8,6,29.4,20.5,149.7,8.5,18,25,62,21.2,21.6,7.75,8
7,7,38.8,26.0,140.6,9.38,18,25,48,17.7,20.4,6.86,7
7,1,24.6,20.6,116.7,9.6,18,25,46,39.5,12.2,6.57,7
10,4,28.4,26.9,133.9,9.46,18,25,87,23.7,29.4,8.7,10
8,6,32.3,35.9,155.0,11.16,18,25,37,17.4,33.6,4.62,8
8,4,30.9,15.4,169.5,8.83,18,25,81,20.9,15.4,10.12,8
7,4,25.0,19.3,182.3,10.66,18,25,70,20.3,14.9,10.0,7
9,8,21.5,19.6,150.0,11.2,18,25,71,16.1,20.2,7.89,9
9,3,27.5,26.2,130.8,10.21,18,25,65,24.5,24.6,7.22,9
8,7,24.1,15.1,149.4,11.85,18,25,59,15.6,14.3,7.38,8
9,7,35.2,22.0,156.2,11.36,18,25,72,24.7,24.5,8.0,9
9,5,31.1,27.7,169.1,8.19,18,25,92,26.5,22.7,10.22,9
8,2,27.9,24.6,133.3,9.74,18,25,65,27.3,26.9,8.12,8
9,3,18.1,18.7,113.6,8.07,18,25,62,20.0,24.1,6.89,9
7,3,33.5,20.2,156.5,9.84,18,25,55,22.1,21.9,7.86,7
8,4,28.2,28.7,137.8,8.63,18,25,56,20.7,27.8,7.0,8
9,4,28.0,18.7,158.2,8.53,18,25,95,25.3,16.4,10.56,9
8,6,22.8,20.2,155.9,10.32,18,25,70,17.2,20.8,8.75,8
9,5,21.7,15.0,113.6,9.74,18,25,64,14.2,22.2,7.11,9
8,1,37.7,25.9,141.7,9.85,18,25,89,68.5,28.8,11.12,8
7,5,28.3,21.6,125.8,9.78,18,25,47,16.1,13.1,6.71,7
10,6,27.8,24.9,122.9,10.44,18,25,71,18.7,26.3,7.1,10
6,6,27.8,26.3,155.9,9.56,18,25,40,11.9,29.7,6.67,6
8,1,29.6,23.0,145.9,8.81,18,25,102,74.0,23.6,12.75,8
10,1,24.7,23.5,161.4,8.54,18,25,95,66.7,23.1,9.5,10
10,9,34.4,24.7,129.0,10.41,18,25,77,23.3,23.4,7.7,10
10,2,31.6,18.1,142.1,9.25,18,25,104,42.8,19.9,10.4,10
9,1,27.1,24.8,137.0,9.33,18,25,69,56.1,23.8,7.67,9
7,6,28.0,15.0,167.2,9.12,18,25,66,14.2,17.9,9.43,7
7,4,27.7,25.1,163.1,9.74,18,25,63,19.5,26.5,9.0,7
10,2,31.2,30.1,146.5,10.79,18,25,80,34.9,29.6,8.0,10
9,4,39.4,17.8,159.3,10.12,18,25,115,32.1,16.8,12.78,9
10,4,30.7,25.6,129.1,9.35,18,25,86,25.2,31.1,8.6,10
10,3,30.2,20.0,151.3,8.64,18,25,110,34.3,25.7,11.0,10
9,9,38.5,20.2,140.2,10.32,18,25,79,22.3,24.8,8.78,9
8,2,30.9,23.7,137.9,10.13,18,25,58,30.2,23.3,7.25,8
8,3,25.8,20.2,135.5,11.76,18,25,73,21.1,22.4,9.12,8
8,4,28.1,24.4,121.6,9.72,18,25,51,16.7,30.5,6.38,8
8,3,28.1,15.0,149.9,8.06,18,25,88,31.1,12.0,11.0,8
8,3,40.0,24.2,147.5,9.08,18,25,85,35.1,25.6,10.62,8
8,8,26.3,23.8,141.4,10.06,18,25,53,14.9,22.9,6.62,8
9,6,32.6,20.8,162.6,8.7,18,25,71,22.2,18.0,7.89,9
9,7,31.8,24.4,137.1,8.58,18,25,81,18.4,26.5,9.0,9
6,1,24.3,15.0,148.9,9.7,18,25,68,51.9,15.5,11.33,6
8,0,23.4,23.5,151.1,8.56,18,25,79,57.0,26.5,9.88,8
8,0,26.0,22.5,161.0,10.18,18,25,63,48.5,28.6,7.88,8
9,4,25.7,24.4,137.6,8.22,18,25,83,23.2,28.1,9.22,9
7,4,36.3,25.8,140.8,9.99,18,25,62,29.2,21.9,8.86,7
7,4,32.9,25.2,144.5,9.65,18,25,64,18.8,24.3,9.14,7
8,5,31.1,21.7,149.1,9.53,18,25,60,18.1,18.0,7.5,8
7,4,34.7,25.2,113.7,9.14,18,25,44,14.6,20.5,6.29,7
9,6,15.0,18.8,109.8,9.06,18,25,83,16.8,18.8,9.22,9
8,7,15.0,19.3,136.8,8.06,18,25,51,11.0,28.9,6.38,8
7,8,32.1,24.8,169.8,10.58,18,25,79,16.9,25.4,11.29,7
10,8,34.0,28.8,159.5,8.47,18,25,83,12.1,28.1,8.3,10
7,10,30.6,23.1,147.5,9.6,18,25,38,19.4,28.8,5.43,7
7,5,36.7,21.4,119.7,9.13,18,25,57,23.6,21.3,8.14,7
7,5,16.9,36.3,149.4,8.42,18,25,41,13.6,30.1,5.86,7
7,4,26.5,17.9,141.3,9.62,18,25,62,22.2,13.8,8.86,7
10,3,24.7,27.3,131.2,9.83,18,25,85,24.6,27.8,8.5,10
6,6,32.4,21.4,144.4,9.16,18,25,61,14.1,26.2,10.17,6
7,8,22.5,15.0,125.0,8.9,18,25,44,16.0,18.8,6.29,7
5,2,33.3,21.9,167.3,7.68,18,25,60,35.2,19.1,12.0,5
6,7,27.2,16.4,170.2,9.35,18,25,66,10.6,17.8,11.0,6
7,6,26.9,15.0,131.8,9.31,18,25,65,15.1,15.5,9.29,7
7,2,27.9,15.0,173.1,8.8,18,25,111,43.2,14.1,15.86,7
6,5,22.6,22.7,120.1,9.18,18,25,35,15.0,13.7,5.83,6
8,1,30.0,16.7,143.1,8.89,18,25,85,61.3,14.4,10.62,8
9,6,30.9,18.1,140.7,10.17,18,25,77,14.1,19.9,8.56,9
7,7,31.2,19.6,150.6,10.57,18,25,42,19.4,18.7,6.0,7
9,3,21.7,16.7,151.3,10.97,18,25,90,24.8,12.0,10.0,9
7,4,32.1,17.0,152.9,10.37,18,25,65,21.0,22.6,9.29,7
10,4,35.7,23.1,122.9,8.78,18,25,81,28.7,26.9,8.1,10
9,3,37.6,24.0,144.4,10.44,18,25,90,36.4,29.8,10.0,9
10,4,34.2,28.5,140.9,10.76,18,25,103,24.9,38.2,10.3,10
7,4,22.3,23.5,176.6,8.94,18,25,72,20.3,25.9,10.29,7
7,9,35.5,28.7,176.5,8.73,18,25,56,13.2,24.7,8.0,7
8,8,25.8,20.2,144.9,9.35,18,25,74,17.2,20.5,9.25,8
7,7,30.5,21.9,107.7,10.44,18,25,38,13.7,20.4,5.43,7
6,4,16.7,21.0,138.9,9.22,18,25,32,10.0,27.9,5.33,6
7,4,18.4,34.3,131.2,8.65,18,25,41,10.0,29.0,5.86,7
10,6,30.9,21.8,139.2,11.04,18,25,92,21.8,24.3,9.2,10
7,7,21.2,15.0,143.4,8.71,18,25,59,10.0,18.7,8.43,7
6,5,30.6,26.3,159.7,9.77,18,25,37,17.4,27.9,6.17,6
9,8,25.4,23.6,131.2,8.57,18,25,64,16.7,24.0,7.11,9
9,2,38.2,20.4,147.4,10.41,18,25,84,40.4,20.2,9.33,9
10,2,31.6,24.0,154.0,7.96,18,25,99,46.0,22.0,9.9,10
7,5,26.1,26.5,149.2,10.09,18,25,50,14.1,32.4,7.14,7
7,2,19.8,21.2,153.3,10.05,18,25,65,31.5,17.0,9.29,7
10,4,23.4,26.1,165.1,9.56,18,25,116,28.7,18.5,11.6,10
7,3,19.0,19.1,145.1,11.04,18,25,41,15.8,18.0,5.86,7
9,3,18.9,21.0,151.3,8.83,18,25,99,26.6,18.2,11.0,9
8,3,21.9,15.0,151.5,11.48,18,25,73,22.1,12.0,9.12,8
8,7,26.6,21.3,134.5,9.67,18,25,65,13.3,18.4,8.12,8
10,5,37.1,18.7,156.2,9.98,18,25,106,26.4,14.9,10.6,10
9,6,31.6,26.7,136.4,10.1,18,25,84,21.4,28.3,9.33,9
9,5,21.9,31.6,125.5,9.62,18,25,67,20.3,26.0,7.44,9
9,9,27.8,19.1,155.1,10.74,18,25,66,12.6,16.1,7.33,9
9,9,25.7,20.9,134.4,8.04,18,25,73,13.1,25.3,8.11,9
8,5,23.0,25.8,132.2,9.86,18,25,47,18.3,28.4,5.88,8
9,5,22.2,15.0,148.2,8.62,18,25,96,20.8,21.4,10.67,9
7,5,24.5,17.6,158.0,10.31,18,25,62,13.7,22.4,8.86,7
7,6,19.8,26.5,154.4,8.71,18,25,60,14.1,26.8,8.57,7
10,7,24.1,31.8,152.8,10.34,18,25,102,18.6,30.9,10.2,10
7,9,25.2,17.3,125.9,10.97,18,25,62,13.3,16.5,8.86,7
8,3,30.8,19.2,119.8,8.9,18,25,93,29.4,23.8,11.62,8
9,1,27.2,29.6,113.6,8.69,18,25,81,59.6,31.2,9.0,9
9,3,29.6,21.5,153.6,8.64,18,25,75,26.1,24.2,8.33,9
8,8,23.1,15.5,163.6,8.64,18,25,67,16.4,21.9,8.38,8
8,7,32.1,17.7,141.1,10.38,18,25,67,20.4,12.0,8.38,8
8,4,26.3,20.2,172.6,10.54,18,25,58,17.1,19.2,7.25,8
10,4,33.1,22.0,127.9,10.92,18,25,85,30.1,21.3,8.5,10
8,2,34.0,15.0,143.0,10.2,18,25,93,38.2,12.0,11.62,8
8,3,15.0,24.6,135.4,9.14,18,25,75,14.1,25.6,9.38,8
8,5,32.8,26.0,143.3,10.04,18,25,77,21.9,27.9,9.62,8
7,6,36.5,15.8,133.5,8.76,18,25,45,15.1,15.8,6.43,7
6,4,18.7,19.8,139.5,9.08,18,25,67,17.5,27.1,11.17,6
7,6,37.3,25.1,113.8,9.73,18,25,74,25.9,23.2,10.57,7
9,5,34.8,22.9,165.2,11.71,18,25,68,24.2,22.0,7.56,9
8,2,24.7,19.5,150.4,9.34,18,25,94,36.9,19.6,11.75,8
8,5,26.1,18.8,130.8,7.03,18,25,60,19.2,20.6,7.5,8
5,7,34.4,16.9,165.8,10.05,18,25,55,18.2,17.1,11.0,5
8,3,37.2,27.2,157.2,10.54,18,25,103,37.0,32.6,12.88,8
8,2,29.1,27.2,137.4,9.49,18,25,78,36.9,29.1,9.75,8
8,2,23.2,27.9,159.1,11.07,18,25,78,33.6,23.2,9.75,8
7,1,35.0,21.2,116.8,9.6,18,25,69,53.3,21.8,9.86,7
10,9,33.9,25.9,126.8,8.68,18,25,42,15.0,26.7,4.2,10
7,5,27.4,20.3,142.6,9.51,18,25,55,18.2,27.0,7.86,7
5,4,17.4,15.0,140.3,8.12,18,25,30,12.3,12.0,6.0,5
8,4,33.4,28.2,156.5,10.11,18,25,71,27.2,25.8,8.88,8
8,5,39.0,17.3,168.5,9.28,18,25,95,23.0,29.2,11.88,8
9,4,39.6,18.0,120.4,9.33,18,25,77,25.7,15.7,8.56,9
8,1,26.0,15.0,157.2,9.3,18,25,73,54.8,12.0,9.12,8
6,5,29.9,15.0,127.2,10.41,18,25,41,16.0,13.5,6.83,6
9,7,29.4,20.4,120.1,8.23,18,25,60,14.6,14.4,6.67,9
7,1,32.2,19.9,122.3,8.94,18,25,59,46.9,22.1,8.43,7
8,5,30.2,15.0,133.3,9.37,18,25,70,19.5,12.0,8.75,8
6,3,32.3,15.0,124.7,8.49,18,25,62,21.2,17.8,10.33,6
8,3,25.7,15.7,143.6,9.1,18,25,101,27.6,13.2,12.62,8
9,4,26.0,26.3,141.7,10.92,18,25,65,15.2,28.2,7.22,9
7,5,37.8,24.6,163.2,10.15,18,25,54,23.3,24.9,7.71,7
7,2,37.1,21.9,128.1,7.88,18,25,70,34.6,18.9,10.0,7
6,5,17.9,27.9,157.1,9.0,18,25,44,12.1,38.0,7.33,6
9,6,34.3,24.9,169.0,9.52,18,25,94,27.0,27.1,10.44,9
7,4,31.7,19.0,122.6,9.14,18,25,51,23.1,15.2,7.29,7
6,5,28.1,23.5,139.0,10.66,18,25,40,14.9,24.2,6.67,6
10,7,29.2,20.8,151.4,9.04,18,25,82,19.5,23.7,8.2,10
7,6,25.3,28.1,135.7,10.76,18,25,46,10.0,29.0,6.57,7
9,2,27.4,22.2,159.1,9.06,18,25,119,49.4,24.0,13.22,9
7,3,30.5,16.9,142.4,9.13,18,25,75,30.5,19.8,10.71,7
7,8,21.2,23.0,178.3,9.02,18,25,72,10.0,23.9,10.29,7
10,2,39.1,22.9,152.8,10.77,18,25,98,43.6,26.5,9.8,10
7,4,34.4,21.9,171.5,11.58,18,25,77,25.9,25.1,11.0,7
9,2,33.9,21.9,120.5,9.5,18,25,81,37.0,20.9,9.0,9
8,4,23.0,15.0,136.7,8.35,18,25,75,22.9,12.0,9.38,8
10,1,35.5,20.2,156.9,10.31,18,25,124,80.0,27.1,12.4,10
7,3,17.4,21.1,131.8,7.89,18,25,59,16.7,20.4,8.43,7
10,5,19.0,31.9,142.7,10.6,18,25,68,15.0,34.4,6.8,10
7,4,33.1,19.2,143.1,9.82,18,25,59,22.4,18.9,8.43,7
8,4,24.5,15.0,142.4,9.93,18,25,71,22.8,12.0,8.88,8
6,8,35.3,25.3,164.1,11.13,18,25,38,17.0,26.5,6.33,6
9,3,24.7,17.9,120.6,8.95,18,25,90,23.0,21.1,10.0,9
7,4,26.5,15.6,138.8,8.65,18,25,42,17.9,14.2,6.0,7
10,4,31.7,24.2,133.0,9.82,18,25,96,28.8,28.9,9.6,10
7,2,22.7,27.4,155.0,9.02,18,25,62,25.4,30.8,8.86,7
9,2,34.0,19.0,143.0,8.82,18,25,105,44.5,13.0,11.67,9
7,4,30.4,15.0,157.0,9.45,18,25,73,25.7,12.7,10.43,7
8,5,31.8,30.0,166.2,8.61,18,25,70,24.7,29.5,8.75,8
8,8,20.7,23.4,159.0,9.74,18,25,74,16.3,22.8,9.25,8
10,5,30.3,28.6,150.6,7.2,18,25,81,19.1,32.5,8.1,10
9,3,32.5,21.5,147.5,10.75,18,25,90,34.5,18.1,10.0,9
7,6,25.7,26.3,137.4,11.07,18,25,61,14.0,23.3,8.71,7
10,2,29.8,15.2,115.5,7.46,18,25,98,40.3,13.6,9.8,10
10,10,26.7,15.0,162.6,9.62,18,25,70,18.6,12.8,7.0,10
8,9,26.6,20.2,133.8,9.34,18,25,62,15.9,16.5,7.75,8
9,4,25.6,24.1,154.1,11.18,18,25,75,21.1,27.3,8.33,9
7,3,32.4,19.1,138.7,7.9,18,25,62,26.3,16.9,8.86,7
8,5,27.5,24.4,153.3,10.35,18,25,64,18.6,25.2,8.0,8
8,3,32.3,15.0,140.7,9.56,18,25,95,35.0,17.6,11.88,8
9,1,24.5,24.8,159.6,11.01,18,25,95,65.2,18.4,10.56,9
8,2,33.1,20.7,155.2,8.62,18,25,90,42.5,22.7,11.25,8
7,6,36.4,25.6,175.7,10.02,18,25,58,19.2,26.5,8.29,7
9,10,35.5,15.0,165.8,7.67,18,25,79,14.0,20.8,8.78,9
9,4,19.8,23.9,146.5,9.12,18,25,104,20.7,23.5,11.56,9
6,5,37.6,21.2,153.7,9.7,18,25,87,21.0,19.7,14.5,6
7,2,20.6,24.4,139.8,9.25,18,25,48,24.6,20.8,6.86,7
9,3,33.5,15.0,147.6,9.83,18,25,101,32.3,17.7,11.22,9
9,6,27.6,24.8,174.7,10.5,18,25,80,21.1,21.2,8.89,9
8,3,29.0,28.0,163.8,9.51,18,25,78,30.5,29.0,9.75,8
10,7,19.7,29.8,138.9,10.02,18,25,83,11.7,28.5,8.3,10
8,5,31.1,23.4,125.7,9.21,18,25,71,21.0,21.6,8.88,8
8,6,26.5,22.9,154.4,9.48,18,25,63,20.1,25.0,7.88,8
8,3,24.5,15.0,149.0,7.68,18,25,71,25.2,13.8,8.88,8
5,7,31.8,18.0,132.9,9.8,18,25,30,15.2,16.3,6.0,5
9,3,27.4,19.9,150.5,9.45,18,25,99,35.8,19.9,11.0,9
8,5,27.1,22.0,109.9,8.68,18,25,67,17.2,22.6,8.38,8
8,2,25.8,25.7,136.7,9.15,18,25,82,34.5,21.4,10.25,8
9,3,37.6,22.5,139.9,10.26,18,25,80,29.5,21.8,8.89,9
6,3,37.8,27.3,125.4,9.67,18,25,66,27.8,16.4,11.0,6
7,1,32.4,20.2,157.5,8.31,18,25,87,64.1,20.5,12.43,7
10,4,27.7,19.5,163.2,9.82,18,25,101,27.2,20.4,10.1,10
7,2,33.1,22.8,144.9,12.33,18,25,75,32.3,23.4,10.71,7
9,4,23.3,19.0,142.2,9.66,18,25,60,15.7,21.8,6.67,9
7,7,35.5,19.9,147.6,10.66,18,25,84,19.5,19.7,12.0,7
10,5,30.8,19.5,137.1,7.59,18,25,69,22.9,22.4,6.9,10
9,7,24.9,19.3,154.8,9.16,18,25,88,25.0,18.5,9.78,9
8,6,29.0,27.2,160.6,9.56,18,25,60,17.2,28.3,7.5,8
6,4,30.7,27.3,142.3,9.64,18,25,60,19.5,26.5,10.0,6
10,6,19.3,26.1,160.9,9.65,18,25,92,15.9,25.7,9.2,10
5,4,34.2,16.5,135.3,10.78,18,25,47,19.1,18.9,9.4,5
8,5,29.4,34.4,143.4,10.05,18,25,74,23.0,34.3,9.25,8
9,7,25.1,25.3,148.2,9.39,18,25,64,10.0,34.6,7.11,9
8,7,20.4,23.4,135.3,8.97,18,25,52,14.4,26.6,6.5,8
9,3,20.6,27.1,133.7,9.85,18,25,72,16.1,27.2,8.0,9
9,4,16.1,15.0,129.1,10.59,18,25,72,18.1,14.3,8.0,9
9,6,27.5,20.7,147.4,11.33,18,25,79,20.9,15.8,8.78,9
9,5,27.9,25.1,173.9,10.37,18,25,88,22.9,21.6,9.78,9
10,1,30.7,24.9,134.9,8.97,18,25,94,68.8,30.3,9.4,10
8,7,27.2,15.0,141.0,9.24,18,25,67,18.7,16.1,8.38,8
8,3,39.9,19.9,121.3,8.71,18,25,50,29.0,21.7,6.25,8
8,4,29.6,22.3,140.5,7.5,18,25,70,19.1,18.8,8.75,8
10,5,33.6,18.8,139.8,8.45,18,25,98,26.7,15.0,9.8,10
9,1,25.3,26.2,133.8,10.24,18,25,72,52.4,24.4,8.0,9
7,4,27.9,29.8,155.0,9.19,18,25,51,20.9,32.2,7.29,7
8,7,27.3,16.7,112.8,9.93,18,25,45,17.2,17.4,5.62,8
8,6,35.6,19.1,158.0,9.72,18,25,71,20.0,18.3,8.88,8
9,3,38.1,27.0,167.8,10.83,18,25,82,36.0,24.8,9.11,9
5,10,32.5,22.8,125.7,8.67,18,25,30,20.0,24.9,6.0,5
10,2,16.1,23.1,126.2,9.05,18,25,74,26.8,21.5,7.4,10
10,2,20.9,25.4,118.2,9.69,18,25,82,37.3,23.6,8.2,10
10,4,32.2,23.4,115.4,9.97,18,25,95,23.8,25.1,9.5,10
8,3,23.2,24.5,184.4,9.82,18,25,91,27.3,23.9,11.38,8
9,2,16.3,15.0,139.3,9.38,18,25,57,25.5,21.1,6.33,9
8,1,33.7,25.5,150.9,8.72,18,25,90,62.4,29.6,11.25,8
7,6,41.2,21.9,148.2,10.6,18,25,72,24.8,24.0,10.29,7
10,5,25.3,20.2,156.2,9.01,18,25,89,18.0,14.9,8.9,10
8,7,18.8,18.1,123.7,10.01,18,25,45,11.0,19.1,5.62,8
9,7,29.4,21.2,165.6,7.62,18,25,76,14.7,20.9,8.44,9
8,1,33.6,27.7,157.0,10.03,18,25,76,60.4,32.4,9.5,8
9,1,35.8,24.2,133.9,9.4,18,25,95,67.8,24.9,10.56,9
8,0,45.4,15.9,145.4,10.5,18,25,118,80.0,23.0,14.75,8
8,3,30.2,15.0,153.1,9.26,18,25,71,23.1,15.9,8.88,8
7,0,38.5,17.6,120.1,10.06,18,25,94,66.9,21.7,13.43,7
10,4,27.0,29.2,143.7,9.16,18,25,67,20.6,31.2,6.7,10
8,3,27.1,17.3,131.1,11.3,18,25,88,26.5,18.5,11.0,8
8,1,24.8,29.5,158.0,10.28,18,25,90,61.3,31.6,11.25,8
5,4,29.6,24.6,173.9,9.67,18,25,51,23.7,22.4,10.2,5
9,2,42.9,15.0,129.7,8.35,18,25,89,49.7,12.0,9.89,9
6,2,27.3,19.5,150.7,11.06,18,25,69,32.0,19.1,11.5,6
10,5,18.9,21.5,119.7,11.08,18,25,68,12.3,23.9,6.8,10
8,2,37.6,20.5,165.6,9.79,18,25,86,43.4,22.3,10.75,8
6,7,26.3,20.7,137.9,11.35,18,25,42,12.6,24.9,7.0,6
9,3,34.5,23.9,127.9,8.34,18,25,91,29.1,24.6,10.11,9
8,4,30.6,27.1,149.4,10.41,18,25,72,23.8,25.4,9.0,8
8,5,34.3,26.8,138.1,9.5,18,25,61,22.2,36.5,7.62,8
8,5,33.0,26.2,130.0,10.02,18,25,75,16.5,25.5,9.38,8
9,6,23.8,21.3,164.3,10.12,18,25,76,13.0,36.6,8.44,9
8,5,27.4,25.8,146.5,10.13,18,25,87,21.5,26.0,10.88,8
10,8,27.5,15.0,144.5,9.87,18,25,82,18.1,21.2,8.2,10
8,2,37.0,22.7,149.1,10.3,18,25,79,35.0,18.5,9.88,8
7,4,28.7,15.0,133.4,9.67,18,25,65,22.7,25.4,9.29,7
7,9,25.3,27.6,163.6,9.82,18,25,31,10.0,38.9,4.43,7
7,7,27.8,31.6,148.4,10.59,18,25,41,14.7,35.0,5.86,7
8,5,22.7,21.9,141.7,9.2,18,25,53,17.4,21.0,6.62,8
10,5,21.8,26.0,168.3,10.98,18,25,96,16.4,25.2,9.6,10
8,4,24.9,23.4,108.8,9.71,18,25,63,22.2,25.2,7.88,8
8,5,15.0,24.0,148.6,10.69,18,25,69,14.7,17.7,8.62,8
8,5,19.1,16.8,145.5,10.13,18,25,62,12.9,23.6,7.75,8
10,4,28.4,22.3,173.1,8.45,18,25,98,26.3,18.1,9.8,10
8,3,25.1,19.3,142.2,8.99,18,25,63,19.4,17.5,7.88,8
6,2,17.4,31.1,150.0,8.59,18,25,46,12.6,29.8,7.67,6
8,5,29.2,16.5,141.0,10.31,18,25,76,21.4,14.7,9.5,8
8,1,15.0,21.0,161.6,9.71,18,25,94,59.1,21.7,11.75,8
7,5,20.5,23.5,157.2,9.27,18,25,56,15.6,24.0,8.0,7
5,6,23.2,25.3,144.2,9.85,18,25,30,17.0,30.1,6.0,5
7,6,26.0,15.0,162.3,10.68,18,25,55,16.5,18.5,7.86,7
8,2,15.7,22.0,182.1,7.74,18,25,87,32.7,22.3,10.88,8
8,3,37.2,29.9,145.4,10.97,18,25,74,27.5,35.1,9.25,8
10,3,28.3,21.8,160.9,10.76,18,25,96,35.2,23.0,9.6,10
8,7,21.5,18.9,143.7,9.23,18,25,50,13.7,22.4,6.25,8
7,6,35.6,15.0,128.0,8.02,18,25,50,17.7,12.6,7.14,7
7,7,40.6,15.0,147.9,7.36,18,25,84,24.8,14.5,12.0,7
10,3,26.0,16.1,170.4,8.97,18,25,111,30.1,15.1,11.1,10
6,3,23.3,26.8,140.2,10.58,18,25,30,13.8,30.9,5.0,6
8,10,42.0,19.9,133.4,10.19,18,25,62,20.4,24.9,7.75,8
7,7,23.8,23.0,175.3,7.51,18,25,30,13.7,21.1,4.29,7
6,5,30.7,25.1,125.0,9.27,18,25,43,15.7,27.8,7.17,6
9,3,21.9,15.8,151.0,8.08,18,25,86,26.2,22.1,9.56,9
10,3,27.6,32.0,148.7,7.61,18,25,90,31.8,38.8,9.0,10
6,5,24.8,26.1,120.9,9.72,18,25,30,10.8,21.1,5.0,6
8,6,31.7,19.7,147.7,11.4,18,25,81,19.8,25.6,10.12,8
6,5,31.1,19.1,174.3,9.23,18,25,65,18.2,12.0,10.83,6
7,3,33.4,16.3,166.2,10.79,18,25,82,27.5,12.0,11.71,7
7,7,24.9,22.6,154.5,8.84,18,25,63,13.9,20.5,9.0,7
10,2,25.9,22.2,143.5,8.98,18,25,95,37.5,24.7,9.5,10
7,1,16.3,30.3,139.4,8.68,18,25,53,37.9,29.6,7.57,7
8,2,21.4,27.9,130.6,8.79,18,25,61,24.8,27.6,7.62,8
10,6,26.4,15.0,164.4,9.92,18,25,94,25.1,17.2,9.4,10
9,3,21.4,23.7,118.0,8.08,18,25,82,27.2,20.6,9.11,9
9,5,17.7,19.3,167.4,8.54,18,25,83,18.4,18.2,9.22,9
9,4,21.3,18.7,171.9,9.23,18,25,91,24.4,14.9,10.11,9
10,2,31.0,26.3,160.4,10.62,18,25,98,43.2,23.6,9.8,10
9,2,19.9,17.4,127.7,9.61,18,25,78,31.6,16.3,8.67,9
8,6,25.8,19.1,138.4,8.76,18,25,53,11.0,22.3,6.62,8
8,4,26.8,22.3,123.3,8.85,18,25,61,22.5,22.9,7.62,8
9,0,16.3,16.8,150.9,10.49,18,25,88,58.6,12.0,9.78,9
8,6,31.4,15.7,123.6,10.33,18,25,64,21.2,21.9,8.0,8
8,6,27.8,20.0,168.2,10.97,18,25,78,25.8,24.0,9.75,8
9,6,39.0,19.1,138.0,9.5,18,25,79,23.4,25.4,8.78,9
9,3,28.2,23.9,157.2,8.0,18,25,82,25.1,27.0,9.11,9
9,8,34.0,20.5,146.7,11.66,18,25,92,18.2,20.7,10.22,9
9,9,20.5,22.5,131.1,11.49,18,25,63,12.9,24.3,7.0,9
7,7,23.9,23.8,114.6,8.33,18,25,30,12.9,25.8,4.29,7
10,5,30.5,20.9,146.5,9.87,18,25,91,25.4,21.5,9.1,10
9,4,27.2,23.0,155.8,11.32,18,25,89,29.7,21.9,9.89,9
7,5,22.5,21.5,136.0,8.87,18,25,38,14.1,27.6,5.43,7
8,1,31.0,23.0,134.3,10.61,18,25,66,49.7,26.9,8.25,8
10,2,26.4,23.3,162.9,11.08,18,25,98,37.4,25.5,9.8,10
7,3,22.4,25.9,140.9,10.68,18,25,57,21.7,27.0,8.14,7
10,4,29.0,31.8,156.5,10.55,18,25,82,25.5,33.9,8.2,10
6,5,23.9,20.2,154.8,10.1,18,25,53,18.9,24.2,8.83,6
10,6,22.5,27.9,129.4,8.77,18,25,77,16.0,31.7,7.7,10
6,3,28.7,27.8,151.5,7.93,18,25,50,21.2,29.7,8.33,6
9,6,27.1,27.5,126.0,9.67,18,25,87,23.2,32.4,9.67,9
8,5,23.8,22.9,140.3,9.24,18,25,44,18.9,25.2,5.5,8
6,5,29.9,15.0,150.3,10.31,18,25,46,20.2,12.2,7.67,6
7,10,16.4,23.1,137.9,11.49,18,25,43,10.0,27.3,6.14,7
9,2,31.3,18.7,155.3,9.27,18,25,112,46.2,20.6,12.44,9
9,5,30.9,16.0,126.4,10.95,18,25,73,21.9,16.6,8.11,9
8,4,27.1,26.4,133.7,9.34,18,25,80,22.5,24.0,10.0,8
8,5,22.1,22.8,162.7,9.55,18,25,70,18.3,27.0,8.75,8
7,2,33.6,22.2,126.4,9.48,18,25,74,32.0,27.4,10.57,7
8,9,32.1,26.9,143.5,7.03,18,25,57,10.5,29.1,7.12,8
9,3,26.3,24.8,135.9,8.52,18,25,51,20.6,27.5,5.67,9
9,5,31.0,32.5,151.1,10.45,18,25,73,27.7,32.1,8.11,9
8,2,33.0,21.5,136.8,9.3,18,25,82,30.4,27.7,10.25,8
9,3,31.2,28.6,138.0,9.92,18,25,73,28.5,25.2,8.11,9
10,5,29.4,20.0,171.0,10.33,18,25,98,26.0,19.2,9.8,10
6,2,24.6,28.9,137.2,9.28,18,25,48,29.5,29.9,8.0,6
8,3,30.9,26.3,142.8,9.21,18,25,72,22.1,20.0,9.0,8
7,2,35.0,28.6,115.6,10.92,18,25,82,38.2,30.5,11.71,7
7,4,25.6,16.9,156.5,9.59,18,25,73,18.3,18.7,10.43,7
9,2,26.7,23.2,153.5,7.75,18,25,93,35.9,22.1,10.33,9
7,4,28.0,22.3,163.7,11.02,18,25,66,18.5,16.4,9.43,7
6,3,29.4,21.5,130.2,9.56,18,25,67,28.4,31.5,11.17,6
9,5,20.7,22.4,149.5,10.19,18,25,46,14.3,25.4,5.11,9
10,3,24.5,24.5,153.3,10.33,18,25,104,27.4,20.1,10.4,10
10,4,21.7,19.1,134.3,10.06,18,25,86,21.8,21.9,8.6,10
8,7,35.3,18.2,143.1,8.1,18,25,61,18.6,26.6,7.62,8
8,2,26.5,16.8,148.1,9.25,18,25,77,34.5,18.8,9.62,8
7,4,22.0,28.2,133.3,8.4,18,25,73,18.4,32.1,10.43,7
9,2,31.5,32.0,156.7,10.49,18,25,62,29.9,34.6,6.89,9
10,6,28.6,23.5,114.8,7.87,18,25,87,20.2,19.5,8.7,10
8,1,23.5,21.4,157.7,10.6,18,25,78,54.8,26.8,9.75,8
8,7,24.4,15.1,161.1,10.18,18,25,77,18.0,22.9,9.62,8
9,6,25.5,27.0,149.7,7.9,18,25,59,14.7,28.3,6.56,9
7,5,20.8,25.3,149.2,7.99,18,25,55,17.9,25.4,7.86,7
7,1,15.0,15.0,164.5,9.83,18,25,46,35.3,17.9,6.57,7
8,4,21.5,30.7,147.9,9.13,18,25,49,16.4,38.1,6.12,8
9,6,34.9,17.2,149.9,10.43,18,25,110,23.8,12.1,12.22,9
8,6,27.0,17.9,125.3,10.66,18,25,73,26.1,20.5,9.12,8
10,8,33.5,17.4,159.0,11.15,18,25,94,21.7,21.7,9.4,10
8,7,40.3,17.6,132.0,9.79,18,25,90,22.0,24.4,11.25,8
5,3,34.5,19.1,144.9,7.93,18,25,34,19.6,19.2,6.8,5
8,7,24.1,17.5,135.0,8.86,18,25,73,16.6,16.3,9.12,8
8,3,24.1,21.4,111.8,9.41,18,25,50,19.3,29.1,6.25,8
9,7,18.3,28.8,127.2,11.69,18,25,51,21.9,30.5,5.67,9
10,4,32.0,18.4,132.9,10.96,18,25,98,31.0,18.2,9.8,10
8,4,19.3,17.2,140.0,10.24,18,25,81,21.5,16.6,10.12,8
7,8,27.2,24.4,154.0,9.94,18,25,57,18.4,19.7,8.14,7
9,6,21.4,17.1,140.7,7.03,18,25,68,20.3,24.6,7.56,9
8,7,26.2,25.2,156.4,8.05,18,25,58,13.9,25.2,7.25,8
9,3,26.0,20.1,143.3,8.64,18,25,103,31.3,20.5,11.44,9
10,4,32.3,28.1,140.3,8.65,18,25,118,33.6,26.8,11.8,10
9,4,21.2,19.0,116.1,10.69,18,25,80,23.3,18.9,8.89,9
10,4,31.4,33.8,153.5,9.18,18,25,94,27.6,36.0,9.4,10
8,4,25.9,15.8,114.4,9.36,18,25,52,19.1,17.0,6.5,8
9,4,26.2,23.3,130.8,10.64,18,25,80,23.5,24.2,8.89,9
9,4,16.1,16.3,158.0,7.17,18,25,73,17.3,18.9,8.11,9
10,5,27.0,28.5,165.7,7.87,18,25,96,20.4,34.8,9.6,10
8,2,17.8,22.0,163.6,7.65,18,25,71,30.8,24.4,8.88,8
7,3,29.8,25.4,133.2,10.57,18,25,74,27.8,24.2,10.57,7
7,3,24.3,22.1,152.1,10.03,18,25,74,21.0,27.2,10.57,7
9,9,25.7,22.4,139.2,9.52,18,25,64,14.3,24.3,7.11,9
7,6,37.7,21.9,138.8,9.97,18,25,71,27.6,24.0,10.14,7
7,5,32.6,24.6,135.8,8.87,18,25,47,15.3,32.8,6.71,7
6,3,34.4,29.8,161.3,8.77,18,25,54,23.1,26.6,9.0,6
8,3,19.6,29.5,138.0,8.27,18,25,73,21.5,30.9,9.12,8
10,3,26.0,20.7,145.8,10.64,18,25,108,34.4,19.7,10.8,10
7,1,22.8,19.4,128.8,10.59,18,25,52,42.0,20.9,7.43,7
9,6,32.8,30.1,185.0,9.63,18,25,100,19.4,27.1,11.11,9
10,5,39.1,18.2,154.3,8.44,18,25,125,31.8,15.7,12.5,10
9,6,31.2,22.9,146.5,8.56,18,25,79,18.0,22.9,8.78,9
7,5,37.4,20.8,140.1,9.86,18,25,56,23.1,24.8,8.0,7
9,2,27.7,26.2,147.5,10.71,18,25,65,26.1,27.3,7.22,9
7,4,34.3,15.3,132.4,8.87,18,25,87,29.0,16.4,12.43,7
8,3,15.0,26.8,157.2,8.16,18,25,51,14.6,30.1,6.38,8
6,3,33.0,20.4,119.5,7.2,18,25,59,24.4,21.3,9.83,6
9,2,18.9,22.4,114.7,8.55,18,25,60,28.5,27.7,6.67,9
9,5,21.9,21.5,191.8,9.63,18,25,80,17.7,26.6,8.89,9
7,4,30.2,25.5,145.0,9.65,18,25,64,20.0,24.9,9.14,7
9,6,21.9,28.0,136.1,8.82,18,25,78,15.7,27.1,8.67,9
6,2,32.0,20.7,159.6,8.25,18,25,42,22.2,17.3,7.0,6
7,4,23.3,21.9,140.0,9.86,18,25,52,18.4,20.3,7.43,7
7,5,30.3,21.1,148.2,10.56,18,25,49,17.9,26.0,7.0,7
8,3,31.2,17.7,114.4,8.58,18,25,69,27.4,20.9,8.62,8
8,5,31.8,17.3,111.3,9.77,18,25,67,20.8,15.6,8.38,8
9,8,32.1,16.9,142.6,11.12,18,25,73,13.2,13.1,8.11,9
9,4,29.6,15.0,145.2,10.4,18,25,82,25.8,17.8,9.11,9
10,2,25.7,16.0,159.3,9.85,18,25,114,40.3,14.2,11.4,10
5,9,22.1,18.1,160.2,9.13,18,25,30,10.0,18.9,6.0,5
8,7,23.2,21.1,159.1,9.25,18,25,75,17.4,23.8,9.38,8
8,1,28.5,17.3,157.8,8.61,18,25,99,69.4,12.0,12.38,8
5,7,23.3,21.7,134.4,8.96,18,25,48,18.1,24.8,9.6,5
7,5,38.4,17.3,150.6,7.44,18,25,75,27.8,17.2,10.71,7
8,2,23.9,24.0,162.9,11.53,18,25,85,35.1,15.3,10.62,8
7,3,32.3,15.0,151.9,10.18,18,25,81,27.7,16.6,11.57,7
10,8,25.6,19.1,126.8,10.63,18,25,95,12.9,16.0,9.5,10
8,7,27.0,15.0,166.9,9.27,18,25,54,16.1,14.6,6.75,8
10,3,39.6,28.0,117.5,11.87,18,25,81,29.5,28.9,8.1,10
7,5,21.4,18.2,157.3,8.6,18,25,37,17.3,12.8,5.29,7
8,4,29.0,16.2,142.5,8.83,18,25,83,24.2,12.0,10.38,8
5,8,28.5,23.3,145.6,10.14,18,25,30,11.3,26.5,6.0,5
7,6,33.5,28.2,171.4,9.74,18,25,70,18.8,27.5,10.0,7
7,6,21.9,18.7,151.8,10.43,18,25,52,14.0,22.4,7.43,7
9,3,21.3,26.0,138.2,9.09,18,25,80,22.7,31.8,8.89,9
9,3,25.5,19.1,169.3,8.55,18,25,82,27.3,22.5,9.11,9
8,2,23.5,23.1,151.8,8.22,18,25,74,25.9,21.5,9.25,8
6,6,31.8,23.9,177.2,9.39,18,25,37,20.9,16.7,6.17,6
8,1,34.5,28.9,155.4,9.27,18,25,88,73.1,29.1,11.0,8
7,3,28.1,19.0,165.1,8.82,18,25,60,22.3,29.0,8.57,7
8,4,26.5,23.4,157.6,9.82,18,25,74,19.5,21.4,9.25,8
9,4,22.8,33.7,146.8,10.15,18,25,88,25.4,41.6,9.78,9
7,6,28.2,21.3,164.8,9.37,18,25,72,18.8,21.5,10.29,7
7,1,31.5,17.3,127.2,10.43,18,25,82,61.8,12.0,11.71,7
9,8,24.3,23.1,151.8,10.1,18,25,51,14.1,30.1,5.67,9
7,5,24.4,20.8,163.3,9.66,18,25,64,16.6,19.4,9.14,7
7,4,31.6,21.2,174.0,10.02,18,25,67,24.6,23.8,9.57,7
7,4,32.8,17.7,172.0,8.48,18,25,74,18.7,20.5,10.57,7
9,5,27.2,21.0,153.8,10.41,18,25,69,19.5,14.6,7.67,9
7,4,18.9,20.9,131.8,9.69,18,25,41,13.6,16.3,5.86,7
5,4,23.7,20.1,145.7,9.95,18,25,39,12.2,18.5,7.8,5
8,7,35.4,15.0,144.1,6.39,18,25,76,19.0,19.0,9.5,8
8,4,30.7,27.5,123.4,9.03,18,25,54,20.3,29.0,6.75,8
10,3,29.5,20.7,136.8,9.95,18,25,93,29.7,23.1,9.3,10
10,6,33.4,17.7,148.6,10.07,18,25,97,23.7,18.4,9.7,10
8,5,17.0,19.3,148.2,8.91,18,25,70,15.1,22.2,8.75,8
7,4,26.1,26.7,146.2,10.49,18,25,49,18.8,29.1,7.0,7
7,5,26.4,17.7,150.2,9.51,18,25,59,20.6,16.4,8.43,7
8,5,22.7,19.6,145.0,10.59,18,25,72,22.7,13.6,9.0,8
8,1,41.0,19.8,121.7,9.24,18,25,88,66.5,21.5,11.0,8
10,1,29.6,22.8,116.2,10.34,18,25,76,55.1,27.0,7.6,10
6,4,26.5,20.3,121.9,10.74,18,25,46,15.5,12.0,7.67,6
8,2,30.1,22.9,129.6,9.39,18,25,74,30.0,24.3,9.25,8
9,3,21.9,24.2,156.6,9.76,18,25,98,27.0,31.7,10.89,9
6,3,31.0,24.1,149.3,9.43,18,25,59,21.6,26.7,9.83,6
7,1,34.9,17.6,139.7,9.76,18,25,77,63.2,14.9,11.0,7
10,5,29.5,24.1,146.5,9.65,18,25,103,27.9,28.1,10.3,10
9,5,30.2,16.1,157.3,12.13,18,25,79,26.1,14.4,8.78,9
8,7,16.0,23.2,153.0,10.51,18,25,70,11.0,27.1,8.75,8
9,3,30.9,24.0,129.0,9.34,18,25,73,28.0,28.8,8.11,9
10,3,40.2,21.4,143.4,11.01,18,25,100,38.1,23.2,10.0,10
8,8,24.8,22.5,147.3,9.42,18,25,38,16.4,16.7,4.75,8
6,3,31.6,24.5,157.7,9.14,18,25,39,21.3,20.9,6.5,6
9,5,32.4,26.6,153.4,8.9,18,25,83,24.6,32.2,9.22,9
9,6,24.1,20.4,142.4,10.59,18,25,91,20.5,20.1,10.11,9
8,4,33.2,21.2,164.7,7.35,18,25,84,29.6,21.1,10.5,8
6,5,35.4,29.2,125.3,9.81,18,25,37,20.2,38.5,6.17,6
10,1,27.0,16.4,131.7,11.15,18,25,113,78.2,23.6,11.3,10
8,2,31.0,27.0,138.5,10.81,18,25,79,38.2,29.5,9.88,8
8,5,28.0,19.6,139.5,9.72,18,25,73,14.3,23.4,9.12,8
8,7,34.9,22.1,138.3,9.75,18,25,50,16.0,26.4,6.25,8
8,1,26.4,17.3,123.9,9.58,18,25,73,59.2,18.0,9.12,8
7,7,28.1,16.7,123.6,7.78,18,25,49,13.7,18.5,7.0,7
7,4,16.8,17.7,139.8,8.31,18,25,57,16.0,18.6,8.14,7
7,2,15.5,15.0,125.6,9.44,18,25,54,23.2,12.0,7.71,7
8,7,26.2,18.2,157.8,9.22,18,25,35,12.4,22.8,4.38,8
7,8,23.4,16.4,157.1,7.85,18,25,82,16.6,13.5,11.71,7
9,9,26.5,19.2,145.6,9.27,18,25,46,14.0,20.3,5.11,9
8,5,26.1,18.9,122.4,9.3,18,25,67,19.0,20.6,8.38,8
9,10,27.5,15.6,159.3,10.5,18,25,75,14.3,13.3,8.33,9
9,3,30.2,23.6,124.5,9.63,18,25,75,23.1,28.1,8.33,9
7,2,15.0,15.0,126.4,9.42,18,25,61,23.4,12.0,8.71,7
8,4,31.0,16.1,134.5,9.32,18,25,73,26.8,12.1,9.12,8
8,4,24.7,23.6,151.7,7.79,18,25,85,19.1,21.9,10.62,8
10,5,26.1,15.0,149.0,9.44,18,25,95,24.9,18.8,9.5,10
8,4,38.6,26.3,166.6,8.43,18,25,67,25.5,25.8,8.38,8
7,4,16.3,27.2,130.9,9.45,18,25,54,18.1,27.3,7.71,7
6,2,24.1,18.7,124.6,9.78,18,25,33,20.0,19.2,5.5,6
7,1,29.6,31.0,144.5,8.82,18,25,70,57.4,30.2,10.0,7
8,4,30.3,25.0,146.6,11.01,18,25,74,25.8,26.0,9.25,8
9,2,26.4,26.0,167.6,8.47,18,25,99,41.8,22.5,11.0,9
6,4,33.4,29.2,150.4,8.07,18,25,64,20.8,36.8,10.67,6
9,1,29.2,19.3,151.5,8.44,18,25,84,61.6,19.2,9.33,9
9,5,27.6,21.6,156.2,9.56,18,25,74,23.8,32.5,8.22,9
9,1,28.0,21.4,126.7,10.25,18,25,83,60.7,26.3,9.22,9
6,8,33.4,27.0,144.7,7.78,18,25,30,13.8,25.5,5.0,6
8,5,16.7,28.3,143.3,7.69,18,25,62,14.9,29.7,7.75,8
8,3,22.7,30.5,142.9,9.26,18,25,56,17.0,33.7,7.0,8
7,4,26.4,25.2,132.4,9.39,18,25,71,21.2,24.8,10.14,7
8,4,32.7,23.8,134.5,9.39,18,25,74,21.6,29.5,9.25,8
6,3,39.4,21.0,137.9,7.19,18,25,51,30.9,25.5,8.5,6
8,8,22.5,28.6,156.1,10.44,18,25,34,13.2,29.0,4.25,8
9,3,37.5,21.5,151.4,9.23,18,25,97,37.5,26.6,10.78,9
9,4,23.3,20.2,148.2,11.09,18,25,74,19.3,21.0,8.22,9
8,4,25.5,20.6,156.3,10.42,18,25,67,16.4,24.3,8.38,8
8,4,22.5,22.6,162.1,7.68,18,25,72,21.0,25.1,9.0,8
6,4,16.1,23.3,132.9,10.34,18,25,30,13.9,25.7,5.0,6
7,6,32.7,22.0,156.3,8.76,18,25,65,16.8,24.0,9.29,7
10,8,32.8,19.3,141.1,11.2,18,25,85,20.2,17.7,8.5,10
7,5,29.0,15.0,170.6,8.8,18,25,67,17.3,13.7,9.57,7
5,2,33.3,21.7,143.7,10.9,18,25,75,34.5,27.5,15.0,5
7,5,31.3,15.0,148.3,8.71,18,25,59,20.9,13.9,8.43,7
6,2,27.8,19.2,143.3,10.28,18,25,56,24.9,19.4,9.33,6
7,6,27.0,17.8,156.5,10.45,18,25,79,22.2,12.6,11.29,7
8,4,29.6,16.2,166.0,9.63,18,25,72,24.4,12.0,9.0,8
7,7,33.9,30.6,129.5,8.99,18,25,44,18.2,34.9,6.29,7
10,5,29.0,19.6,132.4,9.75,18,25,85,21.7,21.3,8.5,10
7,5,27.4,21.8,157.7,10.39,18,25,66,21.1,20.1,9.43,7
8,5,23.1,27.4,142.3,7.6,18,25,55,13.0,34.4,6.88,8
5,4,17.4,27.1,143.4,9.88,18,25,30,10.7,26.6,6.0,5
7,4,17.6,24.1,133.9,8.64,18,25,66,17.2,31.1,9.43,7
9,4,16.3,15.0,143.9,10.96,18,25,77,19.9,21.2,8.56,9
8,4,32.2,23.4,165.2,8.47,18,25,61,18.1,23.8,7.62,8
10,3,28.2,23.6,160.9,10.89,18,25,114,37.8,23.8,11.4,10
4,10,27.9,18.3,141.8,9.04,18,25,30,11.0,21.3,7.5,4
8,1,28.5,16.2,147.1,7.49,18,25,87,64.2,30.2,10.88,8
9,5,30.4,22.5,139.7,8.8,18,25,93,17.5,19.8,10.33,9
9,3,15.0,22.7,136.6,10.04,18,25,101,25.7,27.0,11.22,9
8,3,20.3,32.6,156.7,9.59,18,25,63,23.8,29.8,7.88,8
8,6,39.2,18.2,138.0,9.73,18,25,75,24.7,14.4,9.38,8
5,6,27.4,22.1,160.7,9.35,18,25,30,10.0,18.7,6.0,5
8,4,25.3,25.5,144.3,10.2,18,25,54,18.6,28.2,6.75,8
10,3,35.7,25.0,143.4,8.73,18,25,85,31.0,18.0,8.5,10
8,4,23.9,25.7,124.8,9.43,18,25,51,14.5,25.9,6.38,8
9,8,30.1,22.2,162.9,9.22,18,25,88,17.2,18.1,9.78,9
8,2,32.7,20.0,160.2,10.63,18,25,103,46.4,26.9,12.88,8
8,5,30.2,24.9,161.2,8.06,18,25,73,18.9,29.2,9.12,8
6,3,24.7,25.9,151.9,10.14,18,25,57,16.6,27.6,9.5,6
10,4,27.2,24.6,151.0,9.89,18,25,79,18.5,30.9,7.9,10
7,4,26.9,15.0,118.1,9.68,18,25,66,19.0,21.3,9.43,7
8,4,24.9,24.8,158.8,8.05,18,25,79,24.3,21.5,9.88,8
8,8,27.3,26.4,153.3,10.37,18,25,54,15.9,31.0,6.75,8
6,6,22.9,26.0,150.0,9.79,18,25,56,13.2,29.9,9.33,6
9,3,25.1,26.0,123.5,8.91,18,25,82,22.4,23.9,9.11,9
6,3,27.1,23.2,167.5,9.25,18,25,56,23.6,21.7,9.33,6
7,7,31.6,16.2,144.5,10.36,18,25,49,22.7,13.8,7.0,7
9,5,26.3,24.9,163.3,9.65,18,25,93,19.7,27.5,10.33,9
7,4,23.3,15.0,129.6,10.51,18,25,30,11.3,16.6,4.29,7
10,5,22.8,21.8,143.8,10.01,18,25,74,18.8,20.9,7.4,10
8,4,20.5,19.9,135.0,8.18,18,25,51,16.8,20.7,6.38,8
5,4,32.1,29.3,111.4,8.18,18,25,30,15.9,30.1,6.0,5
8,6,25.0,27.4,142.1,9.3,18,25,69,12.7,33.5,8.62,8
10,8,38.1,20.3,141.7,9.75,18,25,101,19.6,17.1,10.1,10
8,4,31.2,15.0,177.6,10.5,18,25,86,20.6,22.7,10.75,8
6,6,25.7,25.6,160.6,10.12,18,25,48,18.8,25.3,8.0,6
7,4,30.0,19.1,163.9,10.23,18,25,94,28.6,18.2,13.43,7
9,4,33.0,21.6,124.5,8.75,18,25,83,27.5,24.4,9.22,9
6,4,25.6,27.3,133.9,10.46,18,25,44,14.9,26.1,7.33,6
8,3,27.6,23.2,148.4,10.5,18,25,90,26.3,27.6,11.25,8
7,3,29.2,22.8,153.4,10.11,18,25,76,23.0,28.4,10.86,7
4,4,42.7,26.9,113.6,10.46,18,25,30,23.0,30.7,7.5,4
8,7,19.1,21.4,163.2,10.97,18,25,62,19.7,22.5,7.75,8
8,2,38.7,35.0,158.5,9.69,18,25,81,42.3,38.5,10.12,8
9,6,34.7,20.8,148.0,9.97,18,25,64,19.2,21.2,7.11,9
7,1,30.4,15.0,155.0,8.64,18,25,83,61.1,13.9,11.86,7
10,3,15.0,21.6,138.9,7.7,18,25,56,19.5,18.9,5.6,10
6,3,24.7,26.2,146.6,10.42,18,25,45,21.6,28.6,7.5,6
8,6,26.8,20.6,146.4,8.55,18,25,71,20.8,21.1,8.88,8
7,3,26.6,19.4,150.4,9.13,18,25,69,19.0,23.3,9.86,7
8,3,23.2,25.1,144.9,9.73,18,25,74,22.9,24.2,9.25,8
8,9,29.0,25.0,170.8,8.07,18,25,66,22.5,23.4,8.25,8
9,5,27.2,23.8,157.2,10.18,18,25,79,24.1,24.4,8.78,9
10,6,31.2,15.0,119.1,10.33,18,25,96,23.7,20.4,9.6,10
9,10,33.3,23.1,155.0,10.22,18,25,75,20.2,26.0,8.33,9
8,2,15.4,21.7,144.2,9.07,18,25,79,26.7,25.4,9.88,8
8,2,16.8,25.3,135.5,10.65,18,25,74,26.8,25.2,9.25,8
8,3,29.2,15.0,157.6,9.64,18,25,68,20.6,12.1,8.5,8
9,2,17.8,22.6,157.7,9.06,18,25,90,36.7,20.9,10.0,9
8,8,30.9,28.5,146.3,10.5,18,25,47,14.6,34.1,5.88,8
9,2,19.1,24.5,137.9,10.11,18,25,81,34.2,28.9,9.0,9
10,1,39.2,25.6,147.2,6.09,18,25,101,78.9,19.8,10.1,10
8,6,20.0,21.2,155.3,8.09,18,25,69,18.4,23.7,8.62,8
8,6,32.1,15.8,150.8,8.91,18,25,85,19.5,22.8,10.62,8
9,3,33.3,15.6,125.3,7.4,18,25,69,25.2,20.0,7.67,9
8,5,17.1,22.0,148.5,9.87,18,25,55,16.3,23.4,6.88,8
7,2,24.5,31.8,117.7,9.41,18,25,64,27.0,29.4,9.14,7
6,1,15.0,15.0,143.7,9.93,18,25,63,42.9,12.7,10.5,6
9,4,29.9,15.0,137.0,10.66,18,25,97,29.6,20.1,10.78,9
9,3,29.1,15.0,156.5,10.01,18,25,89,27.8,12.0,9.89,9
8,3,28.0,18.4,155.6,8.63,18,25,48,18.1,15.0,6.0,8
9,8,32.3,16.8,149.4,9.63,18,25,93,18.3,16.3,10.33,9
6,5,33.1,27.9,145.6,10.36,18,25,46,17.7,27.7,7.67,6
9,7,36.4,16.1,155.8,12.55,18,25,103,19.6,16.6,11.44,9
10,4,33.3,22.6,137.3,8.53,18,25,91,26.6,25.5,9.1,10
7,8,40.2,20.2,143.7,10.96,18,25,70,18.7,19.1,10.0,7
10,3,36.1,26.8,133.1,9.37,18,25,98,31.4,20.7,9.8,10
8,5,28.9,24.4,140.4,9.89,18,25,69,20.6,25.1,8.62,8
9,5,32.8,15.0,165.1,9.23,18,25,77,24.8,26.4,8.56,9
8,5,27.0,22.0,137.7,9.35,18,25,87,20.8,23.3,10.88,8
9,1,30.5,29.5,137.6,10.3,18,25,97,73.9,35.5,10.78,9
10,5,22.1,16.8,162.3,10.36,18,25,84,19.6,14.1,8.4,10
8,4,15.0,24.7,117.9,10.1,18,25,76,16.7,22.8,9.5,8
7,6,34.3,24.3,154.5,10.63,18,25,61,21.1,22.6,8.71,7
8,9,29.9,26.2,153.2,9.8,18,25,40,16.0,27.1,5.0,8
6,6,28.3,21.9,147.5,8.73,18,25,54,17.3,24.3,9.0,6
8,5,24.4,17.1,151.4,8.9,18,25,58,18.4,16.4,7.25,8
7,5,25.8,23.0,159.8,11.01,18,25,50,15.7,23.9,7.14,7
8,9,25.6,27.4,147.5,7.81,18,25,78,14.8,27.6,9.75,8
9,4,20.1,18.9,127.2,10.24,18,25,75,19.3,17.7,8.33,9
5,10,32.4,23.8,166.9,9.48,18,25,47,14.0,21.0,9.4,5
7,2,31.1,22.0,138.7,8.29,18,25,43,28.2,29.3,6.14,7
10,6,28.9,22.9,163.9,8.64,18,25,70,23.5,25.7,7.0,10
7,6,26.1,19.3,163.6,9.14,18,25,61,15.4,21.0,8.71,7
8,5,25.7,23.6,137.6,10.99,18,25,99,24.8,27.4,12.38,8
10,5,20.4,25.8,146.6,8.47,18,25,59,11.9,30.6,5.9,10
5,1,31.6,17.3,154.6,11.08,18,25,63,52.7,20.1,12.6,5
7,3,21.5,30.9,117.2,10.73,18,25,69,26.2,35.1,9.86,7
8,2,26.3,17.8,141.0,9.42,18,25,56,25.8,27.1,7.0,8
9,3,20.0,21.7,123.3,9.74,18,25,81,25.8,22.4,9.0,9
9,3,36.8,28.1,151.0,11.13,18,25,86,26.8,28.2,9.56,9
8,4,39.8,15.5,114.0,9.03,18,25,75,30.0,20.5,9.38,8
8,5,18.0,28.4,170.0,10.34,18,25,61,13.5,30.7,7.62,8
7,3,16.2,29.2,145.6,11.4,18,25,30,11.5,29.1,4.29,7
6,6,30.3,30.0,133.9,8.56,18,25,41,18.2,21.5,6.83,6
10,5,37.0,15.0,136.3,8.99,18,25,94,26.9,12.0,9.4,10
9,3,26.4,21.8,139.4,8.56,18,25,76,28.7,29.1,8.44,9
7,5,29.2,15.0,126.7,10.3,18,25,58,16.5,21.7,8.29,7
8,3,30.0,19.9,150.6,9.85,18,25,80,31.1,12.0,10.0,8
9,3,34.9,20.5,126.2,8.15,18,25,71,28.0,23.5,7.89,9
7,3,28.6,30.1,137.9,9.73,18,25,55,24.2,28.0,7.86,7
6,5,25.0,21.9,162.0,9.43,18,25,44,20.4,20.6,7.33,6
8,3,15.0,24.9,148.7,8.06,18,25,46,14.2,24.0,5.75,8
10,4,16.6,15.0,137.0,7.86,18,25,79,17.5,12.0,7.9,10
5,4,23.4,25.9,120.8,9.16,18,25,30,12.7,21.7,6.0,5
9,5,35.5,17.3,181.1,9.26,18,25,57,20.0,14.6,6.33,9
7,3,27.5,31.9,140.0,10.16,18,25,57,28.5,25.3,8.14,7
10,2,23.9,17.5,149.3,8.27,18,25,97,40.7,19.7,9.7,10
9,0,28.6,19.6,137.9,10.07,18,25,105,71.1,16.2,11.67,9
10,3,29.7,30.4,140.5,9.76,18,25,97,30.8,41.6,9.7,10
7,5,32.5,22.4,151.2,10.05,18,25,82,24.0,28.5,11.71,7
10,6,29.7,22.6,145.3,9.29,18,25,82,18.2,22.5,8.2,10
7,3,19.2,30.0,129.0,10.08,18,25,37,10.7,29.9,5.29,7
8,4,26.3,33.5,156.5,9.18,18,25,54,17.3,35.5,6.75,8
7,5,31.8,19.5,150.5,7.79,18,25,67,25.0,14.3,9.57,7
5,3,25.7,27.7,148.1,10.15,18,25,30,17.5,24.6,6.0,5
9,10,15.6,36.9,151.2,9.66,18,25,30,10.0,42.1,3.33,9
8,7,29.7,24.5,151.5,12.55,18,25,59,17.6,35.6,7.38,8
6,5,37.1,22.8,179.5,10.13,18,25,64,25.8,24.2,10.67,6
8,9,29.1,20.4,146.3,8.57,18,25,55,12.5,14.9,6.88,8
7,4,32.3,19.4,126.9,10.27,18,25,68,26.4,15.6,9.71,7
5,4,32.3,28.2,134.2,9.52,18,25,44,18.9,25.1,8.8,5
6,4,38.8,21.3,143.1,9.52,18,25,67,28.7,17.0,11.17,6
6,3,23.5,31.0,161.6,10.36,18,25,47,19.4,31.9,7.83,6
6,7,31.5,21.6,180.3,10.54,18,25,40,17.2,21.0,6.67,6
8,5,28.2,15.0,153.5,8.44,18,25,80,20.9,25.4,10.0,8
5,3,28.0,26.0,128.8,9.66,18,25,30,15.4,21.8,6.0,5
9,3,29.1,22.6,142.4,10.93,18,25,86,29.9,17.4,9.56,9
8,3,24.1,27.6,124.9,8.21,18,25,53,17.5,28.3,6.62,8
10,5,19.2,18.4,157.6,9.35,18,25,66,15.3,19.4,6.6,10
6,3,15.0,30.5,159.3,10.46,18,25,33,12.7,27.9,5.5,6
10,5,27.1,28.3,138.2,10.21,18,25,80,18.4,22.9,8.0,10
8,6,26.4,18.9,119.1,9.67,18,25,85,11.9,19.2,10.62,8
6,1,33.9,23.9,147.6,8.57,18,25,53,43.4,21.6,8.83,6
10,9,24.8,27.2,151.6,8.25,18,25,80,12.0,25.1,8.0,10
9,10,24.6,31.0,161.0,9.94,18,25,69,12.3,33.2,7.67,9
7,6,27.4,20.1,159.8,9.28,18,25,98,19.0,20.1,14.0,7
8,5,22.3,17.3,146.7,9.67,18,25,71,19.3,20.0,8.88,8
8,3,19.0,22.0,156.2,8.95,18,25,89,23.1,24.9,11.12,8
5,6,18.6,19.7,142.7,9.2,18,25,42,12.7,19.1,8.4,5
10,4,20.1,24.5,160.4,9.73,18,25,59,17.6,23.6,5.9,10
8,2,24.3,20.7,150.2,10.17,18,25,68,29.2,19.1,8.5,8
6,6,27.0,29.3,142.1,9.93,18,25,42,13.9,32.9,7.0,6
7,5,24.1,15.0,157.9,8.57,18,25,68,20.9,12.9,9.71,7
8,2,34.7,25.6,132.6,9.75,18,25,81,38.8,14.2,10.12,8
9,3,30.7,28.6,149.7,10.2,18,25,89,30.4,26.2,9.89,9
5,2,30.4,18.2,120.5,8.24,18,25,45,26.1,12.0,9.0,5
10,4,29.5,21.4,121.1,9.65,18,25,90,23.5,19.3,9.0,10
5,7,28.9,27.5,146.1,8.96,18,25,30,14.4,25.5,6.0,5
10,2,32.7,16.1,135.6,9.94,18,25,92,40.3,12.1,9.2,10
6,4,31.4,21.8,130.7,8.98,18,25,63,21.5,18.5,10.5,6
10,4,35.5,21.1,153.3,8.92,18,25,86,25.9,22.9,8.6,10
9,9,29.9,33.7,141.6,9.54,18,25,72,13.5,32.1,8.0,9
10,2,15.0,24.3,126.2,10.54,18,25,84,28.9,22.7,8.4,10
5,6,42.0,22.1,127.9,9.38,18,25,68,19.9,16.6,13.6,5
6,3,36.1,24.1,127.7,9.28,18,25,49,22.5,22.3,8.17,6
5,7,29.8,21.7,156.9,9.11,18,25,35,11.3,20.1,7.0,5
9,2,36.1,31.4,144.0,10.72,18,25,84,33.6,28.0,9.33,9
9,5,27.7,17.4,163.9,9.42,18,25,92,23.3,20.4,10.22,9
10,8,30.2,20.6,141.3,9.2,18,25,87,14.3,16.7,8.7,10
8,2,29.9,21.8,129.4,9.19,18,25,71,33.2,31.9,8.88,8
5,5,31.0,26.8,174.2,9.63,18,25,77,20.6,34.9,15.4,5
8,1,30.2,22.0,146.2,6.9,18,25,100,75.5,24.1,12.5,8
6,3,28.3,27.9,159.5,10.91,18,25,36,22.3,21.2,6.0,6
8,2,26.3,15.0,136.1,9.67,18,25,95,39.8,20.2,11.88,8
10,5,42.0,24.4,142.8,10.45,18,25,115,32.0,27.1,11.5,10
8,2,42.4,23.7,136.4,8.73,18,25,79,40.2,29.6,9.88,8
7,8,33.3,33.6,133.7,9.5,18,25,51,15.1,34.2,7.29,7
7,6,31.3,23.6,130.0,10.07,18,25,71,18.6,24.6,10.14,7
6,4,24.7,18.3,132.2,9.31,18,25,46,18.5,18.7,7.67,6
7,5,25.5,15.0,153.4,9.24,18,25,49,19.3,12.1,7.0,7
5,1,28.6,23.4,167.3,10.75,18,25,81,55.8,24.6,16.2,5
9,2,25.6,17.7,134.0,9.71,18,25,74,29.2,17.0,8.22,9
9,2,30.6,28.8,168.2,8.56,18,25,109,41.7,25.3,12.11,9
7,7,26.3,20.6,122.0,8.19,18,25,52,13.6,18.4,7.43,7
7,2,32.2,27.8,133.8,8.9,18,25,74,36.4,30.3,10.57,7
8,2,35.4,23.1,150.7,9.07,18,25,92,40.5,28.8,11.5,8
9,8,31.4,29.3,159.2,9.17,18,25,75,17.0,29.8,8.33,9
10,8,18.1,21.2,118.8,8.95,18,25,85,10.4,20.3,8.5,10
8,4,22.0,15.0,144.6,8.84,18,25,59,18.5,12.0,7.38,8
9,1,23.1,19.8,167.1,10.38,18,25,87,61.6,12.7,9.67,9
8,3,34.2,25.6,146.6,9.43,18,25,75,25.0,32.6,9.38,8
10,6,30.5,17.4,147.6,8.69,18,25,94,18.5,20.8,9.4,10
8,3,30.0,22.4,121.4,9.11,18,25,68,28.4,25.7,8.5,8
7,6,38.9,15.8,155.2,9.4,18,25,66,21.9,12.0,9.43,7
9,3,27.4,20.0,135.1,10.36,18,25,83,25.4,18.3,9.22,9
7,3,28.0,24.2,124.6,7.47,18,25,74,25.8,24.7,10.57,7
10,2,30.8,28.1,146.9,8.37,18,25,91,39.3,26.3,9.1,10
10,4,33.4,26.8,148.9,8.52,18,25,87,26.5,27.8,8.7,10
9,6,15.5,23.8,141.4,9.73,18,25,50,10.0,31.9,5.56,9
7,4,22.6,21.7,132.5,10.27,18,25,47,15.5,20.5,6.71,7
9,4,27.0,21.0,155.5,7.65,18,25,82,20.0,22.7,9.11,9
9,6,28.2,28.1,144.6,8.0,18,25,74,18.1,30.0,8.22,9
8,6,23.4,26.8,142.4,9.01,18,25,55,14.3,27.7,6.88,8
9,7,24.1,23.1,151.1,9.91,18,25,87,11.6,24.4,9.67,9
7,8,34.8,24.0,151.7,10.59,18,25,61,23.5,23.4,8.71,7
10,7,22.2,27.2,148.8,11.26,18,25,83,12.7,30.7,8.3,10
8,2,26.4,22.8,164.9,9.15,18,25,93,32.2,18.1,11.62,8
9,5,29.7,20.6,141.8,10.51,18,25,77,23.1,22.7,8.56,9
7,2,25.8,24.3,150.9,9.68,18,25,85,36.5,27.3,12.14,7
8,6,25.2,19.5,157.8,9.1,18,25,43,17.3,16.9,5.38,8
9,2,28.0,26.9,151.0,8.76,18,25,110,45.1,28.1,12.22,9
8,9,23.7,25.3,143.8,10.02,18,25,35,10.0,30.7,4.38,8
8,3,21.9,22.3,110.1,11.16,18,25,70,28.0,23.9,8.75,8
10,6,24.1,18.0,132.8,8.13,18,25,75,17.4,14.1,7.5,10
8,9,24.5,19.6,149.7,9.14,18,25,36,15.6,17.5,4.5,8
9,3,33.4,15.0,129.6,9.57,18,25,77,30.1,17.3,8.56,9
9,6,30.7,24.6,160.3,10.07,18,25,112,26.5,24.5,12.44,9
8,3,32.7,26.6,143.4,7.87,18,25,78,30.7,29.6,9.75,8
6,6,28.3,23.2,149.2,8.62,18,25,33,16.2,20.8,5.5,6
8,5,32.2,25.4,167.5,10.8,18,25,81,23.1,34.2,10.12,8
10,2,31.6,18.1,183.4,8.99,18,25,120,49.0,12.1,12.0,10
8,10,26.4,20.6,139.6,9.18,18,25,72,14.1,21.9,9.0,8
6,4,24.0,23.3,147.6,8.47,18,25,86,24.0,25.0,14.33,6
7,2,37.1,24.5,155.1,9.36,18,25,71,33.6,26.1,10.14,7
8,3,34.9,28.8,149.2,10.29,18,25,63,25.8,26.4,7.88,8
8,0,28.3,19.7,155.7,8.31,18,25,76,60.5,21.6,9.5,8
8,6,18.0,21.5,124.3,8.77,18,25,54,10.0,13.7,6.75,8
9,4,30.4,17.6,163.5,8.86,18,25,100,24.5,14.0,11.11,9
9,5,18.9,19.8,117.4,10.47,18,25,72,14.2,24.3,8.0,9
10,4,25.6,25.7,122.1,10.31,18,25,79,25.4,24.5,7.9,10
8,4,32.3,23.9,142.8,8.6,18,25,78,22.4,23.9,9.75,8
9,5,25.3,25.1,156.5,9.87,18,25,85,24.5,20.1,9.44,9
7,6,36.8,20.6,182.2,10.4,18,25,69,24.6,25.6,9.86,7
8,3,20.2,17.8,139.4,11.08,18,25,84,24.9,21.3,10.5,8
7,3,30.4,22.0,145.3,8.41,18,25,88,27.0,25.8,12.57,7
9,8,25.9,23.8,148.7,9.46,18,25,98,20.9,28.0,10.89,9
7,4,30.9,21.2,124.2,9.07,18,25,71,24.0,27.5,10.14,7
6,4,28.0,24.6,151.1,10.2,18,25,53,13.5,27.4,8.83,6
10,1,29.8,20.4,150.7,9.23,18,25,100,72.8,24.6,10.0,10
9,3,24.8,22.8,144.0,9.23,18,25,90,27.8,27.6,10.0,9
10,6,27.1,26.4,140.0,8.3,18,25,82,19.1,17.5,8.2,10
10,1,15.8,17.3,156.3,10.17,18,25,68,39.7,12.0,6.8,10
8,4,32.2,29.8,128.3,10.83,18,25,89,24.8,30.1,11.12,8
7,5,24.1,18.5,150.1,7.25,18,25,63,19.9,20.7,9.0,7
10,6,33.2,25.1,147.4,9.83,18,25,101,25.9,27.7,10.1,10
7,3,24.1,20.9,143.5,8.4,18,25,38,19.5,20.8,5.43,7
10,7,23.2,29.5,140.1,8.74,18,25,94,20.5,29.6,9.4,10
9,5,36.1,15.9,134.8,9.54,18,25,91,33.7,22.2,10.11,9
5,5,46.4,23.4,151.9,8.65,18,25,69,23.1,18.2,13.8,5
7,6,26.3,20.8,146.3,8.54,18,25,55,13.2,19.6,7.86,7
8,6,36.2,19.0,140.4,9.84,18,25,60,16.6,18.9,7.5,8
8,3,29.6,15.0,174.4,10.53,18,25,101,33.8,15.5,12.62,8
10,5,24.0,17.1,148.2,10.13,18,25,93,20.0,14.9,9.3,10
9,8,28.7,19.1,154.7,8.89,18,25,62,13.6,23.7,6.89,9
7,6,28.0,18.2,146.3,9.31,18,25,59,17.0,19.4,8.43,7
7,3,32.3,16.2,146.5,9.17,18,25,57,27.4,16.5,8.14,7
7,3,20.9,32.4,130.7,9.82,18,25,44,15.0,32.9,6.29,7
8,6,30.8,17.6,156.8,9.12,18,25,100,19.7,12.0,12.5,8
6,8,30.9,21.5,158.6,10.4,18,25,40,13.7,17.5,6.67,6
9,7,25.3,18.3,138.5,9.19,18,25,81,14.6,14.3,9.0,9
7,5,47.6,20.4,143.0,8.45,18,25,78,28.8,25.7,11.14,7
8,4,27.3,18.3,146.1,9.82,18,25,81,16.0,16.5,10.12,8
8,2,18.5,16.0,155.3,11.13,18,25,86,35.5,14.5,10.75,8
7,4,36.3,29.8,139.6,8.55,18,25,55,25.1,34.0,7.86,7
9,3,29.1,18.2,136.4,9.1,18,25,91,33.1,12.0,10.11,9
9,7,23.4,15.0,134.1,11.39,18,25,94,18.3,12.0,10.44,9
9,4,43.3,28.4,124.7,9.46,18,25,84,32.1,30.3,9.33,9
5,7,30.3,28.3,127.3,10.01,18,25,34,12.7,27.3,6.8,5
9,4,31.6,21.0,167.3,8.97,18,25,96,21.9,19.9,10.67,9
7,1,30.4,29.3,127.2,10.2,18,25,64,51.0,30.7,9.14,7
7,5,15.0,22.9,165.8,8.75,18,25,52,15.0,21.5,7.43,7
10,6,28.0,24.2,168.9,8.61,18,25,80,18.7,19.1,8.0,10
8,6,26.5,20.0,141.5,11.19,18,25,84,19.4,16.7,10.5,8
7,9,33.8,20.5,162.7,10.19,18,25,78,21.5,22.3,11.14,7
8,5,15.8,18.3,144.9,8.98,18,25,45,11.0,13.2,5.62,8
10,5,32.7,21.3,146.4,10.6,18,25,91,25.6,25.0,9.1,10
7,6,25.8,24.2,107.9,9.19,18,25,34,10.0,30.1,4.86,7
6,4,30.8,29.9,124.6,9.47,18,25,30,17.5,30.6,5.0,6
8,3,31.8,25.0,141.2,9.16,18,25,94,35.4,28.0,11.75,8
9,1,36.6,23.8,143.4,11.65,18,25,108,80.0,21.9,12.0,9
10,2,22.9,15.2,141.1,10.73,18,25,103,37.9,14.8,10.3,10
10,3,23.3,24.7,154.9,9.43,18,25,99,28.8,15.3,9.9,10
10,3,26.0,29.2,119.7,9.08,18,25,82,33.4,25.6,8.2,10
9,4,40.3,23.7,159.0,9.36,18,25,89,32.3,29.8,9.89,9
7,4,27.0,18.3,129.4,10.06,18,25,69,15.9,15.9,9.86,7
6,6,43.4,26.1,167.6,9.05,18,25,53,19.7,22.0,8.83,6
6,2,33.8,27.0,154.3,9.89,18,25,56,24.4,32.8,9.33,6
9,5,23.8,20.9,145.3,8.65,18,25,81,14.6,22.0,9.0,9
8,4,30.6,22.0,148.2,7.8,18,25,96,28.3,25.4,12.0,8
8,2,31.3,26.3,133.7,9.9,18,25,89,40.8,29.5,11.12,8
10,2,27.6,15.4,147.3,10.64,18,25,105,41.3,16.0,10.5,10
10,4,26.6,17.3,135.3,8.8,18,25,89,23.6,19.9,8.9,10
10,5,34.6,18.8,161.1,11.69,18,25,119,30.1,17.3,11.9,10
7,4,36.3,25.4,133.5,9.9,18,25,58,29.1,23.4,8.29,7
6,3,35.9,24.9,152.8,9.43,18,25,48,26.6,25.9,8.0,6
10,6,23.6,30.6,149.3,8.43,18,25,99,24.1,27.4,9.9,10
7,2,30.3,21.9,141.8,8.75,18,25,59,24.3,29.8,8.43,7
7,2,21.2,23.8,145.3,9.23,18,25,58,26.1,26.4,8.29,7
8,7,23.0,20.9,124.0,10.84,18,25,40,16.0,19.0,5.0,8
6,5,33.4,21.5,147.2,7.88,18,25,38,17.1,26.4,6.33,6
10,3,19.6,15.5,158.1,9.52,18,25,78,25.6,15.9,7.8,10
7,2,19.9,21.1,159.4,12.11,18,25,89,33.8,21.5,12.71,7
7,5,30.0,21.3,135.4,9.44,18,25,70,17.1,16.9,10.0,7
7,4,25.7,27.1,146.5,10.05,18,25,56,20.3,31.0,8.0,7
7,5,24.6,27.4,123.3,7.94,18,25,57,21.0,24.0,8.14,7
6,4,33.6,20.8,140.2,7.85,18,25,55,20.6,26.4,9.17,6
8,2,22.0,26.0,136.9,9.6,18,25,78,33.9,29.8,9.75,8
6,2,28.5,24.1,155.9,10.41,18,25,64,29.2,23.3,10.67,6
7,8,23.8,23.8,137.5,9.57,18,25,39,10.0,18.4,5.57,7
7,5,24.3,16.5,158.1,9.64,18,25,62,20.0,19.4,8.86,7
7,5,26.1,23.7,171.6,9.57,18,25,83,18.1,21.3,11.86,7
7,6,17.4,15.0,137.1,9.01,18,25,53,13.3,17.2,7.57,7
9,5,22.5,22.5,147.7,11.09,18,22,78,18.1,19.7,8.67,9
6,6,25.5,23.2,139.8,10.86,18,25,35,14.9,28.3,5.83,6
9,3,22.9,30.7,134.8,8.79,18,25,67,24.4,31.9,7.44,9
9,4,22.8,26.9,115.2,9.96,18,25,70,18.4,24.0,7.78,9
8,3,22.3,17.6,136.4,8.82,18,25,54,21.7,18.3,6.75,8
7,4,20.4,33.3,144.0,9.35,18,25,53,13.1,28.3,7.57,7
10,5,27.4,26.5,148.3,10.69,18,25,79,21.0,24.9,7.9,10
8,8,21.5,15.0,148.3,10.39,18,25,66,14.3,20.1,8.25,8
9,3,31.9,18.5,149.9,9.69,18,25,106,33.3,19.6,11.78,9
9,5,22.2,26.8,174.4,10.3,18,25,76,13.1,20.8,8.44,9
8,8,30.0,25.8,133.3,11.08,18,25,55,15.0,30.6,6.88,8
9,5,28.5,17.7,178.1,8.92,18,25,102,21.3,22.9,11.33,9
7,4,26.8,26.8,155.2,9.74,18,25,80,22.4,23.0,11.43,7
8,4,24.7,15.0,162.3,8.82,18,25,79,23.4,12.8,9.88,8
8,7,24.1,19.8,155.2,8.71,18,25,74,26.3,20.2,9.25,8
5,9,27.4,21.0,161.2,9.07,18,25,51,10.0,29.7,10.2,5
8,3,32.3,20.9,136.2,9.3,18,25,79,30.6,27.0,9.88,8
8,1,27.2,18.1,146.5,8.8,18,25,83,56.3,21.7,10.38,8
9,8,37.1,18.7,131.6,10.41,18,25,69,14.9,25.2,7.67,9
8,8,23.3,18.1,130.5,9.07,18,25,52,15.8,12.0,6.5,8
6,4,38.7,23.2,128.3,10.81,18,25,60,22.9,25.3,10.0,6
7,6,19.5,25.3,140.3,10.13,18,25,46,10.0,34.4,6.57,7
6,7,30.2,27.4,142.4,10.3,18,25,63,13.6,29.1,10.5,6
5,8,31.3,15.0,136.1,9.4,18,25,32,16.2,15.5,6.4,5
10,6,28.3,18.2,166.7,11.28,18,25,82,21.7,24.3,8.2,10
7,2,32.0,22.3,126.0,9.67,18,25,63,29.7,19.6,9.0,7
8,7,15.0,21.7,135.4,9.76,18,25,34,10.0,18.4,4.25,8
8,1,29.7,15.0,138.8,9.94,18,25,67,52.4,12.0,8.38,8
8,3,39.8,26.4,148.2,8.58,18,25,77,29.9,30.0,9.62,8
5,3,35.0,27.7,168.4,9.8,18,25,51,22.2,25.4,10.2,5
8,7,37.0,20.3,124.2,10.53,18,25,47,18.3,24.9,5.88,8
7,2,28.7,25.1,158.5,8.65,18,25,72,39.1,19.3,10.29,7
9,5,29.2,28.1,158.6,10.44,18,25,65,18.9,29.1,7.22,9
10,1,28.3,20.8,145.0,10.56,18,25,106,75.5,24.2,10.6,10
7,3,34.0,22.2,140.0,9.16,18,25,88,31.0,26.1,12.57,7
9,4,32.5,24.0,155.4,9.34,18,25,81,21.8,22.9,9.0,9
6,6,29.0,23.6,133.6,10.14,18,25,60,20.7,20.5,10.0,6
10,5,29.2,28.5,134.6,9.72,18,25,87,17.1,29.7,8.7,10
10,2,26.0,27.7,125.9,7.7,18,25,73,33.9,31.4,7.3,10
7,4,25.1,15.0,118.8,7.62,18,25,35,10.9,12.7,5.0,7
10,4,35.6,19.5,153.2,9.4,18,25,97,32.2,12.6,9.7,10
10,6,27.6,21.5,131.8,8.43,18,25,84,22.7,21.9,8.4,10
5,6,24.2,26.0,126.6,10.48,18,25,34,15.8,26.2,6.8,5
6,5,40.8,17.5,138.8,9.86,18,25,71,23.6,19.3,11.83,6
9,3,39.9,20.8,162.7,11.4,18,25,97,38.2,24.3,10.78,9
10,3,24.8,26.5,152.6,10.69,18,25,119,31.4,32.4,11.9,10
7,1,28.2,20.5,128.9,7.83,18,25,67,56.0,21.9,9.57,7
8,5,42.8,19.6,161.7,10.83,18,25,85,22.0,24.6,10.62,8
10,4,32.3,26.3,153.9,9.18,18,25,106,31.9,18.7,10.6,10
6,6,19.4,15.0,161.4,8.31,18,25,58,14.8,12.0,9.67,6
8,3,30.6,15.0,124.2,9.24,18,25,86,30.8,13.3,10.75,8
10,4,30.6,19.3,119.1,9.7,18,25,85,29.6,25.0,8.5,10
7,5,23.7,23.6,134.5,11.98,18,25,30,10.0,18.0,4.29,7
6,3,30.4,25.1,162.2,9.98,18,25,53,21.4,17.0,8.83,6
8,6,35.3,20.7,168.8,10.83,18,25,106,22.3,24.3,13.25,8
8,3,29.8,19.7,131.3,10.09,18,25,67,21.2,20.2,8.38,8
8,6,37.1,25.7,154.0,9.9,18,25,93,25.0,25.0,11.62,8
9,2,17.7,15.0,156.9,9.29,18,25,79,27.1,16.0,8.78,9
10,4,25.9,24.8,133.0,10.2,18,25,74,27.7,24.0,7.4,10
8,2,23.0,19.3,123.6,9.13,18,25,71,34.8,21.8,8.88,8
10,6,18.7,22.4,150.8,10.52,18,25,82,15.3,22.4,8.2,10
9,5,24.9,30.2,164.8,9.73,18,25,66,15.7,26.0,7.33,9
9,7,30.3,22.6,135.1,10.83,18,25,85,18.0,29.4,9.44,9
8,10,33.3,16.4,128.1,8.58,18,25,45,13.2,24.6,5.62,8
6,4,22.2,16.4,132.7,9.56,18,25,48,11.1,13.4,8.0,6
6,3,34.5,25.7,163.8,9.94,18,25,79,22.4,26.0,13.17,6
6,4,15.4,23.2,156.9,9.88,18,25,43,11.8,24.0,7.17,6
6,3,26.1,20.7,131.5,12.6,18,25,75,21.8,17.2,12.5,6
8,5,32.5,18.0,176.6,10.12,18,25,82,22.7,18.6,10.25,8
7,6,22.6,21.2,161.9,10.11,18,25,50,13.3,21.1,7.14,7
6,5,25.0,26.2,158.9,10.11,18,25,60,14.5,27.1,10.0,6
7,9,27.4,15.0,144.9,11.56,18,25,38,11.5,16.9,5.43,7
10,5,36.2,27.1,162.7,9.19,18,25,118,32.1,26.9,11.8,10
7,7,24.8,17.3,153.9,8.74,18,25,46,14.1,20.1,6.57,7
9,7,33.6,29.0,140.2,9.29,18,25,70,14.5,30.2,7.78,9
8,10,26.1,19.4,134.9,8.51,18,25,32,10.0,23.0,4.0,8
10,1,41.8,15.0,145.0,10.16,18,25,115,80.0,12.0,11.5,10
8,3,21.9,25.5,145.9,8.67,18,25,41,17.2,26.0,5.12,8
9,7,24.7,21.4,134.2,8.81,18,25,66,16.3,20.2,7.33,9
8,4,32.7,15.0,138.2,9.78,18,25,85,28.2,14.5,10.62,8
7,3,25.1,18.3,155.9,8.11,18,25,72,26.2,24.4,10.29,7
7,3,17.9,22.8,145.8,8.37,18,25,81,27.9,21.1,11.57,7
7,7,28.4,24.8,151.2,9.22,18,25,50,14.5,27.9,7.14,7
8,3,30.3,21.1,132.0,9.25,18,25,69,31.2,25.4,8.62,8
7,2,20.5,21.5,134.2,10.17,18,25,46,18.6,23.2,6.57,7
8,4,31.6,18.8,157.2,10.85,18,25,87,22.7,20.0,10.88,8
9,5,34.6,21.2,129.7,10.9,18,25,76,24.4,26.1,8.44,9
10,4,36.1,24.3,170.2,8.74,18,25,106,29.6,20.8,10.6,10
7,7,32.7,25.3,155.8,9.82,18,25,53,15.8,26.6,7.57,7
10,3,27.7,25.5,152.8,10.69,18,25,98,33.4,24.0,9.8,10
8,2,22.2,25.6,137.4,10.9,18,25,74,33.4,24.1,9.25,8
9,6,42.2,27.3,164.8,9.34,18,25,96,28.4,34.4,10.67,9
8,5,28.2,15.0,120.2,10.38,18,25,58,15.7,12.0,7.25,8
8,5,34.8,20.0,168.8,9.93,18,25,77,29.0,19.3,9.62,8
7,3,36.7,15.0,136.0,9.65,18,25,71,26.4,16.5,10.14,7
8,6,27.0,15.3,123.1,9.36,18,25,79,19.9,15.0,9.88,8
9,6,35.4,21.4,153.2,9.07,18,25,78,19.7,20.1,8.67,9
9,3,19.3,25.1,155.8,9.29,18,25,66,17.4,19.3,7.33,9
6,3,25.1,24.1,175.7,9.44,18,25,48,20.8,27.0,8.0,6
9,4,25.7,27.5,121.4,9.54,18,25,67,16.7,30.9,7.44,9
8,4,26.9,20.0,133.7,9.6,18,25,78,25.5,23.5,9.75,8
8,8,18.8,20.5,150.9,11.23,18,25,63,15.8,22.8,7.88,8
8,5,19.2,24.7,142.2,9.09,18,25,38,10.0,28.9,4.75,8
4,3,27.5,28.4,135.0,10.61,18,25,35,21.2,21.2,8.75,4
6,4,25.8,18.5,131.1,8.94,18,25,57,17.0,14.9,9.5,6
10,5,29.2,19.3,148.3,10.33,18,25,99,22.9,20.6,9.9,10
8,5,30.9,16.4,148.8,9.79,18,25,63,22.1,21.9,7.88,8
8,3,29.4,19.6,167.6,8.75,18,25,108,33.4,24.6,13.5,8
9,3,24.3,19.8,152.4,8.82,18,25,85,33.8,24.1,9.44,9
8,8,31.6,31.0,134.2,8.36,18,25,71,22.3,34.6,8.88,8
10,9,27.5,15.0,164.5,9.36,18,25,107,21.1,17.8,10.7,10
8,4,36.9,25.5,149.3,10.62,18,25,84,22.4,20.3,10.5,8
10,3,24.4,20.6,157.3,8.53,18,25,82,23.1,23.4,8.2,10
9,1,25.9,20.9,162.6,9.51,18,25,82,65.2,20.7,9.11,9
8,4,21.9,21.9,149.3,8.62,18,25,57,19.5,14.3,7.12,8
7,5,35.6,16.6,146.3,10.8,18,25,52,19.8,12.4,7.43,7
6,1,29.5,26.3,153.6,9.6,18,25,44,35.1,22.0,7.33,6
7,6,29.9,23.2,106.3,9.66,18,25,62,15.5,27.3,8.86,7
8,4,28.5,23.7,168.6,9.46,18,25,103,25.7,32.4,12.88,8
6,5,27.0,19.1,153.4,10.01,18,25,45,16.8,15.2,7.5,6
8,5,32.4,19.9,150.6,9.82,18,25,78,23.6,18.3,9.75,8
7,7,25.6,19.1,163.9,10.53,18,25,42,11.0,15.5,6.0,7
10,2,30.6,20.5,125.8,10.49,18,25,98,43.2,18.1,9.8,10
9,5,22.5,21.2,141.8,11.36,18,25,66,18.1,17.6,7.33,9
5,5,30.7,19.9,158.1,10.19,18,25,69,21.7,19.6,13.8,5
10,1,28.2,27.8,140.2,8.95,18,25,104,71.9,23.4,10.4,10
7,4,33.8,24.4,148.4,9.02,18,25,43,15.9,24.1,6.14,7
8,5,22.8,15.7,163.7,9.29,18,25,51,16.0,12.1,6.38,8
8,7,21.9,23.1,136.7,9.34,18,25,36,10.2,17.6,4.5,8
7,8,30.0,26.3,139.4,8.89,18,25,37,10.3,28.0,5.29,7
7,3,32.3,19.3,157.2,10.93,18,25,56,23.2,14.3,8.0,7
7,4,35.3,21.7,99.9,11.68,18,25,53,19.9,21.0,7.57,7
9,0,39.7,27.0,138.9,8.59,18,25,122,80.0,24.0,13.56,9
8,9,30.5,15.0,141.8,9.26,18,25,57,17.2,16.5,7.12,8
8,3,23.6,31.4,137.6,9.81,18,25,60,19.0,33.8,7.5,8
6,5,25.6,15.0,136.4,10.78,18,25,42,14.4,18.0,7.0,6
9,7,29.6,15.9,131.4,9.81,18,25,50,18.2,23.7,5.56,9
7,1,36.0,25.0,131.8,9.82,18,25,73,58.9,25.6,10.43,7
8,5,29.9,20.9,142.5,8.2,18,25,65,22.3,25.8,8.12,8
10,7,37.8,23.0,150.2,9.45,18,25,99,21.5,27.4,9.9,10
10,2,27.7,25.0,160.9,9.77,18,25,96,41.2,21.7,9.6,10
9,5,19.6,23.5,115.9,10.49,18,25,54,15.0,24.4,6.0,9
8,7,30.2,23.9,177.7,8.19,18,25,91,14.9,20.1,11.38,8
10,5,23.6,25.9,110.0,10.73,18,25,72,19.3,25.6,7.2,10
8,6,28.4,25.5,164.4,10.16,18,25,82,17.5,30.0,10.25,8
7,2,29.6,19.0,147.1,7.83,18,25,76,39.1,20.2,10.86,7
10,2,38.7,23.5,149.3,8.84,18,25,115,49.3,24.8,11.5,10
10,8,30.9,17.8,143.7,11.61,18,25,66,17.3,18.8,6.6,10
8,4,21.3,24.5,153.4,8.3,18,25,66,13.6,23.2,8.25,8
6,4,21.8,20.8,155.7,9.35,18,25,59,19.3,29.8,9.83,6
10,7,27.3,22.4,158.9,9.66,18,25,90,20.4,15.4,9.0,10
9,5,37.5,30.3,93.7,8.33,18,25,71,25.0,31.7,7.89,9
9,4,29.5,24.5,153.5,8.97,18,25,88,25.2,19.5,9.78,9
6,6,26.4,24.6,148.0,8.59,18,25,50,14.9,24.1,8.33,6
6,3,34.6,19.4,131.5,11.16,18,25,52,22.3,23.9,8.67,6
9,4,23.0,32.1,139.8,9.2,18,25,76,20.4,28.8,8.44,9
7,3,30.1,20.3,110.0,9.14,18,25,53,19.6,19.6,7.57,7
8,8,27.1,24.1,144.4,10.39,18,25,42,16.7,22.4,5.25,8
8,6,27.3,21.7,155.0,8.9,18,25,75,14.5,20.6,9.38,8
9,8,30.7,20.0,144.6,8.85,18,25,82,16.9,26.8,9.11,9
7,8,35.7,22.8,141.4,10.82,18,25,70,23.1,21.7,10.0,7
6,5,29.6,24.3,176.3,10.65,18,25,58,16.3,22.3,9.67,6
9,6,31.6,22.2,166.8,8.29,18,25,91,19.4,24.8,10.11,9
5,2,23.3,27.6,143.9,10.68,18,25,46,25.6,29.8,9.2,5
7,3,32.4,15.0,141.8,9.6,18,25,85,31.9,15.0,12.14,7
8,2,39.0,27.6,157.4,8.91,18,25,101,47.2,24.4,12.62,8
9,5,29.9,15.0,124.3,10.79,18,25,85,20.0,17.1,9.44,9
9,1,18.1,22.7,135.5,9.84,18,25,74,56.0,17.1,8.22,9
8,1,22.0,19.6,140.2,10.81,18,25,67,47.0,27.5,8.38,8
9,3,28.3,25.4,149.3,8.52,18,25,85,27.6,29.2,9.44,9
8,6,37.4,23.2,159.0,8.68,18,25,72,24.0,26.4,9.0,8
10,8,40.8,25.8,126.2,8.04,18,25,70,17.1,23.3,7.0,10
6,4,24.9,15.0,145.7,10.14,18,25,42,13.2,20.6,7.0,6
9,4,31.4,15.0,165.6,10.31,18,25,89,30.8,20.3,9.89,9
8,4,33.6,33.9,147.2,7.8,18,25,58,19.0,37.7,7.25,8
8,4,30.0,19.3,157.4,10.04,18,25,76,24.8,12.2,9.5,8
6,8,30.9,25.3,135.3,8.88,18,25,35,15.3,26.8,5.83,6
8,5,25.7,15.0,138.5,9.23,18,25,85,23.5,12.0,10.62,8
8,3,30.8,28.3,162.6,10.25,18,25,84,24.0,25.9,10.5,8
8,6,28.2,20.8,122.3,9.49,18,25,62,16.1,25.6,7.75,8
9,1,27.7,22.6,135.0,8.1,18,25,93,66.1,16.5,10.33,9
8,7,38.0,16.9,132.8,10.45,18,25,64,20.7,21.8,8.0,8
8,3,20.9,26.8,168.6,10.26,18,25,61,14.1,29.4,7.62,8
7,7,26.9,21.6,180.3,9.66,18,25,56,14.4,19.4,8.0,7
7,2,32.9,26.7,142.5,11.11,18,25,94,41.5,32.4,13.43,7
9,6,30.9,24.0,171.4,9.48,18,25,106,24.5,22.9,11.78,9
7,3,19.8,25.9,159.4,8.74,18,25,72,14.8,26.0,10.29,7
5,5,25.8,29.3,105.9,11.35,18,25,56,11.5,22.1,11.2,5
8,2,31.6,33.0,135.8,9.53,18,25,68,31.9,26.7,8.5,8
8,3,32.7,18.0,152.0,8.82,18,25,85,29.3,17.7,10.62,8
8,4,33.5,18.4,128.2,9.3,18,25,47,22.1,21.4,5.88,8
6,5,28.2,15.0,150.8,9.27,18,25,44,19.5,19.9,7.33,6
9,4,26.7,28.5,124.3,10.03,18,25,74,22.8,27.0,8.22,9
6,1,26.8,28.0,151.0,9.74,18,25,75,53.3,35.1,12.5,6
10,7,17.7,15.0,141.0,12.15,18,25,84,13.1,23.5,8.4,10
7,4,31.0,15.0,105.2,9.94,18,25,49,21.2,16.6,7.0,7
9,7,33.8,20.3,153.2,9.22,18,25,80,21.5,16.8,8.89,9
7,3,38.7,23.5,139.1,10.1,18,25,81,27.6,22.1,11.57,7
8,3,35.0,17.0,173.6,9.53,18,25,101,38.4,14.6,12.62,8
7,5,25.8,18.7,145.6,7.65,18,25,45,19.3,17.4,6.43,7
9,6,32.3,16.2,152.1,9.38,18,25,91,19.0,12.0,10.11,9
6,2,30.4,20.8,151.8,9.63,18,25,48,23.2,21.5,8.0,6
9,3,20.5,22.2,131.8,11.28,18,25,80,24.8,26.4,8.89,9
7,4,30.3,22.6,138.0,11.67,18,25,47,18.3,19.7,6.71,7
6,4,15.0,24.6,158.1,8.63,18,25,30,12.6,27.6,5.0,6
10,3,40.7,29.0,149.3,8.38,18,25,88,30.4,28.9,8.8,10
10,2,32.6,25.7,147.8,9.6,18,25,98,44.9,26.9,9.8,10
8,7,27.3,24.9,164.4,9.45,18,25,73,18.2,25.6,9.12,8
10,0,38.3,20.4,144.1,8.79,18,25,108,79.0,22.1,10.8,10
6,2,44.1,32.3,160.8,10.05,18,25,67,34.8,35.4,11.17,6
8,10,21.5,18.5,152.2,6.54,18,25,53,14.1,19.4,6.62,8
8,4,21.7,24.2,176.3,10.43,18,25,63,14.1,24.6,7.88,8
10,7,26.7,19.5,149.2,9.68,18,25,105,17.7,19.4,10.5,10
8,2,30.4,26.6,147.4,11.52,18,25,93,39.2,31.7,11.62,8
10,7,34.2,28.9,164.6,8.05,18,25,99,23.2,26.9,9.9,10
10,3,33.3,20.6,151.8,7.89,18,25,106,29.5,26.8,10.6,10
10,6,21.2,25.0,153.4,9.38,18,25,95,14.3,26.3,9.5,10
7,3,24.7,18.7,160.8,8.87,18,25,85,28.0,12.4,12.14,7
3,5,29.7,23.0,137.2,8.73,18,25,30,12.5,23.6,10.0,3
6,2,29.1,24.6,148.7,8.66,18,25,61,29.2,28.7,10.17,6
5,4,34.9,22.1,162.9,10.51,18,25,66,19.7,24.1,13.2,5
10,2,26.5,19.8,153.5,9.1,18,25,114,48.6,21.1,11.4,10
7,6,21.9,26.1,154.0,9.11,18,25,31,13.4,21.0,4.43,7
8,7,22.2,22.7,122.1,9.88,18,25,80,11.8,19.1,10.0,8
9,4,25.8,18.7,180.3,11.6,18,25,90,27.0,21.3,10.0,9
8,2,38.5,18.3,138.8,9.86,18,25,73,31.0,20.0,9.12,8
8,4,32.7,21.8,170.0,10.51,18,25,88,24.1,19.0,11.0,8
8,10,36.8,24.3,149.4,10.09,18,25,55,18.3,31.6,6.88,8
8,4,35.0,25.0,163.0,8.24,18,25,75,30.3,16.2,9.38,8
7,2,32.7,23.5,145.5,10.11,18,25,48,26.0,14.0,6.86,7
8,4,23.8,15.0,165.7,8.61,18,25,76,20.6,14.9,9.5,8
7,4,27.0,34.4,135.8,9.42,18,25,33,14.9,36.8,4.71,7
9,4,34.7,19.1,126.7,11.07,18,25,86,18.3,23.0,9.56,9
10,4,28.5,21.7,167.0,10.98,18,25,124,29.8,27.5,12.4,10
6,6,22.4,19.7,148.2,10.09,18,25,31,12.8,19.9,5.17,6
9,7,34.2,22.1,159.1,10.67,18,25,57,19.0,21.3,6.33,9
8,3,24.7,23.7,143.5,8.85,18,25,66,24.2,22.7,8.25,8
7,3,28.6,19.1,146.8,8.9,18,25,61,20.2,14.5,8.71,7
10,8,30.5,23.7,169.3,9.18,18,25,99,18.3,24.5,9.9,10
8,1,35.5,19.7,138.7,10.9,18,25,87,70.4,18.0,10.88,8
4,4,30.2,26.1,180.7,9.99,18,25,30,15.5,24.6,7.5,4
8,8,29.8,19.5,149.8,8.83,18,25,53,12.4,19.1,6.62,8
8,5,28.7,21.8,147.3,10.97,18,25,64,10.0,24.0,8.0,8
8,1,26.6,21.0,106.9,10.19,18,25,63,48.8,19.1,7.88,8
8,6,26.2,28.0,142.1,9.22,18,25,54,11.3,30.0,6.75,8
8,0,24.5,20.9,142.7,11.64,18,25,104,73.4,22.6,13.0,8
6,6,36.2,15.0,135.3,9.13,18,25,42,15.5,19.2,7.0,6
9,6,25.9,20.6,148.3,8.88,18,25,101,20.5,22.4,11.22,9
7,4,23.9,25.0,143.5,9.59,18,25,62,19.0,24.9,8.86,7
9,3,26.3,20.0,147.8,8.75,18,25,95,28.9,22.0,10.56,9
5,6,47.3,16.5,139.4,9.29,18,25,71,24.7,19.3,14.2,5
7,3,28.9,33.2,163.0,8.97,18,25,79,30.9,31.9,11.29,7
8,5,38.0,22.4,142.1,9.23,18,25,85,27.8,28.5,10.62,8
9,5,28.7,19.1,116.1,11.23,18,25,76,26.1,22.4,8.44,9
9,2,28.0,17.6,144.9,10.78,18,25,87,41.3,13.2,9.67,9
8,2,24.9,18.8,134.7,9.98,18,25,76,35.1,12.0,9.5,8
7,4,31.7,21.4,126.1,10.0,18,25,69,25.9,14.5,9.86,7
7,6,25.7,15.0,146.1,9.29,18,25,56,13.9,17.7,8.0,7
9,8,21.4,21.3,116.8,9.22,18,25,68,13.7,26.6,7.56,9
8,2,24.4,16.0,104.0,11.2,18,25,64,24.7,18.6,8.0,8
10,3,24.5,21.1,146.6,10.21,18,25,97,27.6,20.4,9.7,10
10,10,23.6,26.6,169.3,7.82,18,25,61,14.7,33.1,6.1,10
5,2,15.0,21.0,147.7,10.79,18,25,30,21.0,29.5,6.0,5
10,7,20.9,20.0,116.1,11.86,18,25,77,17.0,16.4,7.7,10
10,3,27.7,32.4,129.7,11.3,18,25,70,25.7,34.3,7.0,10
8,2,17.0,20.9,136.3,10.31,18,25,56,21.5,21.5,7.0,8
9,3,38.6,22.1,136.3,9.99,18,25,108,36.3,24.3,12.0,9
7,2,22.0,15.0,127.4,10.21,18,25,71,31.1,12.7,10.14,7
8,3,29.3,16.5,140.9,7.71,18,25,92,30.2,17.8,11.5,8
8,6,17.6,31.6,159.5,11.53,18,25,46,14.4,39.1,5.75,8
8,4,27.1,19.2,147.7,7.75,18,25,84,26.8,26.1,10.5,8
9,5,33.4,23.9,128.2,9.78,18,25,71,20.9,21.2,7.89,9
7,2,29.8,19.4,127.0,9.27,18,25,70,31.1,15.9,10.0,7
9,4,35.5,19.2,133.4,10.56,18,25,83,22.5,23.0,9.22,9
9,2,39.1,24.2,154.5,11.2,18,25,94,44.3,20.4,10.44,9
7,1,15.6,15.9,137.6,9.42,18,25,53,37.5,12.0,7.57,7
10,9,35.8,21.5,146.0,9.05,18,25,85,20.3,23.6,8.5,10
9,4,34.7,15.0,164.7,9.33,18,25,71,23.5,19.1,7.89,9
9,7,29.6,20.3,125.0,10.35,18,25,79,16.2,25.2,8.78,9
9,8,29.8,16.8,143.7,9.14,18,25,73,19.5,12.0,8.11,9
7,4,18.3,21.8,152.5,7.75,18,25,56,18.1,14.8,8.0,7
4,4,27.2,32.2,128.4,9.17,18,25,30,16.2,34.4,7.5,4
5,5,22.2,20.5,158.8,10.02,18,25,30,16.5,15.1,6.0,5
8,6,38.0,35.9,129.8,9.93,18,25,50,23.0,41.3,6.25,8
7,3,29.7,23.7,148.1,9.13,18,25,82,28.8,26.1,11.71,7
10,3,28.1,21.5,143.6,10.34,18,25,111,28.6,25.6,11.1,10
10,4,36.0,16.2,142.8,10.38,18,25,116,29.1,15.4,11.6,10
10,5,25.7,27.9,136.5,8.03,18,25,72,20.0,20.9,7.2,10
8,5,35.4,19.9,155.2,8.56,18,25,94,28.7,22.3,11.75,8
10,4,20.4,25.9,122.8,8.73,18,25,59,17.8,25.2,5.9,10
9,2,29.6,15.0,167.6,10.26,18,25,110,48.9,15.3,12.22,9
7,3,21.4,19.2,153.9,9.85,18,25,58,20.5,18.5,8.29,7
4,6,38.2,15.0,161.6,9.99,18,25,30,17.3,20.9,7.5,4
9,6,15.0,17.2,138.3,8.35,18,25,87,16.4,17.5,9.67,9
6,3,29.1,21.0,168.4,10.15,18,25,62,21.1,16.4,10.33,6
9,7,21.5,20.0,110.1,8.44,18,25,53,16.1,18.8,5.89,9
5,6,22.0,18.5,154.3,10.25,18,25,52,10.1,15.0,10.4,5
8,3,27.4,29.4,141.0,9.29,18,25,56,21.5,33.9,7.0,8
10,5,19.3,20.6,160.7,7.33,18,25,73,16.8,23.9,7.3,10
9,6,27.4,26.6,138.4,9.99,18,25,73,18.9,29.7,8.11,9
9,2,34.6,19.4,164.8,8.57,18,25,101,45.6,20.0,11.22,9
8,3,24.3,19.3,146.3,9.35,18,25,65,21.6,15.8,8.12,8
8,7,17.1,19.0,149.8,9.01,18,25,54,13.0,26.6,6.75,8
8,5,33.3,19.8,165.8,8.68,18,25,71,21.4,21.2,8.88,8
8,2,23.7,25.4,159.8,8.54,18,25,75,29.2,19.5,9.38,8
10,2,18.5,21.0,112.7,9.03,18,25,69,27.6,22.5,6.9,10
9,2,22.4,19.3,143.3,10.44,18,25,80,31.3,20.0,8.89,9
10,6,31.2,19.8,169.4,10.28,18,25,82,25.7,24.7,8.2,10
7,5,33.8,19.0,139.6,10.59,18,25,86,28.8,27.1,12.29,7
9,5,25.6,28.7,137.0,10.18,18,25,85,18.1,35.5,9.44,9
9,3,40.4,20.6,146.4,9.09,18,25,88,30.0,17.9,9.78,9
9,4,32.4,18.1,135.4,9.73,18,25,99,29.8,16.1,11.0,9
6,7,16.2,22.7,146.3,8.55,18,25,47,10.0,19.2,7.83,6
10,4,15.0,15.2,188.4,9.33,18,25,82,20.0,16.5,8.2,10
8,7,27.7,32.1,150.7,10.88,18,25,66,19.4,33.7,8.25,8
7,3,15.0,20.5,138.9,9.78,18,25,59,16.4,15.2,8.43,7
9,3,17.3,26.4,133.4,7.66,18,25,48,18.6,20.4,5.33,9
9,3,21.1,26.4,150.9,8.25,18,25,76,22.3,25.1,8.44,9
8,4,17.5,27.2,138.2,8.21,18,25,77,23.3,27.4,9.62,8
10,4,15.0,24.0,135.3,8.06,18,25,74,18.3,22.5,7.4,10
9,1,29.4,26.0,143.4,8.51,18,25,83,62.9,23.4,9.22,9
7,2,28.3,20.0,163.6,11.01,18,25,77,34.9,23.2,11.0,7
9,4,32.7,15.0,113.3,9.56,18,25,87,28.8,21.5,9.67,9
9,9,28.0,21.6,126.4,11.01,18,25,63,10.0,23.3,7.0,9
9,4,29.8,24.4,150.1,10.24,18,25,79,26.9,25.0,8.78,9
8,5,36.1,24.3,147.2,9.23,18,25,62,16.4,23.6,7.75,8
10,2,27.9,18.0,115.1,8.14,18,25,88,39.1,15.8,8.8,10
7,5,30.1,20.6,142.6,9.24,18,25,60,23.0,25.9,8.57,7
8,3,21.8,27.3,186.0,8.88,18,25,65,21.4,19.3,8.12,8
8,7,27.3,23.3,137.9,9.78,18,25,47,14.5,22.7,5.88,8
10,4,35.7,20.3,131.7,9.4,18,25,99,34.1,24.9,9.9,10
9,4,23.7,17.6,137.9,8.44,18,25,88,19.2,16.7,9.78,9
8,8,31.5,30.7,146.9,11.02,18,25,35,10.0,34.4,4.38,8
8,6,16.6,21.7,164.1,10.44,18,25,62,18.6,20.2,7.75,8
9,1,31.5,26.0,160.4,9.54,18,25,98,71.9,21.4,10.89,9
6,6,24.8,22.0,147.5,8.99,18,25,57,18.1,23.2,9.5,6
7,4,21.2,16.2,137.9,9.33,18,25,60,12.2,17.9,8.57,7
6,3,34.4,27.9,172.5,10.24,18,25,72,26.7,31.7,12.0,6
8,2,27.4,25.9,133.2,9.01,18,25,58,28.2,29.9,7.25,8
8,7,28.2,16.5,133.7,8.76,18,25,67,10.5,22.0,8.38,8
10,6,27.0,19.8,145.8,9.32,18,25,98,22.0,16.9,9.8,10
8,6,23.6,25.7,124.0,11.55,18,25,56,12.8,28.9,7.0,8
7,7,20.3,18.5,125.3,10.09,18,25,30,17.5,17.2,4.29,7
8,5,30.1,23.1,116.9,8.68,18,25,71,17.4,27.1,8.88,8
8,2,27.5,15.1,164.3,9.3,18,25,93,42.2,14.3,11.62,8
9,3,22.1,30.8,145.1,10.08,18,25,55,18.0,36.7,6.11,9
8,4,31.2,20.0,135.9,10.12,18,25,61,22.9,22.8,7.62,8
7,3,38.1,26.4,150.1,9.38,18,25,67,29.1,22.0,9.57,7
9,3,22.8,19.9,172.9,8.55,18,25,80,27.9,12.0,8.89,9
8,4,30.5,27.2,168.3,8.88,18,25,89,24.0,31.3,11.12,8
9,5,33.4,23.5,148.2,8.8,18,25,91,20.0,24.9,10.11,9
7,5,22.6,23.7,148.4,8.66,18,25,51,15.6,33.1,7.29,7
7,3,30.6,22.3,138.0,8.64,18,25,79,27.3,20.9,11.29,7
7,5,28.4,27.2,167.2,10.23,18,25,61,19.0,35.4,8.71,7
6,6,29.6,20.3,161.7,11.13,18,25,49,21.2,21.8,8.17,6
7,4,41.3,21.6,133.9,11.65,18,25,65,29.0,22.4,9.29,7
9,4,18.5,23.5,140.5,8.86,18,25,68,10.8,26.4,7.56,9
10,6,26.0,22.9,137.9,9.9,18,25,70,15.3,26.3,7.0,10
8,4,30.4,15.3,154.6,10.21,18,25,88,26.6,23.2,11.0,8
8,6,29.1,19.8,138.6,9.16,18,25,58,16.3,20.9,7.25,8
8,4,34.0,21.1,162.7,8.44,18,25,85,27.6,19.9,10.62,8
7,3,29.3,26.5,122.7,10.74,18,25,65,27.4,27.3,9.29,7
8,6,24.3,23.1,135.6,9.01,18,25,62,11.4,31.3,7.75,8
5,4,31.8,21.6,127.0,9.34,18,25,37,23.6,24.4,7.4,5
10,8,31.4,17.0,149.7,8.9,18,25,85,22.1,21.6,8.5,10
8,3,20.5,16.3,138.3,8.85,18,25,84,25.7,14.6,10.5,8
10,6,32.3,22.6,143.0,10.94,18,25,88,15.0,17.5,8.8,10
7,7,23.3,25.6,157.3,10.92,18,25,33,15.2,26.1,4.71,7
8,4,29.5,22.7,144.3,9.32,18,25,72,23.5,23.6,9.0,8
7,6,39.8,22.2,135.1,9.94,18,25,72,19.3,27.5,10.29,7
7,0,44.0,23.1,150.6,10.1,18,25,95,76.6,26.5,13.57,7
10,2,27.3,29.8,130.3,8.68,18,25,87,35.9,26.4,8.7,10
9,4,15.0,23.6,148.6,9.83,18,25,84,21.9,24.9,9.33,9
9,2,29.3,23.6,139.9,10.21,18,25,70,28.9,24.6,7.78,9
8,3,20.7,25.4,144.2,8.39,18,25,79,20.5,18.1,9.88,8
8,5,33.4,22.3,115.9,8.15,18,25,77,19.1,21.8,9.62,8
9,0,28.9,24.0,134.4,8.06,18,25,98,72.6,27.6,10.89,9
9,7,16.6,21.7,138.3,8.44,18,25,66,18.6,16.5,7.33,9
8,8,24.0,20.0,139.6,8.97,18,25,65,11.3,15.5,8.12,8
10,7,23.7,24.5,153.6,8.24,18,25,79,20.4,20.4,7.9,10
10,3,30.0,24.0,140.6,9.79,18,25,79,27.2,23.5,7.9,10
9,5,28.0,30.8,159.3,8.8,18,25,46,19.6,21.5,5.11,9
10,4,24.6,16.6,151.3,8.94,18,25,121,28.5,13.4,12.1,10
7,3,27.0,24.2,134.9,10.07,18,25,68,22.2,19.8,9.71,7
8,4,34.1,23.5,140.2,9.22,18,25,72,25.7,30.6,9.0,8
8,6,25.8,18.2,145.2,9.44,18,25,75,20.7,16.0,9.38,8
8,3,22.8,21.8,120.2,8.27,18,25,68,23.3,19.9,8.5,8
7,2,25.0,20.2,147.0,9.69,18,25,62,28.3,19.0,8.86,7
9,6,27.6,28.6,128.3,10.19,18,25,84,19.2,21.9,9.33,9
10,4,30.1,28.9,130.3,9.13,18,25,70,21.4,32.4,7.0,10
8,3,29.5,20.2,148.5,8.71,18,25,62,19.3,23.1,7.75,8
8,5,28.7,21.3,148.7,9.47,18,25,99,19.6,26.4,12.38,8
5,5,15.0,26.5,139.2,7.88,18,25,48,13.1,26.3,9.6,5
7,6,28.7,26.1,133.5,9.28,18,25,49,18.5,17.0,7.0,7
8,4,34.6,25.2,137.6,9.51,18,25,89,28.8,23.3,11.12,8
10,3,29.0,25.5,131.5,8.0,18,25,114,34.2,27.1,11.4,10
8,9,33.4,17.6,172.8,6.89,18,25,65,12.1,24.0,8.12,8
9,1,36.0,22.3,163.3,9.89,18,25,97,69.2,22.0,10.78,9
10,3,28.9,31.0,169.0,10.97,18,25,89,26.5,31.4,8.9,10
5,2,27.8,22.5,138.2,8.46,18,25,49,19.9,22.1,9.8,5
8,7,21.5,30.8,123.6,10.17,18,25,58,18.8,23.8,7.25,8
8,0,30.7,23.5,148.1,11.04,18,25,90,64.3,21.4,11.25,8
9,8,19.2,24.6,154.4,10.93,18,25,68,12.5,27.1,7.56,9
7,10,34.6,20.1,168.7,9.5,18,25,49,18.1,21.6,7.0,7
9,4,27.2,29.6,145.1,11.24,18,25,80,22.2,32.2,8.89,9
9,4,27.1,25.0,129.3,9.14,18,25,66,23.0,23.2,7.33,9
7,4,24.5,16.7,107.6,10.84,18,25,58,15.9,12.1,8.29,7
6,7,26.0,22.4,151.2,8.28,18,25,51,10.2,19.2,8.5,6
9,4,25.3,21.4,122.5,10.42,18,25,39,14.2,18.1,4.33,9
8,6,30.6,26.4,140.9,8.24,18,25,59,21.7,25.9,7.38,8
7,5,24.1,23.4,141.1,9.57,18,25,64,16.1,30.4,9.14,7
8,4,30.7,15.0,143.3,9.32,18,25,70,12.3,21.6,8.75,8
7,2,23.3,23.8,166.7,10.48,18,25,76,29.5,22.2,10.86,7
8,8,31.8,30.3,156.0,11.62,18,25,78,19.1,30.0,9.75,8
6,3,29.2,18.7,147.2,10.67,18,25,64,20.0,13.7,10.67,6
10,2,31.1,17.4,148.1,8.18,18,25,92,41.4,20.0,9.2,10
8,5,26.9,30.1,140.3,8.52,18,25,55,17.7,29.5,6.88,8
7,2,29.5,28.7,149.2,9.73,18,25,79,33.9,27.3,11.29,7
8,3,20.8,17.7,151.3,9.67,18,25,87,27.7,22.2,10.88,8
7,1,31.1,25.1,147.6,9.34,18,25,64,54.1,22.2,9.14,7
10,7,40.6,27.7,150.6,8.52,18,25,98,22.5,36.8,9.8,10
5,8,32.4,19.8,148.7,8.74,18,25,49,18.4,19.9,9.8,5
6,7,27.0,21.0,123.9,9.9,18,25,45,15.0,14.9,7.5,6
8,7,29.3,19.3,141.7,10.8,18,25,60,13.6,28.2,7.5,8
8,6,29.5,21.8,136.9,8.04,18,25,62,17.0,23.6,7.75,8
10,2,24.1,19.7,131.3,8.71,18,25,90,37.0,21.0,9.0,10
9,5,19.2,22.1,142.1,7.83,18,25,42,13.1,25.0,4.67,9
7,2,20.4,23.1,146.9,10.06,18,25,60,24.9,26.1,8.57,7
8,3,25.5,24.3,143.9,9.18,18,25,68,23.1,29.0,8.5,8
8,5,34.8,23.2,129.9,9.17,18,25,62,16.1,27.8,7.75,8
7,8,25.4,18.4,134.5,9.99,18,25,59,11.2,21.3,8.43,7
9,7,34.1,27.1,156.5,10.68,18,25,77,20.3,31.3,8.56,9
9,1,15.0,15.0,152.2,8.44,18,25,65,44.3,22.5,7.22,9
6,4,21.2,24.8,123.3,9.62,18,25,45,12.0,28.8,7.5,6
9,5,31.9,29.2,109.9,9.97,18,25,60,19.0,27.8,6.67,9
10,5,31.8,26.7,152.1,10.27,18,25,78,26.3,27.6,7.8,10
7,3,21.0,21.6,147.8,9.2,18,25,48,14.6,20.2,6.86,7
10,8,31.4,19.6,133.8,10.12,18,25,72,19.1,15.6,7.2,10
7,8,28.1,33.4,166.8,9.91,18,25,30,15.2,33.3,4.29,7
6,3,30.2,22.1,162.8,9.0,18,25,65,29.7,28.0,10.83,6
6,6,27.2,30.4,131.9,9.43,18,25,30,13.0,35.1,5.0,6
9,7,30.5,15.0,148.3,9.38,18,25,81,23.4,20.0,9.0,9
7,3,29.9,19.9,124.1,9.22,18,25,47,22.3,19.0,6.71,7
7,8,34.3,25.9,130.8,9.67,18,25,62,25.3,26.6,8.86,7
8,2,38.7,18.4,171.4,7.06,18,25,73,38.2,25.0,9.12,8
10,4,24.1,26.1,146.6,10.48,18,25,75,23.6,25.7,7.5,10
8,8,21.8,30.5,155.0,9.8,18,25,63,11.6,32.6,7.88,8
10,2,39.6,15.0,130.5,10.37,18,25,129,51.2,15.0,12.9,10
8,4,26.3,26.8,148.3,8.66,18,25,54,21.9,28.8,6.75,8
7,5,24.8,23.7,179.1,7.82,18,25,75,16.7,25.8,10.71,7
7,9,30.7,15.0,155.1,9.52,18,25,48,16.3,12.0,6.86,7
9,2,33.8,24.8,158.6,9.86,18,25,81,33.9,19.9,9.0,9
8,5,29.6,15.0,132.6,11.58,18,25,79,23.3,12.3,9.88,8
8,7,31.6,19.4,181.4,9.58,18,25,84,19.7,25.8,10.5,8
8,6,30.1,19.4,139.7,10.37,18,25,75,20.2,26.5,9.38,8
9,4,29.7,29.0,114.4,9.24,18,25,54,22.9,27.2,6.0,9
8,5,25.1,29.9,161.4,10.33,18,25,55,18.2,37.8,6.88,8
6,3,35.7,22.6,170.5,11.02,18,25,74,33.1,26.2,12.33,6
7,2,19.4,31.7,148.0,7.15,18,25,40,20.1,32.4,5.71,7
9,0,36.5,24.8,153.0,8.54,18,25,110,79.9,18.9,12.22,9
8,3,28.4,18.5,147.0,9.91,18,25,64,25.2,22.1,8.0,8
10,7,27.2,22.3,143.7,9.62,18,25,78,15.3,29.7,7.8,10
9,3,37.0,21.4,131.5,9.56,18,25,90,31.1,25.4,10.0,9
10,9,25.3,24.2,149.9,10.48,18,25,72,15.6,23.5,7.2,10
5,4,33.4,19.6,126.0,11.15,18,25,42,19.6,15.6,8.4,5
8,3,26.7,21.1,166.5,10.53,18,25,78,28.0,19.6,9.75,8
5,6,23.8,26.3,177.1,9.75,18,25,48,11.5,28.8,9.6,5
7,8,28.3,25.6,133.7,9.38,18,25,51,16.3,18.1,7.29,7
8,6,26.2,19.9,158.6,8.9,18,25,65,13.0,22.9,8.12,8
7,7,26.7,25.1,127.8,9.11,18,25,48,17.0,21.7,6.86,7
8,1,22.7,23.8,146.0,9.86,18,25,85,63.4,19.6,10.62,8
6,7,32.4,16.2,140.9,8.35,18,25,49,12.9,12.2,8.17,6
8,8,25.3,23.8,144.5,10.14,18,25,57,17.1,23.6,7.12,8
8,3,33.1,24.8,166.1,8.17,18,25,81,31.4,29.4,10.12,8
8,4,34.3,19.9,156.9,10.46,18,25,73,20.0,25.8,9.12,8
7,2,29.0,23.5,159.9,9.03,18,25,76,33.5,23.6,10.86,7
8,4,29.6,20.4,126.4,10.51,18,25,63,21.2,17.8,7.88,8
10,0,18.1,15.2,123.0,10.15,18,25,89,59.5,20.7,8.9,10
9,1,21.1,25.9,143.9,9.7,18,25,97,67.4,25.7,10.78,9
9,7,27.1,21.2,126.1,9.36,18,25,69,13.9,23.5,7.67,9
8,5,32.6,32.2,146.2,10.94,18,25,52,19.2,29.1,6.5,8
7,2,37.5,17.7,127.7,8.54,18,25,66,38.6,22.8,9.43,7
9,2,33.6,19.5,158.5,10.11,18,25,90,44.3,15.2,10.0,9
7,3,36.8,28.6,149.5,9.09,18,25,65,30.6,28.3,9.29,7
10,7,22.9,34.5,158.2,10.41,18,25,64,14.5,36.8,6.4,10
10,3,36.4,21.1,148.2,9.08,18,25,108,38.0,28.1,10.8,10
9,7,28.0,23.1,141.2,11.45,18,25,77,17.6,27.9,8.56,9
9,3,24.2,23.8,162.3,9.04,18,25,73,25.2,23.5,8.11,9
7,2,25.5,19.3,121.7,11.65,18,25,38,20.5,19.7,5.43,7
9,6,28.6,19.8,131.6,11.16,18,25,65,14.7,25.1,7.22,9
7,0,27.1,22.9,136.2,7.23,18,25,84,60.7,33.9,12.0,7
6,6,33.1,19.4,127.8,11.86,18,25,43,19.6,18.2,7.17,6
10,2,30.3,28.6,141.3,8.8,18,25,82,32.9,27.8,8.2,10
8,1,19.1,24.0,158.8,9.59,18,25,89,62.0,22.6,11.12,8
5,1,30.2,21.6,130.8,9.52,18,25,32,36.2,18.5,6.4,5
6,5,19.4,27.4,126.9,9.62,18,25,30,17.1,28.7,5.0,6
8,8,34.3,25.3,152.5,9.33,18,25,69,18.1,25.7,8.62,8
8,6,32.7,28.4,154.2,8.38,18,25,77,19.6,26.6,9.62,8
9,2,22.9,23.8,168.6,10.95,18,25,111,46.1,30.3,12.33,9
8,5,24.8,22.6,134.6,12.7,18,25,72,17.0,23.1,9.0,8
10,4,34.8,22.6,131.7,8.55,18,25,83,22.6,17.0,8.3,10
8,10,31.6,22.9,144.1,9.77,18,25,61,22.1,20.5,7.62,8
7,3,37.1,15.0,145.5,9.02,18,25,90,32.0,12.0,12.86,7
7,7,36.7,27.5,152.9,8.44,18,25,62,17.2,28.3,8.86,7
7,5,25.3,17.0,146.0,9.26,18,25,37,15.7,14.9,5.29,7
9,1,19.0,19.3,163.5,10.55,18,25,93,64.1,22.4,10.33,9
7,1,16.6,20.4,144.4,8.72,18,25,77,52.6,28.2,11.0,7
9,3,31.5,34.9,130.4,9.69,18,25,92,32.5,38.2,10.22,9
6,3,26.1,24.9,170.7,8.96,18,25,63,23.9,24.4,10.5,6
7,2,25.2,27.0,149.9,10.49,18,25,82,36.2,26.9,11.71,7
9,7,35.6,28.1,149.2,8.31,18,25,51,20.8,27.1,5.67,9
8,4,21.7,22.3,125.5,10.41,18,25,47,12.7,22.6,5.88,8
7,2,29.3,21.2,154.6,9.59,18,25,81,39.1,21.6,11.57,7
9,6,35.1,15.0,139.6,10.67,18,25,54,18.9,13.1,6.0,9
8,2,22.8,23.3,143.1,10.1,18,25,80,33.7,20.3,10.0,8
7,3,17.7,21.4,133.6,8.63,18,25,54,16.6,24.4,7.71,7
7,4,18.2,17.3,150.5,8.93,18,25,70,22.0,18.9,10.0,7
