overs_played,wickets_lost,avg_batting_avg,avg_bowling_avg,avg_strike_rate,avg_economy,powerplay_runs,middle_overs_runs,total_innings_runs,team_batting_avg,team_bowling_avg,total_run_avg,overs_batted
16,5,36.8,30.5,159.1,8.57,36,50,125,27.8,22.7,7.81,16
10,8,24.2,33.3,131.7,7.76,36,50,45,10.0,41.5,4.5,10
16,3,30.9,16.3,113.0,8.51,36,50,120,34.3,12.7,7.5,16
19,3,38.7,19.1,142.9,9.07,36,50,155,45.9,20.1,8.16,19
17,3,33.9,21.0,122.4,8.33,36,50,132,37.7,20.6,7.76,17
16,5,35.9,27.6,115.4,7.63,36,50,120,29.0,30.5,7.5,16
13,1,30.0,32.4,133.8,7.42,36,50,105,75.9,41.1,8.08,13
17,6,36.0,23.7,135.8,9.05,36,50,131,29.3,23.8,7.71,17
20,3,34.3,25.3,101.5,5.81,36,50,152,38.0,20.4,7.6,20
15,5,42.6,25.2,109.4,8.15,36,50,121,28.3,21.1,8.07,15
16,6,33.6,23.3,130.6,7.27,36,50,116,24.7,19.0,7.25,16
15,2,37.8,30.1,134.8,8.01,36,50,123,51.4,33.8,8.2,15
14,3,21.8,29.1,112.4,8.35,36,50,82,20.4,30.8,5.86,14
18,6,42.4,25.8,137.2,8.55,36,50,143,30.9,20.0,7.94,18
20,4,31.5,27.3,116.6,8.27,36,50,147,37.9,26.7,7.35,20
20,4,26.3,27.3,130.2,9.41,36,50,144,32.4,29.7,7.2,20
15,5,32.5,23.0,139.8,7.89,36,50,100,26.1,21.3,6.67,15
12,2,42.8,19.0,110.7,8.65,36,50,95,45.2,13.9,7.92,12
17,5,23.7,28.0,144.1,9.0,36,50,127,19.2,35.1,7.47,17
19,5,23.7,18.1,131.9,7.33,36,50,133,27.8,23.8,7.0,19
18,1,29.3,18.7,119.2,8.38,36,50,158,80.0,22.2,8.78,18
15,4,28.9,24.4,131.3,9.78,36,50,99,27.0,24.2,6.6,15
19,6,36.4,27.6,113.7,6.81,36,50,142,25.3,25.5,7.47,19
11,4,37.8,21.0,89.0,10.22,36,50,88,25.6,16.2,8.0,11
20,3,24.2,30.4,132.9,8.01,36,50,152,41.2,33.7,7.6,20
18,5,31.9,21.6,113.5,8.56,36,50,127,25.2,16.8,7.06,18
19,3,34.2,20.5,133.6,10.28,36,50,160,46.2,21.5,8.42,19
16,0,27.5,25.1,153.5,9.92,36,50,131,80.0,28.1,8.19,16
14,8,33.2,28.9,133.2,8.83,36,50,105,21.5,25.3,7.5,14
11,7,27.8,31.9,131.5,8.02,36,50,90,15.1,30.4,8.18,11
20,6,43.5,32.8,119.0,9.09,36,50,166,30.1,31.2,8.3,20
17,2,40.8,26.3,153.4,7.58,36,50,150,58.2,28.1,8.82,17
18,5,37.2,22.7,134.3,8.84,36,50,150,36.6,18.3,8.33,18
18,2,38.2,26.4,122.4,7.36,36,50,135,58.0,34.7,7.5,18
20,3,24.8,18.5,136.8,8.27,36,50,140,33.3,23.9,7.0,20
18,3,26.4,25.7,117.7,8.83,36,50,139,40.4,30.5,7.72,18
17,3,38.0,23.1,122.4,6.0,36,50,156,48.2,20.7,9.18,17
16,3,32.3,18.8,129.5,6.71,36,50,124,32.1,18.1,7.75,16
18,7,22.7,31.4,138.3,9.43,36,50,123,16.5,29.6,6.83,18
19,9,27.3,30.9,121.3,6.88,36,50,152,20.0,23.1,8.0,19
17,7,43.4,24.7,131.4,10.28,36,50,114,27.8,22.4,6.71,17
18,6,24.3,24.0,144.0,7.19,36,50,118,22.7,25.1,6.56,18
14,3,27.8,37.8,116.5,8.27,36,50,90,31.5,38.7,6.43,14
19,6,28.0,24.9,125.0,7.06,36,50,113,22.9,26.2,5.95,19
17,4,38.6,25.4,119.9,7.01,36,50,126,32.8,24.9,7.41,17
20,4,32.7,18.2,118.8,7.8,36,50,167,36.2,18.9,8.35,20
6,2,40.2,22.8,122.7,6.84,36,50,30,23.9,22.8,5.0,6
11,6,38.6,28.7,123.2,8.36,36,50,81,15.5,28.2,7.36,11
12,4,29.9,21.4,127.9,8.55,36,50,75,20.9,15.7,6.25,12
18,6,33.0,34.7,119.7,8.18,36,50,118,25.9,30.6,6.56,18
16,4,44.0,24.7,155.8,6.62,36,50,160,41.4,27.3,10.0,16
17,7,28.6,27.3,141.1,9.49,36,50,162,23.6,28.4,9.53,17
20,9,35.8,28.0,136.9,9.3,36,50,150,21.5,28.3,7.5,20
15,5,21.9,21.3,141.1,7.61,36,50,123,25.5,23.1,8.2,15
20,4,43.1,26.9,137.0,7.41,36,50,155,42.9,23.6,7.75,20
15,4,39.3,27.7,131.1,7.65,36,50,133,39.5,24.4,8.87,15
18,2,31.6,22.8,106.8,8.23,36,50,159,60.8,16.6,8.83,18
19,3,29.3,20.2,143.1,7.95,36,50,158,44.0,20.3,8.32,19
20,6,34.7,28.1,126.2,9.2,36,50,154,32.0,26.8,7.7,20
15,7,35.5,32.6,141.1,7.42,36,50,112,20.6,35.6,7.47,15
13,3,40.4,25.1,164.3,6.15,36,50,113,38.4,27.3,8.69,13
19,3,28.4,16.7,129.3,9.67,36,50,151,43.8,20.4,7.95,19
14,4,23.4,26.7,117.0,8.93,36,50,87,22.0,25.5,6.21,14
17,2,27.9,24.5,118.6,7.47,36,50,137,56.9,20.8,8.06,17
13,7,36.2,22.0,132.6,9.06,36,50,99,23.1,23.8,7.62,13
19,3,38.4,19.2,133.9,7.79,36,50,147,47.5,12.5,7.74,19
10,5,37.0,19.3,141.2,5.91,36,48,93,20.1,21.5,9.3,10
18,5,29.6,25.5,157.3,9.15,36,50,153,29.8,31.7,8.5,18
16,5,33.5,37.5,132.7,8.26,36,50,120,31.7,37.8,7.5,16
20,5,29.0,25.5,118.5,8.07,36,50,156,27.7,27.2,7.8,20
20,10,35.2,22.0,117.1,9.06,36,50,142,18.2,31.0,7.1,20
13,3,31.8,29.0,136.6,7.89,36,50,103,36.4,23.2,7.92,13
17,4,35.2,18.4,137.9,8.96,36,50,159,31.8,12.8,9.35,17
14,2,18.3,27.4,144.9,7.73,36,50,129,45.5,30.1,9.21,14
16,3,36.4,31.3,126.3,6.91,36,50,122,39.9,30.1,7.62,16
17,3,35.1,27.2,128.6,8.08,36,44,117,39.1,33.9,6.88,17
19,2,33.1,27.6,148.5,7.74,36,50,154,53.3,27.8,8.11,19
20,4,29.0,23.8,150.4,7.67,36,50,183,36.4,25.0,9.15,20
13,4,27.4,24.7,143.4,7.63,36,50,109,27.6,20.5,8.38,13
13,6,34.2,24.8,122.2,6.92,36,50,77,21.0,23.1,5.92,13
20,3,34.4,32.1,130.3,8.44,36,50,153,45.8,34.3,7.65,20
18,2,37.9,20.6,134.1,6.22,36,50,155,59.0,21.2,8.61,18
16,1,18.8,31.0,128.1,7.1,36,50,136,80.0,40.1,8.5,16
20,5,34.7,18.2,135.3,7.6,36,50,170,36.4,16.1,8.5,20
15,5,17.6,30.2,111.7,7.27,36,50,71,14.8,25.9,4.73,15
15,4,40.4,26.7,99.1,8.81,36,50,108,32.9,21.1,7.2,15
18,4,28.4,24.6,129.4,7.52,36,50,137,36.7,23.4,7.61,18
9,9,35.6,28.8,162.7,7.38,36,50,59,22.2,29.3,6.56,9
11,3,36.0,25.8,92.8,9.64,36,47,68,31.6,30.3,6.18,11
13,5,31.1,27.8,137.1,7.28,36,50,95,24.5,29.4,7.31,13
19,4,32.1,23.5,142.3,9.07,36,50,152,42.3,27.7,8.0,19
15,8,32.8,15.0,156.2,7.61,36,50,132,22.9,15.1,8.8,15
14,3,38.4,19.2,106.6,6.62,36,50,109,35.0,21.5,7.79,14
17,2,32.0,21.0,128.0,8.65,33,50,139,54.8,22.6,8.18,17
17,5,38.0,31.1,115.6,7.52,36,50,115,29.8,29.7,6.76,17
17,8,35.2,15.8,116.7,8.11,36,50,113,21.3,20.7,6.65,17
16,3,33.9,29.9,117.1,7.11,36,50,127,31.5,29.3,7.94,16
15,4,30.0,27.1,146.1,7.83,36,50,112,30.7,28.9,7.47,15
16,7,34.6,23.1,132.5,10.36,36,50,127,23.4,18.2,7.94,16
17,5,30.5,29.6,113.8,9.35,36,50,138,33.8,23.0,8.12,17
13,7,40.3,22.8,130.9,6.27,36,50,75,25.1,14.2,5.77,13
20,3,25.9,25.8,126.3,7.44,36,50,149,41.4,28.6,7.45,20
20,1,28.8,23.5,133.9,8.98,36,50,183,80.0,24.6,9.15,20
18,4,30.7,25.5,123.4,8.47,36,50,135,26.1,30.8,7.5,18
15,9,26.5,37.2,123.3,7.47,36,50,99,14.8,37.3,6.6,15
18,5,31.3,16.8,130.4,7.95,36,50,121,26.9,13.1,6.72,18
11,0,30.4,24.8,123.1,7.73,36,50,97,67.0,25.8,8.82,11
16,4,28.6,25.7,138.2,7.15,36,50,115,30.1,36.3,7.19,16
17,5,41.1,27.9,123.1,7.57,36,50,127,27.9,30.3,7.47,17
14,3,35.0,30.7,145.1,7.58,36,50,125,42.0,35.2,8.93,14
17,4,31.8,28.1,138.3,7.47,36,50,121,29.6,33.9,7.12,17
14,3,42.8,35.1,132.2,9.33,36,50,101,37.6,38.4,7.21,14
17,2,30.8,23.7,124.1,7.2,36,50,144,49.5,26.5,8.47,17
9,4,29.2,24.7,169.8,7.89,36,50,70,25.8,28.0,7.78,9
13,3,31.1,24.2,136.2,8.49,36,50,100,32.4,26.1,7.69,13
14,8,28.6,20.0,120.6,8.91,36,50,91,22.0,18.5,6.5,14
14,2,43.6,25.9,124.8,9.8,36,50,111,49.4,28.1,7.93,14
17,3,31.2,18.8,133.6,8.64,36,50,151,40.6,20.9,8.88,17
18,8,28.9,30.2,128.2,8.92,36,50,123,19.6,35.6,6.83,18
13,6,36.7,22.2,181.0,6.67,36,50,126,34.1,19.8,9.69,13
20,8,34.8,19.0,147.5,7.35,36,50,156,25.9,20.3,7.8,20
15,6,47.6,25.7,138.1,7.99,36,50,128,31.0,26.9,8.53,15
17,3,31.1,21.9,146.4,8.24,36,50,133,32.8,19.2,7.82,17
13,3,40.4,17.6,154.8,9.07,36,50,129,46.2,16.4,9.92,13
13,3,30.6,21.6,122.4,8.66,36,50,113,41.5,16.5,8.69,13
17,3,33.7,26.8,131.7,5.96,36,50,131,40.9,28.9,7.71,17
15,7,16.3,22.4,145.0,8.42,36,50,104,14.6,21.3,6.93,15
16,4,37.0,27.1,144.0,8.3,36,50,143,34.1,28.9,8.94,16
20,2,43.7,26.1,134.8,7.37,36,50,178,67.2,29.2,8.9,20
18,8,27.2,25.1,134.9,9.15,36,50,132,15.8,31.9,7.33,18
16,0,39.4,25.1,135.0,6.33,36,50,152,80.0,26.5,9.5,16
18,1,42.5,25.7,129.7,7.04,36,50,164,80.0,20.0,9.11,18
16,7,26.6,27.4,120.6,8.62,36,50,118,13.8,18.4,7.38,16
15,4,30.1,15.4,142.1,7.92,36,50,131,32.1,14.1,8.73,15
15,1,29.1,22.0,135.3,9.77,36,50,135,80.0,21.4,9.0,15
15,7,29.7,32.5,112.5,7.27,36,50,85,16.5,36.7,5.67,15
7,2,40.3,27.9,128.5,6.4,36,50,59,34.9,27.0,8.43,7
17,4,33.5,25.3,157.2,8.22,36,50,146,32.8,28.7,8.59,17
20,7,28.4,33.8,113.3,9.2,36,50,145,28.7,38.4,7.25,20
20,6,26.0,22.4,122.6,7.52,36,50,129,17.4,25.9,6.45,20
19,3,30.6,23.0,125.5,7.36,36,50,151,42.1,24.8,7.95,19
11,3,22.2,21.3,142.2,8.93,36,50,76,19.3,17.1,6.91,11
19,1,40.8,22.3,138.4,6.98,36,50,161,80.0,23.6,8.47,19
20,8,28.5,26.4,111.3,7.73,36,50,152,21.0,27.8,7.6,20
19,7,27.1,19.7,135.8,7.87,36,50,136,18.7,26.3,7.16,19
11,6,32.5,27.6,118.2,8.97,36,50,71,20.5,21.6,6.45,11
15,4,38.0,22.2,136.9,7.38,36,50,126,36.5,29.3,8.4,15
19,3,42.9,20.6,107.7,6.47,36,50,169,56.3,20.6,8.89,19
15,3,34.1,23.8,141.1,7.65,36,50,111,27.3,28.7,7.4,15
13,7,20.8,22.1,122.1,6.3,36,50,81,17.1,22.8,6.23,13
20,2,44.7,20.5,127.0,9.05,36,50,192,72.1,17.4,9.6,20
12,7,18.9,21.0,144.8,5.57,36,50,63,10.8,15.5,5.25,12
13,1,44.2,24.9,126.7,8.16,36,50,91,73.5,31.3,7.0,13
17,1,33.2,25.2,121.5,8.21,36,50,125,80.0,25.2,7.35,17
17,5,38.4,28.5,125.9,9.05,36,50,133,28.0,27.1,7.82,17
19,4,28.0,20.6,114.2,7.14,36,50,148,31.6,12.0,7.79,19
20,4,37.0,31.1,136.5,9.19,36,50,148,39.4,26.9,7.4,20
13,4,26.6,23.7,129.7,8.75,36,50,116,26.8,25.2,8.92,13
15,6,39.5,17.2,135.8,8.81,36,50,142,29.2,23.4,9.47,15
12,3,34.9,24.0,130.3,7.71,36,50,104,28.2,21.8,8.67,12
16,2,35.3,33.1,104.3,6.19,36,50,119,51.2,40.0,7.44,16
14,7,41.4,30.0,138.5,7.46,36,50,107,26.5,29.1,7.64,14
20,7,37.4,18.8,109.0,6.53,36,50,141,28.4,25.9,7.05,20
20,4,32.6,19.4,122.1,9.56,36,50,168,32.6,19.0,8.4,20
20,5,42.8,26.2,138.4,8.82,36,50,180,41.2,27.0,9.0,20
16,4,25.3,23.7,123.2,8.1,36,50,119,33.4,30.1,7.44,16
13,2,36.7,24.5,153.2,8.41,36,50,113,53.5,28.8,8.69,13
13,0,34.8,25.1,147.4,7.01,36,50,123,80.0,21.1,9.46,13
16,5,36.4,32.8,130.4,7.54,36,50,111,28.9,34.8,6.94,16
17,5,35.0,20.7,122.9,9.13,36,50,114,27.8,25.8,6.71,17
13,4,33.3,19.7,107.9,7.64,36,50,96,32.0,20.4,7.38,13
15,5,23.1,27.0,133.6,8.63,36,50,104,19.0,30.0,6.93,15
20,3,38.0,17.3,117.5,6.84,36,50,183,53.1,15.7,9.15,20
20,4,34.7,23.3,151.5,6.69,36,50,174,41.5,21.2,8.7,20
16,4,42.0,31.6,130.7,7.57,36,50,152,36.5,31.0,9.5,16
17,1,36.8,34.7,118.3,8.7,36,50,151,80.0,25.3,8.88,17
15,7,35.0,27.8,121.9,9.07,36,50,115,24.4,28.1,7.67,15
13,4,22.1,38.5,130.4,5.57,36,50,61,13.7,33.3,4.69,13
17,5,39.4,27.3,121.0,9.02,36,50,142,35.9,31.1,8.35,17
19,1,28.2,33.2,133.3,8.24,36,50,130,80.0,38.1,6.84,19
19,9,26.9,31.4,101.5,7.43,36,50,119,22.5,33.2,6.26,19
13,1,34.6,25.0,152.5,8.17,36,50,113,80.0,25.4,8.69,13
16,4,31.5,24.5,162.6,8.37,36,50,128,30.4,23.1,8.0,16
13,3,35.8,26.0,125.3,10.41,36,50,100,30.4,24.5,7.69,13
14,6,36.5,22.7,119.2,8.17,36,50,107,26.3,28.2,7.64,14
16,2,40.0,27.3,145.4,7.11,36,50,128,58.3,26.7,8.0,16
17,4,29.3,22.7,131.4,8.62,36,50,115,26.2,26.1,6.76,17
19,4,34.8,39.5,130.0,7.81,36,50,161,37.2,41.6,8.47,19
20,4,29.8,21.1,132.9,8.78,36,50,153,36.9,13.1,7.65,20
20,6,23.8,34.0,125.9,6.54,36,50,133,24.8,38.2,6.65,20
16,8,28.7,30.7,139.6,9.17,36,50,102,16.3,27.3,6.38,16
14,6,34.1,21.2,102.5,6.96,36,50,105,22.6,18.2,7.5,14
20,5,33.1,24.3,131.5,9.81,36,50,152,36.2,30.8,7.6,20
18,1,35.5,16.4,129.4,9.0,36,50,136,80.0,16.8,7.56,18
18,9,28.6,30.1,114.2,7.89,36,50,112,19.8,35.5,6.22,18
18,3,32.7,24.4,121.9,8.44,36,50,146,41.2,25.6,8.11,18
11,3,37.5,33.4,129.6,9.48,36,50,72,24.7,30.9,6.55,11
15,2,31.5,20.0,126.7,8.57,36,50,122,51.8,15.5,8.13,15
20,5,26.4,16.4,133.0,7.84,36,50,151,27.3,15.0,7.55,20
18,6,28.7,24.6,129.7,8.45,36,50,117,22.1,26.0,6.5,18
12,5,30.3,29.0,134.8,7.65,36,50,113,24.4,25.1,9.42,12
14,4,35.2,16.4,144.7,9.92,36,50,109,28.1,13.2,7.79,14
17,3,36.6,21.2,154.7,9.12,36,50,135,44.9,24.6,7.94,17
20,4,32.3,24.1,116.7,7.74,36,50,118,34.6,25.4,5.9,20
14,4,34.1,20.8,118.2,8.6,36,38,112,28.2,19.5,8.0,14
12,5,30.1,21.9,119.9,8.75,36,50,75,23.5,29.6,6.25,12
16,0,26.4,23.6,109.0,9.18,36,50,155,80.0,33.6,9.69,16
20,3,44.8,35.3,123.3,8.02,36,50,171,50.2,36.7,8.55,20
17,4,29.6,15.0,116.9,9.75,36,50,147,34.7,13.9,8.65,17
15,10,37.6,32.3,145.3,7.36,36,50,86,18.6,31.9,5.73,15
14,1,44.2,15.0,148.7,7.71,36,50,134,80.0,12.0,9.57,14
20,4,27.3,25.5,152.8,8.18,36,50,160,35.6,26.3,8.0,20
16,5,27.7,29.3,123.2,9.91,36,50,116,24.0,28.0,7.25,16
13,2,30.0,22.9,135.3,9.39,36,50,94,42.9,14.4,7.23,13
20,4,33.3,24.8,140.1,7.14,36,50,160,38.1,15.7,8.0,20
9,3,28.4,39.6,148.4,7.82,36,50,45,16.4,32.4,5.0,9
17,9,34.8,31.9,134.3,6.89,36,50,101,19.6,29.1,5.94,17
18,2,36.9,31.1,138.6,10.07,36,50,149,61.1,38.9,8.28,18
12,1,23.3,22.7,138.9,7.97,36,50,95,68.3,18.4,7.92,12
20,2,31.5,26.6,148.6,8.92,36,50,184,65.5,27.0,9.2,20
11,7,35.4,36.8,138.0,7.84,36,50,67,23.6,36.4,6.09,11
13,7,32.6,32.4,128.2,7.08,36,50,81,13.5,38.2,6.23,13
20,5,32.5,26.0,140.3,6.14,36,50,175,39.5,27.9,8.75,20
15,3,42.3,27.3,101.8,8.92,36,50,130,35.7,20.9,8.67,15
13,3,35.7,24.1,118.6,8.63,36,50,112,35.7,33.3,8.62,13
19,5,40.0,18.5,154.2,9.94,36,50,166,37.1,21.8,8.74,19
17,6,25.0,27.9,121.2,7.49,36,50,123,22.5,24.8,7.24,17
15,6,35.3,26.1,133.7,8.4,36,50,133,18.8,24.1,8.87,15
14,2,35.6,15.2,134.2,8.15,36,50,108,44.3,22.0,7.71,14
17,2,29.4,20.7,124.5,8.68,36,50,162,54.1,22.7,9.53,17
15,7,37.2,22.7,135.6,8.02,36,50,125,25.5,25.4,8.33,15
18,5,31.1,21.8,131.5,8.29,36,50,143,29.4,22.7,7.94,18
16,4,27.6,31.9,132.5,7.69,36,50,94,26.8,41.4,5.88,16
14,5,26.9,33.4,124.2,8.6,36,50,96,24.9,37.8,6.86,14
20,6,29.6,16.7,110.0,9.46,36,50,142,24.5,27.9,7.1,20
13,6,31.2,27.5,125.4,7.92,36,50,101,23.8,29.4,7.77,13
20,8,15.0,21.2,147.3,6.49,36,50,134,13.7,24.0,6.7,20
20,6,30.6,26.5,112.2,7.5,36,47,161,26.1,36.5,8.05,20
16,5,31.6,27.6,145.5,8.51,36,50,135,32.5,21.2,8.44,16
18,5,40.9,28.7,130.0,8.84,36,50,138,29.6,40.3,7.67,18
11,5,35.2,31.7,147.4,8.16,36,50,90,26.3,35.3,8.18,11
15,6,32.3,26.7,132.4,8.33,36,50,117,23.4,27.6,7.8,15
15,3,33.8,28.3,147.8,8.1,36,50,132,35.4,41.8,8.8,15
16,3,41.7,29.4,143.1,8.0,36,50,149,43.7,26.4,9.31,16
19,3,36.8,32.7,137.5,8.96,36,50,128,44.8,35.8,6.74,19
16,5,33.7,25.9,119.2,9.39,36,39,127,26.9,21.9,7.94,16
15,3,35.7,30.8,127.4,9.64,36,50,126,35.9,24.6,8.4,15
17,4,21.7,19.9,149.4,5.72,36,50,135,27.7,24.8,7.94,17
15,6,32.8,30.6,128.3,7.82,36,50,110,23.8,30.7,7.33,15
15,4,28.4,29.7,121.1,8.8,36,50,109,32.7,34.5,7.27,15
16,10,30.9,27.7,133.9,7.66,36,50,113,19.0,18.6,7.06,16
12,1,30.6,21.9,113.6,7.58,36,50,98,73.4,22.7,8.17,12
20,8,22.6,27.2,130.2,8.02,36,50,124,11.6,28.6,6.2,20
15,8,30.0,24.9,117.2,9.05,36,50,110,15.4,24.2,7.33,15
15,2,35.2,30.9,154.5,6.51,36,50,131,53.7,24.7,8.73,15
13,5,27.2,27.3,138.2,8.21,36,50,105,24.3,27.7,8.08,13
19,2,39.0,29.8,145.3,8.17,36,50,150,61.5,33.1,7.89,19
12,6,35.3,31.0,124.2,8.3,36,50,70,18.4,32.6,5.83,12
19,4,26.9,23.6,110.9,8.81,36,50,145,29.4,26.9,7.63,19
18,4,33.3,18.4,135.9,8.3,36,48,166,41.1,23.4,9.22,18
16,6,25.4,26.0,144.6,9.9,36,50,112,18.0,27.0,7.0,16
16,6,29.7,24.6,116.0,7.45,36,50,102,21.9,21.6,6.38,16
20,2,28.4,21.2,133.7,7.92,36,50,148,55.5,15.3,7.4,20
14,4,29.3,26.8,118.4,7.91,36,50,115,29.2,26.1,8.21,14
13,4,42.2,32.7,123.6,8.06,36,50,91,33.6,30.6,7.0,13
20,5,28.3,37.0,136.5,8.84,36,50,135,24.3,31.6,6.75,20
16,7,31.9,23.0,114.8,8.79,36,50,107,23.2,23.8,6.69,16
9,3,24.3,27.6,147.5,6.91,36,50,44,13.1,17.8,4.89,9
20,4,27.8,26.5,138.7,6.06,36,50,156,36.2,31.3,7.8,20
15,3,38.6,21.7,134.1,8.29,36,50,135,46.3,25.9,9.0,15
18,5,32.8,27.9,129.7,7.22,36,50,148,33.1,30.4,8.22,18
18,5,22.7,32.8,141.2,6.34,36,50,142,22.9,30.0,7.89,18
16,6,30.7,30.7,115.9,7.75,36,50,94,21.2,32.6,5.88,16
20,3,21.9,26.7,126.2,7.72,36,50,164,42.4,30.0,8.2,20
11,5,25.4,23.7,131.2,7.57,36,50,86,19.0,25.7,7.82,11
12,6,42.9,28.9,139.0,7.82,36,50,80,22.3,31.1,6.67,12
12,2,43.0,31.9,110.1,8.91,36,50,108,50.4,31.0,9.0,12
19,3,31.6,25.8,148.8,7.19,36,50,165,47.8,23.5,8.68,19
19,4,42.6,33.6,120.1,9.61,36,50,154,33.7,36.7,8.11,19
17,3,44.0,30.0,133.0,7.19,36,50,146,46.6,35.6,8.59,17
11,5,21.9,18.8,100.9,9.18,36,50,39,13.7,17.8,3.55,11
20,6,30.4,26.2,127.5,7.93,36,50,173,27.5,28.2,8.65,20
20,3,40.2,26.2,145.4,9.07,36,50,153,55.2,26.1,7.65,20
16,3,31.0,23.8,137.5,8.79,36,50,143,37.3,29.0,8.94,16
19,9,33.0,34.9,105.0,8.1,36,50,121,24.6,36.4,6.37,19
17,7,34.1,31.8,131.7,6.66,36,50,100,20.4,33.5,5.88,17
17,0,30.6,32.9,128.6,8.0,36,50,139,80.0,30.4,8.18,17
17,4,26.0,17.4,116.6,9.42,36,50,147,30.6,20.4,8.65,17
15,3,32.3,32.5,122.8,9.71,36,50,121,36.5,37.8,8.07,15
16,3,39.6,28.4,142.3,9.0,36,50,110,39.4,31.7,6.88,16
20,3,36.9,28.9,120.2,5.31,36,50,155,46.6,29.5,7.75,20
15,5,21.6,22.1,106.7,8.62,36,50,106,18.9,16.8,7.07,15
15,5,32.4,23.2,109.0,10.43,36,50,110,24.7,27.3,7.33,15
18,5,31.7,23.9,121.5,8.55,36,50,160,36.2,27.8,8.89,18
14,5,27.8,26.6,142.7,8.11,36,50,98,19.5,28.5,7.0,14
18,4,33.3,26.9,134.8,7.89,36,50,132,33.7,26.6,7.33,18
20,3,32.1,29.9,122.1,8.87,36,50,147,38.9,31.4,7.35,20
20,3,34.5,18.9,109.7,6.91,36,50,151,44.1,17.8,7.55,20
19,1,31.6,35.5,137.7,8.7,36,49,144,80.0,35.2,7.58,19
14,6,31.1,27.9,159.5,9.19,36,50,108,26.6,26.3,7.71,14
10,5,31.4,24.3,120.0,6.61,36,50,65,18.1,26.5,6.5,10
17,3,34.5,29.6,117.6,8.22,36,50,128,35.1,35.0,7.53,17
17,5,28.1,25.2,134.1,8.14,36,50,127,24.6,26.8,7.47,17
17,2,35.6,26.6,134.5,8.62,36,50,151,65.7,24.8,8.88,17
16,2,34.4,22.8,122.8,8.22,36,50,137,54.3,26.7,8.56,16
20,4,23.8,20.6,108.8,6.82,36,50,165,31.3,29.0,8.25,20
13,9,32.8,29.8,113.7,7.03,36,50,87,21.4,28.2,6.69,13
19,7,25.6,20.4,106.3,9.75,36,50,111,25.7,16.2,5.84,19
17,2,22.0,26.0,148.5,7.08,36,50,123,45.2,25.2,7.24,17
16,4,35.2,29.4,142.3,8.57,36,45,113,29.5,38.9,7.06,16
14,4,31.6,31.6,139.4,8.29,36,50,105,27.4,31.1,7.5,14
13,5,33.6,21.1,120.1,7.33,36,50,131,24.6,17.6,10.08,13
16,6,40.0,22.6,116.3,9.39,36,50,120,29.3,32.9,7.5,16
17,5,27.2,34.7,110.7,8.32,36,50,86,17.6,41.7,5.06,17
15,9,24.5,17.8,137.0,9.6,36,50,79,13.6,20.1,5.27,15
19,1,39.8,29.2,163.9,9.89,36,50,173,80.0,30.6,9.11,19
8,5,27.2,24.4,142.8,9.42,36,50,48,17.3,23.5,6.0,8
19,3,42.8,27.4,124.7,7.52,36,50,174,53.3,33.2,9.16,19
19,3,35.2,33.0,125.9,7.27,36,50,142,36.1,37.7,7.47,19
19,3,30.9,27.2,141.4,9.04,36,50,156,45.0,27.2,8.21,19
11,4,34.3,20.3,143.8,8.81,36,50,89,26.6,15.8,8.09,11
14,7,30.5,22.9,145.1,8.51,36,50,115,27.5,24.6,8.21,14
14,5,36.3,39.9,102.7,6.32,36,50,81,24.5,40.7,5.79,14
20,2,33.7,37.6,124.2,8.16,36,50,169,61.7,39.5,8.45,20
18,3,24.8,28.1,162.6,7.32,36,50,157,34.3,27.6,8.72,18
16,5,30.9,20.5,148.9,7.58,36,50,124,30.4,17.4,7.75,16
15,0,38.5,26.0,138.2,8.82,36,50,130,80.0,30.4,8.67,15
16,4,33.1,23.6,142.0,8.19,36,50,144,34.1,26.9,9.0,16
17,3,33.2,29.7,114.4,7.04,36,50,135,37.9,22.9,7.94,17
15,9,22.6,27.4,119.3,8.77,36,50,85,12.7,23.3,5.67,15
17,2,30.6,27.2,106.7,7.54,36,50,136,55.4,28.4,8.0,17
19,4,23.9,19.0,142.7,8.25,36,50,173,30.6,15.3,9.11,19
14,4,17.1,32.4,123.7,8.41,36,50,95,17.9,28.9,6.79,14
18,6,30.1,32.2,141.2,6.54,36,50,141,22.7,30.6,7.83,18
18,4,41.6,29.9,143.1,8.86,36,50,152,40.6,26.9,8.44,18
18,4,47.4,31.7,147.4,5.9,36,50,169,44.3,30.2,9.39,18
18,5,31.7,26.7,120.7,8.04,36,50,146,32.4,36.6,8.11,18
14,3,30.1,31.4,120.5,8.79,36,50,107,33.3,30.6,7.64,14
20,2,34.6,23.9,144.4,8.01,36,50,162,65.1,29.8,8.1,20
14,5,44.1,20.5,120.2,6.98,36,50,127,26.8,20.9,9.07,14
16,7,31.4,25.7,125.3,9.34,36,50,82,18.5,26.8,5.12,16
16,4,26.5,17.0,145.5,8.42,36,50,115,32.9,14.5,7.19,16
20,3,33.8,24.4,121.6,8.28,36,50,145,45.6,30.6,7.25,20
17,7,33.2,23.5,116.3,7.67,36,50,107,19.4,23.3,6.29,17
14,4,33.3,27.8,122.2,8.75,36,50,96,28.8,26.9,6.86,14
15,4,24.5,22.9,124.8,8.6,36,50,125,31.3,26.2,8.33,15
11,2,31.3,21.5,111.0,8.48,36,50,89,37.9,20.7,8.09,11
18,6,41.6,28.4,128.0,8.0,36,50,118,30.2,31.5,6.56,18
20,6,31.0,30.4,116.7,6.26,36,50,134,24.1,34.0,6.7,20
11,9,30.9,29.6,116.9,7.54,36,50,52,14.6,30.1,4.73,11
16,2,36.4,28.3,133.9,7.5,36,50,135,57.2,28.8,8.44,16
20,1,26.9,27.4,142.3,9.14,36,50,129,80.0,27.5,6.45,20
20,7,31.6,20.2,128.0,7.54,36,50,147,20.5,24.9,7.35,20
14,9,20.1,23.3,147.6,6.82,36,50,90,15.6,29.7,6.43,14
20,2,31.6,28.4,133.2,7.04,36,50,153,64.1,29.4,7.65,20
15,4,38.3,33.2,126.3,7.22,36,50,130,36.5,32.1,8.67,15
15,3,26.1,29.1,136.3,8.89,36,50,101,36.1,28.4,6.73,15
10,10,25.5,28.3,136.7,8.6,36,50,54,11.2,34.4,5.4,10
17,8,32.0,18.6,132.7,7.8,36,50,137,22.1,22.5,8.06,17
20,3,22.3,17.2,138.2,7.16,36,50,153,40.0,16.6,7.65,20
16,5,30.4,23.7,126.8,7.47,36,50,138,36.9,28.0,8.62,16
15,2,28.9,25.1,126.6,9.56,36,50,129,47.2,19.3,8.6,15
17,4,46.1,21.3,130.0,7.84,36,50,130,35.2,24.2,7.65,17
15,4,32.1,30.2,121.3,7.01,36,50,93,27.0,30.7,6.2,15
16,2,37.3,24.1,144.3,7.52,36,50,144,57.9,18.9,9.0,16
14,1,34.7,23.7,154.7,8.17,36,50,125,80.0,28.5,8.93,14
19,1,34.9,31.2,124.1,10.06,36,50,165,80.0,33.6,8.68,19
11,6,47.0,27.4,143.2,8.64,36,50,113,26.4,28.0,10.27,11
13,4,33.6,29.7,113.3,8.04,36,50,83,23.2,27.6,6.38,13
16,2,19.5,33.9,141.5,8.24,36,50,132,51.8,33.1,8.25,16
19,6,33.5,30.1,149.2,7.62,36,50,148,35.7,33.2,7.79,19
18,4,20.6,32.7,122.3,8.53,36,50,118,25.0,34.1,6.56,18
16,4,37.7,20.8,138.2,8.8,36,50,143,37.7,21.8,8.94,16
20,2,24.6,22.4,104.3,7.1,36,50,152,54.7,12.5,7.6,20
18,10,39.8,23.6,144.2,7.89,36,50,133,25.8,21.7,7.39,18
8,5,27.4,25.1,124.9,8.42,36,48,34,22.1,27.3,4.25,8
14,5,33.2,31.6,124.9,9.21,36,50,96,24.6,27.3,6.86,14
14,6,30.5,18.8,139.7,7.56,36,50,120,24.8,18.3,8.57,14
12,5,21.3,28.6,133.9,7.38,36,50,71,17.6,33.6,5.92,12
18,3,33.5,26.0,144.7,7.18,36,50,155,44.0,21.6,8.61,18
20,2,29.7,23.2,119.4,9.23,36,50,155,57.8,27.0,7.75,20
14,7,32.8,31.5,145.6,7.27,36,50,89,18.5,38.1,6.36,14
11,3,35.1,27.3,129.4,8.58,36,50,77,31.8,23.7,7.0,11
18,7,29.2,23.4,138.9,6.24,36,50,133,31.5,33.2,7.39,18
16,4,21.6,29.3,155.7,7.69,36,50,112,26.0,29.2,7.0,16
15,8,23.5,32.7,125.1,8.11,36,50,83,12.9,29.6,5.53,15
17,4,21.0,31.0,125.1,7.06,36,50,119,29.8,42.5,7.0,17
15,2,37.8,15.4,124.4,7.98,36,50,126,46.0,19.9,8.4,15
18,4,40.0,15.0,124.6,8.34,36,50,164,47.0,18.1,9.11,18
15,6,32.2,20.7,160.5,7.29,36,50,106,24.1,14.9,7.07,15
16,4,34.7,15.5,140.3,7.09,36,50,156,40.2,14.4,9.75,16
20,4,33.8,26.4,113.1,10.22,36,50,145,31.3,29.6,7.25,20
20,8,25.6,29.5,127.6,7.58,36,50,133,22.8,26.7,6.65,20
20,2,36.1,26.7,136.0,6.13,36,50,184,66.4,28.8,9.2,20
19,5,27.9,27.1,120.8,6.39,36,50,148,26.6,22.9,7.79,19
20,0,21.1,24.3,108.0,7.78,36,50,151,80.0,24.9,7.55,20
17,3,37.6,27.6,123.2,7.76,36,50,142,43.6,32.7,8.35,17
13,4,34.8,26.1,151.0,6.77,36,50,108,28.3,18.2,8.31,13
16,4,24.6,21.1,136.1,8.01,36,50,130,31.1,22.4,8.12,16
15,2,41.9,20.7,120.5,8.09,36,50,142,56.4,22.6,9.47,15
15,5,31.9,22.4,133.1,8.22,36,50,118,27.0,30.0,7.87,15
16,5,33.7,27.6,146.2,8.67,36,50,118,29.1,25.7,7.38,16
12,6,36.4,30.5,115.9,8.14,36,50,72,23.2,32.5,6.0,12
18,5,25.4,28.8,146.5,7.96,36,50,141,21.8,30.0,7.83,18
12,5,34.3,26.9,126.8,9.14,36,50,88,19.6,21.7,7.33,12
14,7,40.8,23.8,145.6,8.66,36,50,89,25.9,32.5,6.36,14
17,5,42.9,30.6,133.2,7.51,36,50,140,33.2,31.8,8.24,17
9,6,33.4,26.9,135.8,8.22,36,50,55,18.3,31.5,6.11,9
20,4,37.4,35.6,129.9,8.25,36,50,161,41.4,37.7,8.05,20
18,3,40.7,28.9,121.0,5.76,36,50,149,49.0,30.2,8.28,18
13,6,35.5,24.9,135.4,7.5,36,50,85,23.8,28.2,6.54,13
10,3,31.5,28.4,116.5,7.87,36,50,62,24.4,27.4,6.2,10
16,9,31.7,23.9,128.3,7.94,36,50,124,15.6,27.4,7.75,16
16,5,32.4,31.4,130.4,7.62,36,50,110,25.6,32.6,6.88,16
20,5,31.6,23.5,119.7,6.74,36,50,172,30.0,22.7,8.6,20
16,6,24.1,23.2,94.0,7.65,36,50,101,19.8,24.0,6.31,16
16,5,26.8,18.0,120.0,7.85,36,50,121,26.2,18.9,7.56,16
20,4,31.4,27.8,113.8,8.48,36,50,152,37.6,29.2,7.6,20
20,4,38.6,23.5,121.8,8.07,36,50,171,39.2,24.9,8.55,20
18,2,42.2,18.0,121.4,7.76,36,50,151,65.0,18.9,8.39,18
15,4,32.0,27.6,139.3,8.56,36,50,99,29.7,27.1,6.6,15
14,2,24.1,27.3,118.7,8.37,36,50,77,30.3,30.9,5.5,14
20,3,33.4,23.8,135.1,7.63,36,50,179,49.3,25.6,8.95,20
14,5,29.7,28.0,133.6,8.19,36,50,100,22.8,27.7,7.14,14
14,4,21.0,21.3,125.3,7.91,36,50,103,20.2,21.6,7.36,14
14,4,34.6,23.6,124.7,7.98,36,50,105,34.7,24.0,7.5,14
18,1,32.6,30.3,145.4,9.61,36,50,128,80.0,25.7,7.11,18
13,6,29.0,20.9,133.2,6.98,36,50,92,20.2,22.9,7.08,13
20,4,35.7,28.4,131.8,6.7,36,50,165,38.6,22.4,8.25,20
17,6,40.1,22.7,132.2,8.78,36,50,137,33.9,18.5,8.06,17
17,10,33.1,17.4,120.9,8.03,36,50,108,20.4,25.0,6.35,17
20,4,27.2,31.8,131.1,6.62,36,50,152,29.7,32.2,7.6,20
14,4,24.6,31.5,128.1,9.26,36,50,95,19.6,34.6,6.79,14
15,3,35.6,27.1,127.3,7.72,36,50,137,40.9,31.0,9.13,15
15,8,35.1,27.9,124.1,10.15,36,50,112,24.5,28.7,7.47,15
15,5,43.6,30.4,113.6,7.97,36,50,101,27.0,31.2,6.73,15
18,4,21.5,27.3,118.4,9.28,27,50,148,32.2,35.5,8.22,18
13,3,24.1,37.6,111.7,8.34,36,50,113,33.3,41.1,8.69,13
20,4,26.0,17.9,121.3,8.41,36,50,144,36.6,20.4,7.2,20
20,3,34.4,15.0,111.7,8.96,36,50,175,47.2,12.0,8.75,20
18,9,42.5,29.5,100.0,7.72,36,50,133,27.0,36.7,7.39,18
7,4,23.1,27.1,136.1,8.25,36,50,58,18.8,21.9,8.29,7
13,2,38.0,28.2,108.3,8.89,36,50,94,39.8,29.7,7.23,13
20,4,29.8,22.2,129.9,7.04,36,50,168,31.3,18.0,8.4,20
18,5,28.5,22.9,124.6,8.55,36,50,128,30.2,15.9,7.11,18
10,4,33.0,26.6,147.0,8.63,36,50,87,24.6,26.2,8.7,10
18,1,30.6,29.3,148.8,10.52,36,50,156,80.0,24.2,8.67,18
15,4,32.8,25.6,133.8,7.28,36,50,124,33.6,22.9,8.27,15
20,4,44.4,25.7,136.8,6.53,36,50,176,46.2,28.4,8.8,20
13,2,29.3,27.2,127.9,9.07,36,50,94,38.3,31.6,7.23,13
12,6,31.2,30.7,119.9,5.7,36,50,72,16.3,31.7,6.0,12
18,2,26.4,27.4,124.9,7.9,36,50,149,54.9,32.7,8.28,18
18,4,36.0,21.9,138.6,7.86,36,50,134,27.3,20.5,7.44,18
16,9,22.6,27.5,146.2,7.98,36,50,102,10.0,25.3,6.38,16
16,3,37.1,33.4,108.8,8.58,36,50,119,38.9,27.3,7.44,16
18,3,26.8,27.8,113.9,6.75,36,50,111,32.4,28.2,6.17,18
20,5,23.0,30.7,113.6,8.02,36,50,140,18.3,30.0,7.0,20
11,6,35.8,26.6,123.3,8.01,36,50,71,26.7,29.6,6.45,11
15,5,33.9,33.8,136.4,6.28,36,50,91,23.6,35.8,6.07,15
18,8,32.8,26.9,123.7,7.69,36,50,111,24.2,25.7,6.17,18
13,6,36.7,27.3,123.9,8.09,36,50,107,18.1,27.2,8.23,13
19,5,27.8,31.7,113.9,6.52,36,50,129,27.7,36.0,6.79,19
14,3,27.2,28.1,134.3,6.69,36,50,83,24.0,26.7,5.93,14
11,2,27.9,33.0,130.6,9.05,36,50,71,37.2,30.0,6.45,11
17,4,32.9,31.6,111.8,9.63,36,50,135,32.6,39.2,7.94,17
16,6,23.3,21.0,114.3,7.8,36,50,116,21.1,22.1,7.25,16
20,4,27.9,29.5,144.1,7.88,36,50,128,28.2,36.7,6.4,20
17,4,34.0,23.6,128.6,8.74,36,50,148,36.4,22.6,8.71,17
17,4,35.6,30.6,119.4,9.03,36,50,139,31.6,29.5,8.18,17
18,3,38.5,29.7,128.9,7.86,36,50,153,46.3,32.9,8.5,18
18,5,34.4,23.0,128.3,9.33,36,50,125,23.7,22.7,6.94,18
20,3,27.5,29.1,130.6,8.75,36,50,145,42.3,26.5,7.25,20
14,3,34.5,20.5,121.2,8.63,36,50,129,39.2,24.6,9.21,14
20,5,35.5,26.1,126.8,6.59,36,50,158,30.9,28.7,7.9,20
15,4,36.9,26.1,114.4,7.05,36,50,106,33.5,26.9,7.07,15
12,5,29.7,32.3,126.9,7.83,36,50,60,18.5,39.1,5.0,12
14,3,26.5,23.1,127.1,6.88,36,50,121,33.0,28.5,8.64,14
15,4,35.0,25.0,102.4,8.18,36,50,116,33.0,25.5,7.73,15
20,3,35.7,22.3,154.9,7.52,36,50,159,42.0,20.5,7.95,20
20,2,37.7,34.4,113.5,8.5,36,50,187,71.9,32.5,9.35,20
11,8,35.5,26.2,98.9,7.46,36,50,83,15.9,26.6,7.55,11
13,8,28.6,24.9,139.7,7.8,36,48,90,21.0,25.3,6.92,13
18,4,36.3,18.3,133.2,9.39,36,50,144,36.7,21.6,8.0,18
17,4,38.1,30.5,144.8,9.36,36,50,149,37.7,29.9,8.76,17
13,2,38.4,24.1,134.4,7.84,36,50,82,39.8,24.7,6.31,13
19,6,25.1,29.2,117.3,4.88,36,50,125,22.4,37.1,6.58,19
13,5,34.8,26.1,156.4,7.55,32,50,111,26.7,29.5,8.54,13
14,4,29.6,32.4,131.4,8.42,36,50,120,22.5,40.4,8.57,14
16,3,35.0,23.5,147.0,7.71,36,50,137,42.1,26.5,8.56,16
18,2,31.0,29.1,136.9,8.5,36,50,138,57.5,29.0,7.67,18
14,8,34.1,40.4,145.0,7.36,36,43,91,25.9,41.1,6.5,14
17,3,19.4,31.7,140.3,9.58,36,50,118,32.3,31.7,6.94,17
13,4,26.5,39.8,138.0,7.2,36,50,95,23.3,37.9,7.31,13
20,3,29.5,22.2,132.3,8.62,36,50,171,44.4,17.8,8.55,20
20,5,30.0,30.5,131.8,9.89,36,50,171,31.2,29.4,8.55,20
15,2,29.6,29.0,126.0,7.91,36,50,123,46.3,29.1,8.2,15
20,10,36.5,19.5,137.5,9.74,36,50,147,27.7,24.8,7.35,20
17,8,30.3,26.1,117.1,8.86,36,45,108,22.8,29.1,6.35,17
16,4,23.9,29.1,126.0,8.35,36,50,125,27.2,29.0,7.81,16
16,5,32.9,22.3,147.8,6.67,36,50,150,29.7,28.8,9.38,16
14,7,34.2,19.4,114.7,6.82,36,50,94,17.6,21.1,6.71,14
13,7,35.5,17.0,116.6,7.35,36,50,90,23.7,21.0,6.92,13
16,1,21.1,39.2,120.1,8.66,36,50,104,72.3,40.6,6.5,16
20,5,24.3,19.6,146.3,8.85,36,50,175,30.5,18.0,8.75,20
19,3,29.9,27.9,118.8,6.19,36,50,135,45.9,23.5,7.11,19
17,2,29.0,27.8,151.1,6.46,36,50,142,51.1,24.6,8.35,17
20,2,28.5,36.0,144.9,7.44,36,50,140,55.3,38.1,7.0,20
17,3,43.5,29.0,130.0,8.15,36,50,118,40.1,19.7,6.94,17
19,2,33.3,22.1,116.2,10.09,36,50,159,64.8,23.1,8.37,19
13,8,36.7,21.0,145.8,8.35,36,50,89,17.3,23.2,6.85,13
15,7,29.6,33.6,134.7,5.85,36,50,122,26.1,43.0,8.13,15
19,5,37.8,25.6,101.9,7.67,36,50,162,33.4,26.5,8.53,19
18,6,18.8,27.0,134.4,6.5,36,50,118,18.5,22.8,6.56,18
12,7,38.7,33.8,129.4,8.17,36,44,81,21.3,28.4,6.75,12
20,8,33.1,30.0,130.1,9.81,31,50,149,27.9,29.8,7.45,20
17,3,25.6,27.5,92.9,8.02,36,50,108,29.7,20.3,6.35,17
15,4,33.2,35.9,123.0,7.33,36,50,119,24.8,36.4,7.93,15
20,3,35.3,28.6,143.6,7.94,36,50,161,48.1,27.8,8.05,20
19,4,33.3,29.1,142.5,8.12,36,50,150,36.9,31.2,7.89,19
17,7,31.9,26.3,141.3,8.38,36,50,117,24.2,27.5,6.88,17
18,1,29.8,22.1,145.8,9.39,36,50,170,80.0,15.8,9.44,18
20,5,36.2,26.2,171.6,8.57,36,50,182,36.7,22.2,9.1,20
15,6,36.8,33.3,111.2,10.8,36,50,94,26.1,39.5,6.27,15
20,2,30.3,22.3,115.8,4.84,36,50,159,60.6,22.9,7.95,20
17,6,43.0,24.8,110.7,8.35,36,50,134,32.6,24.3,7.88,17
15,6,42.1,28.9,139.0,6.58,36,50,132,33.0,28.7,8.8,15
12,8,27.8,29.9,126.0,8.92,36,36,72,18.6,33.7,6.0,12
12,4,34.2,20.9,117.4,7.87,36,50,97,30.2,27.2,8.08,12
20,4,24.3,24.8,129.7,7.47,36,50,142,36.6,31.2,7.1,20
20,4,25.0,32.6,145.3,10.26,36,50,163,36.0,33.5,8.15,20
17,4,24.7,25.8,119.4,9.44,36,50,100,29.4,30.6,5.88,17
15,3,30.3,32.4,116.9,7.16,36,50,111,35.6,30.5,7.4,15
18,5,23.1,31.9,121.6,7.39,36,50,114,20.0,33.9,6.33,18
17,3,28.7,41.5,117.6,8.15,36,50,124,43.0,40.9,7.29,17
20,0,34.3,19.4,132.0,6.45,36,50,196,80.0,17.7,9.8,20
13,5,33.6,24.6,94.5,8.69,36,50,88,22.6,22.5,6.77,13
18,5,32.8,21.9,141.7,7.2,36,50,155,35.9,20.9,8.61,18
20,3,31.9,30.3,141.7,7.13,36,50,178,48.5,33.1,8.9,20
14,3,24.7,18.1,146.5,8.05,36,50,112,29.8,20.3,8.0,14
14,4,40.4,24.8,134.5,7.85,36,50,111,32.6,24.9,7.93,14
18,5,39.1,24.0,140.8,9.72,36,50,158,35.0,19.9,8.78,18
13,8,42.5,26.0,118.3,9.38,36,50,111,28.6,20.5,8.54,13
12,4,31.8,29.5,104.2,9.0,36,50,84,26.0,35.7,7.0,12
13,3,35.8,22.5,132.3,8.5,36,50,106,39.9,22.4,8.15,13
20,2,33.0,33.6,144.0,9.85,36,50,177,66.2,30.3,8.85,20
16,3,37.0,25.2,127.6,6.35,36,50,125,39.1,19.6,7.81,16
19,3,37.5,27.5,132.2,8.68,36,50,132,42.7,25.9,6.95,19
13,4,25.0,26.2,143.8,7.78,36,50,111,27.1,22.9,8.54,13
10,6,33.3,21.9,126.4,8.5,36,50,71,25.8,22.0,7.1,10
19,6,32.1,18.5,138.0,7.0,36,50,164,29.1,15.8,8.63,19
17,4,29.9,23.0,106.7,6.18,36,50,134,36.7,27.6,7.88,17
10,6,30.6,24.9,133.5,10.17,36,50,64,17.3,27.8,6.4,10
17,4,38.1,35.9,149.3,6.06,36,50,130,31.8,41.6,7.65,17
15,10,30.3,29.1,133.5,6.8,36,50,86,11.3,33.6,5.73,15
19,9,31.7,20.6,119.1,8.27,36,50,134,17.5,20.7,7.05,19
8,1,39.1,26.8,128.5,8.79,36,50,86,61.7,28.9,10.75,8
20,4,25.8,21.4,162.9,5.29,36,50,186,35.0,20.7,9.3,20
14,3,38.7,24.5,144.1,8.25,36,50,132,46.4,21.7,9.43,14
17,2,35.0,24.7,103.5,7.71,36,50,128,51.5,24.7,7.53,17
18,7,33.5,26.3,115.2,7.29,36,50,116,20.1,28.2,6.44,18
15,4,29.9,25.2,100.4,8.61,36,50,104,30.5,21.3,6.93,15
17,4,38.7,30.8,106.9,8.45,36,50,111,34.6,35.3,6.53,17
14,5,21.6,25.4,138.2,8.71,36,50,102,18.4,28.7,7.29,14
15,2,33.9,30.5,137.8,9.65,36,50,121,48.4,33.7,8.07,15
19,4,37.3,25.6,123.9,9.39,36,50,132,35.5,32.2,6.95,19
14,3,38.7,32.1,127.9,7.08,36,50,110,42.3,33.3,7.86,14
14,4,32.0,27.7,139.8,6.25,36,50,106,27.8,28.4,7.57,14
19,2,24.8,23.1,159.4,6.1,36,50,152,56.3,25.2,8.0,19
20,5,32.0,19.6,143.4,8.68,36,50,160,29.3,23.0,8.0,20
17,6,27.4,27.0,154.0,8.22,36,50,147,24.1,27.0,8.65,17
16,2,32.3,29.8,102.2,6.82,36,50,117,47.8,28.0,7.31,16
19,10,32.7,35.1,130.9,8.97,36,50,138,22.9,34.1,7.26,19
15,1,30.3,25.1,147.0,8.08,36,50,143,80.0,27.2,9.53,15
17,5,35.3,20.0,126.1,7.65,36,50,125,29.1,17.7,7.35,17
20,5,32.1,29.3,140.9,9.01,36,50,146,26.7,29.8,7.3,20
14,6,26.2,31.0,125.9,8.5,36,50,77,19.7,25.6,5.5,14
20,4,45.6,28.6,113.5,7.3,36,50,154,41.1,28.1,7.7,20
19,8,41.5,30.5,138.0,8.74,36,50,144,32.0,27.8,7.58,19
20,7,31.6,16.6,151.6,8.51,36,50,157,30.1,16.9,7.85,20
19,4,32.2,33.5,124.3,8.28,36,50,143,36.5,40.5,7.53,19
18,5,28.5,26.4,138.6,7.51,36,50,132,31.1,34.8,7.33,18
17,7,37.7,24.4,123.0,7.54,36,50,112,28.0,25.3,6.59,17
14,5,40.7,24.1,100.4,8.24,36,50,82,25.1,33.3,5.86,14
19,3,29.8,24.7,144.2,7.17,36,50,143,42.8,28.9,7.53,19
19,3,34.8,31.6,118.5,7.27,34,50,134,40.0,25.8,7.05,19
16,5,21.8,37.2,135.3,9.57,36,50,100,24.1,33.4,6.25,16
11,4,33.6,23.1,128.9,7.83,36,50,90,28.1,25.2,8.18,11
17,3,32.7,22.6,136.1,9.28,36,50,143,40.5,17.7,8.41,17
20,7,34.6,31.9,139.3,6.64,36,50,159,27.2,34.2,7.95,20
16,6,35.5,28.6,123.7,7.6,36,50,101,21.4,26.6,6.31,16
12,3,41.6,29.5,140.1,8.19,35,50,95,36.0,28.1,7.92,12
13,4,32.9,28.7,115.0,7.48,36,50,90,28.8,33.8,6.92,13
16,3,31.3,31.6,132.9,7.6,36,50,130,40.8,29.7,8.12,16
15,5,45.2,17.0,133.6,6.36,36,50,106,33.3,17.4,7.07,15
14,5,30.3,28.9,126.8,8.14,36,50,101,25.2,23.8,7.21,14
17,8,32.9,29.1,105.3,6.61,36,50,122,22.0,32.6,7.18,17
14,4,31.5,24.9,124.6,6.35,36,50,112,25.1,21.8,8.0,14
20,6,33.4,22.1,118.5,8.82,36,50,141,28.6,29.2,7.05,20
18,4,33.1,23.3,128.4,9.03,36,50,136,33.4,21.6,7.56,18
17,4,27.6,17.7,138.5,7.4,36,50,143,28.9,24.7,8.41,17
16,8,22.5,23.4,181.8,9.29,36,50,144,17.8,24.3,9.0,16
15,5,31.5,29.6,101.9,8.5,36,50,104,26.8,31.1,6.93,15
16,5,28.0,33.9,139.6,8.15,36,50,125,30.2,41.0,7.81,16
18,5,26.8,30.6,108.2,6.82,36,50,119,27.8,23.9,6.61,18
18,9,29.6,30.2,104.2,7.69,36,50,120,21.0,31.1,6.67,18
17,4,23.3,29.0,143.0,9.97,36,50,129,29.6,28.0,7.59,17
18,7,32.9,22.9,122.0,8.98,36,50,140,22.9,22.6,7.78,18
15,1,36.7,29.1,116.5,8.94,36,50,130,80.0,33.5,8.67,15
18,3,42.5,16.0,110.8,7.77,36,50,137,48.2,16.4,7.61,18
12,5,29.2,28.3,136.6,7.63,36,50,78,15.3,42.2,6.5,12
17,8,39.6,22.1,140.9,7.94,36,50,129,25.5,20.9,7.59,17
19,5,46.5,26.6,119.9,7.49,36,50,149,39.4,19.9,7.84,19
16,5,27.6,26.3,118.6,9.49,36,50,110,25.7,26.6,6.88,16
16,6,27.7,18.8,131.6,9.02,36,49,95,16.4,14.8,5.94,16
13,3,25.4,24.9,122.7,8.54,36,50,103,26.7,26.8,7.92,13
19,3,31.8,21.5,119.9,7.12,36,50,158,40.3,23.0,8.32,19
15,10,35.2,24.9,127.1,6.73,36,50,111,21.0,28.2,7.4,15
20,1,24.8,25.7,160.2,7.92,36,50,169,80.0,29.0,8.45,20
13,3,36.7,24.9,127.3,7.52,36,50,76,27.2,32.8,5.85,13
18,2,24.2,23.3,132.9,7.45,36,50,125,45.3,24.6,6.94,18
16,4,34.4,21.6,129.1,8.75,36,50,124,35.2,21.3,7.75,16
13,6,39.2,24.7,113.4,7.58,36,50,92,26.6,30.3,7.08,13
17,5,25.4,24.1,145.5,8.8,36,50,131,29.4,28.5,7.71,17
20,6,34.3,27.4,105.0,8.77,36,50,113,31.9,37.7,5.65,20
11,3,25.1,18.6,137.8,8.98,36,50,91,29.9,26.2,8.27,11
17,8,30.5,23.1,108.1,5.76,36,50,115,21.1,24.8,6.76,17
16,7,23.1,26.2,146.9,10.6,36,50,106,21.6,23.7,6.62,16
16,2,35.1,21.5,146.1,7.99,36,50,147,61.9,29.2,9.19,16
19,4,28.7,23.5,143.4,8.08,36,50,136,35.0,25.4,7.16,19
16,1,36.2,40.2,123.7,7.17,36,50,107,80.0,37.2,6.69,16
13,2,24.6,32.5,144.4,8.87,36,50,113,42.2,27.4,8.69,13
12,3,28.6,15.0,118.6,6.14,36,50,103,30.0,16.7,8.58,12
16,4,21.7,18.3,152.4,6.46,36,50,149,30.3,12.0,9.31,16
18,3,41.1,27.9,103.4,7.49,36,50,126,42.6,23.5,7.0,18
14,6,28.9,23.1,145.4,7.39,36,50,87,20.5,30.6,6.21,14
14,6,42.6,33.1,136.1,6.81,36,50,100,26.7,29.0,7.14,14
20,6,39.1,20.7,136.7,7.36,36,50,190,35.8,19.2,9.5,20
11,1,30.8,23.3,152.9,8.7,36,45,100,69.2,25.6,9.09,11
20,4,32.4,21.8,110.6,10.5,36,50,174,40.5,25.5,8.7,20
15,3,27.0,23.3,123.3,8.47,36,50,122,38.9,32.1,8.13,15
16,5,31.9,28.3,118.0,7.48,36,50,136,28.0,29.7,8.5,16
14,8,33.8,30.3,109.4,6.35,36,50,89,15.9,38.8,6.36,14
16,7,24.5,26.2,134.1,10.44,36,50,114,22.3,18.8,7.12,16
13,1,33.7,30.1,111.6,7.06,36,50,101,78.7,26.5,7.77,13
19,7,25.3,27.1,161.2,7.73,36,50,156,20.7,29.3,8.21,19
19,2,44.3,18.9,151.3,7.61,36,50,180,68.0,22.8,9.47,19
16,4,29.6,28.8,127.9,7.77,36,50,128,28.4,29.1,8.0,16
20,7,28.9,29.2,119.2,6.87,36,50,139,19.7,28.8,6.95,20
18,7,37.0,34.5,123.0,7.26,36,50,121,26.6,43.3,6.72,18
14,8,37.4,28.0,115.9,7.05,36,50,105,20.4,29.2,7.5,14
14,3,28.5,33.2,104.9,6.98,36,50,87,31.3,36.6,6.21,14
17,6,37.2,29.4,93.8,7.09,36,50,113,29.0,35.3,6.65,17
16,2,30.4,27.3,126.1,7.53,36,50,139,48.8,30.5,8.69,16
16,6,37.3,19.3,111.6,8.83,36,50,125,25.8,22.2,7.81,16
20,3,27.6,31.9,129.3,7.09,36,50,135,42.5,34.7,6.75,20
13,7,32.1,35.8,126.4,9.16,36,50,59,21.1,37.3,4.54,13
19,6,30.4,16.9,116.5,8.47,36,50,151,22.9,14.5,7.95,19
15,4,32.1,22.3,119.9,9.29,36,50,116,27.2,25.6,7.73,15
16,7,24.7,23.0,147.1,8.59,36,50,121,19.6,22.7,7.56,16
12,3,34.4,29.1,131.3,7.4,36,50,114,32.8,28.4,9.5,12
19,7,34.5,35.2,105.2,8.11,36,50,139,25.6,42.2,7.32,19
18,4,27.9,30.4,115.6,8.29,36,50,144,31.8,27.1,8.0,18
13,7,42.9,24.0,130.6,8.91,36,50,97,22.2,23.0,7.46,13
19,2,43.8,30.8,131.1,7.53,36,50,187,75.3,36.2,9.84,19
17,6,46.4,28.2,133.8,7.94,36,50,132,33.1,16.9,7.76,17
13,5,36.0,30.1,141.9,8.64,36,50,112,26.5,26.9,8.62,13
14,7,32.6,16.6,139.0,6.18,36,50,112,24.9,13.1,8.0,14
10,5,31.0,24.4,152.8,8.2,36,50,79,18.8,17.1,7.9,10
14,3,28.8,23.8,124.3,7.66,36,50,83,33.6,13.3,5.93,14
16,6,31.4,28.7,156.5,10.04,36,50,120,30.8,30.6,7.5,16
11,4,32.8,23.3,112.8,7.47,36,50,84,30.0,23.0,7.64,11
15,4,29.5,31.5,115.1,8.28,36,50,95,26.8,34.9,6.33,15
20,3,37.3,24.5,137.3,8.13,36,50,169,51.5,16.6,8.45,20
17,3,43.2,30.5,126.4,8.68,36,50,137,43.6,35.8,8.06,17
14,6,42.6,31.6,120.7,7.09,36,50,101,22.7,36.5,7.21,14
14,7,35.3,34.7,143.4,8.79,36,50,107,27.1,31.4,7.64,14
20,2,32.2,15.0,141.5,8.51,36,50,193,71.3,12.0,9.65,20
14,4,38.6,25.1,139.5,5.96,36,50,116,26.9,30.7,8.29,14
16,7,32.1,30.7,117.4,8.84,36,50,107,22.9,29.6,6.69,16
13,3,37.3,25.0,159.4,9.0,36,50,105,41.0,26.5,8.08,13
14,7,31.5,35.1,117.8,9.26,36,50,98,21.8,31.1,7.0,14
16,2,39.2,17.7,136.2,8.43,36,50,125,53.0,21.6,7.81,16
20,4,41.5,30.5,118.5,8.21,36,50,149,36.7,29.8,7.45,20
20,2,45.8,29.5,112.6,7.6,36,50,186,75.9,28.5,9.3,20
19,1,28.4,22.1,135.6,7.83,36,50,148,80.0,16.2,7.79,19
19,2,29.9,15.1,112.0,9.1,36,50,175,61.5,14.8,9.21,19
15,2,34.8,22.8,145.4,9.14,36,50,134,50.2,24.1,8.93,15
17,6,30.2,18.3,147.9,8.35,36,50,114,20.7,21.5,6.71,17
20,3,30.8,34.9,109.6,7.7,36,50,136,34.3,26.4,6.8,20
20,6,28.1,25.4,146.1,8.76,36,50,174,29.5,26.2,8.7,20
13,6,27.6,26.3,120.6,6.52,36,50,113,27.4,28.4,8.69,13
14,5,32.2,33.2,126.9,8.54,36,50,106,24.1,32.8,7.57,14
13,5,31.0,28.8,140.7,8.21,36,50,89,27.4,23.8,6.85,13
18,5,38.0,33.4,130.2,9.28,36,50,123,34.5,34.6,6.83,18
17,7,23.9,32.9,165.4,7.37,36,50,100,17.4,33.4,5.88,17
18,3,27.7,18.4,151.6,7.97,36,50,146,48.0,17.6,8.11,18
16,4,28.6,27.2,144.7,8.75,36,50,144,29.5,38.6,9.0,16
20,6,38.0,29.1,105.2,8.55,36,50,165,32.0,30.7,8.25,20
16,9,25.9,22.7,114.7,8.63,36,50,108,17.0,20.6,6.75,16
19,8,21.3,23.3,158.3,8.31,35,50,148,21.0,25.5,7.79,19
17,4,33.1,22.2,140.9,7.64,36,50,133,39.3,22.2,7.82,17
12,3,25.2,25.0,126.6,10.05,36,50,88,25.8,19.9,7.33,12
17,5,49.1,26.5,114.5,7.81,36,50,126,33.7,27.3,7.41,17
11,3,32.1,29.8,116.9,8.52,36,50,80,25.2,27.1,7.27,11
19,2,36.5,24.6,124.0,6.62,36,50,159,59.1,23.5,8.37,19
18,6,28.2,26.3,133.1,7.16,36,50,149,24.5,23.7,8.28,18
17,5,26.8,24.4,136.2,10.02,36,50,121,22.7,20.9,7.12,17
16,4,38.2,18.0,115.8,7.63,36,50,130,37.5,14.0,8.12,16
15,4,38.0,29.6,137.6,7.29,36,50,122,36.2,35.9,8.13,15
18,3,21.2,17.2,135.9,8.54,36,50,161,44.5,22.9,8.94,18
20,5,31.1,17.6,135.7,7.17,36,50,157,35.2,23.3,7.85,20
17,5,26.4,21.9,120.9,7.52,36,50,122,26.0,25.2,7.18,17
17,5,38.6,19.5,109.8,8.77,36,50,152,31.7,23.6,8.94,17
20,6,28.1,20.4,134.0,6.85,36,50,150,21.9,17.9,7.5,20
15,5,36.9,29.2,121.8,9.57,36,50,104,23.4,24.1,6.93,15
18,4,31.7,30.1,107.8,5.91,36,50,140,34.7,29.7,7.78,18
16,3,40.1,16.0,125.5,5.97,36,50,128,38.5,12.0,8.0,16
13,2,30.1,25.4,119.1,7.89,36,50,97,42.4,27.7,7.46,13
14,6,33.5,21.3,124.3,8.01,36,50,99,19.5,19.9,7.07,14
18,8,38.1,21.7,135.8,7.65,36,50,141,27.1,20.1,7.83,18
16,4,42.5,24.0,117.7,8.08,36,50,120,36.7,28.7,7.5,16
17,3,37.3,18.3,125.7,7.43,36,50,126,39.1,22.4,7.41,17
12,3,34.0,26.9,140.6,8.77,36,50,94,30.8,25.1,7.83,12
20,5,28.3,22.6,133.6,8.66,36,50,156,35.1,20.7,7.8,20
19,5,32.2,23.4,142.5,8.49,36,50,159,30.5,23.0,8.37,19
14,5,29.7,28.6,119.6,9.0,36,50,105,26.8,28.0,7.5,14
20,6,36.3,19.4,136.4,9.11,36,50,164,28.7,18.6,8.2,20
15,5,25.0,33.3,133.6,7.48,36,50,93,22.7,37.5,6.2,15
19,6,34.4,21.1,105.3,8.51,36,50,126,30.8,19.2,6.63,19
19,7,34.8,28.1,135.9,8.42,36,50,161,27.8,27.0,8.47,19
20,6,30.8,20.5,119.8,5.8,36,50,140,26.5,21.0,7.0,20
14,6,36.2,30.7,152.1,8.86,36,50,126,29.6,25.0,9.0,14
15,7,34.3,30.2,126.7,9.02,36,50,99,20.4,32.9,6.6,15
16,7,44.6,29.0,130.1,6.95,36,50,117,27.6,27.0,7.31,16
17,7,35.9,22.1,105.7,9.9,36,50,100,20.4,28.4,5.88,17
19,4,39.5,27.9,138.4,8.41,36,50,153,38.9,23.5,8.05,19
18,8,38.2,32.6,138.8,6.78,36,50,147,31.7,33.5,8.17,18
12,4,31.3,27.9,137.5,7.01,36,50,79,24.5,24.3,6.58,12
20,2,42.4,27.1,131.2,8.38,36,50,194,79.8,26.7,9.7,20
16,5,22.9,21.1,126.8,6.9,36,50,118,23.3,18.1,7.38,16
15,5,30.0,25.3,120.1,9.03,36,50,99,19.1,22.8,6.6,15
16,1,34.1,33.8,128.8,8.15,36,50,109,80.0,43.0,6.81,16
20,10,37.7,30.8,114.7,8.12,36,50,147,26.2,28.9,7.35,20
13,6,35.4,23.2,143.4,7.65,36,50,107,25.0,25.3,8.23,13
9,4,20.8,27.6,110.6,9.03,36,50,65,15.9,28.1,7.22,9
17,6,34.7,25.4,122.1,7.86,36,50,140,29.9,28.3,8.24,17
15,5,39.5,27.5,148.0,9.52,36,50,130,31.1,27.7,8.67,15
14,4,34.9,20.0,117.5,9.21,36,50,100,28.1,22.6,7.14,14
13,7,28.8,31.1,118.4,7.18,36,50,78,15.2,35.1,6.0,13
17,3,29.0,26.3,142.6,7.6,36,50,142,40.7,29.6,8.35,17
16,1,40.7,35.2,139.7,7.59,36,50,129,80.0,38.5,8.06,16
14,5,29.9,24.3,136.7,7.01,36,50,122,30.2,26.0,8.71,14
19,5,30.0,25.4,119.2,8.2,36,50,127,21.5,31.7,6.68,19
14,2,26.4,33.6,152.0,8.57,36,50,111,41.4,32.9,7.93,14
20,5,34.2,21.4,120.2,6.97,36,50,149,34.0,24.3,7.45,20
13,3,37.5,26.2,126.5,7.31,36,50,131,42.8,19.6,10.08,13
13,5,17.8,24.5,139.0,8.47,36,50,72,17.5,25.5,5.54,13
14,5,28.4,34.2,107.7,8.44,36,50,73,19.6,29.3,5.21,14
15,3,40.1,21.5,114.7,8.57,36,50,140,44.7,23.5,9.33,15
18,3,40.1,28.6,154.3,8.76,36,50,135,44.3,28.8,7.5,18
14,2,38.0,26.2,114.5,7.91,36,50,103,41.2,25.6,7.36,14
16,2,30.8,28.9,136.9,8.47,36,50,127,49.2,24.9,7.94,16
13,4,16.3,27.9,131.4,7.66,36,50,91,14.2,31.1,7.0,13
14,8,36.0,28.0,145.3,7.74,36,50,104,19.6,27.2,7.43,14
14,5,31.5,34.8,104.5,7.39,36,50,73,22.2,38.9,5.21,14
16,2,29.5,22.4,123.3,7.27,36,50,136,52.3,24.2,8.5,16
12,1,30.7,15.0,126.2,6.45,36,50,106,77.6,14.0,8.83,12
14,5,43.2,23.4,130.2,7.26,36,50,113,27.2,27.9,8.07,14
13,5,17.2,19.0,97.6,7.46,36,50,102,16.7,27.1,7.85,13
11,5,30.4,27.8,124.1,9.08,36,50,89,24.5,22.6,8.09,11
18,5,34.8,23.8,130.7,6.01,36,50,151,38.2,22.2,8.39,18
15,4,31.8,44.3,137.6,7.76,36,50,113,25.0,41.4,7.53,15
14,8,29.2,32.0,92.6,7.16,36,50,102,22.1,35.2,7.29,14
15,2,32.5,21.8,102.5,5.63,36,50,108,44.0,27.4,7.2,15
12,3,30.5,20.6,124.3,8.74,36,50,97,26.1,17.2,8.08,12
19,3,34.1,26.2,126.1,8.19,36,50,165,46.3,24.2,8.68,19
20,4,38.6,26.8,138.5,7.95,36,50,148,33.9,29.4,7.4,20
15,7,27.5,33.3,144.8,8.36,36,50,89,16.9,36.0,5.93,15
14,10,27.4,25.8,135.1,8.81,36,47,76,16.4,29.5,5.43,14
16,6,21.5,30.3,117.8,9.13,36,50,85,17.9,41.7,5.31,16
14,2,37.8,19.8,124.0,7.89,36,50,111,43.2,22.2,7.93,14
18,7,29.5,26.1,137.4,7.63,36,50,142,20.7,22.7,7.89,18
18,5,40.1,24.8,135.6,8.46,36,50,131,34.0,26.9,7.28,18
20,6,30.8,31.4,109.8,6.02,36,50,126,25.3,37.1,6.3,20
14,8,28.0,29.3,150.8,9.34,36,50,83,16.4,35.7,5.93,14
11,7,32.5,25.3,148.1,10.23,36,50,60,20.2,23.4,5.45,11
14,7,36.0,22.4,114.8,7.63,36,50,101,24.1,24.5,7.21,14
10,1,31.7,30.4,113.1,6.94,36,50,69,56.0,28.0,6.9,10
13,7,37.0,26.5,133.1,5.42,36,50,109,30.4,31.9,8.38,13
15,6,26.1,28.0,125.9,10.45,36,50,108,22.2,29.5,7.2,15
14,9,27.4,25.4,140.3,9.21,36,50,91,15.8,26.2,6.5,14
16,5,35.7,21.1,112.6,8.9,36,50,136,31.9,18.2,8.5,16
15,1,30.5,18.2,142.4,8.83,36,50,141,80.0,12.5,9.4,15
15,7,48.3,24.7,135.0,7.93,36,50,149,30.5,25.1,9.93,15
16,2,29.5,24.5,124.6,10.31,36,50,121,49.3,23.3,7.56,16
16,4,36.2,26.7,115.4,8.02,36,50,111,33.0,24.6,6.94,16
14,5,33.8,26.9,141.5,8.45,36,50,106,20.1,13.6,7.57,14
17,3,27.0,25.3,109.9,7.05,36,50,141,41.8,28.8,8.29,17
16,3,33.0,15.0,119.9,6.92,36,50,133,39.3,22.8,8.31,16
17,6,35.1,20.8,125.8,8.63,36,50,135,29.5,20.2,7.94,17
18,4,38.0,22.7,135.0,7.3,36,50,158,40.5,26.2,8.78,18
18,2,22.7,29.1,104.9,7.0,36,50,145,56.4,30.6,8.06,18
18,2,33.4,29.5,111.8,6.07,36,50,144,53.7,27.7,8.0,18
17,6,41.3,24.7,135.4,8.72,36,50,141,28.4,27.1,8.29,17
16,2,44.3,22.3,114.9,7.58,36,50,133,54.8,24.2,8.31,16
13,5,21.3,31.8,126.3,7.41,36,50,50,16.2,32.8,3.85,13
20,5,38.2,25.8,109.3,6.74,36,45,131,30.0,28.2,6.55,20
20,5,25.3,27.8,148.9,7.2,36,50,164,28.1,28.8,8.2,20
13,2,29.7,33.8,137.9,9.49,36,50,102,44.4,35.1,7.85,13
17,3,32.8,25.6,110.4,9.85,36,50,152,44.1,27.6,8.94,17
17,6,40.8,26.9,145.7,7.78,36,50,140,30.2,26.4,8.24,17
17,1,35.0,28.6,98.4,6.83,36,50,131,80.0,26.3,7.71,17
18,3,24.4,23.3,119.3,8.49,36,50,152,35.1,24.5,8.44,18
20,4,32.1,30.8,131.6,7.81,36,50,158,30.1,28.3,7.9,20
14,4,27.7,27.0,155.1,6.41,36,50,105,24.3,20.4,7.5,14
17,1,29.9,32.1,122.5,8.13,36,50,135,80.0,37.6,7.94,17
16,4,30.0,20.3,128.3,6.09,36,50,127,33.2,25.0,7.94,16
20,4,34.1,36.4,125.9,6.76,36,50,158,36.0,32.1,7.9,20
16,5,38.7,27.0,87.5,7.75,36,50,116,30.1,33.4,7.25,16
13,3,24.7,39.6,128.8,7.46,36,50,90,23.9,38.1,6.92,13
15,1,25.0,22.3,133.7,8.58,36,50,119,80.0,28.0,7.93,15
11,3,22.4,24.1,132.4,8.19,36,50,69,23.1,22.7,6.27,11
17,5,38.8,18.1,135.5,6.93,36,50,145,37.8,15.4,8.53,17
18,5,28.5,21.1,112.6,8.43,36,50,127,30.4,20.1,7.06,18
15,8,28.6,25.4,123.4,10.65,36,50,80,22.6,27.8,5.33,15
18,8,20.3,30.6,149.9,8.32,36,50,126,18.6,29.7,7.0,18
14,4,36.6,23.4,124.5,7.47,36,50,111,27.7,24.2,7.93,14
14,3,24.9,26.1,112.6,9.29,36,50,103,23.0,24.6,7.36,14
20,5,28.7,15.0,80.1,7.2,36,50,166,36.3,16.4,8.3,20
19,7,34.0,19.2,131.9,7.09,29,50,116,24.1,20.4,6.11,19
18,1,31.0,22.2,107.0,6.53,36,50,138,80.0,26.1,7.67,18
19,8,23.9,19.8,136.1,7.4,36,50,129,18.3,22.7,6.79,19
15,4,40.2,28.5,114.3,8.53,36,50,108,37.0,24.7,7.2,15
14,3,31.7,26.6,130.3,7.18,36,50,103,34.2,27.3,7.36,14
18,9,34.1,24.7,130.7,7.63,36,50,120,17.9,21.8,6.67,18
14,6,33.5,28.4,127.0,8.0,36,50,99,16.3,25.7,7.07,14
12,4,29.7,25.8,123.6,8.52,36,50,77,28.6,29.1,6.42,12
20,5,36.4,27.1,147.7,6.97,35,50,173,35.7,35.8,8.65,20
20,2,23.7,23.6,141.9,8.73,36,50,164,65.3,25.3,8.2,20
17,4,24.4,21.9,157.6,8.32,36,50,119,28.7,20.4,7.0,17
13,4,27.0,34.5,149.9,8.33,36,50,99,22.6,31.1,7.62,13
20,4,26.4,26.7,141.9,6.91,36,50,152,26.0,26.9,7.6,20
18,4,38.1,17.0,144.1,7.1,36,50,159,40.8,22.3,8.83,18
20,2,29.8,31.4,119.9,9.39,36,50,172,60.8,36.8,8.6,20
19,7,22.8,25.8,130.4,7.04,36,50,122,21.9,21.0,6.42,19
17,3,29.9,24.8,108.6,7.6,36,50,123,33.3,26.3,7.24,17
12,1,25.0,30.2,122.0,6.63,36,50,77,55.5,32.0,6.42,12
14,5,32.4,29.9,137.8,9.06,36,50,92,24.8,29.2,6.57,14
19,9,26.5,28.7,159.9,7.52,36,50,118,18.5,30.3,6.21,19
13,4,23.2,20.9,140.2,6.8,36,50,97,26.3,17.6,7.46,13
16,4,30.0,19.7,133.3,7.7,36,50,111,27.4,18.5,6.94,16
18,3,27.9,21.7,119.3,6.31,36,50,153,42.4,16.8,8.5,18
14,6,34.9,29.8,126.4,7.84,36,50,87,27.5,29.3,6.21,14
18,3,36.7,37.2,135.2,8.11,36,50,130,38.8,33.7,7.22,18
13,2,37.8,27.5,130.4,8.84,36,50,95,39.4,28.5,7.31,13
8,4,36.4,26.7,143.8,9.2,36,50,69,26.2,34.0,8.62,8
20,6,37.2,25.7,146.8,9.47,36,50,144,24.6,31.8,7.2,20
17,7,31.0,23.5,124.9,7.38,36,50,127,19.4,22.4,7.47,17
20,4,29.5,31.4,121.0,7.97,33,50,131,32.4,36.6,6.55,20
18,6,41.6,19.6,109.3,7.63,36,50,158,33.6,26.4,8.78,18
13,7,30.1,27.6,132.3,7.9,36,50,79,21.9,24.3,6.08,13
14,3,34.8,28.3,127.2,8.07,36,50,78,26.9,35.5,5.57,14
17,3,26.6,22.5,131.8,7.91,36,50,135,36.8,17.6,7.94,17
17,5,29.4,24.3,124.8,8.97,36,50,115,29.4,26.9,6.76,17
20,3,20.3,30.7,118.1,7.78,36,50,142,36.1,34.7,7.1,20
16,0,28.4,21.7,140.6,7.38,36,50,122,79.5,20.6,7.62,16
20,2,34.1,29.5,141.8,9.46,36,50,167,64.6,29.2,8.35,20
9,3,32.4,30.4,134.1,6.69,36,50,47,25.1,28.3,5.22,9
17,4,39.2,28.4,150.1,7.17,36,50,146,38.5,25.6,8.59,17
16,5,33.2,25.5,144.1,8.56,36,50,141,33.3,27.6,8.81,16
13,2,27.7,29.5,132.8,8.65,36,50,94,38.8,31.1,7.23,13
15,4,25.6,27.1,105.6,8.62,36,50,102,25.3,26.8,6.8,15
20,3,33.3,31.4,116.7,7.29,36,50,143,39.4,27.9,7.15,20
17,2,38.3,22.2,135.6,8.28,36,44,142,57.9,24.4,8.35,17
19,5,39.9,23.1,146.1,9.52,36,50,153,35.7,30.8,8.05,19
17,2,26.8,21.8,133.8,7.12,36,50,124,45.7,24.8,7.29,17
19,5,31.6,28.8,150.3,7.19,36,50,141,28.9,26.5,7.42,19
18,6,28.3,23.3,131.7,7.34,36,50,146,23.0,19.5,8.11,18
15,4,32.2,23.7,125.3,8.33,36,50,140,34.0,31.6,9.33,15
16,2,36.1,26.5,138.3,6.9,36,50,125,51.5,31.0,7.81,16
14,6,29.9,22.9,115.2,8.04,36,50,104,24.2,24.8,7.43,14
17,3,29.4,28.4,144.9,7.52,34,50,133,41.4,29.7,7.82,17
19,3,27.9,31.6,110.4,6.15,36,50,124,32.2,32.8,6.53,19
20,7,41.6,25.7,126.9,6.73,36,50,169,31.4,29.3,8.45,20
13,6,34.4,28.6,131.5,7.83,36,50,95,24.8,34.1,7.31,13
15,1,36.5,30.6,133.2,7.29,36,50,121,80.0,24.2,8.07,15
16,2,31.4,27.9,137.4,8.27,36,50,132,54.1,23.7,8.25,16
20,2,36.2,26.4,124.5,6.37,36,50,168,62.0,28.4,8.4,20
20,5,35.6,20.7,137.6,8.98,36,50,149,34.0,15.3,7.45,20
14,6,27.1,19.0,128.0,7.73,36,50,92,20.7,22.8,6.57,14
14,4,34.3,26.8,115.9,9.13,36,50,107,29.5,21.7,7.64,14
18,2,22.1,33.6,127.6,7.32,36,50,116,47.4,37.6,6.44,18
18,2,35.4,19.9,121.6,8.67,36,50,153,62.6,23.8,8.5,18
18,4,41.2,23.2,155.2,8.46,36,50,169,44.3,18.5,9.39,18
19,6,35.8,23.3,154.6,7.99,36,50,166,29.1,28.2,8.74,19
17,5,42.0,30.1,118.4,8.21,36,50,143,37.7,24.8,8.41,17
18,2,29.2,28.0,111.3,7.7,36,50,119,44.0,24.6,6.61,18
17,8,25.3,29.5,140.1,8.35,36,50,112,20.8,30.9,6.59,17
20,1,22.7,21.4,124.4,8.47,36,50,155,80.0,23.3,7.75,20
14,4,19.8,23.4,138.5,7.55,36,50,113,24.6,16.0,8.07,14
20,5,34.2,34.8,143.3,10.77,36,50,145,34.1,27.4,7.25,20
15,4,24.1,35.5,123.2,5.99,36,50,91,25.3,42.1,6.07,15
16,6,36.3,24.1,140.5,6.89,36,50,135,21.7,19.6,8.44,16
19,3,33.1,23.8,123.1,8.61,36,50,145,38.7,27.1,7.63,19
15,3,36.1,25.5,153.6,8.88,36,50,115,40.5,22.7,7.67,15
11,3,34.4,34.9,136.1,7.25,36,50,86,30.9,33.6,7.82,11
18,1,35.4,32.1,136.9,7.26,36,50,164,80.0,28.6,9.11,18
20,4,34.0,21.5,132.2,7.58,36,50,179,43.5,12.9,8.95,20
12,4,34.9,26.5,143.5,7.14,36,50,82,20.4,30.2,6.83,12
11,3,39.2,21.5,102.2,9.35,36,50,82,35.3,21.6,7.45,11
11,7,28.8,34.5,145.8,8.25,36,50,61,18.4,28.2,5.55,11
14,5,33.9,27.7,102.6,8.86,36,50,113,27.6,31.9,8.07,14
17,5,41.8,32.4,137.5,8.42,36,50,147,33.5,35.4,8.65,17
13,3,29.2,26.6,149.0,7.76,36,50,109,37.7,27.4,8.38,13
15,1,26.7,22.0,128.5,7.21,36,50,118,80.0,18.0,7.87,15
10,7,27.6,16.2,127.8,8.94,36,50,75,16.0,12.0,7.5,10
15,3,41.2,21.3,154.8,7.78,36,50,150,46.0,24.7,10.0,15
18,2,35.5,23.7,112.4,8.5,36,50,135,52.2,20.8,7.5,18
11,3,37.5,20.7,96.3,8.21,36,50,67,29.5,25.7,6.09,11
18,5,37.6,36.4,158.9,10.25,36,50,139,32.8,43.0,7.72,18
15,5,37.1,29.5,132.4,7.66,36,50,117,28.4,26.5,7.8,15
16,4,28.6,32.1,142.5,7.78,36,50,118,25.4,29.9,7.38,16
12,1,37.9,36.3,103.7,8.85,36,50,82,62.9,37.4,6.83,12
17,5,39.0,24.7,122.7,8.77,36,50,135,28.0,26.5,7.94,17
18,7,39.8,21.1,129.0,7.93,36,50,149,30.7,17.9,8.28,18
14,10,34.9,19.5,97.3,9.03,36,50,75,18.5,19.4,5.36,14
18,3,30.7,27.8,137.2,7.25,36,50,157,40.6,31.8,8.72,18
20,4,38.7,29.4,118.7,8.76,36,50,167,45.2,40.1,8.35,20
17,8,35.6,29.8,164.2,7.15,36,50,142,27.3,28.1,8.35,17
18,8,30.8,27.7,114.3,7.44,36,50,148,21.8,27.1,8.22,18
14,5,38.2,18.9,146.7,6.92,36,50,109,31.2,23.7,7.79,14
15,3,39.2,30.1,120.7,6.81,36,50,103,37.0,31.1,6.87,15
19,8,31.5,35.2,136.6,7.24,36,50,99,24.1,30.2,5.21,19
18,2,45.9,28.9,132.5,8.52,36,50,160,63.1,23.1,8.89,18
16,6,32.9,33.0,144.1,5.98,36,44,126,29.8,29.2,7.88,16
20,4,36.4,26.1,122.2,7.92,36,50,154,37.4,19.1,7.7,20
20,2,42.4,20.4,108.8,8.03,36,50,181,74.4,16.1,9.05,20
13,6,33.8,34.2,132.0,7.54,36,50,82,16.8,40.4,6.31,13
17,4,32.4,23.0,126.2,8.58,36,50,112,30.5,26.7,6.59,17
15,0,25.7,22.5,131.8,7.23,36,50,129,80.0,19.0,8.6,15
17,7,32.0,20.1,152.1,7.05,36,50,152,27.6,18.1,8.94,17
20,6,38.8,24.8,143.6,9.04,36,50,164,31.3,18.8,8.2,20
14,3,32.6,21.8,96.1,8.85,36,50,112,33.8,20.4,8.0,14
20,7,32.9,33.3,119.3,7.21,36,50,138,25.1,31.5,6.9,20
16,3,36.1,23.5,136.3,7.92,36,50,123,36.6,18.9,7.69,16
10,3,34.1,23.9,124.5,9.78,36,50,59,24.4,19.6,5.9,10
16,2,33.1,32.2,136.0,6.13,36,50,138,49.1,31.5,8.62,16
12,3,41.1,24.9,143.3,8.06,36,50,100,35.3,25.7,8.33,12
18,4,39.5,32.5,107.4,8.28,36,50,134,36.2,33.2,7.44,18
16,2,26.9,26.2,156.6,8.15,36,50,125,43.3,25.4,7.81,16
20,3,39.3,28.7,146.0,9.55,36,50,174,50.0,31.2,8.7,20
19,3,25.9,30.6,133.3,9.19,36,50,126,32.0,28.2,6.63,19
13,0,43.7,24.0,96.6,8.27,36,50,132,80.0,24.4,10.15,13
17,4,26.0,25.2,145.2,8.34,36,50,151,29.7,26.0,8.88,17
17,5,40.3,37.2,134.3,7.56,36,50,132,30.7,39.4,7.76,17
19,2,21.6,23.8,110.8,6.33,36,50,139,46.6,15.8,7.32,19
11,6,32.3,31.6,140.2,7.66,36,50,85,22.5,27.5,7.73,11
10,6,38.8,31.3,124.5,7.53,36,50,53,21.4,34.9,5.3,10
17,6,24.8,23.6,146.6,8.99,36,50,106,22.1,26.6,6.24,17
14,7,35.9,20.2,111.1,5.85,36,50,97,28.8,21.6,6.93,14
18,4,34.6,24.9,112.3,10.22,36,50,134,29.0,32.2,7.44,18
15,2,22.6,25.9,112.7,8.4,36,50,81,31.1,25.6,5.4,15
15,6,19.5,23.8,141.1,8.58,36,50,109,14.7,20.5,7.27,15
15,7,46.8,31.5,161.4,10.21,36,50,125,27.4,30.6,8.33,15
19,5,39.7,18.3,114.0,8.39,36,50,168,41.4,19.6,8.84,19
16,6,42.0,30.1,151.0,7.79,36,50,119,30.6,26.4,7.44,16
17,6,36.2,29.5,127.0,8.37,36,50,106,22.2,38.4,6.24,17
14,1,30.5,32.9,144.6,8.35,36,50,117,80.0,28.1,8.36,14
14,8,30.4,30.4,132.8,9.18,36,50,97,23.2,34.0,6.93,14
20,4,32.3,24.8,118.8,9.14,36,50,163,39.5,22.6,8.15,20
17,3,25.1,35.8,136.2,9.1,36,50,138,38.8,39.0,8.12,17
16,9,27.8,28.2,144.3,8.61,36,50,136,24.2,28.1,8.5,16
16,1,29.0,20.2,132.9,10.55,36,50,141,80.0,17.0,8.81,16
20,2,26.3,21.9,128.6,7.87,36,50,197,71.9,20.5,9.85,20
15,3,16.0,25.1,129.0,8.59,36,50,95,29.2,23.7,6.33,15
16,7,29.8,37.4,124.3,7.74,36,50,105,22.4,38.3,6.56,16
18,7,45.9,25.3,105.4,8.53,36,50,138,34.1,23.0,7.67,18
20,5,45.4,34.8,111.3,8.35,36,50,153,27.9,40.3,7.65,20
19,5,26.9,20.8,136.8,8.43,36,50,176,35.9,26.0,9.26,19
13,5,35.3,26.1,140.6,7.15,36,50,115,27.0,24.1,8.85,13
13,10,31.7,25.3,137.8,7.84,36,50,108,19.5,31.8,8.31,13
14,5,22.7,25.9,129.2,6.23,36,50,96,19.1,24.5,6.86,14
16,6,25.0,26.5,102.2,6.38,36,50,82,19.9,24.7,5.12,16
15,6,38.0,33.1,113.0,9.24,36,50,98,24.8,30.4,6.53,15
16,5,31.7,29.4,115.6,6.68,36,50,84,26.1,34.4,5.25,16
18,6,38.5,24.7,100.3,8.01,36,50,125,30.3,28.0,6.94,18
12,4,27.8,23.6,156.0,7.61,36,50,113,25.8,27.1,9.42,12
20,3,25.2,28.5,119.9,9.86,36,50,162,43.9,21.8,8.1,20
15,4,21.7,28.5,128.7,7.5,36,50,92,21.2,31.8,6.13,15
11,2,24.0,22.3,136.5,8.96,36,50,88,36.8,18.6,8.0,11
13,4,30.0,27.5,126.8,6.89,36,50,118,32.2,36.0,9.08,13
19,2,33.8,20.6,141.4,8.87,36,50,163,61.7,19.6,8.58,19
14,9,26.9,30.8,117.1,7.39,34,50,56,10.6,32.1,4.0,14
20,8,27.5,25.6,107.0,5.79,36,50,142,19.4,23.9,7.1,20
18,6,16.5,25.0,121.2,6.56,36,50,100,16.9,24.8,5.56,18
14,5,38.7,29.9,147.8,8.31,36,50,106,20.1,28.4,7.57,14
16,4,25.8,19.9,123.9,8.94,36,50,119,28.8,23.1,7.44,16
20,6,29.9,24.8,77.4,6.98,36,50,122,25.2,31.8,6.1,20
20,2,33.9,32.3,117.1,8.72,36,50,161,60.3,33.0,8.05,20
15,4,27.2,24.0,132.5,7.52,36,50,129,27.5,23.9,8.6,15
18,3,26.1,20.4,107.8,7.89,36,50,129,36.1,15.8,7.17,18
16,5,21.3,17.0,136.9,8.01,36,47,119,23.3,22.5,7.44,16
20,3,43.2,17.5,131.9,7.56,36,49,198,58.2,22.4,9.9,20
20,7,43.1,26.7,122.0,7.63,36,50,148,34.8,24.6,7.4,20
18,6,38.8,24.1,140.1,10.26,36,50,154,28.8,24.5,8.56,18
16,3,30.3,28.9,146.5,8.22,36,50,122,35.1,38.4,7.62,16
16,3,22.7,15.0,119.5,8.95,36,50,111,33.1,20.6,6.94,16
14,6,26.6,19.4,138.6,7.98,36,50,104,24.5,23.5,7.43,14
15,6,38.0,34.2,131.8,9.15,36,50,97,24.7,32.0,6.47,15
13,3,28.9,22.8,113.7,7.55,36,50,72,28.5,23.3,5.54,13
14,5,22.3,31.7,125.0,8.21,36,50,87,21.6,30.8,6.21,14
16,5,28.1,36.2,132.0,8.89,36,50,111,26.1,35.7,6.94,16
14,4,23.9,22.0,132.1,9.78,36,50,127,30.1,27.5,9.07,14
15,9,29.5,19.5,123.9,8.25,36,50,106,20.7,20.6,7.07,15
20,6,26.6,29.9,126.4,10.06,36,48,149,27.8,32.8,7.45,20
16,5,35.9,37.0,103.5,10.08,36,50,118,25.7,33.9,7.38,16
19,5,42.8,29.0,112.9,7.78,36,50,147,32.0,35.8,7.74,19
15,5,27.4,28.7,130.2,8.44,36,50,83,18.3,25.2,5.53,15
18,2,38.9,20.6,126.4,6.88,36,50,156,62.9,25.0,8.67,18
18,7,38.0,27.5,114.1,8.61,36,50,141,27.3,29.2,7.83,18
20,6,18.5,27.1,125.1,7.56,36,50,129,16.5,27.1,6.45,20
20,5,22.1,31.5,151.1,6.74,36,50,143,25.6,23.8,7.15,20
14,1,31.5,26.2,113.1,7.27,36,50,109,77.7,28.0,7.79,14
17,6,35.8,28.2,135.7,7.87,36,50,125,24.7,28.2,7.35,17
20,5,39.4,26.0,138.3,8.96,36,50,159,36.9,24.6,7.95,20
13,6,32.6,31.5,153.1,8.36,36,50,89,22.3,38.5,6.85,13
18,2,38.7,22.6,125.7,8.21,36,50,155,64.9,23.8,8.61,18
19,2,26.0,20.9,151.3,9.12,36,50,181,63.4,23.5,9.53,19
18,9,29.7,29.4,134.8,8.32,36,50,113,17.1,27.4,6.28,18
12,4,42.2,29.4,164.5,8.74,36,50,113,32.5,26.0,9.42,12
12,5,36.6,23.2,134.2,7.28,36,50,99,27.7,22.1,8.25,12
18,7,32.0,23.6,143.4,6.95,36,50,131,28.2,22.9,7.28,18
15,1,40.5,24.2,120.7,8.56,36,50,139,80.0,20.4,9.27,15
17,3,33.3,29.7,113.1,6.74,36,50,137,43.3,29.1,8.06,17
18,5,38.9,25.2,146.2,9.1,36,50,162,36.0,22.7,9.0,18
16,2,33.5,37.5,118.8,8.41,36,50,114,47.1,41.6,7.12,16
19,3,30.3,35.3,133.9,8.45,36,50,129,38.0,40.1,6.79,19
15,2,43.8,26.4,110.5,8.78,36,50,130,60.0,27.5,8.67,15
14,5,29.2,26.5,139.7,7.48,36,50,110,26.6,29.5,7.86,14
9,5,34.5,22.9,129.1,7.81,36,50,49,18.4,22.6,5.44,9
17,7,46.7,22.6,133.5,6.58,36,50,135,32.2,27.8,7.94,17
19,7,40.1,23.1,144.6,10.59,36,50,173,25.6,24.2,9.11,19
15,4,40.1,26.3,137.7,7.37,36,50,151,43.5,21.4,10.07,15
17,6,26.8,19.4,150.3,6.85,36,50,133,23.7,21.6,7.82,17
19,3,24.9,18.3,131.9,7.98,36,50,135,39.9,16.3,7.11,19
17,3,34.2,27.0,126.4,9.13,36,50,130,33.2,24.6,7.65,17
17,10,23.1,27.2,135.2,7.94,36,50,121,19.9,29.9,7.12,17
20,4,38.0,15.0,118.5,7.05,36,50,167,40.4,12.2,8.35,20
20,7,38.1,39.2,121.7,8.93,36,50,155,27.1,40.9,7.75,20
16,5,36.4,31.5,133.3,7.59,36,50,110,28.8,30.4,6.88,16
13,3,27.6,25.5,129.9,9.67,36,50,100,34.3,30.5,7.69,13
14,8,22.3,24.1,138.6,7.42,36,50,101,15.0,34.4,7.21,14
20,6,30.1,24.6,115.7,6.98,36,50,164,30.0,24.7,8.2,20
20,10,35.3,31.3,135.5,9.27,36,50,144,25.1,34.4,7.2,20
14,3,32.1,21.1,110.1,9.23,36,43,130,36.4,15.8,9.29,14
17,0,19.2,20.0,140.9,8.64,36,50,121,74.2,20.6,7.12,17
13,5,37.2,34.8,146.8,8.73,36,50,78,26.9,36.6,6.0,13
16,6,26.0,18.2,108.7,7.61,36,50,106,22.8,14.4,6.62,16
17,7,31.8,28.7,143.3,7.11,36,50,137,20.0,33.5,8.06,17
16,5,33.3,26.3,139.7,8.6,36,50,123,26.7,23.4,7.69,16
16,5,40.1,21.6,106.8,8.12,36,50,111,27.1,18.3,6.94,16
17,2,29.7,30.3,125.5,8.69,36,50,101,47.8,34.3,5.94,17
15,7,44.3,28.4,129.7,9.07,36,50,107,26.4,26.0,7.13,15
20,6,35.9,28.7,124.2,7.0,36,50,140,25.4,31.9,7.0,20
14,3,39.4,26.8,133.8,9.18,36,50,98,32.7,32.7,7.0,14
13,6,26.8,19.1,115.9,8.07,36,50,113,22.4,20.9,8.69,13
16,5,24.8,26.7,129.5,7.56,36,50,138,22.5,27.3,8.62,16
18,3,38.5,24.3,149.2,8.92,36,50,154,42.7,17.4,8.56,18
20,7,30.7,26.5,149.2,8.08,36,50,159,34.0,26.8,7.95,20
16,2,25.3,20.0,144.4,8.34,36,50,131,51.8,17.9,8.19,16
18,6,44.7,28.6,129.5,8.18,36,50,126,27.6,33.5,7.0,18
15,5,28.5,15.0,139.0,8.77,36,50,108,26.3,18.0,7.2,15
13,1,24.4,30.8,129.1,7.59,36,50,113,80.0,23.1,8.69,13
16,6,31.3,29.6,134.6,6.77,36,50,115,21.0,28.0,7.19,16
18,2,36.8,37.3,124.4,7.24,36,50,132,55.9,28.9,7.33,18
20,8,23.1,19.1,113.6,8.78,36,50,132,16.9,19.5,6.6,20
15,4,29.0,19.1,127.5,8.33,36,50,124,34.2,17.0,8.27,15
17,4,25.3,21.1,140.1,7.92,36,50,141,33.8,29.2,8.29,17
20,7,31.8,18.7,110.8,8.37,36,50,146,27.5,19.0,7.3,20
11,5,30.7,28.8,134.8,7.39,36,50,74,17.6,30.6,6.73,11
14,3,29.9,25.5,154.6,7.87,36,50,113,37.6,26.7,8.07,14
15,4,31.5,31.1,158.9,7.72,36,50,105,30.9,30.4,7.0,15
17,1,30.2,29.8,125.9,5.78,36,50,135,80.0,28.2,7.94,17
15,2,21.0,32.6,124.2,6.64,36,50,139,52.9,40.6,9.27,15
17,2,27.9,18.0,148.1,9.84,36,50,143,48.7,20.2,8.41,17
15,5,35.8,31.0,122.1,8.38,36,50,123,31.0,35.9,8.2,15
20,5,37.9,21.9,111.2,6.89,36,50,177,35.2,29.5,8.85,20
16,8,45.5,32.1,159.0,8.63,36,50,115,25.5,32.3,7.19,16
17,5,44.4,27.4,125.6,9.7,36,50,152,35.2,29.7,8.94,17
14,3,38.3,21.7,116.0,9.51,36,50,106,34.5,21.2,7.57,14
18,2,22.6,32.1,135.5,7.88,36,50,142,50.1,27.3,7.89,18
18,4,24.0,29.5,133.4,8.13,36,50,111,23.1,26.8,6.17,18
13,1,28.2,15.9,128.9,8.49,36,50,110,78.1,16.2,8.46,13
19,7,22.1,35.9,137.6,8.56,36,50,148,23.8,35.0,7.79,19
20,5,44.8,30.3,134.5,8.01,36,50,186,36.0,28.6,9.3,20
16,6,27.8,24.4,137.5,8.68,36,50,123,26.7,20.2,7.69,16
16,1,19.2,25.5,140.8,7.63,36,50,142,80.0,28.3,8.88,16
20,2,42.2,24.2,114.7,8.44,36,50,175,73.0,20.7,8.75,20
20,7,36.6,25.6,145.2,6.83,36,50,159,27.5,30.4,7.95,20
17,7,34.1,29.4,127.5,8.8,36,43,120,25.4,28.0,7.06,17
18,4,30.6,30.1,133.0,7.81,36,50,147,34.1,24.7,8.17,18
18,5,37.5,29.0,123.4,6.71,36,50,130,30.5,27.2,7.22,18
17,3,36.7,33.8,151.3,9.19,36,50,153,42.0,28.4,9.0,17
20,2,33.5,23.5,118.0,7.99,36,50,174,69.3,22.5,8.7,20
17,5,31.3,29.8,103.5,7.13,36,50,117,27.6,32.3,6.88,17
14,7,38.1,18.4,122.0,9.08,36,50,75,27.6,20.2,5.36,14
18,5,25.1,27.2,138.7,9.32,36,50,160,24.9,27.7,8.89,18
13,5,32.6,20.1,140.8,7.57,36,50,81,24.7,15.0,6.23,13
15,4,38.0,25.8,140.0,7.4,36,50,121,33.1,24.2,8.07,15
15,5,28.5,24.4,113.3,7.63,36,50,102,26.9,21.0,6.8,15
18,4,15.5,29.9,117.5,6.98,36,50,113,19.8,30.2,6.28,18
19,4,34.9,27.8,130.9,8.1,36,50,152,37.2,33.0,8.0,19
15,0,27.8,21.1,125.0,8.64,36,50,131,80.0,20.9,8.73,15
19,3,34.8,34.6,119.5,7.32,36,50,171,42.8,27.5,9.0,19
20,2,28.9,24.9,127.5,8.47,36,50,179,70.1,27.5,8.95,20
19,7,28.0,17.6,119.0,6.25,36,50,141,26.8,15.9,7.42,19
20,2,30.5,21.4,112.9,7.9,36,50,155,56.0,18.4,7.75,20
15,2,35.1,19.5,138.4,7.91,36,50,122,50.1,20.8,8.13,15
19,7,39.2,26.0,96.4,7.9,36,50,133,22.7,22.3,7.0,19
20,7,30.5,25.8,118.3,9.07,36,50,143,20.8,25.0,7.15,20
20,10,31.8,20.0,118.1,8.4,36,50,137,21.1,16.1,6.85,20
19,8,27.4,23.2,131.3,7.77,36,50,147,19.5,22.6,7.74,19
19,3,24.9,31.7,140.3,8.87,36,50,149,42.4,39.4,7.84,19
20,4,39.7,17.3,154.8,7.56,36,50,168,42.9,18.5,8.4,20
16,2,26.9,33.3,126.9,7.36,36,50,114,44.4,38.2,7.12,16
15,5,33.8,22.1,123.8,10.11,36,50,107,25.1,20.0,7.13,15
19,4,29.0,19.1,139.1,6.76,36,50,143,30.7,20.8,7.53,19
17,3,28.9,25.7,114.2,8.8,36,50,108,33.3,27.7,6.35,17
20,4,33.5,26.4,119.6,5.1,36,50,136,35.3,32.9,6.8,20
15,5,39.6,29.9,129.2,9.2,36,50,122,29.0,34.3,8.13,15
16,4,29.1,28.2,110.1,7.69,36,50,108,26.4,25.5,6.75,16
15,3,32.9,25.1,134.0,7.08,36,50,143,37.3,25.1,9.53,15
14,3,28.4,23.2,103.1,8.02,36,50,105,26.1,18.7,7.5,14
12,8,35.6,28.9,139.1,7.39,36,50,93,18.4,31.8,7.75,12
13,2,34.6,37.2,136.6,8.95,36,50,103,42.3,42.1,7.92,13
16,6,29.0,32.3,129.5,8.1,36,50,118,25.4,32.2,7.38,16
15,5,29.5,19.6,126.4,9.12,36,50,93,23.2,19.7,6.2,15
16,6,34.5,27.6,112.2,9.25,36,50,111,27.4,25.3,6.94,16
20,6,27.8,22.2,122.7,8.26,36,50,164,28.8,19.4,8.2,20
18,3,30.2,29.5,117.4,7.67,36,50,125,34.9,30.4,6.94,18
11,5,32.3,32.4,128.4,7.3,36,50,68,17.8,23.3,6.18,11
11,6,38.1,25.6,143.3,8.62,36,48,80,18.8,17.6,7.27,11
19,8,33.8,25.5,128.8,6.08,36,50,154,24.3,33.5,8.11,19
16,5,33.5,27.6,115.8,5.68,36,50,101,27.6,26.9,6.31,16
13,1,30.0,24.4,135.9,8.16,36,50,103,69.7,24.9,7.92,13
14,4,33.8,22.6,92.8,8.15,36,50,91,27.1,15.8,6.5,14
17,3,26.9,20.9,120.6,9.9,36,50,114,36.7,24.2,6.71,17
16,3,30.9,16.3,161.5,8.17,36,50,155,43.5,18.4,9.69,16
15,1,33.0,28.0,139.5,8.5,36,50,126,80.0,23.5,8.4,15
18,4,19.2,34.4,168.4,6.19,36,50,133,29.1,42.3,7.39,18
18,5,28.6,20.5,126.4,9.27,36,50,148,31.4,13.0,8.22,18
18,10,30.1,29.2,138.9,7.37,36,50,121,20.9,24.2,6.72,18
16,2,19.8,15.0,142.0,7.89,36,50,130,46.0,21.5,8.12,16
13,7,40.0,21.7,136.0,7.39,36,50,92,26.4,33.4,7.08,13
18,6,26.3,25.9,134.4,8.72,36,50,116,23.7,17.1,6.44,18
20,7,24.6,15.0,129.2,6.17,36,50,161,22.6,20.1,8.05,20
20,6,40.7,31.2,114.2,9.09,36,50,156,30.4,34.3,7.8,20
19,1,26.4,25.8,109.5,7.1,36,50,152,80.0,27.5,8.0,19
20,3,28.3,28.7,101.1,7.94,36,50,138,37.0,34.0,6.9,20
15,0,34.2,23.3,120.3,8.65,36,50,132,80.0,25.1,8.8,15
14,2,34.0,33.5,122.0,6.83,36,50,99,46.2,34.5,7.07,14
19,7,28.7,25.2,123.8,8.31,36,50,157,23.9,22.1,8.26,19
16,6,37.2,25.4,131.8,6.99,36,50,120,26.8,31.5,7.5,16
13,3,28.6,28.8,145.2,8.72,36,50,104,35.5,28.2,8.0,13
12,6,29.3,15.2,128.6,8.18,36,50,74,15.7,15.9,6.17,12
15,5,30.0,15.5,127.4,7.69,36,50,118,21.0,15.8,7.87,15
14,6,25.4,27.5,127.8,7.96,34,50,95,21.3,26.8,6.79,14
14,4,31.2,30.9,134.2,11.68,36,50,102,32.1,39.1,7.29,14
15,2,41.7,32.4,143.0,6.82,36,50,148,64.3,31.5,9.87,15
13,5,30.7,32.4,142.1,10.15,36,50,96,28.1,27.6,7.38,13
15,3,35.9,27.1,134.3,9.27,36,50,122,41.4,26.0,8.13,15
14,4,21.8,26.7,121.1,6.68,36,41,112,23.8,31.9,8.0,14
15,4,27.4,21.9,110.7,6.39,36,50,94,28.6,24.7,6.27,15
20,1,32.0,28.1,149.0,6.87,36,50,193,80.0,30.5,9.65,20
20,2,33.6,20.8,127.0,8.26,36,50,182,64.3,26.0,9.1,20
15,5,30.6,28.2,150.5,7.49,36,50,121,26.1,31.2,8.07,15
17,6,22.3,28.2,133.7,8.9,36,50,115,26.3,24.7,6.76,17
17,3,32.4,29.9,138.1,7.44,36,50,148,39.5,32.3,8.71,17
16,3,35.3,29.8,131.2,8.19,36,50,121,37.3,27.9,7.56,16
15,4,29.0,29.6,138.2,7.24,36,50,118,27.1,29.4,7.87,15
15,10,31.7,21.2,151.5,7.7,36,50,109,15.5,29.1,7.27,15
9,6,36.8,20.8,137.8,8.62,36,50,74,20.2,21.8,8.22,9
20,5,23.7,28.6,139.8,6.24,36,50,154,27.5,22.8,7.7,20
19,3,24.4,32.8,154.0,10.3,36,50,160,38.9,32.3,8.42,19
18,6,39.1,22.0,136.4,9.6,36,50,140,30.6,19.4,7.78,18
19,3,27.5,23.9,116.5,7.72,36,50,131,35.4,32.3,6.89,19
19,2,29.1,30.6,139.5,7.69,36,50,176,64.0,27.5,9.26,19
15,4,36.5,29.1,135.2,9.77,36,50,122,33.1,27.9,8.13,15
20,7,26.8,26.8,119.0,6.72,27,50,149,24.1,23.6,7.45,20
18,6,27.3,22.6,146.4,6.66,36,50,119,19.3,26.3,6.61,18
15,8,36.7,22.7,134.8,7.57,36,50,128,22.6,19.8,8.53,15
13,7,24.3,27.8,113.1,7.29,36,50,67,19.3,25.3,5.15,13
15,6,33.0,19.9,169.1,6.55,36,50,118,25.5,18.0,7.87,15
13,4,30.5,23.2,118.0,9.51,36,50,80,22.2,22.0,6.15,13
18,5,36.7,22.7,116.6,6.83,36,50,138,34.9,23.2,7.67,18
20,3,29.4,21.8,131.8,7.31,36,50,163,45.5,16.4,8.15,20
15,1,39.5,31.2,131.1,6.22,36,50,134,80.0,34.0,8.93,15
10,2,39.4,25.5,112.1,5.9,36,50,77,32.1,21.1,7.7,10
19,5,31.3,33.2,128.1,8.38,36,50,129,29.5,33.1,6.79,19
15,10,21.8,26.2,124.7,8.06,36,50,86,18.5,22.4,5.73,15
10,4,41.8,18.2,139.3,7.81,36,50,83,29.3,22.7,8.3,10
20,4,29.5,24.8,109.6,6.67,36,50,157,33.1,26.8,7.85,20
16,7,44.9,24.1,138.1,8.0,36,50,117,25.4,20.7,7.31,16
17,7,27.4,24.6,157.6,8.78,36,50,134,21.7,27.9,7.88,17
13,5,26.7,16.9,133.8,6.69,33,50,122,23.5,20.3,9.38,13
19,9,26.9,35.9,141.8,8.42,36,50,146,25.8,35.3,7.68,19
16,1,35.1,29.6,134.9,9.75,36,50,158,80.0,23.7,9.88,16
20,3,28.7,26.8,114.0,8.1,36,50,139,35.9,26.4,6.95,20
12,4,38.8,26.5,129.6,7.87,36,50,117,37.7,29.4,9.75,12
14,7,31.5,23.3,131.7,7.71,36,50,80,18.5,20.7,5.71,14
16,3,32.9,23.1,132.6,9.12,33,50,138,40.3,18.5,8.62,16
15,6,32.6,34.3,154.1,8.67,36,50,95,22.0,38.6,6.33,15
13,0,24.2,31.4,119.9,8.4,36,43,103,73.1,30.2,7.92,13
15,1,32.4,19.3,133.7,6.38,36,50,134,80.0,22.3,8.93,15
17,3,29.0,18.5,97.1,8.89,36,50,118,36.4,15.4,6.94,17
18,8,38.1,27.9,109.7,10.04,36,50,125,31.3,22.4,6.94,18
13,8,21.3,24.6,144.4,6.74,36,50,78,18.4,28.6,6.0,13
17,7,28.9,26.4,136.2,9.03,36,50,125,17.6,30.8,7.35,17
17,4,46.7,27.2,129.9,8.28,36,50,149,38.2,27.0,8.76,17
14,4,27.0,21.3,152.6,7.38,36,50,98,27.3,23.2,7.0,14
14,10,37.8,28.4,111.2,7.87,36,50,79,14.7,26.0,5.64,14
18,3,25.9,26.6,140.6,8.65,36,50,130,33.3,30.1,7.22,18
16,4,40.4,19.5,140.0,5.78,36,50,153,40.3,22.7,9.56,16
16,4,34.1,30.4,113.3,8.08,36,50,102,32.4,35.1,6.38,16
16,4,35.3,27.9,93.8,7.35,36,50,102,28.1,30.7,6.38,16
17,3,24.5,27.9,120.1,7.29,36,50,127,36.4,37.9,7.47,17
16,9,20.5,32.5,120.2,8.23,36,50,84,12.5,30.6,5.25,16
13,5,31.6,19.8,123.2,7.91,36,50,97,27.0,18.9,7.46,13
11,5,35.5,25.4,119.5,7.58,36,50,85,22.1,28.2,7.73,11
13,3,37.9,31.7,114.7,8.07,36,50,80,32.3,33.1,6.15,13
12,2,31.0,19.3,133.8,9.03,36,50,124,50.9,19.0,10.33,12
17,3,29.9,35.4,151.5,6.39,36,50,127,37.9,30.2,7.47,17
19,3,34.5,23.6,153.0,7.38,36,41,167,49.7,22.0,8.79,19
18,3,29.1,22.5,133.1,9.03,36,50,155,41.7,20.3,8.61,18
16,8,32.7,24.3,124.6,8.81,36,50,122,21.4,24.0,7.62,16
13,6,22.3,26.9,144.8,7.36,36,50,82,16.5,29.2,6.31,13
18,7,27.5,16.6,120.3,8.72,36,50,117,22.4,14.1,6.5,18
15,3,31.3,33.2,113.8,7.03,36,50,96,30.0,41.7,6.4,15
20,4,33.5,21.0,119.0,7.43,36,50,179,35.5,24.6,8.95,20
13,6,35.5,22.7,141.7,6.88,36,50,93,24.6,16.4,7.15,13
15,5,34.2,17.5,134.2,9.14,36,50,129,30.5,20.9,8.6,15
19,8,27.3,28.0,129.6,6.46,36,50,143,24.5,25.7,7.53,19
18,3,35.9,25.7,136.2,7.51,36,50,137,40.9,28.7,7.61,18
17,8,33.4,27.1,123.3,8.34,36,50,124,25.6,26.5,7.29,17
15,4,39.0,27.2,115.8,8.5,36,50,134,34.5,23.7,8.93,15
13,6,27.5,24.5,121.4,8.24,36,50,100,19.8,32.9,7.69,13
16,3,31.7,23.4,132.9,8.04,36,50,124,31.7,25.3,7.75,16
18,2,38.0,26.0,148.7,8.32,36,50,161,65.2,28.5,8.94,18
19,5,37.8,24.4,151.5,7.87,36,50,168,35.1,31.7,8.84,19
18,7,34.8,22.2,132.8,8.19,36,50,130,26.1,25.9,7.22,18
15,2,35.1,30.4,103.3,7.56,36,50,114,47.5,29.7,7.6,15
15,4,29.4,39.4,130.3,6.64,36,50,86,21.7,44.0,5.73,15
18,3,39.7,26.8,128.0,9.38,36,50,158,48.0,20.4,8.78,18
15,1,40.4,23.8,130.1,7.47,36,50,129,80.0,22.5,8.6,15
14,6,18.1,27.1,123.1,7.39,36,50,91,13.6,34.4,6.5,14
17,3,30.0,19.7,132.8,7.72,36,50,138,43.3,22.9,8.12,17
16,4,43.3,25.9,129.6,6.63,36,50,142,42.1,29.8,8.88,16
17,4,34.9,29.8,147.2,8.67,36,50,128,31.4,27.4,7.53,17
16,4,25.8,22.1,139.3,7.99,36,50,117,28.4,21.7,7.31,16
15,5,27.1,32.4,137.7,7.61,36,50,97,23.4,35.0,6.47,15
13,1,26.7,31.0,152.5,7.8,36,50,116,75.8,23.8,8.92,13
20,6,39.8,21.6,151.5,8.71,36,50,159,22.7,30.3,7.95,20
19,7,33.4,25.1,91.9,9.16,36,50,127,23.9,28.9,6.68,19
20,3,29.6,33.6,148.9,9.48,36,50,161,42.6,31.4,8.05,20
18,8,30.0,26.1,127.2,9.19,36,50,136,23.0,27.8,7.56,18
16,3,34.8,26.4,168.7,6.33,36,50,127,36.9,27.8,7.94,16
20,5,33.1,26.1,129.3,11.5,36,50,139,35.7,24.8,6.95,20
19,3,18.4,23.1,125.2,7.51,36,50,147,42.8,24.6,7.74,19
11,4,35.5,30.3,139.3,6.97,36,50,85,25.3,23.7,7.73,11
20,5,25.4,28.6,157.8,8.89,36,50,157,32.2,32.6,7.85,20
18,4,41.4,30.6,127.1,7.0,36,50,139,43.0,29.5,7.72,18
18,4,36.9,18.6,144.6,9.47,36,50,157,32.8,18.0,8.72,18
18,5,25.5,23.7,133.4,9.15,36,50,136,27.8,24.0,7.56,18
14,4,26.2,29.8,135.9,9.18,36,50,100,28.5,28.5,7.14,14
14,2,39.3,27.1,108.2,8.97,36,50,123,52.9,28.9,8.79,14
9,1,34.1,32.1,147.9,7.79,36,50,88,64.2,28.2,9.78,9
19,3,26.5,20.3,146.1,7.79,36,50,156,41.1,24.3,8.21,19
19,4,35.1,22.1,118.5,7.87,36,50,149,36.1,25.0,7.84,19
18,4,22.4,21.8,157.0,8.41,36,50,142,24.5,25.0,7.89,18
17,6,30.0,27.8,135.1,7.2,36,50,137,25.9,27.3,8.06,17
19,3,28.6,29.3,131.0,8.21,36,50,153,45.5,21.8,8.05,19
15,5,38.8,30.3,127.7,6.59,36,50,118,28.4,27.5,7.87,15
9,6,40.9,23.0,126.2,7.92,36,50,70,25.3,16.9,7.78,9
20,6,43.6,26.2,139.6,10.09,36,50,148,33.1,26.6,7.4,20
18,7,25.8,22.1,103.1,8.29,36,48,99,18.0,19.4,5.5,18
18,1,23.0,27.3,113.3,8.73,36,50,125,80.0,32.8,6.94,18
17,4,26.7,23.1,147.7,7.13,36,49,131,26.6,26.3,7.71,17
9,6,21.1,28.2,109.6,7.07,36,50,40,17.0,30.7,4.44,9
20,4,32.7,34.5,142.2,8.32,36,50,153,34.4,30.4,7.65,20
18,4,29.0,36.5,125.5,10.77,36,50,132,34.6,38.0,7.33,18
17,8,22.9,20.1,108.9,7.35,36,50,119,21.8,27.1,7.0,17
16,3,29.9,19.9,132.3,10.87,36,50,127,40.0,21.4,7.94,16
16,7,20.3,28.7,140.0,7.0,36,50,104,19.3,29.5,6.5,16
18,7,38.7,22.8,115.2,8.08,36,50,125,32.9,28.3,6.94,18
20,5,37.7,22.2,124.9,8.19,36,50,142,34.1,17.8,7.1,20
20,2,35.5,32.5,132.2,7.4,36,44,170,65.7,35.9,8.5,20
20,3,27.4,29.6,109.9,7.57,36,50,143,35.7,28.6,7.15,20
20,3,22.7,23.9,144.9,7.57,36,50,145,35.5,29.6,7.25,20
17,4,30.0,27.1,115.5,8.41,36,50,133,38.4,26.7,7.82,17
17,4,31.8,17.9,152.4,8.23,36,50,137,31.8,25.0,8.06,17
18,6,30.7,25.2,97.8,7.22,36,50,133,29.9,26.4,7.39,18
14,5,33.9,36.9,155.3,6.58,36,50,92,25.0,33.2,6.57,14
13,1,30.8,22.0,123.5,7.66,36,50,108,77.8,20.8,8.31,13
18,5,25.8,21.6,130.8,7.1,36,50,135,30.5,24.2,7.5,18
19,6,32.1,25.7,112.6,7.78,36,50,138,27.7,22.3,7.26,19
20,6,42.4,22.6,139.4,7.28,36,50,188,40.1,22.4,9.4,20
19,1,35.6,19.1,124.8,7.54,36,50,159,80.0,19.7,8.37,19
15,1,28.9,28.4,143.5,8.51,36,50,121,80.0,29.7,8.07,15
15,9,28.2,17.2,128.8,7.3,36,50,109,15.9,13.6,7.27,15
20,2,23.5,25.0,132.2,7.45,36,50,163,59.7,21.8,8.15,20
12,1,23.9,30.8,144.6,9.14,36,50,101,73.4,33.4,8.42,12
12,6,20.6,24.8,135.0,7.67,36,50,74,16.6,27.9,6.17,12
13,4,33.3,24.7,111.9,6.09,36,50,100,33.0,23.5,7.69,13
18,2,28.7,28.6,130.3,7.3,36,50,135,56.6,27.8,7.5,18
15,4,39.2,27.0,142.2,7.16,36,50,139,36.3,31.0,9.27,15
20,4,22.9,15.1,110.3,7.42,36,50,154,28.7,16.7,7.7,20
15,3,34.2,28.2,133.1,6.94,36,50,135,42.4,33.0,9.0,15
14,9,33.7,22.8,139.4,8.14,36,50,110,21.5,21.6,7.86,14
15,2,32.4,15.0,137.8,7.51,36,50,143,58.1,15.7,9.53,15
19,3,33.0,27.1,133.5,8.71,36,50,160,43.9,30.0,8.42,19
19,4,33.6,25.2,151.9,8.77,36,50,138,32.1,27.1,7.26,19
20,3,28.9,26.3,136.5,8.28,36,50,162,44.4,27.8,8.1,20
12,3,33.6,23.4,121.6,7.93,36,50,101,31.5,24.6,8.42,12
18,8,39.1,20.2,135.8,9.45,36,50,128,24.5,17.4,7.11,18
17,6,16.0,26.9,124.8,8.23,36,50,114,22.3,29.8,6.71,17
13,7,28.8,26.9,133.2,8.0,36,50,82,18.6,29.9,6.31,13
17,1,32.7,25.6,141.9,9.01,36,50,151,80.0,23.7,8.88,17
18,0,26.4,28.9,148.9,9.46,36,42,166,80.0,29.9,9.22,18
15,0,23.2,20.8,149.8,7.84,36,50,135,80.0,21.6,9.0,15
15,4,29.3,18.6,131.2,8.95,36,50,140,31.4,21.7,9.33,15
20,4,29.5,25.9,110.3,7.75,36,50,153,31.9,19.1,7.65,20
19,4,35.0,22.6,111.4,7.99,36,50,161,37.9,23.2,8.47,19
16,5,31.2,28.3,141.3,7.38,36,50,117,28.8,30.1,7.31,16
15,4,35.1,27.0,123.1,8.79,35,50,134,39.1,27.7,8.93,15
12,6,31.6,26.4,120.2,8.44,36,50,85,19.3,30.7,7.08,12
16,7,44.7,24.5,118.7,8.2,36,50,130,25.8,19.8,8.12,16
18,8,29.4,25.5,126.4,7.42,36,50,135,26.3,30.3,7.5,18
14,8,33.4,21.2,110.6,6.67,36,50,100,25.9,24.2,7.14,14
15,10,33.3,25.3,107.7,7.8,36,50,100,20.9,22.0,6.67,15
14,5,20.3,25.1,121.6,7.42,36,50,114,16.5,17.9,8.14,14
18,5,25.0,27.1,137.2,6.19,36,50,117,19.0,30.4,6.5,18
18,4,33.6,24.7,151.1,7.86,36,50,142,37.6,25.4,7.89,18
16,3,16.3,19.6,136.2,8.72,36,50,107,27.4,16.5,6.69,16
11,6,32.5,24.0,134.8,6.84,36,50,78,16.4,26.5,7.09,11
16,8,25.9,26.2,112.0,8.74,36,50,82,18.2,23.9,5.12,16
14,2,29.9,35.2,150.6,8.46,36,50,103,45.1,35.1,7.36,14
19,7,36.7,29.9,139.2,9.29,36,50,129,24.6,20.8,6.79,19
15,6,36.6,26.1,99.5,8.24,36,50,98,27.5,29.0,6.53,15
11,2,35.0,29.4,120.8,8.25,36,50,72,36.6,29.4,6.55,11
19,5,37.0,36.0,110.6,7.42,36,50,155,32.3,40.2,8.16,19
11,1,33.5,24.4,127.9,9.05,36,50,85,66.4,20.5,7.73,11
16,6,26.1,25.1,152.0,7.8,36,50,113,22.9,27.6,7.06,16
15,7,29.7,21.2,140.7,6.15,36,50,107,23.2,23.2,7.13,15
9,3,39.6,19.8,118.9,8.51,36,50,75,27.7,22.6,8.33,9
16,4,27.3,35.5,156.6,8.69,36,50,137,30.6,35.0,8.56,16
20,4,34.8,33.8,138.2,7.72,36,50,170,38.5,34.4,8.5,20
19,3,35.6,24.6,137.4,9.59,36,50,145,38.9,18.3,7.63,19
17,4,28.9,19.3,95.5,7.11,36,50,120,34.0,20.8,7.06,17
20,4,26.3,21.9,95.2,8.91,36,50,140,32.3,20.8,7.0,20
19,9,32.5,24.8,118.8,8.98,36,50,130,19.7,12.4,6.84,19
18,8,25.8,20.9,127.8,6.13,36,50,138,23.5,29.3,7.67,18
20,7,24.4,32.7,139.9,8.15,36,50,136,21.5,32.4,6.8,20
15,4,38.5,22.4,132.9,6.63,36,50,134,38.9,26.4,8.93,15
20,4,45.5,26.4,128.5,8.69,36,50,155,34.3,26.5,7.75,20
16,6,32.0,24.2,125.1,8.74,36,50,122,20.9,23.1,7.62,16
18,7,34.6,29.5,119.6,8.14,36,50,141,26.3,25.3,7.83,18
11,5,25.1,29.2,113.9,8.45,36,50,77,18.8,27.1,7.0,11
17,8,34.4,29.3,129.8,8.3,36,50,114,18.6,33.6,6.71,17
12,2,30.5,32.9,138.2,7.59,36,50,87,39.6,35.7,7.25,12
11,2,35.7,31.9,129.2,7.45,36,50,90,47.0,29.5,8.18,11
18,5,44.6,19.7,124.0,7.04,36,50,164,37.5,23.9,9.11,18
13,2,26.2,27.5,143.0,8.0,36,50,115,43.1,20.6,8.85,13
8,4,28.8,21.6,130.4,7.48,36,50,71,27.7,15.2,8.88,8
11,3,30.3,22.2,112.5,7.86,36,50,73,21.1,15.8,6.64,11
20,3,40.7,29.7,126.5,8.09,36,50,149,50.3,26.4,7.45,20
18,3,33.4,32.3,126.8,9.19,36,50,144,46.2,28.2,8.0,18
11,7,35.5,26.3,126.3,7.63,36,50,59,20.4,30.3,5.36,11
20,5,25.4,20.1,134.7,6.38,36,50,169,35.2,16.9,8.45,20
13,6,26.3,21.9,152.0,6.98,36,50,90,18.4,24.2,6.92,13
16,5,36.5,23.3,143.3,7.41,36,50,129,28.9,21.3,8.06,16
15,9,35.1,26.7,147.2,8.68,36,50,117,19.7,26.4,7.8,15
17,9,34.4,22.2,123.0,7.34,36,50,108,19.1,23.0,6.35,17
18,5,31.9,29.2,114.6,8.57,36,50,107,21.5,28.9,5.94,18
12,5,30.4,18.4,157.9,6.95,36,49,88,23.7,20.7,7.33,12
16,5,29.4,29.9,124.5,9.73,36,50,114,27.6,26.1,7.12,16
16,6,40.9,28.0,91.2,8.37,36,50,99,25.4,28.0,6.19,16
20,7,26.0,26.7,119.5,8.46,36,50,128,24.7,28.8,6.4,20
17,9,38.4,25.0,108.6,8.11,36,50,123,27.5,29.5,7.24,17
18,3,32.4,30.1,143.3,7.87,36,50,142,39.4,30.7,7.89,18
19,1,27.2,15.9,157.3,8.14,36,50,161,80.0,17.1,8.47,19
15,3,32.0,25.4,120.7,8.3,36,50,111,35.4,24.6,7.4,15
17,8,24.2,28.9,121.2,7.39,36,50,106,13.4,23.7,6.24,17
18,7,35.5,33.6,122.9,8.45,36,50,104,23.8,34.3,5.78,18
17,4,32.0,22.2,137.6,7.93,36,50,137,31.3,23.7,8.06,17
20,4,43.6,25.2,112.4,7.18,36,50,177,39.1,28.2,8.85,20
11,2,33.8,27.7,141.6,7.37,36,50,109,47.1,28.3,9.91,11
18,3,23.7,24.7,149.8,7.2,36,50,138,30.0,24.5,7.67,18
16,5,29.5,30.3,135.4,7.65,36,50,113,28.4,28.1,7.06,16
17,6,29.6,29.3,125.4,8.43,35,50,134,26.4,32.5,7.88,17
20,4,29.8,30.9,138.0,7.59,36,50,163,31.7,27.3,8.15,20
19,6,33.1,31.8,103.7,9.18,36,50,114,21.6,39.2,6.0,19
11,5,25.9,23.4,124.8,8.81,36,50,72,20.1,29.5,6.55,11
20,2,30.8,21.1,121.1,8.65,36,50,174,63.5,21.0,8.7,20
15,5,34.1,35.4,135.4,9.65,36,50,111,26.4,42.9,7.4,15
19,7,27.2,17.9,143.0,5.84,36,50,123,25.9,17.7,6.47,19
20,3,31.4,27.8,143.4,7.41,36,50,161,42.6,24.7,8.05,20
13,2,32.4,20.1,103.2,6.96,36,50,110,45.6,24.3,8.46,13
16,2,30.9,19.6,119.2,9.2,36,50,136,53.9,20.8,8.5,16
18,1,37.7,28.8,162.3,6.68,36,50,165,80.0,34.8,9.17,18
19,9,37.7,30.1,139.1,7.98,36,50,145,22.7,31.6,7.63,19
19,5,34.7,17.7,144.4,7.64,36,50,159,34.1,18.7,8.37,19
17,4,33.3,23.4,111.9,8.7,36,50,138,34.7,26.8,8.12,17
18,4,34.1,32.2,106.7,9.52,36,50,132,30.2,27.7,7.33,18
18,5,24.5,24.8,153.3,9.23,36,50,150,31.8,25.4,8.33,18
15,4,31.0,22.1,137.7,7.67,36,50,130,27.7,15.4,8.67,15
14,1,41.0,18.3,141.7,9.37,36,50,129,80.0,24.7,9.21,14
17,5,29.8,31.0,119.1,7.69,36,50,120,23.0,28.8,7.06,17
16,7,24.7,18.1,125.4,6.56,36,50,108,20.5,22.2,6.75,16
13,1,21.8,30.0,149.0,6.72,36,50,103,73.4,34.2,7.92,13
20,5,39.1,29.8,126.6,6.8,36,50,142,34.4,33.7,7.1,20
14,3,29.9,24.1,97.3,9.09,36,50,86,26.1,31.5,6.14,14
15,3,26.6,29.7,123.0,7.1,36,50,119,35.0,32.9,7.93,15
20,4,19.2,26.1,101.1,7.71,36,50,120,21.7,21.3,6.0,20
20,5,31.8,21.2,119.3,7.56,36,50,151,29.8,25.1,7.55,20
17,2,34.8,28.7,139.1,10.11,36,50,151,58.6,27.4,8.88,17
20,5,25.0,25.2,135.5,9.06,36,50,166,27.2,29.4,8.3,20
17,6,38.6,23.9,127.3,5.85,36,50,112,21.6,26.9,6.59,17
16,4,30.0,25.0,114.2,8.79,36,50,102,25.6,20.3,6.38,16
20,5,27.2,20.1,142.7,8.48,36,50,163,32.5,19.8,8.15,20
15,7,37.1,30.7,128.0,7.18,36,50,98,24.7,28.5,6.53,15
16,6,36.3,30.7,146.0,7.15,36,50,122,31.4,32.6,7.62,16
10,2,45.2,22.3,143.1,7.27,36,50,109,53.9,23.7,10.9,10
15,3,29.5,24.6,132.1,7.22,36,50,122,38.6,32.6,8.13,15
14,8,35.9,31.3,109.9,7.91,36,50,77,19.2,29.8,5.5,14
16,2,29.9,28.3,148.0,8.4,36,50,147,51.7,34.6,9.19,16
11,4,31.9,24.3,106.4,7.78,36,50,68,29.4,28.4,6.18,11
16,2,29.4,27.7,142.1,7.22,36,50,122,49.5,27.1,7.62,16
20,4,30.2,25.1,129.4,5.68,36,50,146,34.5,23.2,7.3,20
18,1,26.0,30.7,133.5,5.41,36,50,122,80.0,33.6,6.78,18
19,3,26.1,26.0,135.5,8.35,36,50,152,42.4,31.3,8.0,19
16,5,37.4,25.3,148.9,7.83,36,50,138,29.1,23.3,8.62,16
15,4,27.9,27.3,111.7,7.86,36,50,95,30.7,34.5,6.33,15
12,4,33.2,26.0,113.5,8.19,36,50,81,20.8,29.1,6.75,12
19,8,43.6,26.3,143.9,7.75,36,50,153,33.6,30.6,8.05,19
14,3,25.6,29.9,120.5,8.75,36,50,85,31.6,28.2,6.07,14
16,4,26.1,27.4,109.5,7.23,36,50,128,26.7,25.5,8.0,16
19,4,28.3,25.5,119.8,6.84,36,50,149,38.7,22.3,7.84,19
16,2,38.0,26.0,116.8,8.13,36,50,127,60.3,22.3,7.94,16
15,2,31.7,32.7,122.5,6.52,36,50,116,46.5,35.3,7.73,15
15,4,35.6,25.6,141.0,7.54,36,50,125,38.3,22.1,8.33,15
19,5,33.2,28.7,128.2,9.87,36,50,142,28.4,30.8,7.47,19
19,8,21.6,24.0,120.7,9.15,36,50,110,17.9,25.6,5.79,19
13,5,34.4,29.5,102.4,6.1,36,50,116,27.7,33.6,8.92,13
8,3,30.6,27.8,135.2,8.24,36,50,59,25.3,34.1,7.38,8
17,6,23.4,32.2,130.9,8.4,36,50,122,24.2,39.5,7.18,17
19,2,27.2,29.6,149.6,8.3,36,50,157,58.7,20.9,8.26,19
15,10,27.2,35.8,137.5,8.28,36,50,97,21.2,34.2,6.47,15
16,9,48.8,24.5,152.1,8.62,36,50,129,25.3,22.3,8.06,16
15,4,38.7,28.7,127.2,6.75,36,50,116,33.5,27.4,7.73,15
15,3,23.8,25.7,120.1,8.52,36,50,114,25.2,22.4,7.6,15
16,5,31.8,28.9,113.2,7.84,36,50,84,21.9,22.5,5.25,16
16,3,29.6,23.8,142.9,6.7,36,50,135,44.9,22.6,8.44,16
20,1,23.8,30.9,129.4,8.0,36,50,159,80.0,33.2,7.95,20
18,2,30.8,23.8,123.9,7.08,34,50,140,49.6,17.2,7.78,18
15,6,38.7,24.6,121.1,7.62,36,50,94,25.9,21.6,6.27,15
9,10,27.7,27.1,111.2,8.02,36,50,36,12.4,30.4,4.0,9
16,4,23.8,19.6,140.3,8.1,36,50,129,31.9,16.3,8.06,16
17,5,30.9,25.0,139.7,8.24,36,50,135,26.2,27.6,7.94,17
13,2,36.3,27.8,123.3,8.52,36,50,110,41.4,34.3,8.46,13
20,3,35.0,31.2,142.7,9.39,36,50,143,44.8,32.2,7.15,20
20,6,27.4,26.5,136.1,6.81,36,50,164,25.3,27.7,8.2,20
16,3,30.3,28.0,157.2,8.77,36,50,132,38.0,26.5,8.25,16
19,7,39.2,23.5,112.7,9.48,36,50,156,33.4,28.1,8.21,19
20,5,38.7,30.7,149.1,7.5,36,50,153,28.6,35.5,7.65,20
14,6,31.2,34.0,150.4,9.05,36,50,114,21.4,28.8,8.14,14
14,3,34.4,25.9,121.3,8.98,36,50,115,34.4,25.7,8.21,14
10,7,29.2,23.7,128.1,6.95,36,50,48,14.0,27.5,4.8,10
17,3,19.0,22.3,125.9,7.05,36,50,133,37.2,25.6,7.82,17
13,5,24.7,21.8,137.0,7.65,36,50,94,20.6,25.3,7.23,13
14,2,33.6,21.4,118.9,7.62,36,50,111,45.1,22.0,7.93,14
18,3,27.1,31.0,159.2,8.73,36,50,149,40.6,31.1,8.28,18
15,3,45.3,22.4,125.3,9.16,36,50,115,40.5,17.5,7.67,15
14,1,25.3,26.7,119.9,7.89,35,50,108,77.5,17.2,7.71,14
17,4,35.4,19.3,131.8,6.89,36,47,141,38.7,19.0,8.29,17
15,2,38.5,27.6,162.6,8.03,36,50,107,46.7,34.6,7.13,15
15,4,25.6,26.9,138.3,6.52,36,50,115,22.4,31.6,7.67,15
11,7,32.9,26.0,117.8,6.24,36,50,72,18.1,23.8,6.55,11
17,5,35.5,32.7,109.5,7.69,36,45,138,33.3,35.7,8.12,17
16,7,33.7,32.1,122.1,6.73,36,44,99,23.3,36.8,6.19,16
18,6,29.3,26.6,114.8,6.46,36,50,124,24.6,27.4,6.89,18
20,4,42.7,31.2,125.9,7.23,36,50,139,30.1,30.4,6.95,20
16,6,28.0,21.9,122.0,7.18,36,50,101,22.4,25.6,6.31,16
17,4,36.8,33.0,105.7,6.52,36,50,130,36.3,35.5,7.65,17
19,5,31.0,35.5,113.2,9.01,36,50,152,31.1,29.4,8.0,19
16,7,41.0,31.4,130.3,7.19,36,50,116,25.0,30.4,7.25,16
16,7,23.0,25.4,134.9,7.91,36,50,96,23.2,27.9,6.0,16
17,3,36.1,24.4,146.1,7.0,36,50,134,39.5,24.7,7.88,17
19,4,27.0,18.2,148.8,7.34,36,50,146,32.3,12.3,7.68,19
13,6,27.7,29.3,123.1,7.93,36,50,54,12.5,32.4,4.15,13
16,5,28.6,17.8,112.7,8.28,36,50,109,21.8,23.1,6.81,16
18,1,33.1,25.5,125.7,9.01,36,50,148,80.0,23.9,8.22,18
19,7,26.9,24.5,140.6,7.89,36,50,134,22.1,19.1,7.05,19
16,3,42.0,31.7,134.1,8.44,36,50,117,40.9,31.5,7.31,16
17,4,36.9,23.4,124.1,8.75,36,50,133,35.8,23.4,7.82,17
20,5,31.2,25.9,143.4,9.03,36,50,169,28.9,24.4,8.45,20
18,1,34.2,33.7,152.2,8.71,36,50,158,80.0,35.9,8.78,18
20,4,28.3,15.0,137.2,8.43,36,50,170,42.5,13.9,8.5,20
17,7,41.3,31.4,153.9,7.67,36,50,122,28.4,28.8,7.18,17
16,6,29.0,22.0,122.7,7.75,36,50,108,20.8,23.7,6.75,16
17,3,40.9,29.2,131.0,7.03,36,50,152,46.5,27.6,8.94,17
16,10,42.1,29.3,133.2,5.68,36,50,107,24.8,35.3,6.69,16
17,2,26.0,25.6,145.0,7.67,36,50,146,54.9,31.5,8.59,17
15,2,29.0,30.9,135.8,8.6,36,50,116,46.5,38.0,7.73,15
19,4,35.3,29.6,131.0,5.97,36,50,148,38.2,26.9,7.79,19
20,3,30.4,23.0,116.5,7.9,36,50,155,41.2,32.2,7.75,20
13,2,33.7,25.4,130.7,8.2,36,50,133,55.6,22.8,10.23,13
18,1,32.7,28.3,144.0,8.05,36,50,152,80.0,21.0,8.44,18
16,6,22.2,27.2,137.7,9.96,36,50,125,16.8,34.1,7.81,16
19,5,48.8,24.3,146.3,9.35,36,50,190,41.2,31.1,10.0,19
13,7,25.8,17.4,118.2,6.86,36,48,102,19.0,15.2,7.85,13
17,7,31.7,27.8,131.6,7.36,36,50,92,20.5,26.6,5.41,17
18,1,21.7,27.3,164.5,8.82,36,50,164,80.0,25.4,9.11,18
20,1,43.3,31.0,149.5,9.57,36,50,171,80.0,37.2,8.55,20
13,0,31.4,25.6,120.0,8.14,36,50,86,61.1,25.3,6.62,13
12,3,40.4,27.2,128.7,7.77,36,50,71,30.3,29.3,5.92,12
12,0,41.1,27.1,138.1,8.22,36,50,128,80.0,28.0,10.67,12
17,4,27.1,21.0,92.3,9.35,36,50,114,19.5,21.0,6.71,17
19,3,36.6,21.1,139.2,8.09,36,50,154,46.9,16.7,8.11,19
17,1,36.3,30.5,135.4,8.92,36,50,149,80.0,29.9,8.76,17
9,4,40.9,30.4,141.3,7.25,36,50,67,30.8,31.3,7.44,9
14,2,38.1,22.3,126.0,7.41,36,50,101,45.9,22.4,7.21,14
12,2,25.3,18.0,108.3,8.36,36,50,83,38.2,19.4,6.92,12
16,5,25.2,30.3,116.5,8.08,36,50,106,19.7,34.2,6.62,16
10,2,41.1,19.0,128.2,8.97,36,50,96,46.8,15.2,9.6,10
12,7,29.9,24.2,133.0,6.45,36,50,88,24.3,27.4,7.33,12
17,3,32.2,26.5,107.1,8.47,36,50,125,38.6,23.1,7.35,17
19,4,34.3,21.6,132.8,7.09,36,50,154,35.2,21.3,8.11,19
17,5,26.8,22.0,135.1,8.38,36,50,135,22.4,22.7,7.94,17
15,5,34.2,30.2,134.6,7.37,36,50,107,24.8,32.5,7.13,15
17,6,31.6,27.6,128.4,7.42,36,50,139,26.3,26.8,8.18,17
16,5,39.1,27.7,125.3,8.97,36,50,126,29.6,30.2,7.88,16
17,8,39.1,23.7,145.3,8.36,36,50,109,28.7,34.6,6.41,17
11,2,33.0,33.2,127.6,7.61,36,50,80,39.8,34.2,7.27,11
17,4,23.6,24.7,137.6,9.08,36,50,129,28.6,27.0,7.59,17
16,9,32.6,22.2,121.3,6.63,36,50,134,25.4,14.3,8.38,16
15,7,41.0,24.1,123.5,8.64,36,50,104,26.7,24.2,6.93,15
16,5,26.8,26.0,113.9,7.15,36,50,92,20.3,24.7,5.75,16
16,5,30.6,26.6,117.6,8.25,33,50,133,31.5,27.5,8.31,16
12,4,30.3,30.8,138.3,9.88,36,50,98,23.7,31.2,8.17,12
16,5,39.5,27.3,132.7,7.56,32,50,113,26.5,30.3,7.06,16
15,5,29.8,33.0,109.0,9.03,36,50,111,20.4,26.9,7.4,15
18,4,33.6,31.7,128.8,9.18,36,50,139,32.8,29.3,7.72,18
10,3,36.2,25.8,154.8,5.49,36,50,77,30.4,23.3,7.7,10
18,2,38.1,28.9,119.7,8.5,36,50,144,53.8,25.3,8.0,18
13,5,27.7,22.9,116.3,7.38,36,50,68,20.3,30.7,5.23,13
20,1,27.8,18.8,136.6,8.95,36,50,179,80.0,16.9,8.95,20
16,5,35.4,21.1,130.8,7.5,36,50,133,30.8,16.3,8.31,16
16,6,23.5,37.2,113.5,7.61,36,50,96,20.5,29.7,6.0,16
15,6,28.0,24.6,141.0,8.67,36,50,105,21.8,27.3,7.0,15
16,2,29.2,23.4,134.2,8.37,36,41,148,59.2,26.0,9.25,16
13,3,36.9,26.5,124.7,5.75,36,50,130,38.9,27.7,10.0,13
19,3,21.7,18.5,89.7,8.29,36,50,152,42.1,26.0,8.0,19
16,7,21.2,40.0,141.5,9.7,36,50,98,16.7,51.8,6.12,16
15,6,20.6,20.1,124.9,6.61,36,50,108,20.1,21.4,7.2,15
16,7,28.4,23.2,99.9,8.33,36,50,77,17.6,23.1,4.81,16
20,3,32.5,29.7,121.8,8.0,36,50,179,45.8,29.1,8.95,20
19,3,33.4,24.8,116.3,8.92,36,50,156,44.1,23.2,8.21,19
12,10,34.7,27.6,154.6,6.72,36,50,82,15.3,29.9,6.83,12
19,7,36.1,15.0,104.6,6.57,36,50,133,28.2,13.3,7.0,19
12,5,37.4,23.5,135.3,8.16,36,50,100,31.1,22.3,8.33,12
13,3,41.1,16.3,151.0,7.07,36,49,112,42.6,20.3,8.62,13
20,3,32.9,33.1,129.8,6.6,36,50,132,41.0,38.7,6.6,20
16,5,34.3,28.5,132.8,8.72,36,50,114,34.2,28.0,7.12,16
20,6,36.6,29.2,110.3,7.2,36,50,137,32.1,32.0,6.85,20
14,5,29.4,35.0,128.3,8.21,36,50,110,21.2,42.1,7.86,14
12,3,35.6,35.5,137.6,7.8,36,50,95,35.2,36.9,7.92,12
14,7,44.3,29.7,148.0,9.79,36,50,98,27.2,30.3,7.0,14
14,2,32.8,21.2,146.5,8.21,36,50,123,53.8,21.0,8.79,14
20,1,30.1,22.8,111.1,7.2,36,50,146,80.0,24.0,7.3,20
19,2,31.0,23.6,112.7,7.78,36,50,137,51.9,28.1,7.21,19
20,6,24.7,30.0,129.3,9.08,36,50,156,24.6,28.6,7.8,20
20,3,39.2,21.1,132.2,7.6,36,50,167,42.0,20.5,8.35,20
16,5,35.2,25.2,134.5,6.63,36,50,118,31.2,30.0,7.38,16
19,4,32.9,24.7,132.4,8.59,36,50,143,32.9,29.3,7.53,19
14,2,37.8,26.1,117.5,8.17,36,50,107,45.7,31.9,7.64,14
20,2,29.2,31.7,131.9,8.6,36,50,179,64.2,35.3,8.95,20
20,6,31.8,27.7,122.9,7.56,36,50,145,27.7,23.4,7.25,20
18,4,30.7,28.4,135.2,8.3,36,50,134,29.0,30.4,7.44,18
13,0,20.6,26.0,141.2,8.66,36,50,97,69.5,27.0,7.46,13
14,6,33.5,24.7,147.9,8.92,36,50,115,31.8,19.2,8.21,14
19,6,35.8,25.9,114.1,7.52,36,50,144,25.8,24.9,7.58,19
18,6,32.6,19.8,135.5,9.63,36,50,135,21.4,23.8,7.5,18
20,3,26.8,27.5,149.7,8.93,36,50,174,46.7,29.3,8.7,20
16,8,25.4,22.9,136.5,7.91,36,50,114,21.9,24.8,7.12,16
14,9,21.3,22.7,141.2,7.2,36,50,111,13.2,19.4,7.93,14
15,7,25.9,19.8,119.1,6.44,36,50,104,14.8,24.2,6.93,15
13,5,29.0,21.8,134.6,6.61,36,50,92,24.2,25.4,7.08,13
16,4,34.7,33.9,142.2,8.7,36,50,122,32.6,39.3,7.62,16
20,5,36.7,30.6,115.0,7.82,36,50,156,34.5,35.0,7.8,20
18,1,43.4,18.9,124.2,7.63,36,50,150,80.0,15.2,8.33,18
15,2,43.5,33.1,131.6,7.29,36,50,121,51.8,35.6,8.07,15
19,3,31.4,32.8,103.1,6.63,36,50,133,35.2,37.7,7.0,19
17,4,26.3,27.0,145.8,9.03,36,50,110,25.9,36.1,6.47,17
17,5,29.3,25.0,106.4,9.82,36,50,119,28.1,24.4,7.0,17
18,6,38.1,29.8,137.9,6.91,36,50,150,31.9,32.8,8.33,18
20,3,31.5,27.2,127.9,7.96,36,50,151,46.5,37.2,7.55,20
13,6,34.8,31.5,125.4,9.56,36,50,99,26.1,24.9,7.62,13
16,5,28.8,29.0,118.5,6.86,36,50,101,21.8,32.9,6.31,16
10,5,28.5,30.4,149.9,8.03,36,50,99,20.6,33.4,9.9,10
19,10,35.7,23.2,98.6,7.63,36,50,135,19.5,29.8,7.11,19
18,2,32.7,21.0,102.0,6.26,36,50,141,54.8,18.5,7.83,18
19,5,34.8,17.6,124.0,7.64,36,50,153,32.5,18.6,8.05,19
16,4,36.1,20.7,112.1,6.96,36,50,138,37.6,24.4,8.62,16
15,5,34.8,27.1,130.4,7.92,36,50,134,31.6,27.2,8.93,15
17,2,28.7,24.1,128.4,5.88,36,50,132,53.0,26.8,7.76,17
14,9,41.2,21.6,114.8,7.15,36,50,94,20.5,21.8,6.71,14
20,3,28.0,26.3,137.5,9.86,36,50,159,40.4,32.4,7.95,20
20,5,22.8,24.2,141.4,8.92,36,50,146,29.1,25.2,7.3,20
19,2,27.0,23.7,149.5,7.34,36,50,160,56.0,23.9,8.42,19
13,3,26.4,20.3,119.8,8.83,36,50,110,30.6,24.8,8.46,13
15,5,28.4,20.6,140.2,6.8,36,50,116,25.1,23.1,7.73,15
13,2,33.9,15.1,130.7,8.23,36,49,93,41.9,12.0,7.15,13
17,3,34.6,25.5,139.1,7.78,36,50,127,39.9,28.2,7.47,17
20,2,33.7,22.3,145.2,8.09,36,50,175,65.1,20.9,8.75,20
15,4,25.8,17.2,119.8,9.1,36,50,111,29.8,20.7,7.4,15
19,2,32.8,28.3,144.6,7.0,36,50,142,50.3,28.5,7.47,19
20,4,36.0,18.2,140.6,6.87,36,50,166,43.7,15.5,8.3,20
10,3,32.9,22.6,141.5,8.65,36,50,61,28.6,24.2,6.1,10
19,5,17.7,23.1,129.8,7.81,36,50,132,17.6,21.8,6.95,19
9,3,20.7,17.6,130.3,6.82,36,50,71,18.1,21.3,7.89,9
19,4,30.7,27.3,121.1,9.58,36,50,151,39.3,29.7,7.95,19
15,7,33.6,21.4,133.2,10.19,36,50,134,24.7,22.6,8.93,15
16,2,24.3,19.4,87.4,9.61,36,50,108,37.7,20.2,6.75,16
14,4,30.2,26.3,120.4,6.78,36,50,93,29.8,22.2,6.64,14
17,2,27.3,28.6,100.3,6.54,36,50,149,63.0,33.9,8.76,17
18,6,32.6,21.4,126.1,9.14,36,48,156,31.8,28.2,8.67,18
20,1,24.8,20.7,101.0,8.49,36,50,149,80.0,16.2,7.45,20
20,7,33.4,35.2,144.3,8.55,36,50,184,30.3,31.7,9.2,20
12,6,36.5,23.0,134.0,8.24,36,50,108,22.1,20.0,9.0,12
14,5,27.2,25.0,117.0,7.99,36,50,108,27.1,33.4,7.71,14
14,1,28.0,28.4,145.5,9.14,36,50,105,80.0,31.7,7.5,14
13,4,37.6,25.7,109.2,9.47,36,50,96,27.2,25.0,7.38,13
14,6,27.3,26.3,125.6,7.66,36,50,106,21.7,24.2,7.57,14
14,6,38.1,23.2,143.5,6.42,36,50,104,22.6,27.8,7.43,14
16,8,37.5,23.9,117.4,8.12,36,50,103,21.3,29.7,6.44,16
16,7,26.2,27.1,143.9,8.78,36,50,107,19.5,23.9,6.69,16
15,3,25.7,20.5,110.4,8.88,36,50,89,29.9,15.9,5.93,15
18,7,26.9,28.4,110.1,7.6,36,50,130,19.8,26.9,7.22,18
18,3,25.3,21.4,125.1,7.67,36,50,140,35.9,22.2,7.78,18
15,7,32.9,22.7,96.1,7.96,36,50,100,21.5,30.1,6.67,15
17,4,31.2,33.5,140.6,9.04,36,50,152,34.6,39.3,8.94,17
14,4,29.1,31.0,127.1,6.36,36,50,122,32.5,40.3,8.71,14
14,8,23.6,19.4,99.1,6.45,36,50,74,18.9,24.0,5.29,14
20,6,36.4,34.5,153.8,8.56,36,50,148,33.6,32.7,7.4,20
17,7,35.2,26.6,114.7,6.33,36,50,127,27.4,26.9,7.47,17
17,3,33.8,29.1,153.5,6.49,36,50,150,46.7,27.0,8.82,17
14,4,32.8,37.3,147.2,8.13,36,50,106,24.6,36.7,7.57,14
18,4,23.3,21.5,129.1,7.7,36,50,139,26.8,16.8,7.72,18
19,4,24.0,30.9,107.9,7.62,36,50,140,30.2,28.5,7.37,19
16,4,20.7,24.4,120.8,6.38,36,50,102,24.8,20.7,6.38,16
19,4,28.9,26.3,156.9,8.64,36,50,131,33.0,30.4,6.89,19
18,4,27.8,30.3,129.0,7.2,36,50,127,35.9,33.2,7.06,18
17,5,32.3,34.8,110.3,7.46,36,50,111,27.2,39.0,6.53,17
19,2,34.4,35.6,142.7,6.55,36,50,169,64.9,31.5,8.89,19
14,3,29.7,32.4,133.7,7.18,36,50,107,31.7,37.9,7.64,14
17,3,25.9,37.4,139.2,7.16,36,50,127,35.0,37.1,7.47,17
18,9,29.9,30.2,126.4,7.3,36,50,125,23.8,26.6,6.94,18
16,6,28.4,34.6,144.1,5.97,36,50,113,21.0,35.4,7.06,16
18,5,23.8,26.7,155.1,8.02,36,50,131,24.0,25.2,7.28,18
17,3,33.1,24.0,133.3,7.16,36,50,143,40.0,24.1,8.41,17
15,3,31.0,22.3,124.0,8.09,36,50,114,29.7,23.2,7.6,15
20,3,31.3,28.2,143.5,6.36,36,50,158,44.7,31.7,7.9,20
13,1,28.1,31.2,151.7,8.54,36,50,115,79.8,27.7,8.85,13
16,6,35.6,27.9,137.4,7.76,36,50,121,24.5,27.4,7.56,16
20,5,27.1,21.4,123.2,10.34,36,50,151,29.4,18.8,7.55,20
20,6,35.7,25.4,96.7,8.91,36,50,150,29.8,24.1,7.5,20
20,5,35.8,23.6,109.1,8.25,36,50,148,28.8,21.5,7.4,20
18,2,32.0,31.0,106.5,8.5,36,50,128,54.3,35.5,7.11,18
14,4,23.5,19.7,114.2,7.57,36,50,86,24.3,20.9,6.14,14
14,3,27.7,29.9,135.3,9.28,36,50,134,37.9,28.0,9.57,14
20,3,32.2,18.5,138.1,9.34,36,50,164,46.0,24.6,8.2,20
19,2,36.1,20.8,119.9,10.38,36,50,160,57.8,18.6,8.42,19
20,5,35.0,29.1,120.5,7.28,36,50,132,30.1,31.0,6.6,20
20,4,35.1,19.8,137.1,6.41,36,50,168,41.7,31.2,8.4,20
18,6,29.0,18.9,109.7,9.53,36,50,116,26.5,14.7,6.44,18
16,2,30.3,24.3,124.3,7.61,36,50,124,49.1,24.7,7.75,16
16,4,30.4,28.8,114.5,7.09,36,50,124,34.0,27.6,7.75,16
16,5,38.6,26.6,136.5,8.4,36,50,125,33.5,26.1,7.81,16
17,3,29.7,33.6,122.1,9.4,36,50,150,41.6,33.4,8.82,17
17,5,41.8,15.0,139.8,8.67,36,50,135,32.4,14.7,7.94,17
17,8,28.3,29.0,116.9,9.89,36,50,114,17.1,33.1,6.71,17
18,4,21.9,24.5,130.1,7.47,36,50,125,28.6,19.1,6.94,18
18,2,30.2,17.7,119.2,7.76,36,50,123,47.8,12.0,6.83,18
12,9,40.8,28.1,112.2,9.22,36,50,62,20.6,32.9,5.17,12
16,7,30.0,36.0,122.8,6.83,36,50,93,23.1,32.1,5.81,16
17,1,23.1,33.2,124.8,7.22,36,50,134,80.0,32.2,7.88,17
18,7,19.3,22.4,114.9,7.21,36,50,117,13.8,18.7,6.5,18
15,5,22.7,30.2,106.8,8.0,36,50,80,15.3,34.3,5.33,15
14,2,31.3,25.0,130.5,8.53,36,50,122,48.5,16.4,8.71,14
16,3,30.2,22.6,156.1,7.66,36,50,135,36.3,30.3,8.44,16
15,8,21.8,18.7,128.9,7.35,36,50,101,17.5,19.6,6.73,15
18,7,33.5,28.3,125.2,9.16,36,50,132,25.3,33.7,7.33,18
16,3,28.0,28.8,135.6,6.8,36,50,132,31.2,31.5,8.25,16
14,5,43.3,29.5,134.4,7.15,36,50,90,32.2,31.6,6.43,14
20,4,44.7,17.9,141.1,8.26,36,50,161,46.1,20.1,8.05,20
14,8,30.0,23.9,122.4,7.71,36,50,70,20.1,23.8,5.0,14
15,6,49.8,29.2,109.9,7.95,36,50,115,30.8,33.5,7.67,15
14,6,37.5,26.0,138.2,7.98,36,50,92,22.1,25.2,6.57,14
15,3,37.9,29.8,127.5,8.32,36,50,128,44.3,32.4,8.53,15
20,3,35.2,23.4,131.4,8.03,36,48,153,45.9,28.4,7.65,20
13,2,42.0,20.2,139.9,9.77,36,50,101,49.0,19.8,7.77,13
15,6,37.0,21.6,130.3,8.24,36,50,133,26.8,19.8,8.87,15
11,1,32.5,15.2,134.8,7.19,36,50,95,74.7,12.1,8.64,11
13,3,26.2,32.0,137.3,7.59,36,50,98,29.8,33.9,7.54,13
15,4,42.1,25.1,133.4,7.29,36,50,132,34.3,27.4,8.8,15
14,4,33.5,33.4,110.1,9.19,36,50,97,23.8,31.1,6.93,14
12,6,25.9,26.8,126.8,8.89,36,50,79,21.8,27.9,6.58,12
17,1,21.7,23.8,98.6,8.64,36,50,105,69.1,25.2,6.18,17
19,8,30.4,30.9,145.6,9.38,36,50,120,20.8,30.3,6.32,19
15,5,32.1,21.8,143.7,6.91,36,49,126,27.3,31.8,8.4,15
19,4,43.8,22.1,149.9,8.74,36,50,166,38.6,29.0,8.74,19
14,4,29.2,29.7,109.2,7.34,36,50,87,26.9,32.8,6.21,14
20,5,28.1,30.3,122.4,7.55,36,50,130,25.6,25.0,6.5,20
19,4,35.4,25.1,145.7,7.33,36,50,153,41.9,19.6,8.05,19
20,4,28.1,28.5,112.3,8.17,36,50,150,29.0,38.4,7.5,20
14,7,32.9,23.4,158.6,9.52,36,50,117,19.7,25.7,8.36,14
14,4,31.6,24.7,110.6,8.23,36,50,94,28.5,23.6,6.71,14
16,3,27.8,23.5,121.1,7.34,36,50,92,30.7,28.5,5.75,16
15,6,34.3,22.2,158.6,7.44,36,50,135,26.4,26.4,9.0,15
13,5,36.2,30.2,135.5,8.54,36,50,90,23.8,30.8,6.92,13
14,4,25.7,35.9,118.2,8.2,36,50,93,23.2,35.9,6.64,14
20,5,32.7,15.0,112.9,7.54,36,50,168,35.2,16.5,8.4,20
14,5,23.7,18.9,117.7,9.17,36,50,97,17.3,16.5,6.93,14
13,1,31.8,29.6,129.6,9.5,36,50,111,79.5,32.1,8.54,13
18,1,36.9,28.4,109.6,8.59,36,50,127,80.0,21.8,7.06,18
18,4,24.6,30.5,120.8,7.91,36,48,137,33.8,29.6,7.61,18
20,2,40.5,30.5,152.2,9.17,36,50,179,75.1,35.0,8.95,20
14,3,36.5,20.8,131.7,8.52,36,50,106,32.4,21.7,7.57,14
15,3,36.4,25.9,147.2,8.13,36,50,144,47.2,25.2,9.6,15
20,1,29.7,20.5,127.0,7.49,36,50,178,80.0,21.5,8.9,20
15,5,36.0,26.9,116.4,7.61,36,50,106,24.8,30.0,7.07,15
18,5,27.6,23.4,140.6,7.51,36,50,152,29.4,21.8,8.44,18
17,7,30.8,27.2,118.9,8.62,36,50,104,19.0,20.6,6.12,17
16,3,37.5,21.3,121.8,7.14,36,50,127,41.8,16.5,7.94,16
20,3,43.6,21.6,146.9,6.89,36,50,177,59.5,21.6,8.85,20
19,8,19.7,28.2,117.9,8.58,36,50,114,19.1,29.3,6.0,19
19,3,32.2,32.7,114.7,9.27,36,50,146,39.5,30.4,7.68,19
19,5,36.5,26.9,121.1,6.87,36,50,155,31.6,29.8,8.16,19
18,6,36.3,30.6,148.6,6.33,36,50,161,28.4,26.3,8.94,18
16,4,34.7,28.5,143.0,8.24,36,50,149,39.1,25.9,9.31,16
19,5,28.0,35.0,136.7,6.12,36,50,148,32.5,36.0,7.79,19
14,1,32.1,30.3,147.1,9.58,36,48,138,80.0,25.3,9.86,14
14,2,32.3,26.2,116.3,8.83,33,39,115,45.3,28.7,8.21,14
20,5,27.2,22.9,111.2,6.04,36,50,156,30.2,19.4,7.8,20
15,7,30.3,22.4,150.9,8.27,36,50,110,20.4,22.8,7.33,15
16,1,37.7,20.3,97.5,7.89,36,50,114,80.0,17.2,7.12,16
19,7,28.1,26.1,143.0,7.33,36,50,136,20.4,27.9,7.16,19
18,4,32.3,15.1,102.1,8.52,36,50,127,29.4,20.3,7.06,18
17,2,15.0,24.2,107.7,8.68,36,50,124,42.7,20.6,7.29,17
16,7,35.6,25.4,150.2,6.66,36,50,131,25.9,25.0,8.19,16
17,8,28.1,27.2,118.7,9.02,36,50,106,23.2,24.5,6.24,17
20,9,30.5,20.6,133.8,9.68,36,50,132,18.9,24.9,6.6,20
16,5,24.5,23.7,139.9,8.3,36,50,126,23.0,23.4,7.88,16
17,10,35.4,21.6,116.3,8.31,36,50,94,24.2,29.3,5.53,17
17,3,36.5,28.6,128.5,7.13,36,50,135,41.7,30.4,7.94,17
14,2,24.6,22.9,130.6,7.66,36,50,115,43.2,22.8,8.21,14
12,4,41.5,22.8,126.6,9.11,36,50,108,28.6,20.6,9.0,12
15,4,29.7,18.6,130.9,6.1,36,50,104,28.7,21.8,6.93,15
19,5,34.9,22.0,133.4,8.36,36,50,156,27.8,23.6,8.21,19
16,4,30.7,28.9,111.5,7.66,36,50,119,30.1,29.1,7.44,16
16,4,32.0,27.8,131.3,8.65,36,50,125,32.5,24.2,7.81,16
11,2,27.2,24.1,158.0,6.68,36,50,89,37.6,29.6,8.09,11
16,1,34.4,27.6,133.6,8.98,36,50,120,80.0,31.2,7.5,16
16,4,25.6,23.5,127.7,7.3,36,50,122,27.2,25.5,7.62,16
16,2,30.2,22.9,138.9,8.67,36,50,137,45.1,14.1,8.56,16
15,4,27.7,24.1,124.3,8.58,36,50,112,29.4,31.9,7.47,15
20,1,46.7,34.6,140.7,7.55,36,50,197,80.0,36.3,9.85,20
15,5,25.9,22.7,152.1,9.15,36,50,118,25.9,22.9,7.87,15
10,1,41.1,26.2,127.6,8.26,36,50,92,70.9,26.3,9.2,10
17,8,34.0,26.5,160.6,8.68,36,50,137,25.4,24.8,8.06,17
16,5,43.1,19.0,146.5,8.48,36,50,137,34.2,25.3,8.56,16
19,3,29.9,26.2,105.9,6.68,36,50,116,37.4,26.0,6.11,19
16,4,31.5,25.4,147.8,8.12,36,46,144,31.2,28.9,9.0,16
13,4,36.4,19.0,120.9,8.51,36,50,99,26.2,20.9,7.62,13
19,3,28.2,32.9,133.6,8.47,36,50,148,44.2,29.0,7.79,19
15,8,31.7,25.3,133.5,7.71,36,50,98,17.0,18.0,6.53,15
16,3,22.8,30.1,127.3,8.93,36,50,128,38.6,34.2,8.0,16
13,4,34.9,27.8,117.6,8.44,36,50,108,37.1,32.2,8.31,13
17,4,29.2,18.1,126.8,7.43,36,50,121,35.3,18.0,7.12,17
18,4,33.2,26.8,117.5,6.27,36,50,144,33.6,24.5,8.0,18
15,4,32.1,20.8,136.2,8.58,36,50,113,23.6,20.2,7.53,15
15,6,27.8,29.3,125.6,6.33,36,50,112,19.6,32.7,7.47,15
12,8,31.6,26.4,162.5,7.48,36,50,76,19.6,29.3,6.33,12
18,5,39.6,24.6,133.4,5.84,36,50,120,31.1,24.7,6.67,18
15,2,36.5,19.7,127.1,7.09,36,50,119,47.9,17.9,7.93,15
13,5,37.9,29.8,113.5,8.64,36,50,112,32.0,28.6,8.62,13
20,2,28.2,28.6,113.8,8.04,36,50,169,58.8,21.2,8.45,20
15,6,34.8,25.4,117.7,8.7,36,49,114,23.4,22.9,7.6,15
19,4,41.6,16.3,141.3,7.6,36,50,168,35.6,13.7,8.84,19
15,7,30.9,28.9,131.7,7.78,36,50,102,22.5,35.2,6.8,15
14,5,27.2,25.2,134.1,10.39,36,50,105,23.2,26.5,7.5,14
20,5,36.8,26.6,142.9,8.72,36,50,141,32.6,18.6,7.05,20
15,5,38.2,20.7,142.9,9.43,36,50,141,36.0,19.6,9.4,15
19,4,16.3,21.5,160.1,6.93,36,50,146,33.2,25.3,7.68,19
16,4,40.7,36.7,145.1,9.06,36,50,123,36.3,33.0,7.69,16
20,4,25.4,25.8,149.3,8.05,36,50,159,35.7,27.8,7.95,20
14,4,36.8,34.8,152.5,7.72,36,50,118,28.5,35.8,8.43,14
20,3,24.5,24.8,141.5,8.78,36,50,171,45.9,25.7,8.55,20
15,10,22.6,23.0,144.1,7.89,36,50,96,13.3,23.0,6.4,15
17,1,27.3,25.5,132.9,8.05,36,50,118,80.0,22.0,6.94,17
12,5,33.4,25.8,108.1,5.27,36,50,91,30.0,25.3,7.58,12
18,3,31.6,26.3,99.2,8.5,36,50,142,40.3,29.5,7.89,18
15,3,24.5,25.8,147.6,7.88,36,50,104,30.0,28.3,6.93,15
20,6,32.0,31.4,130.1,9.01,36,50,148,34.4,28.9,7.4,20
14,6,46.0,26.6,126.2,8.05,36,50,125,29.1,31.4,8.93,14
19,4,28.7,27.3,114.7,7.8,36,43,145,33.0,30.1,7.63,19
15,3,33.9,31.9,136.1,7.75,36,50,106,33.6,26.0,7.07,15
16,4,36.9,30.3,97.2,7.72,36,50,101,32.9,31.1,6.31,16
17,8,34.9,39.1,133.9,8.58,36,50,123,29.2,41.8,7.24,17
20,2,34.4,25.8,145.9,8.99,36,50,153,64.0,30.9,7.65,20
19,5,38.7,26.1,123.3,8.37,36,50,145,34.1,25.6,7.63,19
15,3,24.6,25.0,110.5,8.31,36,50,102,27.5,28.0,6.8,15
20,4,37.6,19.3,137.4,8.06,36,50,176,34.5,23.5,8.8,20
20,4,31.9,28.1,136.2,6.89,36,50,135,35.5,29.4,6.75,20
16,4,30.1,24.0,136.3,8.23,36,50,112,29.4,34.3,7.0,16
19,8,21.3,21.8,121.9,8.94,36,50,165,19.7,20.6,8.68,19
15,6,26.8,25.3,160.7,7.05,36,50,113,21.5,30.9,7.53,15
17,3,29.5,30.4,127.2,9.4,36,50,127,35.6,30.6,7.47,17
17,3,34.2,28.7,149.6,7.91,36,50,140,41.1,35.9,8.24,17
18,7,40.0,25.4,153.1,6.96,36,50,134,26.9,25.7,7.44,18
16,5,31.5,32.5,109.8,8.85,36,50,105,22.8,35.0,6.56,16
14,4,25.4,24.1,145.4,8.18,36,50,102,26.1,31.4,7.29,14
19,5,25.4,22.7,130.2,9.67,36,50,155,23.4,18.7,8.16,19
18,4,40.2,25.6,135.0,6.71,36,50,141,36.4,24.7,7.83,18
12,4,24.1,27.8,135.5,7.88,36,50,89,21.0,26.9,7.42,12
15,6,38.1,29.7,135.7,7.57,36,50,120,22.8,30.9,8.0,15
18,8,34.1,20.1,131.3,9.1,36,50,147,23.3,21.1,8.17,18
19,4,33.7,26.5,120.2,7.51,36,50,133,33.4,25.6,7.0,19
17,6,34.6,20.2,138.3,8.02,36,50,133,31.1,20.2,7.82,17
20,4,34.3,24.4,101.6,6.27,36,50,175,39.1,25.2,8.75,20
16,4,42.2,23.8,164.8,9.26,36,50,159,41.3,21.5,9.94,16
16,4,31.1,26.6,134.7,8.6,36,50,115,27.1,28.0,7.19,16
16,3,28.3,36.0,141.1,8.2,36,50,137,41.4,36.3,8.56,16
10,3,33.4,18.5,127.5,6.2,36,50,62,27.5,15.4,6.2,10
18,4,33.7,34.0,109.0,7.08,36,50,130,30.7,33.4,7.22,18
17,7,33.3,24.9,132.0,7.93,36,50,123,24.8,22.5,7.24,17
16,2,27.0,28.8,134.6,8.94,36,50,127,46.4,28.5,7.94,16
19,6,29.5,27.5,116.8,11.09,36,50,140,29.2,28.7,7.37,19
12,1,27.9,30.2,117.3,9.9,36,50,84,57.5,30.6,7.0,12
14,3,40.6,28.0,86.7,7.8,36,50,101,46.5,30.1,7.21,14
20,3,33.3,23.7,124.0,9.05,36,50,161,39.3,27.0,8.05,20
14,6,25.9,30.4,127.9,8.68,36,50,78,20.0,38.7,5.57,14
18,3,40.3,21.5,123.4,7.8,36,50,154,44.3,22.8,8.56,18
15,3,35.9,32.9,126.5,8.05,36,50,110,39.1,38.2,7.33,15
20,9,36.2,26.0,149.7,7.65,36,50,153,26.4,23.7,7.65,20
19,5,35.2,30.9,152.9,7.49,36,50,162,35.3,36.6,8.53,19
16,6,26.3,36.3,149.4,9.18,36,50,99,17.2,41.5,6.19,16
12,10,40.3,34.9,119.4,7.96,36,50,92,22.5,36.6,7.67,12
20,2,37.2,35.1,105.8,8.51,36,50,171,68.6,34.6,8.55,20
10,2,37.5,28.0,134.0,8.77,36,50,84,43.4,25.4,8.4,10
17,3,32.8,20.0,144.2,10.32,36,50,157,43.3,22.3,9.24,17
19,2,43.7,26.7,153.8,8.75,36,50,187,70.7,22.8,9.84,19
17,8,33.0,25.9,135.1,6.82,36,50,102,25.1,25.2,6.0,17
19,2,35.9,17.2,131.0,7.34,36,50,189,67.4,12.0,9.95,19
19,1,34.3,23.3,145.1,7.22,36,50,174,80.0,24.6,9.16,19
18,6,33.1,28.8,131.0,10.17,36,50,137,30.6,36.3,7.61,18
18,6,28.6,32.6,129.9,8.85,36,50,120,21.0,28.5,6.67,18
20,3,25.6,29.0,109.4,7.83,36,50,162,48.6,29.4,8.1,20
16,5,38.8,18.7,112.2,7.46,36,50,119,25.2,18.7,7.44,16
17,2,24.0,36.0,114.2,8.24,36,50,113,48.7,33.0,6.65,17
16,1,29.6,35.4,120.4,7.12,36,50,134,80.0,35.5,8.38,16
20,4,45.6,16.8,131.1,6.96,36,50,178,42.8,20.1,8.9,20
18,3,29.4,32.5,120.7,7.66,36,50,119,39.3,26.5,6.61,18
15,3,23.3,23.9,137.8,8.6,36,50,112,30.6,25.5,7.47,15
16,8,27.1,30.0,100.9,7.61,36,50,109,15.5,33.5,6.81,16
17,5,35.3,34.6,122.6,6.31,36,50,141,33.0,36.3,8.29,17
19,7,32.9,28.2,147.3,7.65,36,50,140,26.4,25.2,7.37,19
11,4,35.2,27.7,135.1,7.26,36,50,85,26.7,28.8,7.73,11
20,8,25.6,26.7,103.2,7.33,36,50,144,14.3,27.4,7.2,20
20,3,31.1,15.0,141.1,8.75,36,50,158,44.5,12.4,7.9,20
20,5,38.8,24.9,112.8,7.4,36,50,136,34.5,29.7,6.8,20
16,5,27.9,18.9,129.4,6.8,36,50,119,24.2,13.3,7.44,16
18,5,34.8,24.0,136.2,7.65,36,50,148,32.3,30.9,8.22,18
17,1,31.9,29.2,112.6,8.4,36,50,128,80.0,33.6,7.53,17
14,5,26.3,22.1,138.7,7.44,36,50,105,19.3,20.6,7.5,14
20,4,40.7,20.2,149.2,7.73,36,50,185,48.0,18.3,9.25,20
17,6,23.1,23.2,120.0,7.83,36,50,127,15.0,21.7,7.47,17
19,9,32.8,22.7,130.5,10.5,36,50,120,15.9,23.2,6.32,19
17,6,24.2,22.4,138.2,8.5,36,50,137,25.1,28.4,8.06,17
18,5,34.6,25.8,119.0,7.51,36,50,137,33.3,25.6,7.61,18
16,5,38.9,28.8,136.4,8.98,36,50,144,35.2,30.7,9.0,16
17,9,24.6,36.3,163.6,7.08,36,50,102,15.9,31.8,6.0,17
14,4,18.2,20.9,137.1,6.82,36,50,118,28.0,21.9,8.43,14
20,10,36.2,19.5,128.4,8.42,36,50,143,27.7,17.4,7.15,20
16,2,28.0,26.3,110.1,8.83,36,50,116,47.3,20.6,7.25,16
17,6,24.5,27.9,130.2,7.12,36,50,118,18.1,24.0,6.94,17
11,6,42.0,29.3,110.7,9.13,36,39,72,22.6,31.6,6.55,11
18,5,26.3,22.6,129.5,8.22,36,50,121,20.2,23.1,6.72,18
13,5,20.3,24.1,124.8,8.07,36,50,111,24.4,23.3,8.54,13
20,1,29.4,24.0,123.4,8.84,36,50,169,80.0,19.3,8.45,20
17,3,37.5,25.7,154.9,9.81,36,50,137,47.3,31.4,8.06,17
13,2,38.1,37.5,150.5,5.79,36,50,103,48.8,42.9,7.92,13
18,3,29.2,29.0,133.3,7.64,36,50,143,42.9,24.0,7.94,18
16,3,30.8,33.8,129.7,7.2,36,50,119,34.4,37.8,7.44,16
17,4,19.9,21.5,94.5,7.74,36,50,103,21.5,17.4,6.06,17
16,5,44.4,27.0,139.8,8.29,36,50,143,30.7,23.7,8.94,16
19,3,45.4,24.2,132.4,9.21,36,50,175,49.0,23.5,9.21,19
17,6,21.6,28.4,139.1,8.3,36,50,113,20.9,29.2,6.65,17
20,5,32.3,30.9,122.9,7.99,36,50,152,37.2,32.5,7.6,20
16,3,28.6,29.0,129.2,7.14,36,50,114,28.9,31.6,7.12,16
14,5,36.6,22.8,125.3,7.25,36,50,101,29.5,20.7,7.21,14
15,3,35.5,22.8,126.0,6.96,36,50,128,40.9,22.1,8.53,15
14,3,28.3,25.4,121.2,8.96,36,50,103,31.5,31.7,7.36,14
16,3,35.5,21.9,124.5,8.16,36,50,116,42.1,20.8,7.25,16
20,5,25.7,31.1,132.9,7.99,36,50,153,27.2,23.2,7.65,20
16,3,27.1,18.0,133.8,6.27,36,50,135,39.6,18.8,8.44,16
16,4,29.8,28.3,109.5,9.11,36,50,111,23.8,29.6,6.94,16
16,4,29.2,25.6,156.9,6.97,36,50,128,34.9,27.4,8.0,16
20,5,31.5,30.7,114.0,8.99,36,48,154,26.6,41.2,7.7,20
17,3,33.3,27.1,152.5,9.25,36,50,150,42.7,24.0,8.82,17
13,2,25.9,24.7,94.6,8.88,36,50,84,34.9,31.3,6.46,13
16,0,33.6,33.2,119.5,7.49,36,50,119,80.0,25.1,7.44,16
17,3,29.8,22.8,136.4,8.25,36,50,133,41.2,24.0,7.82,17
15,5,24.2,26.1,122.9,8.34,36,50,94,20.0,16.0,6.27,15
11,6,30.8,31.2,155.5,8.23,36,50,91,19.3,27.2,8.27,11
15,3,27.0,27.0,130.0,7.49,36,50,105,39.9,22.5,7.0,15
16,4,31.5,20.4,115.8,7.88,36,50,131,29.9,23.1,8.19,16
17,5,36.2,29.6,114.7,8.08,36,50,146,32.0,28.9,8.59,17
20,3,23.9,23.1,106.7,7.74,36,50,139,36.1,26.6,6.95,20
16,10,29.2,23.7,113.6,7.9,36,50,129,21.1,20.9,8.06,16
15,7,42.3,23.7,137.5,6.87,36,50,108,19.5,23.2,7.2,15
14,5,30.2,32.0,113.1,6.99,36,50,82,23.1,32.0,5.86,14
20,9,36.2,27.7,106.9,7.44,36,50,130,27.3,36.1,6.5,20
12,4,37.0,28.1,167.7,9.88,36,50,99,30.9,26.9,8.25,12
17,4,30.2,21.7,139.9,9.66,36,50,145,34.1,23.0,8.53,17
14,4,37.3,25.3,150.5,7.29,34,50,127,30.0,26.3,9.07,14
13,3,31.4,38.2,146.8,9.0,36,50,101,28.6,34.7,7.77,13
18,7,34.4,37.9,127.7,7.57,36,50,133,23.0,36.5,7.39,18
20,5,33.6,21.7,105.8,9.42,36,50,162,28.1,15.6,8.1,20
13,3,31.1,28.8,110.5,8.64,36,50,90,32.0,23.6,6.92,13
16,3,25.1,24.7,139.0,6.8,36,50,134,33.9,19.6,8.38,16
13,3,32.0,26.1,100.7,7.82,36,50,89,30.8,25.0,6.85,13
15,5,41.3,31.3,150.5,8.13,36,50,103,29.7,29.5,6.87,15
15,3,32.0,28.9,126.6,7.53,36,50,131,42.6,30.9,8.73,15
20,5,29.1,24.7,141.2,7.73,36,50,155,25.8,28.5,7.75,20
14,6,28.8,23.3,118.7,9.44,36,50,84,18.1,16.1,6.0,14
17,1,41.7,23.1,102.4,8.66,36,50,155,80.0,20.9,9.12,17
20,9,30.7,30.7,117.7,6.92,36,50,130,21.4,28.5,6.5,20
18,10,35.8,30.2,129.3,7.8,36,50,131,25.6,25.7,7.28,18
18,6,38.9,30.7,130.9,9.01,36,50,130,25.6,28.2,7.22,18
18,5,39.2,21.5,145.6,9.29,36,50,149,34.3,22.6,8.28,18
20,3,42.2,31.6,166.6,6.25,36,50,179,53.4,33.6,8.95,20
19,6,32.5,29.5,127.1,7.84,36,50,150,30.6,32.6,7.89,19
17,4,26.7,26.9,140.5,6.18,36,50,144,27.4,22.9,8.47,17
16,2,24.0,27.8,127.9,7.4,36,50,117,46.8,26.6,7.31,16
18,6,24.7,18.0,168.8,8.36,36,50,159,27.8,21.4,8.83,18
17,5,31.0,36.1,106.3,6.12,36,50,127,24.8,32.8,7.47,17
17,2,33.5,16.8,141.4,6.41,36,50,148,56.5,17.0,8.71,17
18,3,34.8,31.6,145.9,6.92,36,50,153,47.9,34.7,8.5,18
19,2,36.2,22.8,108.2,8.62,36,50,155,60.0,17.9,8.16,19
19,4,21.2,30.7,139.5,7.6,36,50,153,30.4,29.4,8.05,19
18,7,29.8,30.1,124.7,7.53,36,50,150,27.7,36.7,8.33,18
14,2,36.5,26.7,115.6,8.95,36,50,98,44.9,31.6,7.0,14
20,4,27.0,31.3,135.3,7.98,36,50,150,33.4,34.1,7.5,20
18,4,21.1,23.5,118.6,8.41,36,50,137,28.9,23.5,7.61,18
15,9,26.0,25.7,148.2,6.6,36,50,99,24.1,28.6,6.6,15
17,2,44.6,25.9,119.1,7.63,36,50,146,60.2,20.3,8.59,17
20,6,24.8,26.0,143.2,8.0,29,50,141,20.4,28.6,7.05,20
14,3,34.1,26.7,136.7,8.93,36,50,123,35.2,20.5,8.79,14
20,7,40.7,26.8,110.1,10.1,36,38,152,22.9,27.3,7.6,20
13,2,27.1,23.8,137.0,7.75,36,50,93,40.6,20.5,7.15,13
20,5,27.3,26.8,120.2,7.3,36,50,151,26.9,34.8,7.55,20
13,8,18.5,15.0,144.2,8.06,36,50,82,15.7,16.8,6.31,13
18,2,27.0,25.5,129.9,7.5,36,50,146,52.9,22.8,8.11,18
17,5,32.9,27.7,140.9,6.4,36,50,136,30.7,30.4,8.0,17
13,1,28.3,21.6,124.4,8.14,36,50,103,72.0,19.9,7.92,13
15,3,39.2,22.7,120.2,7.47,36,50,132,43.8,27.3,8.8,15
18,2,29.0,21.5,144.7,6.94,36,50,148,51.5,25.7,8.22,18
19,5,26.7,23.5,115.9,9.99,36,50,157,27.3,20.3,8.26,19
16,2,32.7,19.7,139.4,8.72,36,50,119,45.8,20.9,7.44,16
16,8,40.7,28.3,138.1,9.03,36,50,104,26.7,23.5,6.5,16
14,6,37.8,22.4,138.8,8.19,36,50,93,20.6,18.9,6.64,14
17,4,24.6,25.8,140.4,9.8,36,50,118,31.7,23.9,6.94,17
19,5,30.7,29.8,126.1,7.76,36,50,139,34.0,26.7,7.32,19
18,1,37.7,30.3,129.1,8.92,36,50,152,80.0,30.1,8.44,18
16,2,38.7,16.0,105.5,8.44,36,50,122,52.5,12.2,7.62,16
19,2,43.4,28.0,122.0,8.94,36,50,180,75.0,36.6,9.47,19
20,7,37.4,28.1,132.8,8.66,36,50,143,31.6,20.9,7.15,20
13,2,22.8,24.9,121.3,8.57,36,50,76,27.0,22.8,5.85,13
16,2,25.6,23.3,129.4,6.91,36,50,122,47.4,23.0,7.62,16
15,8,35.1,24.1,126.9,7.76,36,50,91,21.4,34.3,6.07,15
14,8,39.7,22.2,119.0,7.39,36,50,118,24.4,31.4,8.43,14
19,4,27.8,27.2,125.7,6.63,36,50,134,32.9,24.3,7.05,19
14,1,27.5,32.9,150.8,7.46,36,50,95,70.8,40.0,6.79,14
13,3,35.9,21.0,119.9,6.06,36,50,108,36.1,23.6,8.31,13
18,6,33.7,33.3,124.5,7.65,36,50,120,25.2,35.8,6.67,18
20,3,16.4,17.7,156.9,8.29,36,50,165,41.1,15.4,8.25,20
20,6,39.8,32.5,146.8,8.19,36,50,153,32.7,35.1,7.65,20
17,3,26.3,31.3,92.4,8.5,36,48,134,38.3,30.5,7.88,17
16,3,29.9,27.1,171.3,7.32,36,50,134,41.4,30.9,8.38,16
14,2,29.6,21.6,134.9,6.75,36,49,121,52.3,19.2,8.64,14
18,4,25.2,30.3,137.3,7.61,36,50,133,29.9,27.9,7.39,18
20,6,30.4,23.0,119.5,6.71,36,50,149,27.2,26.9,7.45,20
17,4,33.5,23.6,122.7,7.28,36,50,138,32.2,17.4,8.12,17
16,4,24.3,27.2,129.2,8.68,36,50,117,30.7,27.2,7.31,16
19,6,29.8,29.0,145.2,8.05,36,50,181,26.5,29.7,9.53,19
14,6,27.8,26.2,130.3,6.74,36,50,86,16.9,27.0,6.14,14
14,7,25.3,22.9,125.0,7.24,36,50,82,15.1,21.3,5.86,14
16,8,37.6,30.0,121.0,6.1,36,41,111,25.1,33.8,6.94,16
18,7,35.5,24.8,137.5,8.04,36,50,154,27.8,29.8,8.56,18
17,2,34.7,34.6,132.4,8.39,36,50,149,61.9,34.7,8.76,17
20,5,28.3,24.9,128.0,8.4,36,50,146,30.0,32.2,7.3,20
16,2,40.0,23.1,127.3,7.93,36,50,125,46.6,28.9,7.81,16
11,6,28.5,27.0,107.1,6.68,36,50,71,12.8,29.9,6.45,11
16,2,42.7,19.7,153.5,6.54,36,50,168,62.0,17.0,10.5,16
17,9,27.8,23.3,146.3,9.45,36,50,140,18.1,26.3,8.24,17
19,3,40.6,21.7,131.2,7.15,36,50,164,43.0,16.1,8.63,19
20,6,37.6,29.0,124.8,7.1,36,50,147,31.7,26.3,7.35,20
17,9,28.1,28.4,138.7,7.21,36,50,116,18.2,24.0,6.82,17
15,3,22.6,30.6,137.9,9.31,36,50,110,26.9,21.9,7.33,15
18,6,33.8,24.9,139.3,7.96,36,50,146,30.5,32.3,8.11,18
16,3,33.6,24.8,122.1,8.89,36,50,142,44.4,19.6,8.88,16
19,6,43.9,22.0,158.8,8.09,36,50,160,31.4,23.4,8.42,19
20,5,30.1,26.8,114.5,8.45,36,50,157,35.7,40.4,7.85,20
18,2,26.3,28.0,127.8,8.75,36,50,162,59.2,31.4,9.0,18
20,10,34.3,33.6,127.0,8.2,36,46,122,19.4,30.4,6.1,20
16,4,42.4,26.6,135.1,7.24,36,50,143,35.3,26.6,8.94,16
19,2,22.8,23.3,131.5,7.99,36,50,138,50.7,20.7,7.26,19
18,3,31.4,22.8,145.9,6.37,36,50,159,47.7,22.2,8.83,18
20,0,33.3,29.5,124.5,7.74,36,50,161,80.0,30.9,8.05,20
17,6,42.3,24.5,145.6,9.36,36,50,131,27.2,24.2,7.71,17
14,4,32.2,24.0,130.5,8.77,36,50,107,28.0,18.7,7.64,14
14,5,28.2,22.5,150.7,8.64,36,50,109,25.2,22.7,7.79,14
18,4,37.4,21.8,121.8,6.24,36,50,150,32.7,21.7,8.33,18
14,4,37.3,32.9,139.8,7.52,36,50,119,29.7,27.2,8.5,14
14,5,40.4,28.4,103.8,8.24,36,50,126,32.8,28.0,9.0,14
12,6,30.0,19.7,127.2,8.66,36,50,82,23.4,23.7,6.83,12
16,3,34.9,25.9,94.8,8.67,35,50,118,39.5,34.6,7.38,16
20,3,36.8,15.0,131.7,7.85,36,50,202,51.7,16.8,10.1,20
14,8,32.6,26.5,127.5,6.37,36,50,102,25.6,26.5,7.29,14
18,4,41.4,26.1,139.7,9.18,36,50,149,37.8,21.7,8.28,18
20,4,27.0,25.7,135.6,8.49,36,50,154,36.7,17.4,7.7,20
18,1,36.6,20.1,135.0,8.24,36,50,149,80.0,18.6,8.28,18
15,3,29.9,30.2,111.1,8.06,35,50,102,39.0,30.0,6.8,15
19,6,47.8,27.8,141.7,6.52,36,50,163,41.0,13.8,8.58,19
15,1,43.2,27.6,122.8,8.26,36,50,118,80.0,30.9,7.87,15
16,4,41.2,30.7,165.2,6.48,30,50,133,33.9,28.7,8.31,16
13,5,42.1,25.5,122.0,9.58,36,43,78,22.9,29.0,6.0,13
18,6,34.6,25.6,165.2,7.07,36,50,154,26.0,26.5,8.56,18
19,3,34.3,24.7,109.8,7.28,36,50,136,37.2,23.7,7.16,19
14,7,24.9,25.3,142.6,8.63,36,50,90,17.7,25.9,6.43,14
19,5,33.4,30.8,107.6,9.02,36,50,125,31.3,31.8,6.58,19
12,5,37.1,27.6,145.1,9.17,36,50,117,30.0,17.5,9.75,12
14,6,33.9,27.7,127.6,7.91,36,50,104,21.8,29.5,7.43,14
14,6,35.7,23.9,140.0,8.25,36,50,120,30.6,23.6,8.57,14
16,3,40.7,25.7,119.1,9.3,36,50,132,40.7,25.6,8.25,16
17,5,47.3,21.5,135.9,8.2,36,50,136,32.4,18.5,8.0,17
19,8,27.4,24.8,118.4,8.11,36,50,143,21.9,19.5,7.53,19
18,6,31.3,25.5,116.5,8.77,36,50,125,25.3,23.1,6.94,18
20,3,34.9,25.4,144.6,9.61,36,50,182,50.6,30.7,9.1,20
11,3,29.1,27.9,127.3,8.69,36,50,82,33.5,20.9,7.45,11
16,6,27.8,23.8,138.6,8.8,36,50,114,20.6,28.3,7.12,16
16,8,24.9,23.7,133.1,7.96,36,50,106,16.5,23.8,6.62,16
11,7,22.9,32.4,125.0,9.1,36,50,61,16.7,38.1,5.55,11
15,5,33.6,28.8,136.8,8.98,36,50,124,26.8,29.3,8.27,15
16,4,41.9,21.0,143.6,7.14,36,50,129,30.9,19.0,8.06,16
14,2,41.2,25.3,141.5,7.16,36,50,139,60.7,19.4,9.93,14
20,4,23.5,28.0,96.5,8.37,36,50,130,26.5,24.5,6.5,20
17,3,36.0,20.3,165.8,8.41,36,50,159,48.3,20.7,9.35,17
20,7,19.2,20.6,131.3,7.63,36,50,142,19.4,18.1,7.1,20
14,4,29.9,24.5,129.7,7.33,36,50,88,20.2,24.5,6.29,14
16,7,25.3,26.6,130.0,7.76,36,50,113,15.5,23.5,7.06,16
11,4,32.3,22.2,140.4,7.87,36,50,104,26.0,17.1,9.45,11
14,1,18.6,28.2,143.8,9.02,36,50,102,66.3,26.3,7.29,14
14,5,24.9,27.4,141.1,9.81,36,50,101,22.0,27.7,7.21,14
19,6,33.8,25.0,136.3,7.97,36,50,153,31.6,22.0,8.05,19
19,6,36.8,34.8,144.7,8.14,36,50,161,27.2,41.1,8.47,19
16,9,34.4,18.0,130.0,6.22,36,50,118,21.8,16.6,7.38,16
13,5,36.8,22.2,107.0,10.54,36,50,86,30.4,18.6,6.62,13
17,5,24.5,31.1,141.0,7.18,36,47,133,30.9,28.9,7.82,17
14,6,20.2,32.8,120.5,7.39,36,50,91,14.8,31.9,6.5,14
17,4,31.0,23.3,107.3,7.62,36,50,128,34.2,22.3,7.53,17
19,3,35.9,32.5,138.6,8.95,36,50,152,45.9,32.0,8.0,19
14,1,36.0,26.6,121.3,6.96,36,50,117,80.0,36.1,8.36,14
15,2,30.0,29.2,131.5,5.94,36,50,109,43.3,30.9,7.27,15
18,3,20.9,26.2,139.1,7.99,36,50,136,37.0,30.0,7.56,18
15,3,40.6,15.0,132.3,7.13,36,50,146,47.5,15.6,9.73,15
15,4,31.7,24.3,145.8,8.67,36,50,135,32.5,22.7,9.0,15
15,4,30.9,27.0,137.7,8.97,36,50,131,32.1,27.2,8.73,15
18,6,39.1,22.3,131.1,9.4,36,50,155,31.0,19.0,8.61,18
14,2,40.0,25.2,123.6,9.76,36,50,122,56.4,23.2,8.71,14
11,5,30.5,26.3,140.4,9.23,36,50,80,18.2,27.5,7.27,11
16,4,36.4,25.4,151.9,9.22,36,46,142,36.9,29.9,8.88,16
17,2,33.4,35.4,116.8,7.77,36,50,125,55.1,37.8,7.35,17
20,2,26.8,29.2,132.6,7.42,36,50,164,65.3,28.7,8.2,20
20,4,43.0,27.7,91.3,7.78,36,50,145,31.7,24.6,7.25,20
16,5,28.6,25.7,125.5,7.22,36,50,100,25.6,27.3,6.25,16
14,4,37.3,32.9,150.0,9.19,36,50,98,30.4,30.0,7.0,14
14,3,29.6,15.0,143.2,8.16,36,50,132,41.1,15.6,9.43,14
16,6,35.4,30.1,128.6,8.15,36,50,128,24.3,31.4,8.0,16
16,2,40.5,25.8,128.3,7.43,36,50,102,49.7,19.6,6.38,16
20,2,36.3,22.1,114.8,9.74,36,50,147,60.1,16.8,7.35,20
13,7,39.5,24.8,143.6,6.25,36,50,124,30.3,29.9,9.54,13
16,5,28.0,36.1,122.3,8.1,36,48,116,26.9,41.3,7.25,16
18,3,34.7,15.2,152.4,6.51,36,50,176,46.1,13.0,9.78,18
13,2,31.0,30.3,145.4,8.74,36,50,103,45.8,33.9,7.92,13
14,5,28.9,24.6,143.2,7.71,36,50,117,26.1,33.0,8.36,14
20,4,35.1,29.5,138.9,8.01,36,50,164,38.8,36.9,8.2,20
18,5,28.5,20.3,101.0,6.74,36,50,137,28.6,22.2,7.61,18
17,4,21.9,27.6,128.1,7.8,36,50,127,21.9,28.1,7.47,17
19,2,17.7,16.1,144.4,7.9,36,50,126,43.4,20.2,6.63,19
20,2,34.2,20.5,130.9,9.64,36,50,181,68.5,14.2,9.05,20
16,8,31.5,36.0,121.7,7.84,36,50,90,19.7,40.8,5.62,16
12,5,37.1,30.7,163.8,7.76,36,50,86,22.7,34.3,7.17,12
19,5,31.1,27.1,150.5,5.28,36,50,158,32.8,26.1,8.32,19
19,6,24.4,33.9,165.5,7.44,36,50,134,21.1,36.2,7.05,19
16,5,30.4,19.3,128.5,6.62,36,50,122,32.0,19.7,7.62,16
12,6,29.5,31.7,128.4,8.36,36,50,62,19.8,31.9,5.17,12
20,3,27.9,20.9,120.8,6.62,36,50,136,36.9,17.8,6.8,20
17,4,34.5,23.8,116.6,7.23,36,50,121,30.2,26.1,7.12,17
17,3,36.8,27.8,153.7,8.54,36,50,137,43.6,27.3,8.06,17
17,4,39.0,32.3,136.9,7.67,36,44,140,36.8,32.3,8.24,17
16,5,31.4,28.9,131.3,7.87,36,50,105,28.6,25.3,6.56,16
15,8,30.4,24.0,124.6,7.58,36,50,114,24.0,21.3,7.6,15
14,3,35.9,24.1,95.8,7.57,36,50,72,30.0,22.7,5.14,14
14,5,30.0,33.8,129.7,8.26,36,50,83,22.1,36.0,5.93,14
16,8,46.7,37.3,123.6,8.54,36,50,127,29.8,35.6,7.94,16
15,5,34.1,30.2,131.8,9.29,36,50,115,27.0,31.0,7.67,15
19,4,42.9,27.3,114.2,9.13,36,50,156,38.6,26.9,8.21,19
16,4,34.1,20.9,125.2,7.02,36,50,131,29.7,24.7,8.19,16
18,7,30.2,27.7,105.6,7.07,36,50,138,27.9,27.3,7.67,18
19,9,23.9,23.3,129.6,8.01,36,50,123,16.3,22.4,6.47,19
15,3,34.4,28.0,141.6,7.12,36,50,134,41.6,29.6,8.93,15
17,1,31.9,24.3,162.3,5.7,36,50,160,80.0,21.0,9.41,17
17,8,28.7,31.8,131.6,7.47,36,50,99,13.3,37.0,5.82,17
20,8,38.1,30.5,123.2,8.68,36,50,150,23.7,33.3,7.5,20
17,4,32.3,26.5,148.2,6.64,36,50,144,36.8,27.0,8.47,17
15,6,35.5,30.0,161.6,10.71,36,50,133,28.6,28.1,8.87,15
12,7,28.1,21.5,114.0,8.83,36,50,85,14.8,17.2,7.08,12
15,8,27.9,24.1,152.8,8.25,36,50,103,17.4,27.3,6.87,15
16,6,35.0,31.0,149.4,8.61,36,50,128,25.5,28.6,8.0,16
19,2,37.5,31.4,132.9,7.26,36,50,167,64.9,28.0,8.79,19
12,7,30.7,21.6,123.3,6.78,36,50,59,13.9,24.3,4.92,12
18,1,31.6,31.6,131.8,9.34,36,50,157,80.0,29.5,8.72,18
19,3,27.4,35.1,134.4,6.71,36,50,124,35.3,38.0,6.53,19
18,3,32.8,26.2,146.7,9.63,36,50,149,39.0,27.3,8.28,18
13,7,21.5,22.4,139.4,10.27,36,50,106,18.9,19.6,8.15,13
16,2,29.6,17.4,152.0,8.08,36,50,156,59.7,12.0,9.75,16
17,5,33.0,34.5,118.1,7.93,36,50,136,27.8,28.7,8.0,17
15,1,27.1,20.2,117.2,8.0,36,50,107,73.0,24.5,7.13,15
17,3,37.5,29.2,139.7,8.41,36,50,148,42.8,32.6,8.71,17
13,4,19.9,21.3,107.2,9.94,36,50,82,22.8,20.8,6.31,13
16,6,32.2,22.4,143.1,6.93,36,50,122,32.9,15.2,7.62,16
19,5,37.2,27.3,142.4,7.06,36,50,150,32.7,29.7,7.89,19
18,2,29.2,31.6,113.0,7.16,36,50,150,57.3,30.4,8.33,18
17,4,31.4,16.3,133.4,8.11,36,41,144,32.5,22.0,8.47,17
16,4,39.7,24.2,102.1,7.29,36,50,119,31.5,29.0,7.44,16
13,6,32.5,21.0,119.8,8.03,36,50,103,22.8,27.8,7.92,13
14,6,30.5,25.4,141.0,7.73,36,50,107,23.1,25.3,7.64,14
20,5,31.3,27.3,131.0,8.11,36,50,155,32.3,24.1,7.75,20
15,3,30.5,24.9,137.6,7.69,36,50,115,34.9,22.5,7.67,15
10,3,26.2,23.7,129.6,8.83,36,50,79,26.5,24.5,7.9,10
15,1,23.8,29.8,133.8,7.76,36,50,116,80.0,31.4,7.73,15
13,5,40.1,24.9,131.2,9.18,36,49,113,31.2,20.1,8.69,13
14,4,27.8,30.6,101.3,10.18,36,50,97,23.3,35.0,6.93,14
16,6,35.8,30.9,112.9,8.7,36,49,121,29.7,30.7,7.56,16
15,3,26.3,36.0,131.8,7.07,36,50,121,35.0,36.1,8.07,15
20,4,38.0,27.9,127.2,9.47,36,50,169,39.6,35.1,8.45,20
14,5,23.9,28.6,111.8,8.85,36,50,89,25.8,39.2,6.36,14
16,3,35.2,29.0,121.2,7.72,36,50,134,41.1,36.0,8.38,16
11,6,30.5,34.5,133.0,9.96,36,50,79,16.1,28.0,7.18,11
15,3,41.4,18.4,124.3,9.2,36,50,121,39.1,18.0,8.07,15
18,6,30.0,21.0,107.0,8.59,36,50,120,19.5,25.7,6.67,18
16,2,35.1,16.9,124.3,7.65,36,50,146,58.1,18.9,9.12,16
20,4,28.8,29.4,118.9,8.27,36,50,143,33.5,27.7,7.15,20
8,2,31.9,23.9,149.1,7.6,36,50,59,32.0,29.6,7.38,8
16,6,23.6,28.5,147.2,7.75,36,50,108,19.4,30.9,6.75,16
18,5,31.3,25.0,117.6,9.27,36,50,119,34.6,23.9,6.61,18
18,7,30.1,27.8,125.3,6.56,36,50,113,22.4,30.4,6.28,18
17,10,26.4,21.9,125.0,6.96,36,50,130,17.2,19.7,7.65,17
16,4,36.4,25.3,160.6,9.36,36,50,152,40.8,26.9,9.5,16
11,3,26.1,18.0,133.1,8.17,36,50,102,32.8,19.5,9.27,11
16,4,27.1,27.3,134.8,7.35,36,50,111,34.9,20.9,6.94,16
20,3,26.8,21.0,112.0,9.75,36,50,154,38.8,13.5,7.7,20
17,5,35.0,26.3,163.9,6.25,36,50,151,27.1,21.4,8.88,17
19,6,41.5,32.9,129.7,9.38,36,50,152,28.5,33.1,8.0,19
16,5,35.9,30.5,134.3,7.55,36,50,106,25.3,30.3,6.62,16
16,9,28.2,30.9,155.7,7.86,36,50,132,21.2,37.8,8.25,16
13,5,34.8,18.6,108.6,6.05,36,50,78,21.6,18.0,6.0,13
20,7,41.7,27.2,137.3,7.86,36,50,154,30.3,28.8,7.7,20
14,7,44.9,23.6,146.7,8.41,36,50,114,25.7,25.1,8.14,14
17,10,32.8,25.5,150.4,8.21,36,50,109,20.9,28.4,6.41,17
17,1,35.8,20.9,133.9,8.22,36,50,154,80.0,16.8,9.06,17
12,3,41.9,21.9,130.6,7.69,36,50,113,39.1,22.7,9.42,12
19,7,37.7,26.4,135.6,8.28,36,50,159,32.8,22.7,8.37,19
12,4,18.8,27.7,112.5,8.1,36,50,73,17.6,27.1,6.08,12
15,3,24.6,22.1,136.7,7.78,36,50,129,33.0,17.3,8.6,15
19,3,30.8,25.3,133.8,5.52,36,50,171,44.6,30.1,9.0,19
14,7,27.9,26.9,155.1,8.2,36,50,102,12.9,32.6,7.29,14
20,3,22.2,29.2,127.3,7.05,36,50,150,35.9,27.7,7.5,20
17,2,33.4,22.5,134.8,8.21,36,50,157,60.8,23.2,9.24,17
11,4,27.6,25.4,136.0,7.14,36,50,73,27.7,26.3,6.64,11
16,5,22.5,28.6,139.3,8.59,36,50,106,18.9,21.3,6.62,16
20,4,36.9,27.1,143.2,7.78,36,50,155,42.0,18.4,7.75,20
17,7,32.8,18.8,128.1,8.11,36,50,118,24.0,18.2,6.94,17
13,3,32.5,27.0,128.6,8.39,36,50,99,31.2,27.5,7.62,13
14,2,36.3,26.2,113.7,8.6,36,50,122,46.9,29.2,8.71,14
19,6,29.0,32.4,133.5,7.77,36,50,141,22.6,42.5,7.42,19
13,5,27.0,27.3,120.6,7.54,36,50,85,20.7,27.5,6.54,13
16,5,29.9,26.3,120.6,7.28,36,50,100,18.3,33.6,6.25,16
14,3,41.7,31.5,130.6,7.45,36,50,108,40.6,40.9,7.71,14
9,6,25.1,22.1,129.6,8.19,36,50,76,22.9,22.3,8.44,9
17,6,45.2,32.6,133.8,7.87,36,50,154,37.4,27.9,9.06,17
16,3,26.5,22.5,160.1,8.5,36,50,136,39.3,19.8,8.5,16
18,3,34.0,23.9,123.7,7.64,36,50,143,47.3,24.4,7.94,18
15,4,37.5,18.1,168.0,9.71,36,50,135,35.0,20.8,9.0,15
20,4,32.7,17.6,137.0,8.17,36,50,150,32.2,13.1,7.5,20
13,8,30.0,26.3,107.7,8.51,36,50,72,18.5,25.6,5.54,13
16,5,29.2,33.5,116.8,9.21,36,50,116,24.4,32.2,7.25,16
14,3,36.9,26.8,134.4,9.06,36,50,118,37.6,21.2,8.43,14
16,4,26.7,23.4,122.1,7.05,36,50,121,24.9,29.8,7.56,16
17,5,37.6,31.5,120.2,6.29,36,50,126,27.8,35.6,7.41,17
18,5,34.7,27.7,140.3,7.53,36,50,142,35.2,27.4,7.89,18
20,3,33.2,27.8,127.7,7.28,36,50,158,52.6,35.5,7.9,20
19,3,35.4,19.2,131.0,7.98,36,50,188,47.0,22.4,9.89,19
16,8,37.6,24.8,133.8,8.59,36,50,82,24.8,23.5,5.12,16
16,9,32.4,26.0,113.7,8.7,36,50,111,23.0,29.5,6.94,16
17,4,29.6,27.7,104.7,7.45,36,50,126,28.8,26.2,7.41,17
18,3,34.9,25.6,139.2,6.69,36,50,131,35.5,24.7,7.28,18
16,1,44.2,15.0,115.4,6.82,36,50,145,80.0,16.0,9.06,16
19,4,25.9,38.4,115.8,7.34,36,50,104,21.4,32.9,5.47,19
20,5,27.0,16.9,134.9,8.49,36,50,161,29.0,17.6,8.05,20
17,1,31.1,28.1,138.0,7.71,36,50,152,80.0,23.1,8.94,17
17,6,25.0,27.3,102.2,9.53,36,50,104,17.7,27.7,6.12,17
18,4,40.7,23.9,144.3,6.24,36,50,161,38.1,17.2,8.94,18
16,5,27.2,28.2,123.8,8.15,36,50,102,24.6,23.6,6.38,16
14,5,39.6,25.4,151.6,10.32,36,50,104,30.7,25.6,7.43,14
13,7,24.9,32.3,132.7,8.33,36,50,87,13.9,34.3,6.69,13
18,2,28.2,26.6,124.7,9.28,36,50,150,58.0,25.4,8.33,18
18,5,30.8,19.0,134.8,7.32,36,50,141,33.4,25.0,7.83,18
16,5,39.8,29.9,140.4,8.15,36,50,138,32.8,28.3,8.62,16
19,1,26.6,19.4,138.3,9.12,36,50,162,80.0,18.6,8.53,19
13,4,38.4,27.9,168.7,9.18,36,50,119,35.2,29.1,9.15,13
19,5,27.6,26.9,159.6,8.35,36,50,142,29.2,30.4,7.47,19
20,7,32.0,29.3,127.4,8.72,36,50,150,27.9,32.3,7.5,20
15,8,21.0,30.9,103.9,9.08,36,50,81,16.9,32.8,5.4,15
20,3,22.8,21.2,102.6,8.2,36,50,161,39.4,19.6,8.05,20
17,4,40.5,22.4,154.2,8.6,36,50,125,38.0,20.4,7.35,17
18,0,34.2,24.7,125.4,7.36,36,50,145,80.0,23.1,8.06,18
16,9,32.1,20.6,135.7,9.12,36,50,113,22.2,24.1,7.06,16
19,3,31.7,29.0,113.2,7.89,36,50,132,33.8,25.2,6.95,19
20,5,25.8,22.3,146.4,7.78,36,50,152,29.3,30.2,7.6,20
17,7,31.8,32.9,149.3,7.11,36,50,135,25.1,42.9,7.94,17
15,1,44.4,27.3,122.0,7.14,36,50,95,74.3,31.8,6.33,15
17,5,29.5,21.8,136.0,8.37,36,50,149,29.1,28.1,8.76,17
13,7,31.8,17.5,123.4,7.5,36,50,79,20.4,16.3,6.08,13
17,2,21.6,26.9,118.9,9.59,36,50,136,47.4,28.6,8.0,17
14,5,30.7,23.5,129.2,7.08,36,50,71,21.9,25.9,5.07,14
17,7,38.1,23.3,152.1,8.41,36,50,151,25.6,26.5,8.88,17
19,5,33.8,26.3,128.9,10.61,36,50,164,28.0,36.0,8.63,19
10,6,30.2,19.5,116.0,8.31,36,50,59,14.2,15.6,5.9,10
15,2,28.3,27.0,119.4,6.85,35,50,132,47.4,34.5,8.8,15
20,2,29.0,26.2,157.4,7.99,36,50,183,67.6,20.2,9.15,20
15,8,36.4,24.3,130.8,6.23,36,50,118,22.8,27.2,7.87,15
16,4,31.2,36.6,147.7,9.81,36,50,118,34.8,34.5,7.38,16
20,4,33.1,23.0,138.6,6.9,36,50,195,42.3,29.2,9.75,20
11,7,43.1,25.3,140.3,6.7,36,50,88,23.4,26.7,8.0,11
15,5,28.0,33.9,122.3,7.82,36,50,86,19.8,29.9,5.73,15
17,4,30.2,21.6,125.7,7.07,36,50,113,29.6,23.4,6.65,17
19,6,19.8,24.8,150.4,7.59,36,50,158,21.5,29.1,8.32,19
18,3,31.4,24.7,106.8,7.44,36,50,154,42.1,27.9,8.56,18
16,4,45.4,27.9,140.1,7.11,36,50,141,42.9,39.2,8.81,16
17,3,31.9,23.7,149.7,8.47,36,50,139,39.6,24.8,8.18,17
15,8,36.1,23.8,137.3,7.98,36,50,89,20.3,16.8,5.93,15
13,6,33.4,33.5,127.0,8.38,36,50,82,27.1,34.9,6.31,13
20,8,31.4,26.4,131.2,8.55,36,50,166,19.9,31.6,8.3,20
18,8,33.1,18.2,119.5,9.62,36,50,117,23.2,16.2,6.5,18
15,5,28.0,32.0,110.8,7.24,36,50,85,24.2,29.2,5.67,15
16,6,15.5,29.8,145.3,7.5,36,50,90,15.8,28.7,5.62,16
18,2,20.0,27.0,126.2,8.34,36,50,119,43.0,23.8,6.61,18
15,3,33.2,31.9,144.1,6.77,36,50,119,38.2,30.2,7.93,15
13,2,24.4,38.1,134.2,8.76,36,50,86,35.9,37.5,6.62,13
17,5,34.6,24.9,139.1,8.6,36,50,138,31.0,24.4,8.12,17
20,1,31.3,26.1,158.7,9.94,36,50,160,80.0,27.5,8.0,20
11,1,36.1,19.5,142.4,8.13,36,50,111,79.4,17.5,10.09,11
18,3,32.3,20.5,112.6,9.01,36,50,158,43.1,20.3,8.78,18
14,6,25.6,20.1,159.3,7.57,36,50,122,22.5,17.1,8.71,14
20,8,40.6,22.4,134.6,8.88,36,50,164,32.6,18.5,8.2,20
18,4,39.8,30.7,151.2,9.19,36,50,150,39.8,34.2,8.33,18
20,4,37.5,32.6,140.6,7.87,36,50,185,39.0,29.5,9.25,20
14,4,27.4,26.0,147.2,8.77,36,50,108,27.2,25.2,7.71,14
20,4,31.7,28.8,152.3,6.99,36,50,172,40.4,28.7,8.6,20
14,8,30.4,20.7,106.9,7.73,36,50,103,16.7,21.7,7.36,14
17,5,38.9,30.1,154.4,11.7,36,50,133,33.1,25.4,7.82,17
14,3,27.3,29.1,120.6,7.67,36,50,104,30.8,33.7,7.43,14
11,6,37.7,23.8,151.6,8.17,36,50,91,21.8,25.8,8.27,11
18,1,23.8,32.9,134.0,7.08,36,50,141,80.0,34.5,7.83,18
16,7,33.0,29.5,157.8,7.92,36,50,126,23.9,29.4,7.88,16
12,3,32.4,24.7,118.4,7.05,36,50,92,30.5,20.0,7.67,12
16,7,29.8,22.0,110.1,7.22,36,50,111,18.1,16.6,6.94,16
15,2,26.7,30.7,122.1,7.13,36,50,119,41.0,34.7,7.93,15
11,6,33.9,15.0,138.2,7.51,36,50,96,23.2,14.8,8.73,11
12,3,30.7,21.6,118.4,9.8,36,50,103,36.1,25.0,8.58,12
12,5,40.0,20.8,148.5,8.21,36,50,102,26.5,15.4,8.5,12
13,2,35.0,24.3,149.8,9.36,36,50,120,50.7,22.2,9.23,13
17,3,42.5,30.2,116.0,8.73,36,48,129,45.8,32.2,7.59,17
11,4,37.5,31.0,136.9,7.79,36,50,88,27.3,35.0,8.0,11
18,5,15.0,25.2,125.8,6.81,36,50,136,22.2,21.7,7.56,18
16,4,32.2,27.4,156.6,7.77,36,50,127,33.7,28.9,7.94,16
20,1,39.1,36.0,136.8,8.2,36,50,162,80.0,33.5,8.1,20
12,7,30.6,27.2,100.5,6.84,36,50,80,22.2,26.6,6.67,12
20,4,43.0,26.6,144.3,5.71,36,50,153,39.9,31.1,7.65,20
17,7,34.8,32.3,145.5,9.86,36,50,124,19.6,32.8,7.29,17
12,3,36.3,29.8,115.4,6.15,36,50,78,28.1,23.6,6.5,12
20,3,32.2,23.8,148.4,6.82,33,50,167,47.5,31.0,8.35,20
18,5,33.2,26.4,146.2,7.46,36,50,155,30.6,24.0,8.61,18
14,6,36.5,25.4,115.1,8.5,36,50,91,28.8,22.8,6.5,14
17,2,32.1,18.2,148.5,7.3,36,50,153,60.0,16.0,9.0,17
16,3,38.4,27.8,135.0,8.99,36,50,136,42.5,31.6,8.5,16
10,4,38.7,15.0,129.8,9.38,36,50,103,32.2,14.4,10.3,10
20,4,38.0,24.3,134.2,9.92,36,50,159,42.7,19.0,7.95,20
17,3,30.0,28.2,145.3,8.33,36,50,147,37.7,24.9,8.65,17
13,2,40.6,27.2,112.6,8.57,36,50,108,47.6,31.7,8.31,13
15,7,40.6,28.1,113.9,7.3,36,50,121,22.6,29.6,8.07,15
17,0,29.0,27.3,135.3,6.42,36,50,140,80.0,27.2,8.24,17
19,2,30.7,25.2,134.9,7.89,36,50,154,63.7,16.2,8.11,19
10,10,29.5,30.3,132.8,8.31,36,50,47,22.5,24.1,4.7,10
20,4,29.0,27.9,134.9,7.53,36,50,158,32.4,31.7,7.9,20
11,7,37.8,31.0,144.6,9.5,36,50,86,21.2,31.8,7.82,11
20,2,34.6,30.1,137.9,8.47,36,50,167,65.9,31.7,8.35,20
13,7,26.9,19.6,128.7,8.25,36,50,94,18.9,22.2,7.23,13
20,3,27.4,28.9,115.7,6.76,36,50,163,42.6,30.5,8.15,20
18,6,22.9,21.4,155.2,10.33,36,50,144,24.4,16.2,8.0,18
20,3,25.4,27.4,120.2,9.3,36,50,154,43.9,25.1,7.7,20
11,5,35.2,22.7,117.5,8.37,36,50,61,23.4,26.7,5.55,11
13,2,36.3,28.6,103.3,6.35,36,50,84,39.8,25.3,6.46,13
11,4,31.8,30.5,127.1,9.48,36,50,86,19.3,30.4,7.82,11
19,2,40.4,18.4,123.3,9.24,36,50,170,64.0,16.1,8.95,19
19,6,33.9,23.4,119.1,9.52,36,50,125,23.6,20.2,6.58,19
20,7,33.4,31.7,120.5,7.67,36,50,144,20.7,29.8,7.2,20
17,4,21.7,30.4,151.1,7.64,36,50,111,21.6,33.0,6.53,17
10,2,23.3,30.9,103.6,6.98,36,50,52,24.4,32.6,5.2,10
17,4,38.2,24.1,147.3,7.87,36,50,154,39.1,26.3,9.06,17
12,10,29.4,15.0,106.2,8.63,36,50,75,13.9,18.7,6.25,12
16,4,33.0,32.3,139.7,6.88,36,50,125,27.3,32.2,7.81,16
20,2,29.3,25.2,112.3,8.4,36,50,167,58.0,22.8,8.35,20
16,4,33.3,33.1,87.5,7.61,36,50,128,37.3,33.6,8.0,16
14,4,37.7,24.9,135.3,6.72,36,50,108,31.0,21.8,7.71,14
15,4,36.2,30.5,144.7,8.3,36,50,111,31.7,19.8,7.4,15
12,4,45.2,27.2,141.2,7.14,36,50,102,33.1,23.0,8.5,12
15,6,35.7,27.2,144.9,7.62,36,50,101,29.2,37.6,6.73,15
11,7,34.0,19.2,152.0,9.43,36,50,78,21.7,25.5,7.09,11
19,3,25.5,34.9,144.8,8.86,36,50,154,45.3,37.3,8.11,19
18,3,22.3,30.3,177.8,7.31,36,50,147,40.2,24.7,8.17,18
15,8,29.3,22.3,116.9,7.65,36,50,82,17.5,19.9,5.47,15
14,1,35.6,36.1,143.2,8.31,36,50,128,80.0,34.2,9.14,14
16,4,31.3,25.6,127.1,7.99,36,50,143,37.2,26.0,8.94,16
18,8,32.7,18.3,129.8,7.88,36,50,157,25.6,21.6,8.72,18
20,5,36.5,29.5,121.8,9.97,36,50,166,34.6,29.0,8.3,20
17,1,28.9,20.6,116.5,9.03,36,50,137,80.0,16.1,8.06,17
18,6,36.0,21.8,119.4,6.88,36,50,139,24.6,18.3,7.72,18
17,0,27.4,36.7,104.1,8.18,36,50,146,80.0,36.4,8.59,17
20,6,27.6,27.0,110.7,7.9,36,50,138,21.5,25.0,6.9,20
16,6,36.7,32.7,128.7,7.93,36,50,130,29.9,30.0,8.12,16
15,4,34.9,15.9,135.0,6.54,36,50,100,27.0,20.9,6.67,15
18,3,28.9,16.8,136.4,7.6,36,50,133,36.9,22.9,7.39,18
15,6,35.8,26.1,134.8,7.76,36,50,94,24.5,28.0,6.27,15
20,3,29.4,40.7,132.9,8.01,36,50,132,38.2,40.7,6.6,20
20,5,32.4,16.5,119.2,8.11,36,50,134,29.1,21.8,6.7,20
19,5,23.7,28.1,117.2,7.63,36,50,128,20.0,28.7,6.74,19
15,2,28.7,35.9,137.2,8.6,36,50,104,41.9,38.5,6.93,15
18,2,26.1,17.1,155.0,8.51,36,50,159,60.9,24.6,8.83,18
18,4,33.9,29.6,139.7,5.73,36,50,148,34.2,29.5,8.22,18
17,6,25.9,24.4,151.2,9.1,36,50,154,24.8,26.4,9.06,17
18,8,34.6,25.8,124.8,8.73,36,50,120,21.5,27.6,6.67,18
14,2,32.4,24.8,153.1,5.82,36,50,110,48.0,27.1,7.86,14
20,3,36.4,16.5,117.3,7.89,36,50,147,48.6,21.9,7.35,20
17,10,35.4,27.0,132.2,6.65,36,50,106,19.1,28.8,6.24,17
19,2,17.8,24.1,101.6,8.85,36,50,155,51.3,26.0,8.16,19
14,7,32.6,23.6,128.8,5.63,36,43,83,22.4,22.0,5.93,14
16,3,31.8,26.1,126.4,7.25,36,50,134,37.2,31.8,8.38,16
18,2,40.2,26.4,151.5,8.76,36,50,141,53.9,32.5,7.83,18
17,3,47.7,19.9,119.2,8.9,36,50,165,53.8,25.5,9.71,17
17,2,26.8,25.2,144.4,7.74,36,50,135,50.6,22.5,7.94,17
20,3,27.1,23.5,148.0,7.08,36,50,166,41.7,20.6,8.3,20
17,6,32.1,18.9,139.7,7.8,36,50,143,24.7,21.1,8.41,17
19,4,38.9,23.2,129.3,7.01,36,50,158,34.1,25.1,8.32,19
19,5,37.4,23.8,137.8,8.03,27,50,169,30.9,25.5,8.89,19
16,2,30.7,15.0,106.0,8.36,36,50,128,46.8,12.9,8.0,16
12,4,30.0,26.5,141.4,7.25,36,50,87,16.1,34.0,7.25,12
17,2,32.9,25.1,122.9,8.08,36,50,134,54.6,21.5,7.88,17
20,1,24.6,30.5,112.2,8.2,36,50,142,80.0,30.1,7.1,20
17,9,27.6,28.7,141.1,8.71,36,50,126,17.3,28.9,7.41,17
13,4,37.8,33.6,102.5,8.01,36,50,117,30.8,32.9,9.0,13
14,7,24.7,23.6,126.4,6.94,36,50,94,14.8,20.6,6.71,14
17,8,33.8,21.6,94.2,8.95,36,50,123,23.3,23.2,7.24,17
17,4,32.9,20.8,130.9,8.11,36,50,153,33.4,19.3,9.0,17
17,4,34.0,27.1,98.7,8.3,36,50,121,29.9,32.7,7.12,17
18,5,33.7,22.3,101.6,8.46,36,50,155,31.2,19.8,8.61,18
18,6,30.5,18.5,145.0,10.67,36,50,145,27.7,17.5,8.06,18
20,3,28.3,23.7,143.3,6.83,36,50,150,38.1,27.8,7.5,20
17,3,31.4,25.9,128.7,9.01,36,50,134,44.7,25.1,7.88,17
18,4,25.0,24.6,115.3,8.94,36,50,109,29.0,27.6,6.06,18
14,5,37.6,29.3,162.4,7.45,36,50,109,29.4,23.0,7.79,14
17,5,29.0,29.0,144.3,8.92,36,50,121,22.9,29.1,7.12,17
14,4,34.4,29.3,129.9,8.0,36,50,90,27.5,28.1,6.43,14
18,2,44.5,24.8,137.3,7.77,36,50,165,66.0,24.9,9.17,18
15,3,37.8,19.8,127.6,7.9,36,50,130,48.4,19.7,8.67,15
13,6,38.6,27.8,157.5,7.02,36,50,92,20.9,24.1,7.08,13
20,6,22.8,16.5,136.0,11.19,36,50,160,24.5,19.5,8.0,20
18,3,41.5,26.4,105.2,6.73,36,50,149,44.2,29.9,8.28,18
20,7,34.4,22.1,157.8,6.01,36,50,141,23.8,21.6,7.05,20
20,6,36.3,16.7,135.9,7.95,36,50,170,31.1,13.6,8.5,20
16,3,37.0,22.1,141.5,7.75,36,50,123,37.6,16.8,7.69,16
15,5,24.9,25.0,142.8,6.87,36,50,134,22.4,23.1,8.93,15
20,6,32.9,37.1,114.3,6.38,36,50,149,26.4,36.7,7.45,20
15,2,15.0,21.3,120.6,7.88,36,50,112,41.6,21.6,7.47,15
20,3,20.8,28.6,145.4,9.31,36,50,159,36.8,25.7,7.95,20
18,7,28.6,29.6,124.1,9.1,36,50,127,20.1,29.3,7.06,18
11,5,29.4,41.8,133.7,7.78,36,50,66,21.7,34.5,6.0,11
15,2,31.3,27.5,117.1,7.01,36,50,103,43.7,27.5,6.87,15
17,2,38.3,33.5,142.9,8.64,36,50,150,64.3,32.8,8.82,17
17,2,27.5,32.0,134.2,7.43,36,50,142,52.3,32.1,8.35,17
20,6,36.0,15.0,133.3,9.54,36,41,172,27.0,12.0,8.6,20
19,5,27.3,22.3,138.1,8.95,36,50,140,28.7,21.8,7.37,19
14,5,29.1,27.6,108.1,9.26,36,50,91,23.2,30.0,6.5,14
14,3,30.3,28.0,133.2,8.4,36,50,120,32.6,21.8,8.57,14
15,4,24.6,27.6,144.5,6.35,36,50,103,22.9,26.1,6.87,15
16,7,31.6,27.7,138.0,8.34,36,50,132,25.9,25.4,8.25,16
13,4,44.2,26.9,161.7,8.85,36,50,136,36.6,20.7,10.46,13
18,7,29.2,27.2,122.9,6.83,36,50,135,25.4,31.1,7.5,18
15,3,34.0,21.1,132.6,8.56,36,50,119,34.8,16.2,7.93,15
17,3,33.1,21.3,159.1,8.14,36,50,124,34.4,23.9,7.29,17
17,3,36.0,31.7,122.5,7.83,36,50,137,40.5,30.5,8.06,17
15,4,20.4,19.3,145.9,8.33,36,50,114,25.5,23.2,7.6,15
18,4,33.7,30.9,131.3,8.72,36,50,147,37.9,35.3,8.17,18
18,1,28.3,27.2,152.1,6.06,36,50,151,80.0,29.3,8.39,18
18,2,30.6,37.6,141.2,7.2,36,50,148,54.5,32.2,8.22,18
11,4,30.5,24.1,134.6,8.76,36,50,104,28.9,18.3,9.45,11
19,9,26.3,25.5,128.6,6.33,36,50,121,14.6,33.3,6.37,19
14,4,40.5,24.0,122.2,9.44,36,49,128,27.5,26.6,9.14,14
14,5,29.6,27.8,118.5,9.56,36,50,100,28.6,27.3,7.14,14
20,2,30.5,28.2,136.0,9.37,36,50,156,55.0,30.6,7.8,20
16,5,30.4,24.8,118.0,7.29,36,50,103,28.1,24.5,6.44,16
15,3,37.7,39.2,122.5,7.56,36,50,115,36.0,38.2,7.67,15
17,7,38.4,33.3,125.4,8.55,36,50,125,19.9,27.0,7.35,17
20,4,20.2,18.5,149.2,7.83,36,50,166,32.5,19.8,8.3,20
14,4,32.5,33.1,132.6,8.91,36,50,76,23.6,34.7,5.43,14
12,8,26.3,33.0,138.1,7.54,36,50,71,14.5,36.0,5.92,12
17,6,32.6,23.4,134.7,7.15,36,50,124,24.6,15.8,7.29,17
19,1,22.7,29.2,119.7,7.3,36,50,164,80.0,34.8,8.63,19
20,6,34.7,33.9,138.6,8.64,36,50,128,25.2,32.7,6.4,20
20,4,34.7,26.0,115.8,8.79,36,50,157,34.6,21.9,7.85,20
20,3,46.4,20.1,124.1,7.47,36,50,190,59.1,25.4,9.5,20
19,2,36.1,36.5,113.6,8.92,36,50,129,51.4,38.5,6.79,19
14,7,30.3,21.2,112.8,8.37,36,50,86,19.2,21.4,6.14,14
13,6,31.2,32.7,135.1,8.3,36,50,102,20.7,27.7,7.85,13
13,6,27.6,29.0,132.0,7.46,36,50,91,21.0,32.9,7.0,13
18,7,32.7,30.5,125.0,7.09,36,50,118,26.6,27.9,6.56,18
16,5,32.3,29.1,124.8,7.72,36,50,110,27.2,32.2,6.88,16
17,2,34.3,27.1,116.0,8.07,36,50,138,53.8,30.3,8.12,17
20,3,26.4,34.2,141.3,8.4,36,50,172,50.2,35.8,8.6,20
20,4,35.7,21.2,114.8,9.83,36,50,182,42.8,20.4,9.1,20
20,3,30.2,22.8,162.7,8.08,36,50,156,37.9,28.8,7.8,20
15,3,44.0,24.8,142.4,7.4,36,50,116,43.6,28.5,7.73,15
13,4,37.8,26.8,132.8,8.41,36,50,119,36.3,27.9,9.15,13
20,5,34.1,25.7,130.5,8.07,36,50,154,33.0,25.4,7.7,20
14,5,34.5,24.2,108.7,7.9,36,39,85,24.1,30.0,6.07,14
15,3,17.6,26.1,145.6,7.09,36,50,112,30.8,24.6,7.47,15
17,5,36.6,33.3,138.9,8.45,36,50,132,30.7,29.6,7.76,17
13,6,43.5,23.1,123.6,7.76,36,50,84,25.0,31.4,6.46,13
20,4,30.6,22.6,134.0,8.96,36,50,140,34.7,26.5,7.0,20
15,4,34.1,20.1,121.8,7.37,36,50,100,29.9,20.8,6.67,15
15,6,32.5,23.6,127.8,8.41,36,50,94,19.9,24.7,6.27,15
14,4,30.5,24.6,146.3,8.43,36,50,122,28.2,24.2,8.71,14
15,6,22.6,26.6,126.3,8.57,36,50,91,11.3,26.1,6.07,15
13,4,37.6,24.9,122.6,6.59,36,50,108,32.5,27.0,8.31,13
16,3,27.1,32.5,120.5,9.25,36,50,108,31.1,32.4,6.75,16
13,6,37.5,28.3,114.2,6.87,36,50,54,22.5,28.0,4.15,13
14,4,34.9,28.3,100.6,9.57,36,50,110,30.1,29.4,7.86,14
14,8,34.1,30.9,127.0,8.37,36,50,92,20.2,33.5,6.57,14
15,3,32.0,24.7,132.1,8.48,36,50,146,37.5,20.0,9.73,15
15,6,39.1,34.2,129.3,6.97,36,50,108,29.5,33.3,7.2,15
18,7,36.6,15.3,157.6,8.7,36,50,154,32.6,15.4,8.56,18
13,4,27.9,35.7,136.1,7.86,36,50,96,22.5,35.2,7.38,13
18,6,23.6,19.3,107.1,7.94,36,50,106,15.0,12.0,5.89,18
18,0,32.9,30.7,135.7,7.78,36,50,152,80.0,28.2,8.44,18
17,2,33.3,23.2,128.2,9.55,36,50,149,61.1,27.2,8.76,17
15,4,28.1,17.5,116.0,7.56,36,50,121,33.2,20.8,8.07,15
20,2,32.4,21.1,115.5,7.67,36,50,157,62.9,23.7,7.85,20
17,3,32.0,38.9,125.2,9.03,36,50,121,39.4,35.4,7.12,17
18,5,34.8,27.2,126.8,9.44,36,50,106,29.2,32.8,5.89,18
18,0,35.7,21.0,133.6,7.79,36,50,160,80.0,19.6,8.89,18
17,7,38.0,28.0,133.1,5.54,36,50,128,26.8,30.6,7.53,17
18,8,39.5,28.0,135.8,8.31,36,50,129,19.4,25.9,7.17,18
14,7,24.5,34.4,118.0,6.41,36,50,115,25.7,30.5,8.21,14
16,3,20.6,42.0,163.0,7.21,36,50,113,30.4,37.4,7.06,16
17,5,33.4,24.1,141.6,9.31,36,50,138,32.7,24.0,8.12,17
10,4,20.3,20.0,140.7,7.43,36,50,81,24.6,23.4,8.1,10
16,3,40.1,20.9,130.4,6.82,35,50,132,43.8,20.0,8.25,16
16,4,34.4,26.9,131.6,6.88,36,50,113,32.5,28.9,7.06,16
19,6,30.6,29.2,120.7,8.63,36,50,139,24.1,27.4,7.32,19
16,3,28.9,28.9,139.2,7.49,36,50,146,39.5,31.1,9.12,16
13,2,27.9,24.8,124.3,6.7,36,50,96,47.2,28.1,7.38,13
15,6,34.5,28.2,169.1,7.03,36,50,126,26.2,34.0,8.4,15
13,4,24.1,28.8,105.4,8.84,36,50,86,22.1,29.7,6.62,13
11,3,33.6,23.9,142.4,8.93,36,50,103,36.1,22.0,9.36,11
20,5,38.7,32.2,113.9,9.29,36,50,157,34.9,32.8,7.85,20
14,5,28.9,35.1,153.2,7.92,36,50,93,26.3,27.5,6.64,14
16,6,37.2,38.5,149.0,9.01,36,50,138,32.4,40.2,8.62,16
17,4,33.1,31.6,122.0,8.94,36,50,151,33.7,26.8,8.88,17
16,3,35.2,26.8,120.7,7.73,36,50,139,43.1,26.5,8.69,16
11,9,32.0,23.7,119.4,7.7,36,50,79,22.6,22.2,7.18,11
17,1,31.7,29.3,127.7,9.14,32,50,137,80.0,31.8,8.06,17
14,3,36.3,26.0,114.7,7.62,36,50,101,37.9,26.9,7.21,14
18,2,37.6,15.0,114.2,8.08,36,50,147,60.0,16.9,8.17,18
20,7,27.5,35.9,132.4,7.2,36,50,162,23.9,34.5,8.1,20
14,0,34.7,28.0,127.4,7.14,36,50,115,80.0,23.2,8.21,14
18,8,27.8,30.6,118.4,8.62,36,50,123,18.8,30.2,6.83,18
13,10,34.0,16.5,139.3,8.39,36,50,80,19.5,17.4,6.15,13
20,4,26.4,34.3,112.8,7.24,36,50,159,32.0,32.8,7.95,20
20,4,34.8,27.9,124.0,7.43,36,50,157,36.8,33.1,7.85,20
15,4,35.0,32.6,118.4,8.48,36,46,130,38.3,50.0,8.67,15
20,7,30.6,26.1,148.4,7.44,36,50,137,23.8,25.2,6.85,20
20,4,31.5,20.6,111.9,8.15,36,47,150,33.1,19.0,7.5,20
11,6,37.3,31.2,142.1,10.23,36,50,73,21.1,32.0,6.64,11
13,5,26.2,27.2,159.1,9.78,36,50,99,21.6,22.2,7.62,13
19,4,27.6,20.7,123.0,8.8,36,50,166,32.9,17.5,8.74,19
20,2,36.2,26.5,119.3,7.57,36,50,175,65.5,23.3,8.75,20
14,8,46.8,19.9,120.6,8.33,36,50,119,32.1,19.7,8.5,14
16,3,41.2,24.6,112.3,7.92,36,50,138,47.3,23.4,8.62,16
20,2,36.9,36.9,102.3,9.43,36,50,154,62.2,37.9,7.7,20
13,5,34.6,23.7,135.4,7.15,36,44,87,24.6,24.7,6.69,13
16,2,35.9,30.3,129.7,7.95,36,50,140,57.9,31.7,8.75,16
20,3,25.7,27.6,117.2,9.35,36,50,142,34.9,29.6,7.1,20
15,1,40.4,29.0,104.4,8.42,36,50,101,78.2,33.8,6.73,15
12,7,38.1,29.9,145.4,8.71,36,50,83,21.2,29.6,6.92,12
16,8,40.1,23.4,127.3,6.44,36,50,123,29.3,20.6,7.69,16
17,7,37.4,28.2,119.7,8.11,36,50,116,25.8,22.3,6.82,17
17,7,32.0,35.8,141.6,7.91,36,50,125,25.0,37.6,7.35,17
18,6,33.5,26.0,123.4,7.24,36,50,145,29.0,28.4,8.06,18
20,2,27.3,30.1,135.1,8.74,36,50,177,61.4,31.2,8.85,20
16,5,22.7,27.6,126.3,8.3,36,50,92,17.4,24.9,5.75,16
20,2,30.1,26.8,130.5,9.11,36,50,163,58.6,29.3,8.15,20
19,3,29.5,25.6,153.7,8.78,36,50,161,47.1,24.7,8.47,19
18,5,29.6,20.9,126.0,7.52,36,50,145,31.1,21.7,8.06,18
17,8,40.9,34.3,133.6,9.31,36,50,113,27.9,29.8,6.65,17
13,7,37.9,34.9,107.5,7.7,36,50,63,17.7,34.9,4.85,13
12,1,32.6,19.4,134.6,8.05,36,50,118,80.0,15.4,9.83,12
13,4,30.8,24.8,121.0,7.5,36,50,85,26.2,26.3,6.54,13
12,5,27.6,23.0,135.2,7.69,36,50,91,22.7,17.7,7.58,12
16,5,24.7,21.2,115.0,8.34,36,50,122,26.0,16.8,7.62,16
14,3,28.2,34.0,131.9,9.26,36,50,98,29.4,38.2,7.0,14
13,8,32.4,30.9,132.1,7.56,36,50,94,23.1,34.9,7.23,13
15,8,26.6,28.5,132.5,7.49,36,50,89,20.3,29.9,5.93,15
20,3,33.5,28.6,144.5,8.35,36,50,145,43.6,24.9,7.25,20
15,6,29.8,26.2,129.8,8.56,36,50,114,23.4,25.3,7.6,15
18,7,40.2,23.6,98.1,7.09,36,50,117,29.8,21.2,6.5,18
16,3,35.9,30.5,116.8,8.26,36,50,126,41.7,29.4,7.88,16
20,8,34.0,22.4,144.1,5.85,36,50,135,22.7,29.8,6.75,20
17,2,31.3,24.1,117.1,7.33,35,50,145,55.2,29.4,8.53,17
18,4,36.7,27.7,138.5,8.03,36,50,169,42.8,24.8,9.39,18
16,8,34.7,35.1,136.0,7.87,36,50,104,18.5,33.5,6.5,16
15,2,39.6,32.3,130.5,6.65,36,50,118,52.1,41.1,7.87,15
14,4,38.2,26.9,133.3,8.08,36,50,125,37.7,33.4,8.93,14
14,5,32.7,25.1,163.1,7.84,36,50,125,29.6,29.2,8.93,14
16,9,41.5,33.1,135.8,8.1,36,50,123,23.9,28.9,7.69,16
15,2,29.2,24.4,106.4,9.41,36,50,86,33.9,25.9,5.73,15
17,5,24.3,20.8,135.0,8.13,36,50,121,28.5,18.8,7.12,17
18,7,30.2,34.4,142.2,9.7,36,50,141,24.2,33.8,7.83,18
20,6,31.2,22.3,137.9,7.74,36,50,138,28.8,25.0,6.9,20
14,4,33.1,24.9,151.1,10.49,36,50,110,29.4,29.0,7.86,14
20,5,29.3,20.5,145.9,8.48,36,50,154,32.8,25.7,7.7,20
16,3,37.7,19.7,132.4,9.32,36,50,117,39.8,21.7,7.31,16
18,2,35.5,18.3,153.6,7.51,36,50,181,74.4,15.3,10.06,18
16,0,27.5,35.9,136.8,7.16,36,50,138,80.0,35.8,8.62,16
16,3,34.9,31.5,132.6,7.57,36,50,141,41.7,32.5,8.81,16
14,7,35.3,25.8,134.0,7.67,36,50,124,24.2,23.3,8.86,14
17,3,27.9,30.7,120.1,7.24,36,50,115,38.0,40.0,6.76,17
19,9,27.0,26.3,115.3,9.55,36,50,136,22.0,30.9,7.16,19
18,4,15.0,30.4,135.4,7.92,36,50,98,19.5,35.0,5.44,18
12,3,27.7,28.3,141.1,11.1,36,50,79,29.9,28.6,6.58,12
18,6,35.7,24.5,120.4,7.54,35,50,149,32.6,33.3,8.28,18
17,8,27.5,26.0,143.8,6.49,36,50,131,22.4,28.8,7.71,17
17,6,30.7,34.2,88.2,9.05,36,50,101,26.6,42.5,5.94,17
17,7,38.4,28.1,142.8,8.15,36,50,116,24.7,32.6,6.82,17
9,1,36.3,27.4,113.9,10.88,36,50,85,71.8,24.3,9.44,9
13,7,34.3,24.0,143.1,8.72,36,50,97,19.2,28.9,7.46,13
20,8,28.7,23.8,140.0,7.57,36,50,146,26.0,16.9,7.3,20
17,3,32.1,27.5,137.4,9.29,36,50,161,39.7,18.4,9.47,17
16,4,23.9,19.5,116.3,8.67,36,50,116,27.0,28.5,7.25,16
18,2,30.3,28.1,122.6,6.01,36,50,122,50.5,30.9,6.78,18
17,4,29.1,22.4,138.5,9.14,36,50,127,32.1,16.4,7.47,17
20,0,41.5,28.9,148.2,7.2,36,50,186,80.0,30.3,9.3,20
17,1,34.7,32.1,106.7,7.57,36,50,129,80.0,37.4,7.59,17
20,7,28.6,24.3,123.5,7.99,36,50,154,23.8,23.8,7.7,20
18,5,28.3,26.0,147.0,6.5,36,50,151,29.4,30.4,8.39,18
17,2,36.4,30.3,144.4,7.89,36,50,134,58.5,31.4,7.88,17
14,2,32.8,34.2,151.5,8.45,36,50,115,46.1,29.7,8.21,14
12,3,21.7,26.4,155.8,7.49,36,50,106,25.2,18.3,8.83,12
15,7,32.8,30.3,133.1,6.95,36,50,114,22.0,25.6,7.6,15
16,3,15.0,34.7,122.0,9.03,36,50,105,26.7,28.9,6.56,16
13,7,31.0,27.3,107.6,7.1,36,50,82,17.0,26.0,6.31,13
16,3,30.1,26.1,129.3,7.69,36,50,115,39.0,29.9,7.19,16
15,2,25.2,23.3,134.3,8.19,36,50,98,38.9,27.4,6.53,15
20,6,19.2,25.3,179.3,8.35,36,50,168,30.9,16.4,8.4,20
18,0,36.4,28.6,125.8,8.48,36,50,173,80.0,27.8,9.61,18
10,6,35.6,26.4,146.2,6.77,36,50,83,23.3,21.2,8.3,10
20,2,22.6,36.1,131.5,9.45,36,50,146,49.4,40.5,7.3,20
14,1,31.2,25.9,150.9,8.74,36,50,109,76.4,29.5,7.79,14
16,1,34.3,20.3,140.8,8.14,36,50,147,80.0,12.5,9.19,16
17,5,37.0,25.3,135.9,8.84,36,50,138,27.7,22.6,8.12,17
15,8,28.0,19.8,139.4,5.92,36,50,89,21.1,19.4,5.93,15
14,6,23.7,18.7,120.7,6.43,36,50,99,18.8,20.0,7.07,14
15,2,25.2,23.7,140.7,7.63,36,50,103,39.7,20.9,6.87,15
19,5,36.0,25.6,127.0,6.87,36,50,136,28.6,26.4,7.16,19
17,4,38.6,18.8,128.3,10.95,36,50,170,40.9,19.6,10.0,17
17,10,29.5,26.9,139.7,7.99,36,50,116,19.7,32.5,6.82,17
13,3,39.8,19.7,133.3,6.1,36,50,136,38.9,25.8,10.46,13
18,7,30.8,27.5,129.3,8.33,36,50,132,23.7,27.5,7.33,18
14,5,25.7,34.6,138.3,10.51,36,50,116,28.5,37.3,8.29,14
16,1,28.0,23.1,144.7,7.09,36,50,128,80.0,26.6,8.0,16
20,1,26.8,34.0,141.7,7.23,36,50,166,80.0,32.9,8.3,20
20,3,29.9,27.7,150.0,9.67,36,50,165,40.4,28.3,8.25,20
19,3,21.5,19.9,125.9,7.48,36,50,132,39.6,20.6,6.95,19
16,2,23.8,17.7,124.9,7.93,36,50,152,57.8,20.6,9.5,16
20,7,28.6,23.9,143.7,9.01,36,50,155,25.9,17.6,7.75,20
16,4,27.6,26.8,120.0,10.24,36,50,127,28.3,27.7,7.94,16
15,2,29.7,30.5,141.4,9.17,36,50,135,54.1,33.0,9.0,15
20,6,34.0,31.0,133.0,9.18,36,50,156,29.1,24.2,7.8,20
20,2,24.2,24.5,160.1,9.1,36,50,165,63.7,28.0,8.25,20
16,3,29.9,37.1,109.1,7.22,36,50,110,34.8,35.1,6.88,16
12,4,41.8,26.2,124.5,8.33,36,50,91,30.5,27.6,7.58,12
20,4,28.9,25.3,117.9,9.12,36,50,166,32.9,25.4,8.3,20
18,5,35.8,30.1,133.4,8.57,36,48,144,36.5,27.8,8.0,18
19,6,24.9,30.7,128.2,6.11,36,50,141,21.5,33.2,7.42,19
13,4,29.3,30.7,130.5,6.44,36,50,101,24.9,27.2,7.77,13
13,2,22.7,24.5,123.4,8.65,36,50,79,33.0,21.0,6.08,13
19,6,27.6,17.2,115.1,7.5,36,50,131,23.4,17.2,6.89,19
14,7,36.0,23.5,141.2,8.77,36,50,116,23.5,26.8,8.29,14
17,4,43.4,37.2,134.3,8.86,36,50,121,30.7,44.7,7.12,17
16,4,21.3,23.5,134.8,6.81,36,50,130,24.1,25.4,8.12,16
19,4,28.6,34.4,127.6,6.6,36,50,154,30.9,38.8,8.11,19
14,7,20.6,22.4,123.5,8.81,36,50,109,16.0,17.1,7.79,14
13,3,27.9,21.3,121.5,7.71,36,50,103,28.2,19.6,7.92,13
18,6,32.1,26.9,143.1,9.03,36,50,129,26.0,31.6,7.17,18
11,7,37.9,26.4,148.8,7.46,36,50,103,22.4,29.2,9.36,11
15,6,27.1,21.2,109.1,8.35,36,50,106,19.3,19.7,7.07,15
17,3,34.5,31.7,133.5,8.51,36,50,139,45.1,32.0,8.18,17
19,3,47.0,21.2,125.4,7.75,36,50,175,59.3,14.8,9.21,19
18,4,42.2,27.0,119.4,6.23,36,50,146,35.7,24.4,8.11,18
17,6,31.7,33.2,128.1,6.21,36,50,137,28.9,30.1,8.06,17
18,5,34.0,25.7,117.1,7.64,36,50,139,27.5,22.8,7.72,18
16,3,23.8,36.8,150.2,8.49,36,50,112,34.3,42.3,7.0,16
20,3,31.9,25.1,145.4,8.72,36,50,177,42.2,25.1,8.85,20
13,7,24.1,23.2,114.8,8.93,36,50,92,18.9,26.2,7.08,13
18,7,39.8,31.4,128.7,7.6,36,50,127,26.6,30.6,7.06,18
17,2,38.1,21.0,115.1,8.05,36,50,143,64.4,21.6,8.41,17
16,4,37.8,34.3,140.4,8.19,36,50,120,34.5,38.0,7.5,16
13,6,33.0,22.4,112.0,6.36,36,50,88,23.2,24.0,6.77,13
17,6,25.5,25.3,134.4,7.11,36,50,128,21.9,25.9,7.53,17
16,2,31.6,18.4,122.7,7.11,36,50,160,59.3,21.7,10.0,16
16,4,27.2,25.4,120.9,9.27,36,50,124,24.4,30.7,7.75,16
19,4,30.9,15.0,139.1,9.76,36,50,150,36.8,19.0,7.89,19
17,3,34.5,25.3,140.7,8.71,36,50,137,35.6,24.9,8.06,17
16,3,33.7,29.3,158.0,8.54,36,50,167,50.5,28.5,10.44,16
14,10,39.7,28.0,147.3,7.89,36,50,95,23.6,27.9,6.79,14
14,6,26.5,36.4,100.4,7.0,36,50,109,23.5,38.2,7.79,14
19,8,27.9,25.1,119.9,8.3,36,50,136,25.4,25.1,7.16,19
15,4,31.7,24.5,127.9,9.11,36,50,115,29.5,22.4,7.67,15
11,5,34.8,21.0,139.3,8.18,36,50,72,26.6,22.2,6.55,11
16,4,27.2,29.1,127.7,7.97,36,50,138,34.7,25.4,8.62,16
16,3,29.1,24.1,132.7,9.24,36,50,133,41.8,23.3,8.31,16
17,5,36.7,26.4,155.1,7.17,36,50,144,34.2,31.9,8.47,17
13,4,41.8,24.2,149.2,8.02,36,50,102,23.6,23.3,7.85,13
18,9,37.8,27.2,145.5,7.98,36,50,131,17.8,32.6,7.28,18
12,5,31.2,28.2,91.5,8.4,36,50,87,21.9,27.7,7.25,12
20,3,36.9,28.6,115.4,7.78,36,50,154,42.6,28.4,7.7,20
15,3,37.6,22.9,142.7,5.93,36,50,133,35.1,20.6,8.87,15
18,6,34.3,23.9,123.2,8.92,36,37,123,29.7,26.1,6.83,18
15,5,31.0,25.4,116.7,7.88,36,50,85,20.1,30.3,5.67,15
16,6,34.7,32.9,145.3,6.55,36,50,118,26.4,31.6,7.38,16
15,3,44.3,23.3,110.5,7.79,36,50,132,44.8,27.8,8.8,15
18,7,33.4,20.6,149.2,8.23,36,50,147,24.0,19.1,8.17,18
12,5,34.1,21.5,123.5,9.59,36,50,88,24.8,22.5,7.33,12
18,3,32.7,24.7,131.9,6.9,36,50,135,38.2,24.4,7.5,18
14,6,33.2,30.0,119.7,7.28,36,50,98,24.3,34.1,7.0,14
13,1,30.8,29.3,144.8,8.14,36,50,99,72.5,32.2,7.62,13
20,7,26.3,17.2,113.6,7.32,36,50,141,20.1,26.7,7.05,20
20,5,32.9,30.3,119.5,6.64,36,50,148,39.8,33.9,7.4,20
17,4,27.4,30.3,123.2,9.04,36,50,146,35.5,29.9,8.59,17
20,2,36.0,28.7,143.4,7.11,36,50,191,76.0,38.8,9.55,20
13,5,41.7,20.9,127.6,8.19,36,50,111,34.8,19.7,8.54,13
17,2,38.6,36.1,143.5,8.99,36,48,149,51.3,34.6,8.76,17
17,3,22.7,25.6,117.7,7.7,36,50,135,37.6,22.1,7.94,17
20,9,32.7,33.2,148.2,7.84,36,50,120,24.7,31.3,6.0,20
16,9,24.4,34.3,148.8,8.17,36,50,122,19.9,36.4,7.62,16
20,4,20.9,28.8,115.7,8.08,36,50,131,24.4,33.1,6.55,20
20,3,35.6,19.6,127.0,6.92,36,50,180,48.7,19.8,9.0,20
20,1,38.2,20.5,134.7,7.43,36,50,180,80.0,34.0,9.0,20
14,5,19.5,21.4,120.8,6.98,36,50,105,20.4,24.8,7.5,14
6,5,25.7,19.5,156.5,7.11,36,50,44,13.2,20.0,7.33,6
12,3,38.0,19.2,108.7,9.6,36,50,105,41.0,12.0,8.75,12
10,5,38.0,33.2,136.1,7.94,36,50,66,27.8,27.4,6.6,10
20,4,42.5,36.3,156.5,7.55,36,50,160,43.4,35.3,8.0,20
14,3,38.4,23.7,120.7,7.31,36,50,113,38.4,23.1,8.07,14
17,3,29.0,27.4,116.6,7.63,36,50,150,40.9,24.9,8.82,17
18,1,35.8,19.7,124.9,7.8,36,50,158,80.0,18.2,8.78,18
17,2,32.7,26.9,144.8,7.92,36,50,159,60.5,32.9,9.35,17
16,9,25.7,22.8,105.0,9.39,36,50,98,14.9,21.5,6.12,16
17,5,37.9,36.3,132.5,7.17,36,50,136,28.5,39.1,8.0,17
17,9,36.3,29.1,140.0,8.92,36,50,120,19.9,28.3,7.06,17
14,8,29.5,16.6,102.2,8.12,36,50,78,15.9,17.4,5.57,14
17,9,33.3,16.4,125.3,6.21,36,50,125,28.0,13.0,7.35,17
14,5,38.3,18.4,113.4,8.09,36,50,119,27.6,17.3,8.5,14
18,5,36.1,22.0,128.4,8.77,36,50,142,29.9,26.5,7.89,18
20,2,30.3,19.0,127.0,6.58,36,50,174,64.4,21.6,8.7,20
12,5,41.8,25.6,135.1,7.24,36,50,98,32.1,22.1,8.17,12
19,6,37.2,35.7,137.0,7.84,34,50,135,30.2,36.2,7.11,19
17,5,21.6,24.0,139.5,6.68,36,50,132,24.1,21.4,7.76,17
14,5,36.3,24.6,120.0,9.83,36,50,106,28.3,23.6,7.57,14
20,6,27.2,24.0,146.5,8.3,36,50,170,34.0,20.3,8.5,20
17,2,22.2,16.2,127.0,7.75,36,50,125,48.4,14.4,7.35,17
8,6,38.3,27.2,109.9,8.16,36,50,47,17.9,28.8,5.88,8
16,4,55.3,23.8,160.5,8.46,36,50,159,46.7,26.2,9.94,16
17,6,34.1,28.9,123.2,8.08,36,50,123,28.1,30.1,7.24,17
17,6,20.1,23.7,122.9,8.34,36,50,102,18.7,16.4,6.0,17
17,3,31.7,22.6,121.3,8.56,36,50,125,38.8,25.5,7.35,17
17,7,32.1,33.4,134.7,8.48,36,50,97,20.4,34.7,5.71,17
12,3,28.4,25.7,104.3,7.09,36,50,90,31.2,37.1,7.5,12
18,4,36.9,31.0,134.1,10.04,36,50,162,34.4,34.1,9.0,18
15,7,36.3,28.4,114.2,8.73,36,50,101,23.0,26.9,6.73,15
18,4,41.1,29.0,151.7,7.53,36,50,136,35.6,33.9,7.56,18
11,1,42.9,18.1,99.3,8.97,36,50,98,77.5,19.2,8.91,11
15,7,29.6,25.4,134.8,8.09,36,50,107,22.8,19.9,7.13,15
17,4,35.2,30.1,119.4,10.2,36,50,139,33.8,24.1,8.18,17
19,5,39.9,27.1,135.9,5.79,36,50,153,38.7,25.7,8.05,19
19,3,24.1,28.1,138.8,9.34,36,36,145,38.1,30.3,7.63,19
17,4,34.8,27.6,146.2,8.15,36,50,126,33.9,22.5,7.41,17
14,6,24.1,28.9,124.2,7.67,36,50,88,16.1,26.6,6.29,14
14,6,33.6,24.3,113.5,6.21,36,50,94,23.2,26.7,6.71,14
18,10,30.4,28.4,130.7,7.3,36,50,108,19.9,24.0,6.0,18
17,3,41.2,24.6,113.0,7.73,36,50,127,39.2,29.6,7.47,17
20,4,29.0,19.5,127.6,7.85,36,50,182,36.3,17.8,9.1,20
20,7,29.9,28.7,119.7,7.28,36,50,155,23.0,34.9,7.75,20
11,2,42.0,29.6,140.3,9.65,36,50,85,35.3,27.2,7.73,11
20,4,21.8,33.0,123.6,8.31,36,50,139,24.4,31.4,6.95,20
20,6,21.4,26.6,118.3,5.23,36,50,144,22.4,27.4,7.2,20
17,5,15.0,28.6,131.5,6.87,36,50,125,19.5,24.5,7.35,17
19,4,28.1,29.3,127.1,8.21,36,50,148,29.0,32.0,7.79,19
14,4,22.7,32.0,137.3,7.71,36,50,94,23.0,34.6,6.71,14
16,9,42.8,31.8,147.9,6.51,36,50,130,25.6,29.6,8.12,16
16,3,34.5,28.6,102.8,9.95,36,50,107,36.1,30.4,6.69,16
17,5,39.9,23.5,131.7,7.95,36,50,152,33.3,24.3,8.94,17
18,2,39.6,22.4,106.5,8.43,36,50,155,63.3,18.2,8.61,18
15,7,32.3,26.4,98.0,8.56,36,50,83,15.8,27.9,5.53,15
19,5,23.6,24.1,138.0,8.46,36,50,166,29.9,26.4,8.74,19
18,5,37.9,20.8,119.1,7.48,36,50,131,28.9,20.1,7.28,18
14,4,29.9,21.6,128.5,9.51,36,50,115,30.0,20.8,8.21,14
20,5,29.5,23.6,111.9,6.94,36,50,147,30.1,24.9,7.35,20
19,10,39.1,21.4,129.1,6.9,36,50,144,22.3,24.1,7.58,19
19,1,30.6,24.8,123.0,6.8,36,50,156,80.0,22.3,8.21,19
19,7,27.5,25.5,124.6,7.87,36,50,126,17.4,20.1,6.63,19
14,4,35.2,32.9,136.7,9.04,36,50,107,28.0,38.1,7.64,14
9,7,33.2,28.3,109.6,8.59,36,50,43,17.4,30.1,4.78,9
10,6,24.7,26.9,137.7,6.9,36,50,48,15.9,33.2,4.8,10
17,3,21.6,28.3,149.0,7.07,36,50,142,41.2,31.2,8.35,17
14,7,37.6,23.6,135.2,7.01,36,50,115,24.7,25.8,8.21,14
20,2,26.6,21.0,125.0,8.85,36,50,157,60.8,27.2,7.85,20
20,6,26.4,23.4,119.9,8.17,36,50,151,26.0,16.2,7.55,20
20,4,38.0,37.1,130.2,6.68,36,50,146,38.2,38.3,7.3,20
17,4,26.3,34.7,155.3,7.15,36,50,122,30.5,34.6,7.18,17
20,5,43.1,31.0,140.5,7.77,36,50,166,35.6,30.7,8.3,20
19,2,24.1,41.2,96.3,7.51,36,50,120,45.6,43.9,6.32,19
14,7,26.2,24.8,133.0,8.66,36,50,96,16.3,25.9,6.86,14
9,4,28.3,26.9,140.3,8.46,36,50,86,22.5,25.3,9.56,9
19,4,30.6,15.3,131.8,10.29,36,50,169,36.9,19.0,8.89,19
12,2,30.9,21.8,128.2,6.56,36,50,93,44.2,28.3,7.75,12
19,3,36.0,27.2,121.8,9.74,36,50,147,42.4,27.4,7.74,19
11,5,30.1,33.6,135.8,6.46,36,44,78,22.9,30.6,7.09,11
16,2,29.3,28.5,125.7,7.02,36,50,124,49.7,21.7,7.75,16
20,1,36.4,23.4,138.6,9.59,36,50,180,80.0,22.5,9.0,20
19,5,43.4,25.4,133.9,8.78,36,50,153,39.6,26.5,8.05,19
19,6,39.0,30.7,127.2,7.33,36,50,130,25.6,22.4,6.84,19
16,3,21.9,29.7,124.8,9.24,36,50,123,30.6,27.0,7.69,16
16,2,42.9,20.4,149.0,8.83,36,50,152,61.8,20.7,9.5,16
17,5,37.4,28.4,150.1,7.83,36,50,137,34.3,30.7,8.06,17
16,6,25.7,20.6,143.9,9.43,36,50,125,25.8,21.6,7.81,16
20,5,27.9,28.3,127.7,6.79,36,50,159,33.3,25.0,7.95,20
19,3,22.5,20.5,137.3,8.09,36,50,154,42.8,18.6,8.11,19
20,1,34.5,20.8,151.4,6.81,36,50,183,80.0,16.7,9.15,20
15,6,26.7,20.1,106.5,7.53,36,50,117,21.7,20.4,7.8,15
18,5,29.9,24.6,134.2,8.37,36,50,141,30.8,22.3,7.83,18
18,5,35.3,28.8,123.7,7.4,36,50,137,31.2,27.7,7.61,18
18,2,38.0,23.6,117.4,9.38,36,50,138,55.4,21.8,7.67,18
13,2,31.5,25.6,135.1,6.89,36,50,107,43.7,23.4,8.23,13
20,6,28.3,26.1,131.4,8.38,36,50,153,23.5,28.3,7.65,20
16,4,26.3,21.1,141.1,9.4,36,50,131,28.9,30.2,8.19,16
15,4,31.5,34.1,152.7,8.55,36,50,122,28.7,34.9,8.13,15
18,3,27.9,32.5,142.5,9.44,36,50,149,45.2,29.6,8.28,18
18,3,34.9,29.6,113.9,9.34,36,50,141,44.0,25.9,7.83,18
17,4,34.2,27.3,125.0,5.48,36,50,128,33.8,26.4,7.53,17
20,2,28.6,31.6,114.4,7.75,36,50,153,57.7,39.1,7.65,20
19,4,29.0,32.9,110.9,8.64,36,50,133,30.9,33.4,7.0,19
14,6,28.8,29.8,127.6,7.52,35,50,86,20.9,32.7,6.14,14
19,3,30.8,27.6,163.2,8.22,36,50,180,47.3,24.7,9.47,19
18,2,26.7,32.4,129.2,8.32,36,50,133,47.0,30.3,7.39,18
19,7,38.8,31.2,124.3,7.59,36,50,124,29.6,34.6,6.53,19
17,3,22.5,17.9,147.6,6.7,36,50,146,36.8,24.2,8.59,17
20,6,32.2,38.1,127.6,8.52,36,50,154,30.8,39.3,7.7,20
15,10,27.7,24.8,105.0,8.55,36,50,76,18.9,27.7,5.07,15
16,8,38.3,20.5,113.0,9.49,36,50,130,27.1,18.4,8.12,16
16,9,20.6,27.9,130.8,8.42,36,50,96,19.5,29.0,6.0,16
20,7,32.8,23.6,145.8,8.36,36,48,146,26.2,30.5,7.3,20
18,3,30.1,23.7,141.2,7.39,36,50,158,41.3,27.1,8.78,18
16,2,36.8,16.7,118.9,7.77,36,50,122,53.2,20.0,7.62,16
16,6,30.9,24.9,132.5,8.25,36,50,106,30.2,27.2,6.62,16
19,1,36.1,18.9,129.5,7.56,36,50,172,80.0,19.2,9.05,19
12,6,31.7,26.9,125.9,7.26,36,50,81,24.3,26.3,6.75,12
15,3,32.3,36.2,94.5,6.95,36,50,104,34.7,30.7,6.93,15
13,3,36.5,21.2,121.0,9.87,36,50,99,33.3,19.6,7.62,13
16,8,29.3,15.6,134.5,8.93,36,50,118,16.3,24.0,7.38,16
16,4,32.3,24.3,123.8,7.68,36,50,115,31.9,16.7,7.19,16
20,4,15.3,23.7,109.1,9.54,36,50,136,25.4,19.6,6.8,20
16,4,31.9,30.4,149.5,7.13,36,50,120,32.6,36.2,7.5,16
15,2,18.8,26.3,142.8,10.2,36,50,94,41.2,30.1,6.27,15
16,3,30.7,20.4,150.5,9.81,36,50,123,37.7,21.5,7.69,16
17,8,32.1,21.6,164.8,7.59,36,50,128,23.1,20.8,7.53,17
18,6,32.4,23.5,137.6,5.12,36,50,163,26.0,27.5,9.06,18
17,4,24.7,23.6,111.5,9.13,36,50,144,34.9,28.4,8.47,17
15,5,36.1,23.6,128.1,7.89,36,50,118,32.3,31.0,7.87,15
18,3,37.7,35.6,121.8,7.62,36,50,123,39.8,30.8,6.83,18
17,3,28.2,21.9,154.2,8.73,36,50,141,37.8,25.3,8.29,17
18,2,34.9,36.3,108.5,7.09,36,50,148,59.4,31.1,8.22,18
14,5,31.2,28.9,137.1,8.38,36,50,107,24.5,24.3,7.64,14
15,1,30.5,30.0,141.4,8.24,36,50,126,80.0,27.2,8.4,15
15,5,32.7,34.2,134.2,7.7,36,50,135,26.5,36.3,9.0,15
13,3,32.3,32.5,128.7,9.59,36,50,99,36.3,36.1,7.62,13
15,6,32.4,29.9,128.6,9.65,36,50,117,24.5,28.5,7.8,15
19,5,32.4,27.3,121.7,7.86,36,50,165,33.6,26.5,8.68,19
20,7,33.7,24.6,150.2,7.69,36,50,154,22.4,23.0,7.7,20
17,3,33.2,26.9,113.4,6.74,36,50,127,36.3,30.5,7.47,17
16,1,21.6,30.1,99.9,6.94,36,50,131,80.0,35.6,8.19,16
17,4,29.8,25.3,124.9,7.49,36,50,146,37.4,25.9,8.59,17
15,5,33.2,30.7,118.3,7.13,36,50,124,25.0,25.5,8.27,15
16,8,39.0,25.4,116.6,7.35,36,50,112,22.4,20.2,7.0,16
10,2,37.7,27.2,116.4,8.91,36,50,87,41.5,27.3,8.7,10
20,6,34.8,19.9,113.8,7.89,36,50,162,32.7,13.2,8.1,20
17,5,22.9,22.1,133.8,10.3,36,50,125,21.5,21.9,7.35,17
20,9,29.2,28.8,107.0,8.62,36,50,138,19.9,34.8,6.9,20
15,3,37.9,19.9,115.5,8.53,36,50,104,36.5,19.7,6.93,15
16,3,43.3,21.7,143.2,7.76,36,50,128,43.9,13.4,8.0,16
15,7,37.0,33.1,137.9,9.58,36,50,92,30.1,32.1,6.13,15
14,3,30.0,30.2,152.3,7.15,36,50,87,28.2,29.2,6.21,14
20,5,39.6,32.0,146.1,8.57,36,50,160,39.0,33.5,8.0,20
18,2,44.5,22.0,128.8,7.98,36,50,156,67.8,20.1,8.67,18
19,3,34.6,30.3,124.0,8.21,36,50,160,44.2,32.7,8.42,19
16,6,29.3,23.6,123.7,7.29,36,50,113,22.0,28.4,7.06,16
17,1,23.4,28.4,146.3,10.31,36,50,127,80.0,29.7,7.47,17
18,5,27.7,24.5,135.6,6.09,36,50,157,29.1,25.6,8.72,18
18,5,29.8,24.3,138.9,8.47,36,50,124,29.4,25.6,6.89,18
17,2,29.9,22.4,150.9,8.94,36,50,131,53.0,26.6,7.71,17
20,5,36.6,26.4,101.7,9.12,36,50,132,31.2,27.9,6.6,20
20,4,28.5,15.1,124.7,8.29,36,50,151,33.1,12.4,7.55,20
18,1,23.1,29.9,125.8,8.35,36,50,138,80.0,29.7,7.67,18
20,3,21.9,25.6,104.9,8.97,36,50,140,37.2,24.5,7.0,20
15,2,31.9,26.0,132.7,7.58,36,50,124,53.8,26.2,8.27,15
16,7,28.4,31.1,135.3,8.76,36,50,92,24.5,33.8,5.75,16
17,6,25.8,16.5,127.8,9.06,36,50,118,24.5,17.3,6.94,17
16,5,36.8,21.4,155.9,7.16,36,50,123,26.7,28.0,7.69,16
14,1,38.7,32.8,120.5,6.35,36,50,130,80.0,28.9,9.29,14
19,5,35.4,32.7,124.7,6.11,36,50,149,29.8,24.3,7.84,19
20,7,31.4,32.1,129.7,8.51,36,50,142,17.7,30.4,7.1,20
17,5,32.1,22.2,135.1,7.95,36,50,132,26.3,24.8,7.76,17
17,6,32.6,32.3,128.0,6.94,36,50,145,30.8,37.1,8.53,17
11,9,24.8,18.1,149.3,6.67,36,50,68,13.9,20.2,6.18,11
15,5,23.0,30.1,136.5,8.37,36,50,129,20.7,33.3,8.6,15
16,6,18.7,24.1,111.8,7.69,36,50,107,16.7,21.9,6.69,16
20,2,33.6,18.4,131.8,9.11,36,50,167,63.3,21.3,8.35,20
17,3,36.4,34.7,129.6,7.36,36,50,130,36.2,33.5,7.65,17
18,3,32.6,26.1,153.3,8.9,36,50,150,47.1,27.8,8.33,18
20,2,34.7,23.7,102.0,7.02,36,50,148,58.2,25.2,7.4,20
10,4,41.9,33.3,119.3,7.39,36,50,78,33.2,27.1,7.8,10
17,3,29.9,20.8,172.8,8.61,36,50,170,42.5,25.7,10.0,17
16,4,35.1,19.8,119.9,8.01,36,50,140,36.6,15.8,8.75,16
18,5,33.4,26.9,111.1,7.92,36,50,147,31.3,30.4,8.17,18
15,2,33.4,25.9,122.4,7.36,36,50,113,49.3,31.7,7.53,15
18,6,26.9,22.6,104.8,6.61,36,50,119,22.0,19.5,6.61,18
18,4,24.1,24.7,137.8,9.09,36,50,129,34.4,22.7,7.17,18
15,5,31.4,22.2,111.3,7.5,36,50,100,23.4,14.3,6.67,15
13,2,31.3,25.3,139.4,6.64,36,50,98,40.9,28.5,7.54,13
19,3,37.7,20.5,119.6,7.19,36,50,140,41.8,24.1,7.37,19
17,0,37.5,23.9,135.5,8.17,36,50,152,80.0,18.5,8.94,17
14,5,31.8,19.5,129.3,8.02,36,50,129,32.3,15.1,9.21,14
16,3,37.4,35.7,117.8,7.73,36,50,144,41.6,31.3,9.0,16
15,4,38.9,31.8,165.9,9.34,36,50,116,34.1,33.2,7.73,15
16,4,29.8,22.8,136.0,7.63,36,50,107,26.8,24.8,6.69,16
13,3,26.0,31.8,114.2,7.93,36,50,79,25.4,28.9,6.08,13
20,2,39.4,32.2,130.8,9.1,36,50,163,63.6,28.3,8.15,20
16,6,29.6,18.7,138.1,7.16,36,45,106,25.9,25.0,6.62,16
15,10,40.9,29.3,131.2,7.34,36,50,100,23.3,29.1,6.67,15
16,6,29.2,28.7,136.0,8.96,36,50,122,24.6,32.6,7.62,16
15,5,33.7,16.6,139.9,8.69,36,50,102,25.1,15.4,6.8,15
20,2,37.5,24.9,130.3,7.74,36,50,170,63.0,30.1,8.5,20
11,5,25.1,34.0,142.8,7.64,36,50,89,19.9,31.4,8.09,11
12,3,34.8,24.2,140.3,7.49,36,50,97,33.0,19.5,8.08,12
17,4,33.8,23.2,125.4,7.54,36,50,146,31.1,18.1,8.59,17
17,5,36.8,27.4,112.0,9.1,36,50,111,25.2,35.5,6.53,17
20,6,24.5,28.9,155.5,8.6,36,50,150,29.0,28.0,7.5,20
18,3,30.9,26.6,126.2,7.66,36,50,154,46.3,29.8,8.56,18
14,5,40.9,23.9,137.6,9.25,36,50,108,30.3,25.7,7.71,14
16,6,42.3,20.9,127.5,8.75,36,50,122,32.8,19.9,7.62,16
17,2,36.7,24.2,103.5,7.06,36,50,131,54.0,25.8,7.71,17
15,6,31.7,26.3,131.4,7.89,36,50,100,19.9,32.0,6.67,15
19,3,31.5,20.4,141.0,8.12,36,50,172,47.3,17.8,9.05,19
19,6,43.3,20.9,123.4,7.04,36,50,165,33.6,20.5,8.68,19
13,4,26.0,27.4,146.2,6.81,36,50,96,25.2,32.9,7.38,13
18,6,30.5,29.7,142.0,6.43,36,50,123,26.0,20.6,6.83,18
20,3,31.7,16.5,106.7,9.17,36,50,156,47.5,19.7,7.8,20
15,2,34.8,26.0,119.9,7.3,36,50,117,49.5,25.5,7.8,15
20,1,39.7,26.7,126.1,9.69,36,48,149,80.0,22.9,7.45,20
15,4,39.7,32.1,124.8,6.0,36,50,120,30.1,33.4,8.0,15
12,3,35.4,27.3,142.7,7.16,36,50,70,27.0,31.7,5.83,12
13,1,24.9,29.8,116.1,8.33,36,50,98,68.9,27.1,7.54,13
19,8,30.9,20.6,116.4,6.5,36,50,133,22.1,22.9,7.0,19
15,5,23.4,27.8,123.3,9.12,36,50,118,27.5,26.9,7.87,15
15,6,37.6,30.4,118.2,6.94,36,50,118,28.0,31.9,7.87,15
17,7,23.4,27.2,112.6,7.69,36,50,127,20.5,24.9,7.47,17
20,3,30.7,17.1,140.3,8.65,36,50,176,44.0,23.3,8.8,20
17,7,37.3,30.3,120.6,7.97,36,50,127,24.4,37.8,7.47,17
20,3,33.0,28.3,131.2,7.62,36,50,181,52.9,30.1,9.05,20
17,6,23.8,17.7,138.8,6.97,36,50,142,23.2,15.2,8.35,17
15,5,31.9,21.3,105.5,8.8,36,50,93,23.4,12.7,6.2,15
15,2,38.9,24.3,136.8,8.54,36,41,135,57.9,19.3,9.0,15
18,8,40.2,21.6,131.0,9.35,36,50,157,25.2,23.5,8.72,18
17,8,32.7,31.0,148.0,10.55,36,50,127,22.4,32.6,7.47,17
16,3,34.9,29.1,127.1,8.19,36,50,137,39.8,25.4,8.56,16
16,3,29.5,24.9,122.4,7.93,36,50,117,34.8,23.8,7.31,16
18,5,30.8,32.4,115.6,7.77,36,50,115,22.4,31.5,6.39,18
17,4,31.8,25.5,138.9,7.79,36,50,141,32.9,26.1,8.29,17
13,6,29.7,24.6,114.2,6.38,36,50,85,26.5,31.3,6.54,13
15,5,35.6,24.5,132.5,8.49,36,50,107,27.3,27.0,7.13,15
19,1,25.6,24.3,122.6,9.92,36,50,148,80.0,18.7,7.79,19
16,0,32.5,21.0,121.3,7.75,36,50,132,80.0,18.4,8.25,16
20,5,21.1,29.1,135.5,8.06,36,50,140,23.1,33.0,7.0,20
19,3,22.3,22.8,124.3,6.49,36,50,142,38.3,25.5,7.47,19
20,4,25.9,27.4,120.8,8.59,36,50,150,33.6,31.6,7.5,20
11,6,30.3,29.8,128.8,10.13,36,50,77,24.5,27.7,7.0,11
16,4,33.0,27.2,130.4,8.01,36,50,125,39.0,21.4,7.81,16
11,8,34.7,25.5,113.1,7.01,36,50,88,17.6,28.2,8.0,11
15,3,40.5,24.8,126.3,8.47,36,50,130,42.0,29.5,8.67,15
17,6,34.6,32.0,88.1,7.3,36,50,120,28.9,29.2,7.06,17
14,4,34.9,25.6,130.7,7.93,36,50,95,29.2,25.3,6.79,14
16,5,29.0,19.0,131.8,7.7,36,50,136,28.7,20.3,8.5,16
13,7,37.7,25.9,131.4,9.05,36,50,90,26.4,33.7,6.92,13
17,4,46.0,30.6,139.1,6.6,36,50,131,37.6,39.5,7.71,17
17,9,24.3,29.5,126.5,6.63,36,50,115,16.8,29.6,6.76,17
16,6,40.2,25.3,139.1,7.83,36,50,136,31.0,32.4,8.5,16
15,7,37.5,31.3,124.5,7.47,36,50,111,20.8,35.2,7.4,15
17,5,32.7,19.1,131.9,6.48,36,50,141,28.4,15.3,8.29,17
20,4,34.0,31.3,125.5,10.11,36,50,155,37.2,29.3,7.75,20
19,5,25.5,31.4,126.2,8.29,36,50,115,21.8,34.4,6.05,19
18,5,21.8,29.4,137.5,7.89,36,50,152,23.3,29.6,8.44,18
16,0,30.5,27.6,127.8,8.06,36,50,145,80.0,30.6,9.06,16
14,6,31.5,29.8,162.1,6.5,36,50,114,20.2,34.9,8.14,14
18,7,26.7,25.0,139.5,8.66,36,50,119,21.2,30.1,6.61,18
15,10,25.5,19.6,129.1,7.22,36,50,80,15.5,13.4,5.33,15
20,5,36.1,15.0,125.9,5.91,36,50,175,34.1,13.4,8.75,20
20,5,38.1,36.7,109.4,6.89,36,50,137,34.5,35.5,6.85,20
18,4,28.9,29.6,114.9,8.08,36,50,147,37.3,26.4,8.17,18
18,1,20.5,25.0,149.7,6.87,36,50,147,80.0,21.8,8.17,18
14,3,37.2,29.7,131.4,7.28,36,48,109,35.7,29.4,7.79,14
18,1,25.2,28.1,135.8,7.22,36,50,124,80.0,28.7,6.89,18
14,5,22.6,24.3,115.2,9.21,36,50,88,14.2,22.4,6.29,14
13,4,34.9,33.0,113.8,7.62,36,50,76,26.5,33.9,5.85,13
20,6,22.8,19.5,122.8,6.26,36,50,137,21.8,21.9,6.85,20
16,6,33.0,19.5,137.6,7.89,36,50,111,30.0,18.1,6.94,16
11,6,35.1,37.9,129.8,7.64,36,50,60,20.2,33.4,5.45,11
12,8,34.4,36.7,124.8,8.57,36,50,83,16.8,35.7,6.92,12
17,5,29.1,25.7,120.6,9.31,36,50,124,27.8,31.7,7.29,17
17,6,31.8,32.8,134.2,8.43,36,46,141,26.3,36.5,8.29,17
18,6,31.8,36.0,123.1,8.0,36,50,132,25.4,39.9,7.33,18
16,4,37.4,23.1,122.6,7.56,36,50,131,38.5,22.2,8.19,16
20,3,25.9,23.6,134.8,7.14,36,50,144,43.4,25.0,7.2,20
16,6,40.2,22.4,126.4,7.55,36,50,123,32.3,22.6,7.69,16
14,8,40.3,28.3,152.2,9.6,36,50,105,24.4,32.7,7.5,14
14,4,25.1,31.2,145.0,8.65,36,50,98,19.7,26.6,7.0,14
15,5,35.3,27.9,135.5,9.03,36,50,118,27.5,26.3,7.87,15
18,3,33.8,27.6,108.2,8.43,36,50,157,45.7,26.9,8.72,18
15,2,34.6,23.0,131.1,5.58,36,50,123,49.2,26.2,8.2,15
18,3,40.8,27.4,126.4,6.47,36,50,156,42.2,28.4,8.67,18
12,6,34.4,22.3,147.1,8.73,36,50,93,22.2,23.0,7.75,12
14,5,23.9,29.3,132.4,8.24,36,50,85,27.0,32.6,6.07,14
18,6,26.9,29.8,156.7,6.21,36,50,149,24.8,34.0,8.28,18
16,2,21.3,15.0,132.3,8.19,36,50,106,37.6,12.0,6.62,16
15,3,28.0,24.1,145.4,8.23,36,50,110,31.4,28.4,7.33,15
19,4,31.9,30.8,136.0,8.77,36,50,160,30.5,39.8,8.42,19
17,5,22.8,23.0,133.4,8.51,36,50,114,22.3,24.1,6.71,17
15,6,39.3,29.2,137.6,8.79,36,50,115,27.0,35.4,7.67,15
14,4,27.9,33.1,120.4,7.01,36,47,105,22.9,38.9,7.5,14
20,5,34.4,29.0,110.9,7.08,36,50,144,32.8,31.5,7.2,20
19,3,36.7,20.7,127.7,7.57,36,50,159,49.6,19.4,8.37,19
16,4,28.0,23.3,137.0,7.53,36,50,131,31.3,22.0,8.19,16
16,6,31.1,31.6,136.1,7.43,36,50,120,25.6,26.8,7.5,16
16,5,43.8,31.9,142.9,9.47,36,50,110,29.5,35.1,6.88,16
20,8,36.6,22.9,131.6,7.89,36,50,138,26.5,12.0,6.9,20
15,7,30.0,28.5,122.2,7.43,36,50,96,18.8,25.4,6.4,15
14,6,33.7,32.2,164.4,7.34,36,50,101,20.0,28.6,7.21,14
14,4,42.0,30.3,125.6,7.97,36,50,113,34.0,35.9,8.07,14
18,2,34.7,24.4,185.3,6.98,36,50,162,66.7,24.5,9.0,18
17,3,29.9,25.0,129.0,7.21,36,50,134,40.5,26.6,7.88,17
13,3,32.9,24.8,150.2,7.8,36,50,116,37.4,21.4,8.92,13
15,5,27.4,15.0,113.5,8.97,36,50,130,31.5,14.1,8.67,15
20,6,23.8,25.5,167.7,8.81,36,50,132,20.2,29.3,6.6,20
16,2,28.6,24.9,169.0,8.9,36,50,139,50.6,29.8,8.69,16
18,3,25.3,23.1,140.3,8.15,36,50,149,36.7,21.6,8.28,18
14,4,31.4,31.4,124.9,7.89,36,50,116,31.7,25.3,8.29,14
20,10,40.9,25.6,125.1,6.68,36,50,147,29.2,22.4,7.35,20
18,9,30.4,17.0,135.4,8.78,36,50,127,22.7,17.8,7.06,18
19,6,38.9,29.4,104.6,7.82,36,50,162,30.3,26.8,8.53,19
6,7,38.3,22.9,153.7,7.84,36,50,34,17.6,19.2,5.67,6
18,3,34.5,20.1,112.8,8.96,36,50,148,44.8,17.1,8.22,18
16,9,30.1,21.3,122.0,6.62,36,50,94,19.5,22.0,5.88,16
20,4,35.6,22.3,124.5,8.6,36,50,151,40.3,24.4,7.55,20
14,3,29.0,15.0,121.3,8.57,36,50,111,29.0,16.3,7.93,14
20,8,28.7,28.0,132.3,9.01,36,50,147,28.3,33.5,7.35,20
16,7,27.8,21.4,129.9,8.9,36,50,124,22.6,16.3,7.75,16
18,6,31.4,26.5,145.8,5.36,36,50,133,29.1,22.3,7.39,18
16,4,42.1,20.6,140.7,7.57,36,50,135,32.6,23.8,8.44,16
17,6,33.5,32.2,130.2,5.82,36,50,142,27.2,25.2,8.35,17
12,5,29.8,16.2,148.4,7.63,36,50,95,29.5,17.8,7.92,12
19,4,26.8,20.8,133.4,6.89,36,50,156,34.8,21.8,8.21,19
18,5,28.3,30.3,140.6,6.77,36,50,130,23.8,27.6,7.22,18
17,6,16.4,34.9,118.6,7.8,36,50,98,17.4,29.9,5.76,17
16,2,28.8,20.0,125.6,8.05,36,50,134,51.6,14.1,8.38,16
7,5,26.5,30.1,125.2,7.16,36,50,30,15.6,34.1,4.29,7
13,5,30.9,22.9,144.4,9.15,36,50,102,29.6,19.3,7.85,13
9,10,18.7,20.0,144.9,7.25,36,50,52,10.0,15.4,5.78,9
18,7,24.2,29.7,120.2,7.37,36,50,125,24.8,26.7,6.94,18
13,5,33.4,28.4,138.3,6.79,36,50,95,28.7,27.3,7.31,13
18,5,28.3,29.1,152.6,7.58,36,50,146,28.7,25.0,8.11,18
18,6,25.5,19.2,154.5,7.62,34,50,135,24.3,18.6,7.5,18
20,2,27.9,21.2,109.4,7.67,36,50,160,60.7,23.4,8.0,20
18,4,23.3,28.9,149.7,6.37,36,50,117,26.0,27.5,6.5,18
16,4,28.6,19.8,100.4,8.24,36,50,101,27.2,14.9,6.31,16
17,7,19.6,29.5,105.7,6.73,36,50,99,18.9,25.8,5.82,17
17,4,27.5,20.2,119.6,7.7,36,50,113,29.1,19.3,6.65,17
20,4,29.8,24.1,138.5,7.87,36,50,135,31.5,22.2,6.75,20
16,2,32.0,26.6,127.0,7.59,36,50,146,52.9,25.9,9.12,16
17,5,35.1,24.4,128.0,9.41,36,50,139,30.0,23.8,8.18,17
18,5,30.3,26.6,136.2,8.87,36,50,129,26.0,28.3,7.17,18
14,0,25.0,25.0,117.1,7.86,36,50,105,74.4,22.8,7.5,14
14,4,29.7,30.5,124.0,6.49,36,50,82,20.2,28.0,5.86,14
19,2,21.6,28.8,114.2,10.08,36,50,127,41.8,28.8,6.68,19
19,4,32.2,24.2,119.2,8.02,36,50,138,32.9,25.8,7.26,19
20,5,24.6,27.7,125.1,9.49,36,50,135,26.2,27.6,6.75,20
12,5,36.2,30.1,139.8,10.26,36,50,79,24.8,32.2,6.58,12
19,2,31.4,26.6,130.9,8.21,36,50,189,73.5,24.9,9.95,19
15,3,22.2,26.4,93.7,8.14,36,50,92,27.3,22.4,6.13,15
18,3,41.6,25.2,151.1,7.15,36,50,164,51.3,22.8,9.11,18
16,4,26.9,22.5,142.8,7.96,36,50,129,30.3,23.7,8.06,16
16,6,44.3,27.9,151.3,8.1,36,50,141,30.2,24.8,8.81,16
15,0,42.5,23.8,140.3,9.17,36,50,130,80.0,27.9,8.67,15
20,7,35.3,23.9,127.8,7.41,36,50,128,27.2,26.9,6.4,20
19,5,29.1,32.0,133.4,9.57,36,50,138,30.7,31.1,7.26,19
16,2,27.2,26.8,134.7,7.07,36,50,132,49.1,25.0,8.25,16
17,6,29.3,20.2,130.3,8.85,36,50,128,20.1,18.8,7.53,17
14,6,27.8,23.3,124.5,7.19,36,50,74,18.4,21.2,5.29,14
14,6,31.8,22.6,151.0,6.73,36,50,98,22.7,24.8,7.0,14
20,3,27.8,24.5,144.3,7.36,36,50,147,39.5,28.8,7.35,20
15,3,33.7,21.0,137.5,8.59,36,50,121,40.1,16.5,8.07,15
13,3,36.6,27.8,133.0,8.07,36,50,92,29.0,23.6,7.08,13
19,6,29.3,28.3,136.5,6.6,36,50,142,26.3,25.8,7.47,19
16,8,28.1,20.7,143.0,9.78,36,50,89,19.4,20.8,5.56,16
15,9,34.1,17.2,142.1,6.62,36,50,106,22.7,12.0,7.07,15
20,2,28.3,22.3,135.9,8.08,36,50,152,52.9,29.7,7.6,20
19,5,39.1,32.2,146.0,5.69,36,50,197,39.6,33.4,10.37,19
12,4,31.5,25.1,136.9,8.62,36,50,107,29.2,24.8,8.92,12
14,3,26.3,20.6,117.7,7.14,36,50,98,30.3,17.4,7.0,14
16,5,40.4,31.4,141.9,7.27,36,50,99,29.6,28.4,6.19,16
16,6,29.9,20.0,136.4,7.06,36,50,117,24.4,17.9,7.31,16
19,6,30.7,18.1,130.2,6.95,36,50,126,24.2,18.2,6.63,19
14,1,27.3,27.9,119.4,8.06,36,50,112,80.0,30.1,8.0,14
17,6,35.7,29.8,144.1,7.39,36,50,123,27.0,31.2,7.24,17
20,4,29.4,35.0,148.9,7.43,36,50,161,39.6,39.5,8.05,20
13,4,34.7,30.0,135.0,8.64,36,50,92,23.9,25.2,7.08,13
19,3,33.6,21.6,139.0,7.25,36,50,144,43.4,27.3,7.58,19
15,4,34.1,28.2,126.6,9.87,36,50,146,35.7,21.6,9.73,15
13,6,28.3,31.9,152.6,6.7,36,50,105,25.1,38.2,8.08,13
15,1,37.8,27.7,116.1,8.39,36,50,111,80.0,25.5,7.4,15
16,2,32.0,16.8,125.2,9.32,36,50,113,45.7,17.0,7.06,16
10,6,37.2,26.7,132.9,8.47,36,50,79,24.5,24.8,7.9,10
18,6,28.5,32.3,105.4,7.56,36,50,130,24.6,32.0,7.22,18
16,2,32.6,32.8,136.3,7.9,36,50,142,56.3,31.3,8.88,16
16,6,25.1,28.1,135.1,8.75,36,50,126,19.2,29.5,7.88,16
15,9,18.6,34.0,125.2,7.67,36,50,80,20.2,38.8,5.33,15
18,3,43.2,15.4,106.2,8.85,36,50,149,47.5,19.3,8.28,18
17,1,25.5,20.4,166.5,8.97,36,50,134,80.0,26.6,7.88,17
15,6,30.9,30.2,139.4,7.74,36,50,112,25.3,29.6,7.47,15
19,9,41.2,15.0,112.3,7.79,36,50,149,26.4,13.1,7.84,19
16,5,22.9,29.5,139.2,9.59,36,50,121,24.7,33.7,7.56,16
20,5,30.6,26.3,159.0,9.28,36,50,163,24.0,27.7,8.15,20
18,2,30.9,31.3,136.6,8.44,36,50,135,50.4,22.1,7.5,18
15,6,30.6,31.7,143.0,7.99,36,50,99,24.0,32.3,6.6,15
16,2,23.9,32.7,139.1,8.56,36,50,149,55.6,24.4,9.31,16
13,2,42.7,26.1,112.6,7.98,36,50,113,52.5,28.0,8.69,13
15,8,45.2,27.7,149.9,7.75,36,50,125,31.3,28.2,8.33,15
17,2,25.4,21.8,156.8,7.8,36,50,161,60.0,20.9,9.47,17
16,4,33.1,25.0,132.6,8.52,36,50,110,28.1,27.4,6.88,16
14,5,24.7,36.4,128.4,7.96,36,50,101,22.5,34.1,7.21,14
17,4,33.5,34.0,140.4,7.92,36,49,130,29.1,32.8,7.65,17
17,10,25.9,21.8,156.1,5.66,36,50,93,14.4,23.0,5.47,17
15,6,34.2,24.9,108.8,7.4,36,50,99,23.8,24.3,6.6,15
17,7,27.3,15.0,137.7,6.94,36,50,125,21.6,17.2,7.35,17
18,5,24.9,17.7,143.3,7.73,36,50,130,23.4,19.2,7.22,18
17,3,37.4,17.6,153.0,6.02,36,50,175,54.2,14.6,10.29,17
11,3,34.7,27.9,129.2,8.02,36,50,71,26.9,26.6,6.45,11
10,6,23.5,24.8,122.8,7.64,36,50,68,15.3,24.0,6.8,10
14,4,29.3,23.2,157.9,8.3,36,50,117,25.8,23.1,8.36,14
15,7,31.4,36.8,133.9,6.27,36,50,112,24.3,33.7,7.47,15
16,5,37.4,27.3,127.7,8.69,36,50,114,27.6,26.6,7.12,16
15,5,28.2,26.6,126.2,8.42,36,50,101,19.0,24.7,6.73,15
20,2,39.6,23.5,109.3,8.5,36,50,177,70.3,19.9,8.85,20
20,2,27.9,36.0,155.7,8.99,36,50,153,56.3,38.9,7.65,20
11,3,27.5,26.0,127.4,6.92,36,50,64,22.7,20.5,5.82,11
20,5,26.5,23.4,130.2,8.24,36,50,156,30.7,22.4,7.8,20
19,5,31.6,22.7,123.4,9.38,36,50,155,29.8,21.8,8.16,19
19,3,23.1,22.0,128.3,7.29,36,50,159,39.5,22.4,8.37,19
17,3,32.5,23.6,136.9,8.11,36,50,139,43.7,26.4,8.18,17
16,2,30.4,28.7,133.1,8.95,36,50,134,52.3,23.3,8.38,16
16,1,29.7,32.9,131.8,6.82,36,50,117,80.0,29.0,7.31,16
16,5,28.7,23.6,138.3,8.48,36,50,133,28.5,19.7,8.31,16
15,5,37.2,25.1,151.6,9.08,36,50,121,32.4,20.4,8.07,15
16,6,35.1,27.7,138.1,7.31,36,50,132,24.6,26.8,8.25,16
14,4,36.5,24.2,124.3,6.85,36,50,94,29.2,26.5,6.71,14
19,4,33.5,25.2,147.8,8.8,36,50,161,38.4,26.8,8.47,19
18,2,31.3,16.7,133.8,6.11,36,50,165,65.2,19.2,9.17,18
14,5,31.9,23.6,135.8,6.07,36,50,85,22.1,24.5,6.07,14
16,2,24.0,30.0,159.0,7.32,36,50,127,45.8,30.0,7.94,16
12,3,27.7,26.2,116.7,8.35,36,50,81,24.6,30.2,6.75,12
18,8,33.6,35.8,134.2,8.54,36,50,121,21.4,42.7,6.72,18
20,9,36.5,28.2,125.3,7.78,36,50,135,24.3,32.4,6.75,20
14,3,36.9,30.1,135.4,6.98,36,50,97,39.2,31.2,6.93,14
19,5,32.6,26.1,116.3,8.34,36,50,142,31.5,27.8,7.47,19
17,8,35.6,26.2,118.7,8.18,36,50,104,22.4,34.5,6.12,17
19,9,30.4,26.5,127.8,7.96,36,50,121,24.1,24.5,6.37,19
18,7,33.9,30.5,143.0,7.29,36,50,128,25.3,26.9,7.11,18
17,3,28.5,33.7,133.5,8.15,36,50,132,43.0,34.2,7.76,17
10,6,34.2,37.2,132.5,7.37,36,50,43,12.7,41.7,4.3,10
17,7,28.5,17.3,141.1,7.84,36,29,114,25.7,16.7,6.71,17
16,6,37.2,33.2,132.4,9.42,36,50,132,29.6,36.7,8.25,16
13,4,24.4,19.9,149.0,6.89,36,50,72,14.3,18.0,5.54,13
16,5,32.0,22.7,147.3,8.07,36,50,120,27.8,13.8,7.5,16
16,1,29.2,18.6,126.3,10.0,36,50,134,80.0,17.9,8.38,16
16,5,23.6,27.6,124.3,6.64,36,50,101,20.0,26.8,6.31,16
15,3,24.5,22.1,116.6,6.46,36,50,96,30.1,18.6,6.4,15
14,8,27.0,32.3,122.6,8.71,36,50,97,19.2,26.9,6.93,14
16,7,33.7,24.2,146.4,8.09,36,50,146,30.2,21.7,9.12,16
19,4,42.1,26.4,140.8,6.95,36,50,175,40.4,25.3,9.21,19
15,4,22.6,25.0,121.6,9.62,36,50,110,26.4,16.8,7.33,15
20,7,39.5,27.9,112.7,7.57,36,50,139,30.2,27.8,6.95,20
18,2,23.1,31.0,139.1,7.15,36,50,128,43.6,29.4,7.11,18
11,8,43.6,31.7,122.7,8.34,36,50,83,25.3,27.7,7.55,11
13,2,30.7,25.7,129.5,10.04,36,50,97,45.8,22.4,7.46,13
20,4,28.4,27.8,137.3,9.38,36,50,131,31.9,30.1,6.55,20
13,1,29.7,19.0,107.9,7.86,36,50,110,75.6,20.7,8.46,13
16,5,33.7,27.1,138.9,8.1,36,50,121,26.3,18.9,7.56,16
17,5,31.4,24.0,127.8,8.8,36,50,122,26.5,19.8,7.18,17
15,1,43.5,22.5,96.8,9.23,36,50,126,80.0,25.3,8.4,15
18,3,18.4,18.3,135.0,7.67,36,50,129,37.3,20.1,7.17,18
20,3,28.7,29.3,115.4,7.38,36,50,133,33.2,32.4,6.65,20
19,6,28.7,19.0,126.1,7.18,36,50,152,22.0,18.9,8.0,19
16,4,23.3,21.7,132.3,7.95,36,50,131,25.6,16.9,8.19,16
19,2,34.4,33.0,108.0,9.95,36,50,162,69.1,32.6,8.53,19
16,3,32.1,20.8,88.4,7.89,36,50,123,38.7,18.0,7.69,16
13,8,31.0,15.0,139.1,7.98,36,50,85,15.2,12.0,6.54,13
13,4,38.5,30.9,125.2,9.16,36,50,86,25.1,35.7,6.62,13
16,5,26.2,35.8,141.5,8.98,36,50,121,27.6,40.1,7.56,16
20,5,28.7,26.6,150.6,8.23,36,50,174,32.3,34.4,8.7,20
20,6,27.6,18.7,141.8,8.01,36,50,129,29.5,23.6,6.45,20
12,4,30.0,28.2,123.1,8.01,36,50,100,28.9,29.9,8.33,12
12,5,32.4,27.1,100.6,6.82,36,50,83,25.9,26.2,6.92,12
19,4,32.2,23.0,130.5,7.76,36,50,166,37.6,26.1,8.74,19
14,3,31.1,19.5,166.2,9.56,36,50,125,30.0,16.9,8.93,14
20,3,41.9,23.2,121.1,7.87,36,50,189,58.9,22.6,9.45,20
18,7,36.4,24.2,158.0,7.3,36,42,149,28.5,26.7,8.28,18
20,2,28.9,18.4,128.5,7.68,36,50,154,60.3,14.0,7.7,20
20,2,33.0,29.9,106.9,8.37,36,50,119,51.9,22.5,5.95,20
17,6,25.8,25.0,153.3,8.19,36,50,135,23.2,27.3,7.94,17
20,4,27.1,16.1,122.9,8.77,36,50,142,32.1,16.0,7.1,20
14,6,38.4,30.2,138.4,9.68,36,50,129,30.5,29.7,9.21,14
20,5,27.8,29.6,138.9,6.0,36,50,161,27.7,30.1,8.05,20
16,3,34.5,28.2,103.9,8.39,36,50,101,35.0,31.7,6.31,16
17,5,40.0,21.7,111.1,8.32,36,50,135,27.1,19.0,7.94,17
12,6,48.5,21.2,122.5,7.15,36,50,94,29.8,23.3,7.83,12
20,5,33.6,30.3,142.3,7.66,36,50,142,31.2,33.3,7.1,20
18,4,30.1,24.3,134.1,9.61,36,50,144,36.1,27.3,8.0,18
19,10,35.9,20.1,137.8,8.25,36,50,146,21.4,16.9,7.68,19
17,3,29.3,25.0,130.3,6.52,36,50,132,38.7,20.8,7.76,17
15,4,29.2,19.1,138.9,9.52,36,50,118,31.5,20.9,7.87,15
10,2,29.1,19.7,137.6,9.06,36,50,82,30.0,19.5,8.2,10
19,5,27.8,31.4,123.2,8.16,36,50,135,30.9,29.3,7.11,19
15,1,33.5,21.0,105.5,9.03,36,50,131,80.0,24.4,8.73,15
16,7,40.8,26.2,135.9,8.1,36,50,121,26.9,25.0,7.56,16
16,2,28.5,23.6,145.3,8.49,36,50,129,55.8,20.3,8.06,16
17,5,27.9,29.9,95.3,6.41,36,50,125,20.6,33.8,7.35,17
20,5,35.7,20.7,134.4,8.15,36,50,170,35.4,20.3,8.5,20
14,1,33.3,22.6,157.1,8.21,36,50,126,80.0,21.0,9.0,14
15,3,30.7,26.8,138.7,8.63,36,50,128,35.9,28.7,8.53,15
18,2,40.2,24.6,119.4,7.63,36,50,145,59.8,26.5,8.06,18
15,6,28.8,23.0,143.3,8.28,36,50,102,28.7,18.4,6.8,15
20,2,42.5,27.3,121.6,8.78,36,50,154,59.4,29.2,7.7,20
20,3,31.0,21.0,142.1,10.41,36,50,176,49.1,23.1,8.8,20
11,6,40.6,23.9,146.8,7.12,36,50,70,26.4,18.9,6.36,11
17,7,23.9,15.0,135.8,7.77,36,50,125,22.6,13.7,7.35,17
16,4,40.2,20.1,105.3,8.73,36,50,125,33.9,29.1,7.81,16
17,4,30.3,35.1,115.5,7.62,36,50,108,25.8,36.5,6.35,17
15,3,39.9,20.3,149.1,7.78,36,50,138,50.0,26.9,9.2,15
15,8,30.5,22.8,126.7,8.26,36,50,99,22.6,20.7,6.6,15
16,3,30.9,21.6,128.3,7.63,36,50,104,28.7,21.0,6.5,16
20,6,29.4,20.8,162.8,7.75,36,50,179,29.2,23.5,8.95,20
17,5,31.6,34.1,156.8,7.54,36,50,145,30.7,35.4,8.53,17
20,2,27.7,30.4,138.6,8.98,36,50,161,65.7,30.9,8.05,20
17,3,34.6,20.5,142.3,9.75,36,50,133,36.9,22.4,7.82,17
18,7,45.6,21.7,143.6,8.63,36,50,173,34.1,26.9,9.61,18
20,8,32.9,24.2,132.4,8.47,36,50,136,27.0,19.0,6.8,20
17,3,39.3,25.4,134.1,8.36,36,50,145,52.5,22.5,8.53,17
18,6,45.7,19.6,131.8,9.15,36,50,162,32.7,21.3,9.0,18
20,4,38.4,21.1,106.3,7.98,36,50,162,36.5,18.2,8.1,20
16,5,40.5,23.6,144.8,7.67,36,50,136,31.3,24.7,8.5,16
20,10,28.9,23.2,116.1,9.5,36,50,138,16.4,25.9,6.9,20
17,7,28.9,27.7,130.9,9.65,36,50,122,22.8,28.8,7.18,17
19,5,18.2,28.4,134.5,8.34,36,50,132,27.1,27.7,6.95,19
16,1,21.5,21.3,117.7,6.63,36,50,134,80.0,26.7,8.38,16
20,4,24.6,28.7,145.6,7.74,36,50,162,32.5,29.7,8.1,20
12,5,38.1,20.0,115.7,9.2,36,50,101,26.6,24.3,8.42,12
15,5,31.9,28.8,113.6,7.74,36,50,98,27.4,32.5,6.53,15
18,4,15.8,31.7,122.1,9.61,36,50,114,24.4,27.2,6.33,18
20,6,30.2,25.1,142.2,8.71,36,50,164,30.6,21.9,8.2,20
17,7,28.1,25.1,126.8,8.87,36,50,120,21.9,24.0,7.06,17
20,4,42.1,26.8,128.8,6.01,36,50,181,45.4,32.2,9.05,20
20,4,34.8,26.8,131.1,7.89,36,50,144,33.8,25.7,7.2,20
18,9,35.2,24.3,126.5,7.79,36,50,115,22.2,22.3,6.39,18
18,5,27.0,31.8,132.3,8.54,36,50,137,31.5,33.4,7.61,18
20,6,35.1,31.7,116.2,7.93,36,50,152,28.6,38.1,7.6,20
20,5,24.3,28.3,156.8,8.6,36,50,159,23.4,22.2,7.95,20
20,4,44.9,22.6,129.4,6.88,36,50,186,44.1,20.8,9.3,20
20,3,36.8,21.8,168.9,8.1,36,50,174,51.5,24.6,8.7,20
17,4,18.8,24.6,148.0,9.04,36,50,118,21.6,26.3,6.94,17
12,2,34.5,30.6,121.3,8.01,36,50,83,37.6,31.1,6.92,12
14,5,33.8,23.8,133.4,9.84,36,50,115,25.2,23.3,8.21,14
17,5,31.0,22.7,141.0,9.08,36,50,125,26.6,19.7,7.35,17
16,2,30.7,18.8,127.0,9.0,36,50,125,49.9,22.2,7.81,16
20,7,26.8,25.9,150.0,6.61,36,50,139,19.9,32.4,6.95,20
20,3,38.5,21.9,145.6,8.13,36,50,160,39.7,17.4,8.0,20
18,6,25.7,31.7,128.4,8.35,36,50,118,25.8,31.6,6.56,18
17,3,22.0,35.2,148.1,8.68,36,50,117,39.3,37.8,6.88,17
12,3,33.9,27.4,131.4,8.72,36,50,99,31.8,33.4,8.25,12
10,2,42.6,25.2,142.5,8.44,36,46,100,42.4,22.4,10.0,10
20,7,26.7,24.2,137.8,8.73,36,50,164,21.7,28.5,8.2,20
12,4,47.8,18.5,137.3,7.46,36,50,93,30.1,22.4,7.75,12
16,3,29.7,31.3,135.2,7.06,36,50,124,39.9,26.0,7.75,16
14,3,36.5,29.2,121.0,7.8,36,50,120,41.2,30.5,8.57,14
16,3,25.6,21.3,123.4,7.77,36,50,105,31.1,31.0,6.56,16
15,7,23.8,27.7,151.1,8.93,36,50,128,20.6,28.8,8.53,15
18,5,23.0,24.7,123.9,8.05,36,50,124,23.8,25.8,6.89,18
17,3,30.8,26.2,130.2,9.02,36,50,121,35.6,30.2,7.12,17
16,6,30.9,24.4,108.4,8.95,36,50,96,25.2,30.0,6.0,16
19,7,25.1,26.2,109.8,8.26,36,50,146,23.4,28.6,7.68,19
17,4,26.9,21.5,143.7,8.47,36,50,135,31.6,23.2,7.94,17
13,5,28.0,19.2,134.4,7.08,36,50,105,26.4,18.9,8.08,13
15,6,29.9,31.8,121.8,8.05,36,50,120,25.2,30.5,8.0,15
18,4,42.2,19.6,154.4,8.23,36,50,144,37.2,21.7,8.0,18
14,6,25.3,36.6,126.6,6.69,36,50,81,15.8,35.4,5.79,14
14,5,22.9,21.3,154.7,8.45,36,50,75,20.4,22.5,5.36,14
15,3,20.5,29.3,151.7,6.6,36,50,131,36.9,23.8,8.73,15
17,5,36.4,31.1,130.0,8.7,36,50,138,33.8,32.0,8.12,17
13,7,35.2,26.4,129.7,8.99,27,50,81,19.8,30.4,6.23,13
14,5,34.2,28.5,137.5,9.43,36,50,103,27.9,32.2,7.36,14
18,4,36.1,28.5,182.3,9.01,36,50,145,30.4,26.6,8.06,18
16,4,40.1,15.0,117.9,8.15,36,50,118,31.7,12.0,7.38,16
20,2,27.8,15.0,144.9,9.8,36,50,167,62.3,15.2,8.35,20
15,5,32.5,24.5,118.3,9.85,36,50,130,26.0,26.3,8.67,15
15,3,44.8,29.8,113.4,10.04,36,50,130,40.8,28.7,8.67,15
17,6,28.3,15.0,115.0,7.68,36,50,128,25.5,15.6,7.53,17
17,9,27.3,28.1,138.7,9.03,36,47,98,16.4,30.7,5.76,17
17,3,36.0,33.6,102.4,7.57,36,50,99,30.7,31.3,5.82,17
10,5,37.2,23.5,129.2,8.7,36,50,77,23.4,22.3,7.7,10
20,6,36.4,15.0,111.7,7.27,36,50,138,28.5,18.9,6.9,20
14,6,38.8,19.4,155.1,8.3,36,48,112,27.9,25.8,8.0,14
18,7,36.8,29.5,144.3,8.99,36,50,128,23.9,29.2,7.11,18
18,0,32.7,19.4,135.2,7.8,36,50,156,80.0,20.4,8.67,18
17,4,32.8,25.7,152.0,7.45,36,50,146,39.4,21.5,8.59,17
13,3,26.3,22.7,152.1,7.48,36,50,110,31.5,18.4,8.46,13
15,3,36.0,20.6,116.2,9.5,36,50,133,40.1,19.5,8.87,15
12,1,48.3,32.9,144.1,8.06,36,50,116,80.0,28.1,9.67,12
19,6,40.2,25.8,142.5,7.56,36,50,157,30.4,37.1,8.26,19
12,8,19.2,35.2,121.2,8.23,36,50,73,14.9,37.7,6.08,12
19,5,31.0,31.8,123.3,8.64,36,50,130,30.3,34.3,6.84,19
18,6,41.3,25.7,118.2,7.23,36,50,144,32.7,28.3,8.0,18
19,4,26.6,25.8,137.9,8.98,36,50,159,38.0,24.3,8.37,19
16,4,40.1,32.1,134.7,7.81,36,50,144,37.9,34.4,9.0,16
19,2,34.5,31.8,124.7,7.33,36,50,153,64.2,25.2,8.05,19
17,4,26.3,25.8,131.5,6.35,36,50,130,26.9,22.4,7.65,17
15,8,27.6,26.1,131.5,10.6,36,50,83,20.1,23.6,5.53,15
15,7,40.9,29.4,150.8,10.21,36,50,108,24.7,36.3,7.2,15
19,3,38.3,26.3,115.1,6.55,36,50,135,44.9,28.9,7.11,19
14,6,43.9,25.4,157.2,7.81,36,50,134,31.9,27.0,9.57,14
16,1,32.7,29.2,126.4,7.04,36,50,141,80.0,32.2,8.81,16
15,4,32.6,21.1,125.1,7.83,36,50,127,34.7,18.6,8.47,15
20,3,31.8,22.2,139.0,7.31,36,50,159,43.7,27.7,7.95,20
19,4,39.2,22.1,124.1,6.69,36,50,148,38.5,25.0,7.79,19
13,1,23.6,23.3,145.5,8.66,36,50,105,76.3,26.0,8.08,13
18,7,42.7,35.2,149.8,6.95,36,50,155,29.5,33.8,8.61,18
15,4,37.9,22.8,142.8,8.41,36,50,138,39.1,27.9,9.2,15
14,6,26.5,16.5,131.3,6.21,36,50,94,14.9,12.0,6.71,14
19,0,28.3,25.2,142.5,6.72,36,50,159,80.0,30.2,8.37,19
17,7,45.0,25.6,129.2,8.69,35,50,162,22.4,22.4,9.53,17
18,2,39.0,24.8,125.7,8.49,36,50,144,59.1,20.8,8.0,18
20,6,34.5,26.2,118.7,7.87,36,50,148,31.6,30.7,7.4,20
18,3,34.8,28.7,138.0,7.82,36,50,137,43.0,26.8,7.61,18
18,3,39.0,28.6,129.5,8.84,36,50,140,46.3,32.0,7.78,18
14,6,44.3,29.8,143.6,8.21,36,50,101,26.1,33.8,7.21,14
20,2,35.9,27.5,125.5,9.35,36,50,159,61.7,29.2,7.95,20
18,4,29.0,29.5,120.6,8.21,36,50,111,28.0,28.2,6.17,18
13,2,37.2,28.4,130.4,8.17,36,50,99,43.0,31.9,7.62,13
18,4,26.8,27.9,148.2,7.03,36,50,140,29.9,22.6,7.78,18
18,5,31.1,23.8,137.1,9.29,36,50,136,32.8,25.7,7.56,18
17,7,24.7,17.6,143.0,6.52,36,50,135,17.2,21.2,7.94,17
15,3,23.6,23.9,128.8,6.45,36,50,106,31.5,21.9,7.07,15
17,5,33.8,24.1,118.0,6.66,36,50,159,28.2,33.7,9.35,17
18,6,29.6,25.3,123.0,6.35,36,50,139,25.4,29.3,7.72,18
12,7,30.6,18.8,147.9,6.97,36,50,107,23.4,14.7,8.92,12
19,6,40.0,30.3,145.8,7.71,36,50,146,30.0,30.9,7.68,19
16,3,33.6,24.2,107.8,6.8,36,50,140,38.9,17.1,8.75,16
20,3,26.1,18.9,137.0,8.38,36,50,169,42.8,22.5,8.45,20
20,6,27.8,24.4,153.8,8.69,36,50,156,29.3,23.0,7.8,20
15,2,34.1,32.0,145.5,7.79,36,50,129,48.7,30.1,8.6,15
15,1,40.4,18.4,133.5,6.58,36,50,140,80.0,15.6,9.33,15
18,6,31.7,27.8,120.2,9.09,36,50,132,27.5,24.1,7.33,18
16,7,30.4,29.2,121.0,8.15,30,50,121,25.9,31.0,7.56,16
17,7,33.0,38.6,147.7,9.13,36,50,132,18.8,40.8,7.76,17
17,8,33.7,34.0,77.6,7.29,36,50,96,14.6,40.3,5.65,17
19,4,37.5,23.9,116.2,6.91,36,50,150,36.1,25.2,7.89,19
15,6,39.1,24.6,125.0,9.47,36,50,130,32.5,27.0,8.67,15
17,2,38.2,15.0,127.2,7.95,36,49,142,55.7,23.9,8.35,17
20,5,32.1,23.8,129.2,8.69,36,50,158,30.9,24.9,7.9,20
16,5,25.9,34.5,139.4,8.82,36,50,108,22.6,31.0,6.75,16
20,5,42.9,29.7,123.0,8.23,36,50,146,32.4,32.9,7.3,20
17,3,33.2,18.9,105.9,7.26,36,50,153,43.7,16.0,9.0,17
16,6,31.3,22.9,130.6,7.71,36,50,92,22.3,24.8,5.75,16
13,7,33.7,23.1,170.8,6.01,36,50,87,21.5,18.1,6.69,13
19,5,33.0,21.0,132.9,6.22,36,50,160,30.9,17.2,8.42,19
16,5,26.8,19.3,152.2,8.41,36,50,117,18.2,15.1,7.31,16
16,5,27.8,32.2,118.2,8.71,36,50,104,20.4,36.1,6.5,16
16,10,36.1,26.9,121.5,6.45,36,50,107,16.3,30.0,6.69,16
17,3,28.4,25.0,121.3,6.68,36,50,143,40.4,17.5,8.41,17
19,3,32.3,32.1,129.9,6.0,36,50,159,40.8,27.8,8.37,19
15,8,30.7,18.6,136.9,7.76,36,50,126,24.3,19.8,8.4,15
16,3,29.7,36.7,125.6,8.38,36,50,112,33.4,37.5,7.0,16
20,5,43.7,24.6,131.6,8.33,36,50,158,39.2,23.1,7.9,20
12,8,28.8,30.7,127.6,6.6,36,50,65,14.4,32.4,5.42,12
20,5,40.9,38.3,124.1,8.08,36,50,148,36.0,35.9,7.4,20
20,2,38.5,24.1,115.9,8.94,36,50,153,59.9,27.1,7.65,20
16,6,34.8,31.3,156.6,7.28,36,50,125,24.0,23.1,7.81,16
20,7,31.2,28.4,138.3,9.43,36,50,145,25.1,25.7,7.25,20
13,2,36.7,17.6,134.1,6.3,36,50,98,44.2,19.4,7.54,13
14,3,31.7,20.5,142.5,7.48,36,50,124,33.2,23.2,8.86,14
15,6,27.6,26.3,146.2,8.75,36,50,124,27.8,25.3,8.27,15
17,5,38.8,31.8,140.1,7.21,36,50,125,27.7,26.8,7.35,17
16,5,25.3,29.2,144.7,9.41,36,50,118,24.5,27.7,7.38,16
19,8,26.7,23.8,164.2,9.5,36,50,141,17.1,23.6,7.42,19
18,2,36.9,25.1,131.6,7.4,36,50,157,61.9,24.1,8.72,18
13,7,36.8,24.1,129.1,7.02,36,50,95,19.3,29.2,7.31,13
18,6,26.2,24.1,147.2,8.69,36,50,145,25.4,27.9,8.06,18
18,0,34.1,25.9,136.7,8.37,36,50,151,80.0,26.4,8.39,18
16,6,22.3,23.2,128.5,7.05,36,50,119,14.3,21.8,7.44,16
18,4,21.9,17.1,95.8,7.09,36,50,134,29.2,18.9,7.44,18
14,6,30.1,32.9,116.6,8.56,36,50,108,18.1,35.7,7.71,14
16,2,41.3,27.0,156.3,8.25,36,50,143,61.4,28.5,8.94,16
17,6,27.2,25.8,153.2,8.43,36,50,138,26.5,26.1,8.12,17
18,5,33.4,25.2,84.4,7.13,36,50,135,26.4,25.4,7.5,18
15,3,20.1,25.3,140.2,6.75,36,50,111,32.1,31.9,7.4,15
14,7,39.6,26.0,121.0,6.37,36,50,118,25.9,19.6,8.43,14
18,5,32.3,24.9,123.2,7.86,36,50,140,32.9,28.7,7.78,18
20,4,29.3,34.4,125.6,8.11,36,50,158,39.3,36.2,7.9,20
20,5,27.8,28.1,113.3,8.22,36,50,141,29.1,29.0,7.05,20
17,4,29.7,29.4,112.6,6.37,36,50,128,33.7,38.7,7.53,17
7,2,22.3,22.3,118.2,8.6,36,50,58,25.1,21.1,8.29,7
16,3,34.8,23.0,104.1,8.33,36,50,105,36.0,19.9,6.56,16
18,6,23.5,21.2,137.6,8.34,36,50,125,21.7,20.5,6.94,18
19,3,35.3,24.1,117.2,7.16,36,50,153,47.7,23.9,8.05,19
14,8,36.8,21.4,170.8,8.52,36,50,119,24.9,25.7,8.5,14
12,3,39.5,27.0,151.1,6.55,36,50,108,42.3,36.2,9.0,12
16,7,28.4,23.3,127.4,6.73,36,50,98,19.1,25.1,6.12,16
18,1,36.7,27.8,128.4,8.47,36,50,143,80.0,29.3,7.94,18
20,1,28.2,22.8,135.9,6.98,36,50,163,80.0,24.1,8.15,20
18,5,25.0,34.3,108.5,9.06,36,50,110,20.8,40.1,6.11,18
14,4,32.7,20.7,117.2,6.49,36,50,101,31.0,12.8,7.21,14
18,6,30.4,28.7,145.6,6.08,36,50,151,25.6,34.9,8.39,18
17,2,27.2,33.1,168.9,6.86,36,50,151,58.1,37.5,8.88,17
20,7,28.1,23.0,133.2,7.64,36,50,142,20.6,18.2,7.1,20
10,7,34.5,26.4,106.2,8.62,36,50,52,18.9,24.6,5.2,10
16,4,36.3,34.3,114.1,8.35,36,50,106,25.6,35.3,6.62,16
15,7,46.1,27.8,116.8,10.25,36,50,100,26.5,38.5,6.67,15
20,5,32.8,33.0,112.4,8.34,36,50,153,35.5,32.8,7.65,20
11,4,27.0,27.0,132.1,8.43,36,50,71,20.3,25.8,6.45,11
19,3,22.8,31.8,125.2,9.03,36,50,149,40.6,33.8,7.84,19
18,6,24.0,29.3,167.2,9.27,36,50,138,20.9,29.9,7.67,18
16,4,31.0,28.7,113.0,7.21,36,50,105,28.8,26.1,6.56,16
15,2,42.3,18.8,109.2,8.59,36,50,119,57.5,16.6,7.93,15
17,6,43.8,23.0,131.5,6.49,36,44,141,32.8,31.9,8.29,17
17,4,23.0,38.1,131.9,8.41,36,50,107,27.5,37.3,6.29,17
12,6,25.3,29.3,119.0,7.44,36,50,72,17.7,31.5,6.0,12
15,9,38.7,27.7,107.8,7.23,36,50,87,26.4,32.0,5.8,15
11,6,37.9,17.9,128.8,7.05,36,50,76,20.0,20.7,6.91,11
20,7,33.0,31.6,120.9,8.84,36,50,144,28.8,36.1,7.2,20
17,7,27.0,33.1,118.6,8.42,36,50,91,13.1,27.1,5.35,17
15,6,31.9,21.1,134.7,10.24,36,50,92,19.6,16.7,6.13,15
20,1,30.2,39.1,127.6,9.18,36,50,164,80.0,34.3,8.2,20
17,3,39.6,29.2,138.3,8.22,36,50,153,50.0,38.6,9.0,17
20,1,37.0,17.0,139.7,8.54,36,50,178,80.0,16.8,8.9,20
19,2,23.5,31.6,125.4,7.95,36,50,151,56.6,35.2,7.95,19
17,3,38.1,26.7,125.2,7.54,36,50,170,46.3,26.2,10.0,17
16,5,23.5,27.4,123.1,8.4,36,50,112,28.5,33.4,7.0,16
20,5,38.5,23.0,141.4,6.84,36,50,157,36.3,31.1,7.85,20
16,3,34.1,18.6,120.3,7.41,36,50,123,41.5,23.0,7.69,16
12,1,35.1,20.9,86.5,8.01,36,50,94,72.2,21.9,7.83,12
15,4,38.7,27.3,120.1,7.35,36,50,134,36.0,23.1,8.93,15
15,3,31.9,28.1,101.1,7.98,36,50,111,36.9,34.4,7.4,15
16,5,25.2,29.5,120.5,7.99,36,50,110,30.9,31.7,6.88,16
19,3,28.8,28.2,119.9,8.1,36,50,145,42.0,27.5,7.63,19
16,7,24.8,26.4,114.4,6.71,36,50,104,20.6,29.4,6.5,16
16,8,37.3,17.3,116.0,6.71,36,50,109,23.0,19.3,6.81,16
14,8,30.6,20.4,135.2,7.39,36,50,98,26.9,32.6,7.0,14
7,7,28.4,24.7,120.7,7.15,36,50,43,19.8,31.6,6.14,7
20,3,35.1,30.4,123.2,8.1,36,50,151,48.1,30.0,7.55,20
18,5,32.8,32.0,107.0,8.22,36,50,131,27.9,31.8,7.28,18
17,5,33.3,19.8,122.3,8.83,36,50,127,26.9,20.3,7.47,17
20,3,27.9,34.0,121.4,8.99,36,50,148,43.7,42.7,7.4,20
14,3,22.5,22.6,116.5,9.88,36,50,101,29.4,13.9,7.21,14
20,5,23.2,21.5,139.3,7.82,36,50,150,28.1,22.0,7.5,20
13,4,33.6,23.4,112.2,6.84,36,50,78,26.6,16.2,6.0,13
18,2,15.0,23.0,167.0,6.96,36,50,144,50.9,16.7,8.0,18
20,4,32.6,25.4,158.6,7.96,36,50,183,39.9,22.4,9.15,20
17,1,31.1,22.9,137.7,8.34,36,50,139,80.0,23.1,8.18,17
14,5,22.0,25.8,103.6,10.47,36,50,83,19.4,24.3,5.93,14
16,5,21.6,27.4,148.9,9.04,36,50,108,19.4,21.7,6.75,16
17,2,36.1,22.0,138.3,7.75,36,50,152,61.5,24.1,8.94,17
20,9,32.1,33.3,151.3,7.89,36,50,152,21.0,25.3,7.6,20
20,6,31.0,21.4,129.2,8.48,36,50,155,30.5,23.3,7.75,20
15,4,26.5,36.0,131.5,7.75,36,50,130,28.1,31.1,8.67,15
12,4,35.3,34.6,130.1,10.23,36,50,81,18.5,32.4,6.75,12
20,4,20.6,22.5,117.4,6.76,36,50,142,30.5,25.2,7.1,20
13,1,38.3,23.2,134.1,8.99,34,50,118,80.0,22.5,9.08,13
15,3,42.5,27.8,126.8,8.43,36,50,135,44.0,37.6,9.0,15
19,4,21.9,22.8,116.0,8.31,36,50,144,30.3,29.3,7.58,19
17,1,33.1,26.5,119.1,7.55,36,50,126,80.0,25.4,7.41,17
14,4,38.1,25.7,138.6,9.47,36,49,131,34.5,25.7,9.36,14
14,2,26.9,28.7,150.7,8.28,36,50,105,38.3,21.5,7.5,14
12,3,24.9,31.6,128.8,6.27,36,50,73,24.4,29.2,6.08,12
18,8,32.7,28.4,123.5,9.98,36,50,118,21.9,30.8,6.56,18
11,8,29.0,19.6,114.8,6.99,36,50,51,17.3,25.3,4.64,11
13,3,35.9,24.6,103.0,9.19,36,50,98,34.0,31.4,7.54,13
14,4,33.9,32.1,155.3,8.48,36,50,112,30.9,29.1,8.0,14
20,5,26.2,22.2,140.5,8.65,36,50,162,31.1,19.4,8.1,20
14,3,28.6,27.4,141.3,8.09,36,50,111,32.5,21.6,7.93,14
20,1,31.9,31.4,103.9,7.17,36,50,164,80.0,41.9,8.2,20
11,4,32.4,26.7,122.7,6.96,36,50,86,26.1,25.6,7.82,11
17,4,37.0,32.7,130.7,8.61,36,50,142,37.2,27.3,8.35,17
13,6,33.5,25.4,122.4,7.63,36,50,90,22.6,31.1,6.92,13
15,2,25.6,31.6,132.3,9.4,36,50,129,43.2,33.6,8.6,15
18,1,37.2,18.1,158.2,8.47,36,50,160,80.0,12.8,8.89,18
15,4,33.4,24.7,123.9,8.04,36,50,111,32.8,24.2,7.4,15
10,4,18.3,23.9,135.0,7.07,36,50,70,17.9,22.9,7.0,10
15,6,28.4,16.9,134.7,8.92,36,50,97,24.6,18.4,6.47,15
14,4,36.2,30.0,131.3,8.36,36,50,111,33.1,27.0,7.93,14
15,3,31.1,24.1,132.4,9.2,36,50,111,38.2,24.0,7.4,15
19,3,33.5,24.5,124.8,5.95,36,50,148,42.3,25.7,7.79,19
19,7,39.4,31.8,140.7,8.07,30,50,154,28.0,27.5,8.11,19
20,3,40.2,28.8,111.8,7.95,36,50,155,47.1,22.8,7.75,20
10,2,34.3,31.1,135.9,8.64,36,50,67,31.4,27.7,6.7,10
14,5,29.3,28.7,140.6,8.69,36,50,116,24.3,32.3,8.29,14
19,5,33.3,29.6,118.0,9.75,36,50,149,34.0,28.6,7.84,19
15,6,30.2,17.5,133.7,7.65,36,50,121,20.0,19.1,8.07,15
18,7,29.5,28.6,146.9,7.96,36,50,142,21.7,29.2,7.89,18
13,6,40.8,29.5,134.7,8.23,36,50,116,22.4,27.8,8.92,13
17,5,31.2,25.7,113.1,6.73,36,50,130,34.8,31.2,7.65,17
15,3,35.8,23.5,118.6,7.63,36,50,108,38.0,21.8,7.2,15
19,3,33.5,24.6,137.3,8.53,36,50,139,39.7,24.2,7.32,19
11,9,26.6,28.3,127.4,7.13,36,50,63,15.4,28.4,5.73,11
16,5,32.5,25.4,140.1,8.03,36,50,127,24.8,26.9,7.94,16
15,6,30.3,23.9,118.8,7.65,36,50,127,23.9,27.5,8.47,15
15,3,44.3,24.0,161.0,5.88,36,50,144,47.6,26.8,9.6,15
15,7,32.7,33.7,106.7,7.75,36,47,112,19.5,35.0,7.47,15
20,1,36.5,33.9,131.0,8.35,36,50,180,80.0,32.0,9.0,20
15,4,44.1,40.2,134.7,6.57,36,50,114,26.8,43.1,7.6,15
10,5,29.4,23.9,135.3,8.86,36,50,70,17.0,24.3,7.0,10
17,6,40.1,21.5,119.8,8.47,36,50,136,38.6,18.3,8.0,17
13,3,37.4,31.8,137.2,6.66,36,47,92,35.7,28.4,7.08,13
18,5,32.4,26.2,98.5,6.89,36,50,139,28.6,28.9,7.72,18
15,4,34.2,23.2,115.0,6.67,36,50,103,26.0,29.6,6.87,15
12,3,39.6,25.5,145.2,7.8,36,50,111,40.4,30.8,9.25,12
20,2,31.8,17.9,123.8,7.57,36,50,174,64.1,12.0,8.7,20
15,3,39.3,29.4,128.6,9.06,36,50,110,35.4,27.0,7.33,15
10,4,33.1,20.4,109.4,8.02,36,50,79,28.4,23.5,7.9,10
16,7,39.1,25.1,146.5,6.76,36,50,143,32.2,25.2,8.94,16
16,2,25.2,26.8,141.9,8.05,36,50,136,47.6,29.9,8.5,16
20,4,35.4,22.7,143.0,6.98,36,50,157,39.2,18.5,7.85,20
15,4,36.5,25.7,142.7,6.71,36,50,110,27.6,23.4,7.33,15
16,7,32.2,21.8,151.9,8.67,36,50,121,13.5,22.4,7.56,16
15,3,29.2,17.0,139.0,9.3,36,50,119,33.0,13.3,7.93,15
17,3,35.4,21.3,145.5,7.25,36,50,127,39.2,18.5,7.47,17
18,1,28.0,20.4,147.0,8.06,36,50,150,80.0,18.5,8.33,18
20,5,29.6,29.7,94.5,9.61,36,47,130,23.9,28.6,6.5,20
19,3,25.3,27.3,105.7,7.63,36,50,142,40.5,28.1,7.47,19
14,5,42.8,28.0,129.5,9.41,36,50,102,29.8,29.0,7.29,14
14,7,36.4,15.0,136.6,9.51,36,50,102,26.9,12.0,7.29,14
14,9,37.3,31.7,137.4,6.99,36,50,68,21.5,37.4,4.86,14
15,3,31.3,30.0,128.7,7.11,36,50,123,25.8,33.0,8.2,15
19,3,34.0,15.0,127.6,6.44,36,50,131,36.8,19.9,6.89,19
18,4,33.0,27.9,151.9,7.45,36,50,125,34.7,24.8,6.94,18
17,6,37.1,17.9,108.6,7.23,36,50,145,30.2,18.2,8.53,17
16,5,32.9,22.7,123.1,7.5,36,50,124,26.5,16.8,7.75,16
13,1,33.6,20.8,127.3,7.53,36,50,100,74.8,19.0,7.69,13
16,3,29.8,18.6,130.9,9.28,36,50,137,37.3,16.8,8.56,16
16,5,37.5,21.5,119.8,7.47,36,50,134,33.2,17.3,8.38,16
19,10,39.8,35.1,144.4,7.68,36,50,130,22.4,32.6,6.84,19
14,10,36.0,24.1,132.3,7.76,36,50,91,24.9,19.0,6.5,14
15,4,33.0,22.7,130.2,8.08,36,50,137,32.2,26.0,9.13,15
20,7,26.1,22.4,130.6,8.75,36,50,146,27.6,28.4,7.3,20
13,6,17.9,22.7,102.9,9.83,36,48,77,13.4,20.7,5.92,13
12,4,33.2,33.1,112.1,6.78,36,50,78,26.1,34.6,6.5,12
15,4,27.9,24.6,112.3,6.1,36,50,108,27.6,30.2,7.2,15
18,2,32.3,23.8,148.1,9.36,36,50,142,51.0,28.9,7.89,18
16,10,28.4,25.4,121.7,9.29,36,50,111,18.8,29.2,6.94,16
20,5,29.4,32.5,123.5,8.72,36,50,145,26.6,41.6,7.25,20
15,7,29.0,20.5,144.1,8.7,36,50,102,22.3,23.4,6.8,15
20,4,34.2,28.1,82.7,8.2,36,50,129,33.8,25.6,6.45,20
20,3,23.1,28.2,114.4,7.61,36,50,153,41.3,32.9,7.65,20
13,5,38.1,18.9,135.7,7.1,36,50,111,26.9,20.7,8.54,13
13,4,30.7,19.7,123.6,8.31,36,50,68,19.2,21.9,5.23,13
15,7,33.6,31.1,124.5,8.75,36,50,106,24.2,29.3,7.07,15
14,3,45.3,29.9,134.9,9.17,36,50,117,42.3,31.5,8.36,14
18,2,35.8,27.4,122.8,7.7,36,50,145,59.1,26.3,8.06,18
16,3,21.1,26.7,108.7,8.08,36,50,124,38.6,27.6,7.75,16
15,7,16.8,32.2,115.2,7.79,36,50,70,10.0,39.2,4.67,15
20,4,30.8,16.3,133.5,7.69,36,50,161,38.0,12.8,8.05,20
17,10,34.6,22.5,108.9,6.31,36,50,119,20.1,24.7,7.0,17
17,7,35.1,26.1,142.1,7.51,36,50,124,24.0,28.1,7.29,17
15,6,30.9,26.1,149.9,6.81,36,50,102,25.1,29.1,6.8,15
20,6,26.3,18.8,131.2,9.65,36,50,130,27.7,18.9,6.5,20
20,2,42.1,25.5,140.2,8.03,36,50,171,72.2,18.6,8.55,20
15,3,18.6,27.2,122.4,8.76,36,50,100,25.2,30.4,6.67,15
9,6,39.2,21.1,127.8,8.8,36,50,74,19.6,19.6,8.22,9
18,4,26.2,25.7,93.6,7.59,36,50,132,28.2,23.2,7.33,18
19,6,38.4,27.4,115.3,8.46,36,50,147,31.1,29.4,7.74,19
20,6,32.2,29.0,151.4,6.73,36,50,150,25.4,37.8,7.5,20
15,8,26.6,30.9,119.4,8.12,36,50,105,18.1,27.7,7.0,15
15,3,34.6,25.3,112.3,6.6,36,50,123,41.0,18.0,8.2,15
17,2,29.9,23.8,151.0,7.48,36,50,142,55.0,28.2,8.35,17
18,8,21.4,27.7,132.3,5.93,36,50,124,17.9,30.1,6.89,18
14,2,35.0,32.1,141.2,9.57,36,50,105,39.9,30.6,7.5,14
18,5,33.0,16.8,141.2,9.95,36,50,137,32.9,12.7,7.61,18
18,5,25.2,37.1,131.4,6.72,36,50,135,24.7,38.5,7.5,18
19,7,36.1,23.3,138.2,10.91,36,50,159,28.1,23.4,8.37,19
17,6,40.2,26.8,122.5,8.23,36,50,112,35.6,27.0,6.59,17
15,2,31.0,27.4,121.2,6.77,36,50,103,46.2,29.9,6.87,15
13,7,29.3,27.5,132.7,9.61,36,50,100,21.4,30.6,7.69,13
14,5,25.1,28.5,115.8,8.74,36,40,75,22.5,33.1,5.36,14
18,6,32.4,24.9,159.0,7.95,36,50,138,24.3,26.3,7.67,18
18,3,28.3,40.6,139.0,9.04,36,50,147,38.1,39.1,8.17,18
20,4,32.1,27.6,120.2,6.43,36,50,138,32.5,31.6,6.9,20
13,5,38.1,27.1,146.5,7.55,36,50,118,31.8,22.5,9.08,13
20,5,31.3,31.5,130.4,7.72,36,49,141,31.8,35.8,7.05,20
11,5,24.5,24.5,130.6,5.4,36,49,79,14.5,22.1,7.18,11
17,7,27.7,37.6,111.8,8.54,36,50,108,23.0,35.5,6.35,17
16,5,30.5,31.9,143.0,8.33,36,50,142,28.6,36.6,8.88,16
19,4,29.8,20.0,115.5,8.17,36,50,149,31.1,15.4,7.84,19
19,6,40.1,37.5,149.7,9.31,36,50,130,30.1,32.2,6.84,19
18,2,24.5,16.8,143.5,8.52,36,50,163,62.3,23.4,9.06,18
18,0,33.3,24.8,126.4,7.42,36,50,155,80.0,24.5,8.61,18
15,4,30.3,28.5,106.7,8.45,36,50,92,26.8,25.0,6.13,15
17,8,38.4,27.1,138.9,7.24,36,50,104,25.4,32.6,6.12,17
20,5,35.5,20.8,119.2,6.98,36,50,146,37.4,17.0,7.3,20
19,4,30.9,23.5,136.0,7.73,36,50,170,39.1,26.8,8.95,19
17,3,27.6,27.0,117.6,6.8,36,50,143,39.1,22.9,8.41,17
14,7,30.6,30.1,146.9,8.41,36,50,95,12.2,30.1,6.79,14
13,10,25.8,23.0,133.3,7.04,36,50,98,13.1,25.5,7.54,13
16,1,20.7,27.8,117.5,8.41,36,50,119,80.0,34.8,7.44,16
12,9,37.6,30.8,131.5,9.5,36,50,80,21.5,32.0,6.67,12
20,6,36.6,27.4,109.8,9.01,36,50,145,31.4,29.2,7.25,20
12,4,43.3,22.7,122.0,7.99,36,50,95,31.6,22.6,7.92,12
18,3,26.4,23.8,146.0,8.51,36,50,133,40.3,24.4,7.39,18
18,7,28.1,21.6,132.9,8.34,36,50,124,23.3,25.9,6.89,18
20,7,29.4,30.9,105.6,9.36,36,50,141,19.1,28.7,7.05,20
11,8,42.9,39.1,145.0,9.03,36,50,90,30.9,36.2,8.18,11
13,6,36.9,33.9,147.5,7.75,36,50,96,17.7,26.0,7.38,13
17,5,30.2,26.5,114.2,6.74,36,50,120,22.6,24.1,7.06,17
13,2,33.1,33.3,120.4,7.86,36,50,104,42.2,32.4,8.0,13
18,3,46.1,31.1,129.0,8.55,36,50,128,44.1,27.2,7.11,18
18,5,30.3,23.1,159.2,6.97,36,50,169,31.4,25.9,9.39,18
20,5,31.0,26.7,151.7,7.97,36,50,160,27.5,34.5,8.0,20
14,4,38.4,30.1,143.2,7.35,36,50,110,33.5,37.0,7.86,14
20,3,35.7,26.9,151.3,8.04,36,50,143,42.1,23.3,7.15,20
17,2,23.0,30.8,99.0,8.24,36,50,133,54.1,31.8,7.82,17
20,3,32.2,23.3,136.3,8.69,36,50,150,48.2,23.6,7.5,20
18,4,32.8,32.1,161.8,9.13,36,50,133,32.2,36.0,7.39,18
16,0,29.7,26.5,133.6,8.29,36,50,148,80.0,28.8,9.25,16
20,5,30.9,25.1,128.8,6.96,36,50,166,32.7,20.4,8.3,20
19,6,34.8,32.8,150.6,7.65,36,50,136,32.0,39.8,7.16,19
16,10,36.9,28.3,119.2,8.45,36,50,109,23.8,29.3,6.81,16
11,6,15.9,31.0,115.2,7.97,36,50,59,10.0,28.1,5.36,11
14,4,27.9,36.3,115.2,6.9,36,50,100,19.4,35.8,7.14,14
18,5,33.8,29.0,142.3,6.88,36,39,132,27.2,23.9,7.33,18
19,4,24.7,31.3,120.4,6.48,34,50,129,28.0,29.2,6.79,19
12,2,36.0,33.0,144.8,8.39,36,50,123,47.2,28.3,10.25,12
15,9,31.5,24.2,107.4,6.18,36,50,97,22.2,24.6,6.47,15
15,2,32.3,30.0,131.9,7.86,36,50,113,51.2,23.8,7.53,15
18,1,27.8,30.5,142.5,6.82,36,50,162,80.0,30.3,9.0,18
20,4,28.6,23.8,143.4,7.84,36,50,147,33.4,25.5,7.35,20
17,3,27.2,21.7,124.3,8.77,36,50,131,39.0,20.1,7.71,17
14,4,31.0,23.7,116.1,7.42,36,50,90,27.8,26.7,6.43,14
20,3,34.7,25.8,132.5,6.17,36,50,154,47.0,28.7,7.7,20
20,3,32.1,22.5,143.2,9.08,36,50,167,49.4,23.9,8.35,20
15,6,31.0,33.3,119.8,9.18,36,50,97,21.6,37.3,6.47,15
15,4,34.1,33.0,102.7,10.32,36,50,124,35.4,34.4,8.27,15
12,7,29.5,27.4,129.1,8.55,36,50,64,18.0,28.5,5.33,12
18,4,41.6,18.2,128.5,7.49,36,50,129,32.5,15.7,7.17,18
18,6,37.0,35.0,134.8,7.46,36,50,137,27.8,36.3,7.61,18
15,5,31.1,19.9,141.9,9.0,36,50,121,24.6,12.4,8.07,15
20,6,27.6,26.4,151.1,8.56,36,50,161,22.7,36.0,8.05,20
15,4,21.4,24.6,134.9,10.33,36,50,88,21.0,27.7,5.87,15
19,5,37.2,27.0,146.8,8.56,36,50,159,27.7,29.0,8.37,19
19,7,34.4,34.6,100.1,7.21,36,50,110,19.4,34.8,5.79,19
14,5,32.6,20.8,114.3,8.51,36,50,109,26.1,23.9,7.79,14
18,5,29.2,30.4,122.6,7.84,36,50,133,28.8,35.1,7.39,18
14,5,43.1,24.3,149.9,8.47,36,50,125,33.4,22.9,8.93,14
20,5,30.6,29.5,107.3,8.5,36,50,128,25.4,30.6,6.4,20
14,6,17.8,24.4,98.4,8.05,36,50,89,14.9,29.0,6.36,14
20,6,30.5,27.7,141.4,6.45,36,50,152,27.6,30.6,7.6,20
12,3,24.8,29.8,130.6,7.9,36,50,84,28.7,35.4,7.0,12
20,2,30.0,23.8,125.1,8.84,36,50,163,62.6,24.9,8.15,20
17,4,26.5,21.9,133.2,10.81,36,50,136,31.8,22.7,8.0,17
15,6,33.2,29.5,125.5,7.27,36,50,100,19.1,28.3,6.67,15
19,3,24.2,15.0,138.5,9.2,36,50,170,45.7,15.6,8.95,19
15,5,32.7,25.9,127.9,7.46,36,50,130,34.3,33.4,8.67,15
17,6,32.1,27.6,112.4,9.54,36,50,110,25.5,32.0,6.47,17
12,4,35.1,21.1,152.8,7.19,36,50,99,26.9,19.8,8.25,12
16,6,37.9,19.9,157.0,7.54,36,50,134,27.7,23.0,8.38,16
16,4,39.9,29.3,117.4,8.15,36,50,133,29.9,31.9,8.31,16
13,5,26.0,20.9,130.2,6.08,36,50,98,23.0,12.9,7.54,13
12,5,45.5,24.2,131.6,7.42,36,50,95,29.8,17.9,7.92,12
18,3,20.4,34.7,115.6,8.1,36,50,127,34.4,32.3,7.06,18
20,2,32.2,34.5,130.2,9.79,36,50,160,59.2,29.9,8.0,20
13,5,24.2,36.3,127.3,10.08,36,50,75,25.9,43.9,5.77,13
15,4,33.3,24.2,131.6,6.56,36,50,107,31.2,17.3,7.13,15
16,7,27.2,18.4,133.8,8.62,33,50,141,27.1,26.3,8.81,16
14,7,19.2,27.8,127.4,7.21,36,50,92,18.7,26.2,6.57,14
17,5,36.0,33.2,137.7,7.12,36,50,131,21.5,28.8,7.71,17
14,6,33.1,21.5,131.8,7.09,36,43,95,19.2,19.2,6.79,14
14,7,34.4,30.4,139.8,7.03,36,50,101,23.7,25.4,7.21,14
12,2,45.2,35.0,110.1,8.62,36,50,78,45.0,33.3,6.5,12
17,3,37.7,40.4,130.6,7.45,36,50,128,44.5,35.0,7.53,17
18,6,27.8,23.4,122.9,7.99,36,50,141,26.3,15.6,7.83,18
20,5,28.5,23.2,126.6,7.76,36,50,147,32.3,30.3,7.35,20
17,6,44.6,25.0,151.7,8.72,36,50,132,27.8,20.4,7.76,17
20,2,25.5,34.0,122.5,8.53,36,50,141,50.5,27.5,7.05,20
15,5,37.0,21.3,139.0,6.39,36,50,122,22.3,30.8,8.13,15
20,5,29.3,26.5,145.0,8.01,36,50,164,33.5,25.8,8.2,20
15,6,35.8,21.9,135.8,8.58,36,50,118,24.8,30.7,7.87,15
17,9,38.8,32.6,133.1,8.28,36,50,100,21.7,35.4,5.88,17
15,3,32.2,22.9,146.6,8.03,36,50,117,35.3,25.0,7.8,15
12,7,39.4,27.9,115.2,9.52,36,50,87,23.5,24.0,7.25,12
14,5,30.8,29.4,132.3,10.5,36,50,83,21.6,28.1,5.93,14
20,1,39.7,29.9,123.4,7.38,36,50,166,80.0,26.4,8.3,20
19,7,37.9,29.4,123.5,6.38,36,50,115,24.0,27.0,6.05,19
18,5,43.5,23.9,154.5,9.03,36,48,140,38.7,24.7,7.78,18
13,4,32.7,31.3,91.4,9.54,36,50,64,19.4,29.5,4.92,13
13,3,28.6,30.8,125.6,6.95,36,50,97,27.1,29.0,7.46,13
16,5,39.4,31.4,134.5,6.69,36,50,120,32.6,35.8,7.5,16
10,8,33.0,18.9,126.5,7.46,36,50,67,12.2,12.9,6.7,10
20,4,25.6,23.6,123.1,8.3,36,50,147,35.2,23.3,7.35,20
15,4,34.7,21.9,107.3,8.86,36,50,106,31.6,23.3,7.07,15
20,10,33.1,27.3,139.6,9.31,36,50,158,19.8,29.7,7.9,20
19,4,26.5,23.0,141.2,8.16,36,50,172,37.3,22.6,9.05,19
13,3,36.8,23.9,141.5,7.42,36,50,112,35.2,32.0,8.62,13
14,2,36.9,26.0,135.5,8.23,36,50,122,49.6,25.3,8.71,14
14,2,33.1,24.9,143.8,5.64,36,50,95,44.3,26.3,6.79,14
16,2,40.3,22.3,101.9,9.17,36,50,125,51.4,23.1,7.81,16
18,3,31.5,28.0,115.1,6.98,36,50,137,39.9,29.9,7.61,18
15,6,28.1,21.2,133.0,8.05,36,50,103,21.3,17.4,6.87,15
18,4,39.8,28.8,148.8,6.58,36,50,148,42.0,31.5,8.22,18
20,2,29.7,26.9,147.5,7.16,36,50,179,65.5,27.6,8.95,20
9,6,30.1,21.3,144.9,7.05,36,50,43,13.8,23.2,4.78,9
9,1,31.2,35.6,140.5,8.84,36,50,88,63.2,42.8,9.78,9
12,2,41.5,24.5,137.1,6.76,36,50,107,50.0,24.0,8.92,12
13,4,34.7,22.2,108.9,8.81,36,50,93,29.4,19.0,7.15,13
14,2,28.6,22.1,139.3,7.36,36,50,120,43.5,18.6,8.57,14
14,4,35.1,20.0,128.7,8.02,36,50,109,26.1,20.8,7.79,14
16,8,26.0,27.4,99.8,8.03,36,50,102,14.4,28.0,6.38,16
15,0,32.6,29.0,112.3,6.46,36,50,130,80.0,27.9,8.67,15
16,3,35.7,15.8,113.6,7.58,36,50,116,36.8,19.0,7.25,16
16,1,36.7,19.5,143.2,8.35,36,50,130,80.0,27.4,8.12,16
19,7,32.2,27.2,161.3,7.23,36,50,145,27.1,32.5,7.63,19
12,4,31.5,28.2,113.3,8.87,36,50,103,32.8,32.3,8.58,12
20,6,39.1,32.3,122.1,6.97,36,50,137,31.3,31.0,6.85,20
18,3,29.1,24.7,113.8,9.11,36,50,137,38.0,27.6,7.61,18
20,3,33.4,24.2,120.2,8.13,36,50,186,47.2,25.8,9.3,20
20,3,36.1,24.5,114.5,7.87,36,50,156,46.8,24.8,7.8,20
14,3,38.8,32.1,126.9,9.07,36,50,130,42.8,35.7,9.29,14
20,7,27.6,23.0,113.1,5.48,36,50,134,23.4,30.6,6.7,20
11,7,23.5,24.1,127.2,7.36,36,50,69,14.7,27.1,6.27,11
17,8,21.6,20.9,114.4,7.68,36,50,104,13.9,16.9,6.12,17
17,2,23.2,32.7,106.8,8.62,36,50,106,44.5,34.8,6.24,17
18,6,28.0,24.2,133.2,8.02,36,50,113,24.3,25.9,6.28,18
14,1,42.8,23.2,110.3,7.45,36,50,123,80.0,20.7,8.79,14
14,8,23.9,40.5,125.7,5.86,36,50,91,17.4,38.5,6.5,14
17,4,30.6,32.0,118.8,8.13,36,50,126,30.7,34.1,7.41,17
13,3,35.8,20.6,132.2,7.12,36,50,114,41.9,23.9,8.77,13
16,1,29.8,21.7,137.9,6.38,36,50,131,80.0,20.2,8.19,16
17,7,15.0,23.4,139.5,7.7,36,50,122,13.4,31.7,7.18,17
16,8,37.1,30.5,156.8,7.36,36,50,135,24.2,30.7,8.44,16
13,6,25.4,20.1,131.9,7.54,36,50,94,18.1,13.3,7.23,13
15,6,29.6,22.2,146.5,8.28,36,50,125,25.1,23.4,8.33,15
15,6,27.4,20.7,143.9,6.16,36,50,116,26.9,17.1,7.73,15
18,4,41.9,38.7,116.8,7.43,36,50,123,33.0,36.5,6.83,18
19,10,35.4,26.6,131.4,7.22,36,50,136,25.4,31.1,7.16,19
18,1,32.5,25.6,113.2,9.26,36,50,144,80.0,19.0,8.0,18
16,2,27.8,29.6,126.9,7.79,36,50,123,44.9,30.0,7.69,16
19,4,32.5,18.6,144.5,7.51,36,50,179,38.2,20.5,9.42,19
13,6,34.8,15.5,133.7,10.09,36,50,91,17.8,20.1,7.0,13
19,2,27.8,23.6,134.1,7.65,36,50,160,58.8,30.5,8.42,19
15,2,28.9,17.6,130.7,8.96,36,50,139,52.0,17.8,9.27,15
17,1,30.8,18.0,123.8,7.64,36,50,146,80.0,20.4,8.59,17
15,1,27.1,28.3,162.2,8.39,36,50,127,80.0,31.0,8.47,15
12,3,40.3,28.6,101.0,6.63,36,50,70,27.3,34.9,5.83,12
18,6,32.1,27.0,133.3,7.47,36,50,118,21.6,27.5,6.56,18
16,4,34.1,19.1,109.8,9.9,36,50,131,36.7,12.4,8.19,16
15,5,30.1,18.2,125.8,9.64,36,50,113,23.7,12.0,7.53,15
12,2,21.9,28.8,145.8,7.11,36,50,87,35.4,29.0,7.25,12
16,3,33.5,24.8,116.1,7.89,36,50,130,35.9,30.2,8.12,16
15,2,35.6,37.5,126.4,9.32,36,50,123,53.1,42.2,8.2,15
18,4,35.4,22.0,120.7,11.34,36,50,139,35.7,18.4,7.72,18
16,4,34.6,23.9,123.6,7.97,36,50,125,37.0,34.3,7.81,16
20,3,40.8,33.7,152.4,7.24,36,50,161,50.6,38.8,8.05,20
20,3,30.2,20.2,122.9,7.23,36,50,180,48.3,17.2,9.0,20
11,7,40.8,26.0,120.6,8.58,36,50,70,22.3,26.0,6.36,11
18,3,26.4,24.3,137.4,8.14,36,50,152,36.2,22.5,8.44,18
16,2,24.8,24.1,137.4,7.9,36,50,120,45.7,18.5,7.5,16
19,4,38.3,30.1,128.9,7.39,36,50,156,33.9,25.1,8.21,19
18,3,27.5,28.1,117.3,7.45,36,50,103,32.0,20.8,5.72,18
16,5,33.9,21.3,135.9,6.47,36,50,138,33.8,30.2,8.62,16
19,3,45.6,28.9,108.5,7.91,36,50,164,54.2,30.1,8.63,19
16,2,40.7,25.8,159.1,7.71,36,50,129,54.9,18.8,8.06,16
19,5,15.0,29.4,143.3,7.16,36,50,131,19.7,28.8,6.89,19
16,7,29.1,23.0,139.7,7.02,36,50,142,24.7,23.1,8.88,16
19,3,35.9,20.6,117.7,6.53,36,50,157,45.0,25.2,8.26,19
12,8,27.5,26.0,149.7,6.68,36,50,69,15.6,29.5,5.75,12
19,6,31.0,21.1,148.4,9.07,36,50,159,31.3,24.9,8.37,19
19,8,30.9,29.0,142.6,8.79,36,48,130,24.9,28.4,6.84,19
9,5,28.4,18.3,102.0,9.37,36,50,62,17.1,14.6,6.89,9
19,6,30.9,27.4,132.7,7.49,36,50,143,33.8,28.4,7.53,19
13,5,33.6,30.5,107.3,7.11,36,50,94,25.3,35.3,7.23,13
19,6,34.5,36.2,120.0,8.05,36,50,121,22.4,30.3,6.37,19
16,3,35.7,31.5,145.7,8.06,36,50,131,36.1,33.2,8.19,16
14,4,26.0,22.5,106.7,8.38,36,50,113,31.2,18.9,8.07,14
20,4,42.2,28.4,145.8,8.66,36,50,153,36.7,24.2,7.65,20
10,1,28.9,26.3,138.5,6.1,36,50,78,59.6,26.0,7.8,10
20,5,38.9,23.2,119.1,7.81,36,50,151,35.2,20.2,7.55,20
15,8,31.8,30.1,150.5,6.62,36,50,120,23.0,29.8,8.0,15
12,7,35.0,21.6,123.7,6.12,36,50,95,24.4,24.3,7.92,12
17,4,27.3,24.3,129.3,6.16,36,50,138,30.3,21.4,8.12,17
19,1,25.8,24.5,101.0,8.79,36,50,134,80.0,26.8,7.05,19
14,8,34.1,28.4,105.6,6.1,36,50,63,18.3,32.0,4.5,14
17,5,29.6,29.5,127.7,8.59,36,50,135,25.0,28.1,7.94,17
15,3,30.1,27.0,139.9,10.03,36,50,87,30.4,30.2,5.8,15
20,2,32.7,20.9,146.7,8.17,36,50,163,67.4,27.3,8.15,20
13,6,19.0,16.8,122.9,8.46,36,50,78,15.5,16.3,6.0,13
16,2,30.3,24.6,156.1,7.42,36,50,132,53.3,22.2,8.25,16
17,5,35.0,29.0,159.1,7.49,36,50,121,28.3,32.1,7.12,17
19,4,35.4,27.8,134.5,7.27,36,50,154,38.5,32.5,8.11,19
17,2,33.2,24.9,114.3,6.29,36,50,132,52.7,27.9,7.76,17
16,3,27.3,27.8,123.7,6.22,36,50,115,35.1,32.1,7.19,16
14,7,30.1,21.6,119.9,8.15,36,50,100,22.7,17.3,7.14,14
16,7,27.4,30.1,123.1,8.14,36,49,89,16.0,30.7,5.56,16
15,2,32.7,16.0,111.4,7.32,36,50,95,45.5,17.8,6.33,15
15,7,27.0,30.8,132.0,8.29,36,50,112,21.7,37.4,7.47,15
20,5,34.8,30.8,144.5,7.97,36,50,155,31.8,34.4,7.75,20
18,5,34.1,28.6,117.6,8.43,36,50,140,31.1,21.0,7.78,18
14,3,29.5,17.5,139.6,8.95,36,50,119,36.1,12.9,8.5,14
20,5,23.0,18.8,128.6,9.05,36,50,153,25.7,19.4,7.65,20
16,10,31.2,21.4,133.6,8.37,36,50,113,17.3,23.8,7.06,16
18,3,20.4,23.9,130.1,8.88,36,50,129,33.6,31.0,7.17,18
13,9,29.3,22.5,136.3,8.74,36,50,94,18.3,22.1,7.23,13
20,5,36.3,23.7,140.8,7.19,34,50,149,32.6,28.5,7.45,20
18,6,41.1,30.9,129.8,7.74,36,50,124,28.7,28.3,6.89,18
14,9,31.5,32.7,130.1,9.9,36,50,66,11.8,35.2,4.71,14
18,5,28.5,36.2,127.0,8.18,36,47,133,27.1,30.2,7.39,18
20,5,32.3,27.3,148.3,8.39,36,50,169,35.4,21.3,8.45,20
14,1,36.6,25.0,119.8,8.58,36,50,98,76.3,24.6,7.0,14
18,3,26.9,29.0,152.1,8.76,36,50,154,43.7,31.2,8.56,18
15,6,35.3,26.2,132.8,7.62,36,50,152,32.2,22.3,10.13,15
12,5,30.9,25.7,105.1,7.91,36,50,91,21.7,22.4,7.58,12
16,4,30.9,22.1,130.2,7.79,36,50,135,37.0,22.3,8.44,16
14,3,37.4,30.6,144.6,7.4,36,50,121,42.6,39.6,8.64,14
14,2,36.1,27.5,135.9,7.94,36,50,110,43.5,27.9,7.86,14
20,5,30.1,18.5,134.3,6.55,36,50,155,27.9,23.0,7.75,20
14,6,24.7,21.1,108.4,7.5,34,50,95,18.2,16.5,6.79,14
18,5,41.6,28.0,113.8,9.16,36,50,143,35.8,26.2,7.94,18
15,3,39.6,26.2,138.3,8.28,36,50,134,44.4,26.0,8.93,15
18,3,34.9,27.6,135.5,9.66,36,50,154,43.8,23.4,8.56,18
18,6,41.6,19.7,118.1,9.59,36,50,142,34.5,23.8,7.89,18
11,9,28.1,40.8,153.7,7.76,36,50,59,10.5,48.6,5.36,11
11,3,36.8,33.2,95.5,7.77,36,50,67,26.4,29.7,6.09,11
15,2,21.6,26.8,93.5,5.16,36,50,94,41.0,22.3,6.27,15
20,3,36.2,21.4,128.1,8.81,36,50,167,49.3,17.0,8.35,20
15,1,29.4,25.4,137.5,7.04,36,50,108,80.0,20.5,7.2,15
17,5,42.6,15.0,143.3,7.88,36,50,131,31.2,13.9,7.71,17
20,4,34.0,23.1,150.1,8.57,36,50,160,43.0,23.6,8.0,20
20,3,42.8,19.3,128.5,7.0,36,50,167,53.1,22.9,8.35,20
15,6,32.3,24.8,124.5,7.47,36,50,125,22.6,28.0,8.33,15
18,4,32.9,31.6,125.0,8.25,36,50,140,38.3,33.8,7.78,18
16,5,31.7,35.3,111.8,8.92,36,50,102,33.4,30.9,6.38,16
19,4,26.3,28.7,130.2,7.62,36,50,162,31.1,30.6,8.53,19
16,6,30.1,26.8,123.2,8.01,36,50,127,21.7,22.2,7.94,16
16,4,32.5,20.5,123.0,7.89,35,50,133,34.3,15.3,8.31,16
14,4,30.9,23.8,125.4,6.53,36,50,120,37.2,25.2,8.57,14
20,6,36.1,34.8,136.3,9.76,36,50,115,25.7,35.3,5.75,20
15,2,42.9,20.1,122.3,6.91,36,50,150,60.3,26.1,10.0,15
17,4,30.5,23.8,135.3,7.38,36,50,138,34.7,29.6,8.12,17
14,5,33.5,30.1,136.3,8.5,36,50,100,28.0,29.5,7.14,14
18,6,21.8,23.2,143.5,6.5,36,50,135,15.8,20.8,7.5,18
14,4,30.3,30.4,134.4,8.55,36,50,99,26.5,37.6,7.07,14
16,5,30.9,37.5,128.0,7.78,36,50,96,29.0,42.0,6.0,16
17,5,24.2,34.4,136.5,6.91,36,50,108,26.4,24.8,6.35,17
16,6,28.6,24.5,138.1,7.62,36,50,128,27.8,30.6,8.0,16
14,4,37.1,26.5,123.9,6.3,36,50,106,27.4,21.0,7.57,14
19,1,38.8,21.1,151.1,9.6,36,38,167,80.0,20.6,8.79,19
20,4,34.5,34.5,140.5,9.26,36,50,164,41.7,34.0,8.2,20
17,8,28.9,21.8,112.9,8.67,36,50,110,18.3,19.7,6.47,17
16,2,26.5,24.0,97.3,8.13,36,50,101,42.5,25.9,6.31,16
20,5,42.8,18.4,102.6,7.99,36,50,165,38.0,17.8,8.25,20
20,6,40.2,28.0,137.8,7.42,36,50,155,30.2,25.4,7.75,20
20,3,16.4,19.0,146.9,7.87,36,50,156,33.6,19.0,7.8,20
18,3,32.2,28.7,139.0,7.49,36,50,145,40.5,23.1,8.06,18
19,7,36.9,20.4,126.4,7.83,36,50,133,23.8,20.3,7.0,19
20,6,32.0,24.6,150.8,7.61,36,50,155,24.8,26.5,7.75,20
19,3,22.1,30.5,161.0,6.5,36,50,147,30.3,28.5,7.74,19
15,4,36.5,23.9,114.0,7.75,36,50,111,34.5,30.5,7.4,15
20,5,35.3,21.5,135.9,8.49,36,50,168,31.3,22.5,8.4,20
16,7,26.1,25.0,131.4,7.54,36,50,99,18.3,28.5,6.19,16
20,7,31.4,29.0,137.0,8.58,36,50,158,30.7,29.5,7.9,20
15,1,41.2,16.9,120.5,7.51,36,50,140,80.0,12.9,9.33,15
20,3,33.8,30.5,133.8,8.95,36,50,152,38.7,29.5,7.6,20
19,2,31.7,17.0,155.9,6.62,36,50,159,57.2,13.9,8.37,19
16,2,36.7,25.9,154.2,8.13,36,50,145,61.4,24.1,9.06,16
19,9,37.8,28.1,117.9,7.95,36,50,137,27.9,32.8,7.21,19
9,4,40.3,25.1,116.1,8.9,36,50,94,33.1,31.9,10.44,9
20,5,21.1,33.8,142.9,6.99,36,50,151,24.3,31.8,7.55,20
18,5,38.7,27.1,115.0,6.53,36,50,141,33.8,35.8,7.83,18
12,6,22.5,31.2,106.6,6.01,36,50,75,17.6,25.4,6.25,12
20,2,40.6,22.3,134.6,7.44,36,50,174,69.9,24.2,8.7,20
18,2,46.0,23.2,143.7,7.53,36,50,161,66.4,24.3,8.94,18
13,4,29.1,18.2,145.8,8.18,36,50,110,29.7,21.6,8.46,13
13,6,35.5,36.9,101.9,7.48,36,50,96,22.8,42.3,7.38,13
14,7,22.7,33.2,102.2,8.92,36,50,65,16.0,33.2,4.64,14
20,6,30.3,32.9,136.9,8.67,36,50,157,26.4,38.3,7.85,20
16,6,24.8,32.5,107.7,7.3,36,50,91,20.9,34.0,5.69,16
20,7,32.6,29.0,148.1,7.32,36,50,159,23.3,26.8,7.95,20
17,2,33.6,26.2,138.0,9.54,36,50,162,68.4,31.2,9.53,17
17,6,32.1,27.4,144.3,6.21,36,50,116,27.9,23.0,6.82,17
20,1,26.9,31.9,125.4,8.51,36,50,171,80.0,36.2,8.55,20
9,8,29.1,24.5,102.1,8.95,36,50,46,17.1,21.8,5.11,9
19,3,31.0,26.1,137.0,8.14,36,50,146,43.3,24.9,7.68,19
17,8,27.2,30.8,126.1,9.11,36,50,121,18.9,31.2,7.12,17
16,4,27.2,21.5,130.4,7.69,36,50,110,29.6,16.6,6.88,16
15,6,34.6,30.2,126.2,7.56,36,50,127,29.7,33.1,8.47,15
13,6,28.0,33.8,150.0,8.35,36,50,65,18.2,30.9,5.0,13
15,6,33.0,23.9,129.0,8.38,36,50,97,26.1,23.6,6.47,15
15,5,25.2,25.3,111.6,8.28,36,50,106,22.9,29.1,7.07,15
20,4,26.5,33.0,122.7,7.99,36,50,139,32.6,35.1,6.95,20
18,3,38.4,28.9,114.7,8.99,36,50,142,43.7,33.2,7.89,18
17,2,36.6,28.2,145.6,8.21,36,50,148,57.1,26.7,8.71,17
14,5,22.1,20.7,140.5,9.26,36,50,93,23.0,22.2,6.64,14
18,3,38.1,15.0,139.3,8.91,36,50,152,42.2,12.3,8.44,18
18,6,42.2,29.4,131.6,5.68,36,50,160,33.8,31.3,8.89,18
16,5,41.1,29.0,115.9,10.38,36,50,123,33.5,24.8,7.69,16
16,8,33.2,29.9,155.9,5.68,36,50,128,20.9,35.3,8.0,16
20,4,31.9,20.9,133.3,6.07,36,50,150,35.4,19.8,7.5,20
15,9,24.9,21.8,107.0,5.98,36,50,91,21.9,20.2,6.07,15
14,3,24.2,22.5,134.7,7.99,36,50,104,22.5,21.7,7.43,14
20,5,22.1,30.7,132.0,7.86,36,50,148,27.1,33.1,7.4,20
17,6,34.6,25.3,146.0,8.59,36,50,142,27.9,28.7,8.35,17
16,8,19.2,15.0,158.7,7.78,36,50,107,16.2,22.3,6.69,16
20,2,30.9,26.2,153.7,7.63,36,50,191,69.2,30.5,9.55,20
16,7,40.9,30.7,118.8,7.73,36,50,102,30.3,29.5,6.38,16
17,6,33.0,28.9,120.9,7.98,36,50,119,24.8,30.3,7.0,17
15,3,32.6,25.7,114.1,8.53,36,50,109,38.3,23.4,7.27,15
15,5,33.9,32.3,133.4,7.28,36,50,112,27.3,32.7,7.47,15
19,4,26.4,20.3,133.3,8.56,36,50,135,25.8,27.2,7.11,19
15,7,25.7,32.2,109.1,8.38,36,50,83,19.7,26.8,5.53,15
19,2,24.3,15.0,106.4,8.94,36,50,151,55.3,12.0,7.95,19
14,7,30.8,25.5,124.1,7.97,36,50,94,20.6,23.9,6.71,14
15,5,35.2,21.6,129.1,6.04,36,50,92,25.3,26.3,6.13,15
19,4,23.3,22.7,122.9,8.62,36,50,130,34.1,23.6,6.84,19
14,2,32.9,28.5,119.8,8.66,36,50,102,44.5,25.8,7.29,14
11,8,33.3,24.4,141.2,8.26,36,50,75,16.2,23.6,6.82,11
14,8,36.1,35.5,152.8,8.14,36,50,116,22.8,35.0,8.29,14
17,3,30.5,29.0,133.1,8.98,36,50,135,36.4,30.5,7.94,17
16,3,26.5,25.9,130.8,7.34,36,50,125,34.1,27.2,7.81,16
15,9,37.8,21.0,125.4,8.49,36,50,121,17.2,20.7,8.07,15
17,5,39.3,22.9,120.9,6.23,36,50,151,30.9,19.8,8.88,17
15,7,30.8,26.1,148.0,8.59,36,50,115,26.7,27.2,7.67,15
19,5,31.1,23.7,99.0,7.39,36,50,150,25.9,25.0,7.89,19
17,5,27.3,25.8,125.0,8.65,36,50,108,26.8,29.7,6.35,17
13,4,27.1,26.4,145.8,8.64,36,50,61,23.4,28.6,4.69,13
17,10,30.1,25.7,125.0,7.52,36,50,129,20.5,25.6,7.59,17
17,5,39.0,15.0,141.0,9.94,36,50,145,28.0,12.0,8.53,17
11,7,32.8,28.8,122.1,7.08,36,50,77,22.0,26.9,7.0,11
12,3,32.1,26.9,112.5,7.83,36,50,81,27.3,28.4,6.75,12
20,4,26.6,24.2,132.3,10.3,36,50,150,30.6,25.2,7.5,20
15,4,27.8,23.5,134.8,7.74,36,50,122,24.5,22.2,8.13,15
15,3,29.1,29.1,143.1,7.12,36,50,122,38.7,30.4,8.13,15
19,5,35.0,34.1,144.1,10.36,36,50,140,24.4,37.6,7.37,19
19,6,36.2,22.5,148.2,8.26,36,50,130,26.6,34.0,6.84,19
14,4,22.3,20.1,116.7,7.89,36,50,107,26.6,20.3,7.64,14
15,4,31.7,34.8,139.6,8.17,36,50,113,26.3,38.9,7.53,15
19,6,35.6,15.0,122.6,6.34,36,50,168,28.8,17.8,8.84,19
18,2,31.2,34.2,143.1,7.31,36,50,124,53.8,26.8,6.89,18
17,3,37.3,17.7,126.2,8.31,36,50,159,49.0,31.6,9.35,17
16,6,40.2,23.8,151.1,7.6,36,50,135,28.9,27.2,8.44,16
18,4,27.4,25.8,138.9,9.8,36,50,128,28.5,25.4,7.11,18
17,3,23.4,28.2,112.2,8.06,36,50,120,31.9,31.5,7.06,17
16,6,31.7,22.1,96.3,6.48,36,50,113,20.9,26.8,7.06,16
10,4,37.9,17.0,143.9,8.27,29,50,72,25.5,20.8,7.2,10
13,5,34.2,34.5,133.5,7.19,36,50,74,22.1,32.9,5.69,13
16,4,23.9,23.6,163.5,7.11,36,50,132,27.6,28.7,8.25,16
17,1,33.3,27.9,123.5,9.04,36,50,128,80.0,23.9,7.53,17
18,5,29.5,22.2,158.7,7.22,36,46,134,25.8,15.9,7.44,18
17,5,32.5,28.3,133.5,7.87,36,50,133,28.6,30.7,7.82,17
16,6,37.8,22.4,131.4,7.25,36,50,132,31.4,23.5,8.25,16
20,2,36.0,31.2,139.3,9.16,36,50,169,58.7,27.1,8.45,20
14,8,29.8,25.0,140.6,7.38,36,50,102,20.0,32.1,7.29,14
20,4,29.3,27.1,158.3,9.6,36,50,179,43.3,30.5,8.95,20
12,3,40.2,24.8,131.7,5.98,36,50,101,31.6,25.1,8.42,12
15,7,27.7,28.5,124.0,8.97,36,50,88,16.0,35.1,5.87,15
14,5,34.8,24.6,131.8,9.77,36,50,123,31.3,25.9,8.79,14
12,5,33.1,23.9,158.4,6.7,36,50,81,19.0,19.8,6.75,12
20,10,39.2,26.1,139.0,7.91,36,50,145,18.6,29.1,7.25,20
17,2,32.7,26.1,144.2,7.38,36,50,122,49.6,33.3,7.18,17
12,0,32.0,29.9,122.6,8.02,36,50,79,61.9,30.3,6.58,12
19,3,33.4,35.3,108.6,10.01,36,50,144,38.9,34.5,7.58,19
13,3,22.1,20.9,129.3,6.5,36,50,90,28.4,22.7,6.92,13
11,5,32.6,31.4,132.1,7.71,36,50,98,22.0,31.2,8.91,11
15,3,31.4,27.8,147.7,9.18,36,50,124,37.9,26.1,8.27,15
16,5,18.1,26.7,142.9,8.52,36,50,107,16.4,23.8,6.69,16
20,3,27.9,21.3,116.6,5.31,36,50,153,42.9,22.5,7.65,20
20,3,33.5,28.6,133.3,8.14,36,50,175,46.2,31.4,8.75,20
18,4,31.8,26.7,132.8,7.38,36,50,114,30.2,22.1,6.33,18
17,7,44.1,32.4,101.3,6.97,36,50,116,32.9,31.0,6.82,17
13,5,38.8,28.2,126.2,7.86,36,50,90,28.6,39.1,6.92,13
17,5,36.2,30.2,143.6,6.84,36,50,148,31.2,34.2,8.71,17
17,3,38.2,23.2,107.7,7.3,36,50,165,47.5,25.8,9.71,17
16,5,37.8,34.5,109.9,5.99,36,50,118,28.4,31.2,7.38,16
17,2,26.8,30.5,112.1,8.01,36,50,126,45.3,36.1,7.41,17
15,7,24.3,21.1,127.1,9.23,36,50,100,27.1,16.5,6.67,15
16,3,22.1,27.8,93.4,6.42,36,50,92,31.8,21.8,5.75,16
17,2,33.2,30.8,116.5,8.43,36,50,140,54.7,33.2,8.24,17
18,8,43.2,28.8,112.5,6.82,36,50,114,24.8,29.7,6.33,18
14,7,24.6,22.7,155.1,7.68,36,50,105,20.3,26.7,7.5,14
19,3,31.1,32.2,119.3,8.82,36,50,147,45.7,28.1,7.74,19
14,1,29.9,23.1,121.8,8.57,36,50,100,67.4,24.0,7.14,14
11,3,25.6,20.6,124.8,7.74,36,50,62,13.8,17.5,5.64,11
14,10,35.2,32.0,102.6,6.72,36,50,87,19.1,32.8,6.21,14
19,3,30.4,24.4,141.7,8.93,36,50,156,42.0,31.1,8.21,19
19,4,23.9,31.3,139.8,7.9,36,50,150,32.0,32.1,7.89,19
7,2,23.9,29.1,147.3,7.68,36,50,34,19.2,33.1,4.86,7
18,3,48.9,25.8,127.5,9.25,36,50,164,60.2,24.7,9.11,18
17,5,29.4,20.9,93.6,7.23,36,50,110,30.6,19.6,6.47,17
14,5,32.1,25.3,121.5,8.79,36,50,95,23.0,20.4,6.79,14
20,10,25.6,27.0,134.9,8.83,36,50,138,21.6,24.4,6.9,20
18,7,26.8,20.2,150.5,8.16,36,50,127,24.1,16.4,7.06,18
18,5,35.6,20.9,128.6,7.39,36,50,140,33.5,19.7,7.78,18
14,4,33.9,22.8,130.5,7.31,36,50,114,35.9,24.9,8.14,14
16,3,31.4,30.7,127.8,8.95,36,50,110,31.1,28.6,6.88,16
20,10,35.3,24.5,101.3,6.99,36,50,117,25.3,25.0,5.85,20
19,9,28.1,25.2,122.0,7.67,36,50,111,21.6,32.1,5.84,19
18,1,26.7,23.0,136.4,7.04,36,50,140,80.0,18.5,7.78,18
20,1,28.9,33.4,131.9,6.6,36,50,141,80.0,33.9,7.05,20
17,9,34.8,26.2,138.1,7.31,36,50,94,16.1,28.4,5.53,17
10,5,27.4,15.8,121.7,7.13,36,50,67,19.5,23.2,6.7,10
13,9,30.4,24.9,111.2,7.55,36,50,89,15.9,32.4,6.85,13
16,3,30.2,24.0,115.3,7.3,36,50,116,39.1,16.8,7.25,16
14,1,28.1,17.3,116.3,9.08,36,50,113,80.0,17.6,8.07,14
15,3,25.3,17.4,125.9,8.94,36,50,125,28.6,19.9,8.33,15
17,7,36.8,20.9,154.5,7.21,36,46,138,25.6,28.7,8.12,17
20,4,33.3,25.8,153.1,8.19,36,50,156,39.9,20.8,7.8,20
19,8,21.2,27.1,123.3,8.36,36,50,133,21.1,22.9,7.0,19
17,4,29.8,34.6,125.8,9.77,36,50,129,34.3,37.6,7.59,17
18,2,16.3,20.6,110.2,9.42,36,50,108,40.6,23.6,6.0,18
14,8,35.5,30.3,139.0,7.96,36,50,84,19.8,27.1,6.0,14
16,3,36.9,15.0,125.8,8.61,36,50,108,31.3,12.0,6.75,16
18,7,35.1,19.3,123.9,8.85,36,50,136,29.5,23.3,7.56,18
17,4,33.1,17.5,145.7,6.18,36,50,115,27.1,24.1,6.76,17
19,7,36.6,24.3,118.6,8.86,36,50,160,26.8,23.2,8.42,19
14,2,36.1,24.5,161.7,7.29,36,50,122,49.8,22.8,8.71,14
13,5,27.1,29.1,127.5,8.79,36,50,88,21.2,31.9,6.77,13
13,3,31.6,24.1,104.5,6.44,36,50,101,34.0,27.6,7.77,13
18,6,24.4,28.9,160.6,7.94,36,50,114,17.4,27.7,6.33,18
18,6,39.6,30.1,134.5,8.35,36,50,147,27.6,26.9,8.17,18
15,7,29.2,27.6,134.0,7.05,36,50,95,20.5,31.0,6.33,15
18,3,37.2,22.1,139.2,8.85,36,50,145,45.9,26.1,8.06,18
14,2,40.5,27.8,140.6,8.14,36,41,140,53.7,30.5,10.0,14
17,4,37.4,30.6,146.3,8.55,36,50,122,32.7,32.0,7.18,17
17,5,33.5,19.5,145.2,8.16,36,50,151,26.3,24.9,8.88,17
16,6,23.2,35.3,137.8,8.15,36,50,112,24.9,40.1,7.0,16
15,4,36.1,24.1,143.0,8.78,36,50,110,32.2,24.0,7.33,15
15,8,25.6,32.0,157.7,7.65,36,50,121,10.0,32.2,8.07,15
14,2,42.3,19.1,143.7,8.75,36,50,137,57.4,18.4,9.79,14
14,6,35.7,23.9,122.9,7.25,36,50,111,30.8,25.5,7.93,14
14,3,31.8,23.4,131.5,7.5,36,50,99,26.8,26.9,7.07,14
17,5,33.2,25.7,123.5,8.11,36,50,132,25.0,23.2,7.76,17
16,7,18.4,19.4,112.1,9.29,36,50,92,21.8,26.4,5.75,16
20,7,25.6,22.5,126.5,7.2,36,42,142,18.1,20.8,7.1,20
18,6,30.2,23.8,151.1,9.35,36,50,160,21.9,13.6,8.89,18
12,3,29.5,20.7,145.2,8.26,36,50,108,35.2,19.1,9.0,12
17,4,27.1,23.3,146.2,7.94,36,50,121,25.5,24.0,7.12,17
20,7,40.2,28.2,125.5,8.56,36,50,142,27.7,26.8,7.1,20
18,4,32.0,15.0,129.7,7.01,36,50,156,38.3,13.0,8.67,18
15,6,32.3,29.8,154.0,7.86,36,50,122,29.1,26.7,8.13,15
14,5,33.8,21.4,126.9,8.32,36,50,110,24.7,27.7,7.86,14
18,6,27.5,23.1,135.0,8.24,36,50,154,25.0,26.4,8.56,18
17,3,29.1,20.3,129.3,7.52,36,50,139,39.7,14.9,8.18,17
14,5,32.0,26.1,136.2,7.52,36,50,96,27.3,21.2,6.86,14
17,8,31.2,17.5,135.8,5.51,36,50,123,20.7,23.1,7.24,17
18,6,32.1,22.9,111.3,8.23,36,50,114,20.0,16.3,6.33,18
12,5,29.0,22.6,110.7,8.03,36,50,83,20.4,25.3,6.92,12
11,2,31.7,25.8,118.0,7.68,36,50,103,48.6,25.1,9.36,11
18,4,27.8,31.7,151.4,7.76,36,50,144,33.2,37.8,8.0,18
19,2,37.0,25.2,154.5,7.4,36,50,172,63.0,30.1,9.05,19
16,10,26.9,24.9,121.6,7.57,36,50,99,20.8,20.9,6.19,16
20,5,42.5,31.2,157.9,7.4,36,50,176,41.8,32.8,8.8,20
12,5,33.3,15.6,142.2,7.02,36,50,101,28.0,16.3,8.42,12
14,1,37.1,15.0,132.0,7.41,36,50,127,80.0,16.6,9.07,14
17,4,28.1,32.2,108.0,9.5,36,50,98,29.4,30.4,5.76,17
19,5,33.7,28.3,142.5,8.1,36,50,162,29.7,29.9,8.53,19
19,3,33.9,24.4,155.2,8.24,36,50,175,50.9,26.5,9.21,19
16,8,34.6,28.1,143.8,7.68,36,50,134,25.2,28.2,8.38,16
16,3,25.4,24.9,124.0,7.45,36,50,99,30.7,27.0,6.19,16
16,4,39.4,37.9,113.6,9.56,36,50,126,36.6,43.0,7.88,16
15,7,36.7,27.8,123.4,7.63,36,50,118,28.5,33.1,7.87,15
15,2,39.1,25.1,137.3,6.64,36,44,132,53.1,27.2,8.8,15
17,5,30.3,22.2,98.8,6.45,36,50,123,28.2,25.0,7.24,17
17,5,46.8,28.1,138.9,7.91,36,50,137,36.7,31.0,8.06,17
15,6,27.5,30.3,114.6,8.29,36,50,101,21.8,25.2,6.73,15
13,8,37.3,28.7,113.7,8.48,36,50,91,27.2,28.4,7.0,13
20,5,29.4,22.3,112.5,7.39,36,50,156,31.1,26.0,7.8,20
11,3,36.0,24.1,126.4,7.05,36,50,87,24.3,21.3,7.91,11
17,6,36.1,24.5,146.3,8.09,36,50,146,27.9,31.3,8.59,17
15,3,33.5,39.8,150.5,8.17,36,50,114,36.6,35.2,7.6,15
16,2,31.4,22.6,129.6,8.61,36,50,110,44.0,14.2,6.88,16
15,1,28.2,21.6,118.7,8.55,36,50,126,80.0,13.4,8.4,15
16,1,41.7,15.0,150.8,6.99,36,50,160,80.0,16.7,10.0,16
15,4,31.5,18.3,128.7,7.07,36,50,135,33.6,19.8,9.0,15
19,4,41.1,30.3,136.0,9.82,36,50,168,43.6,29.5,8.84,19
20,5,20.1,28.7,116.7,10.46,36,50,128,24.3,27.7,6.4,20
16,4,25.8,25.0,148.5,7.79,36,50,98,25.3,30.5,6.12,16
15,8,34.7,31.1,113.3,8.82,36,50,115,21.4,30.8,7.67,15
15,5,26.2,31.0,127.7,8.6,36,50,103,26.4,31.8,6.87,15
16,4,26.0,24.6,136.1,7.91,36,50,103,28.8,26.8,6.44,16
20,3,25.9,25.4,155.2,7.13,36,50,158,43.5,29.1,7.9,20
20,6,27.0,26.7,145.5,8.02,36,50,169,29.1,26.8,8.45,20
19,3,34.0,29.3,127.9,8.82,36,50,155,51.8,36.9,8.16,19
18,6,28.7,28.4,130.6,8.47,36,50,114,26.3,26.6,6.33,18
9,5,16.6,24.2,147.6,6.94,36,50,30,10.0,22.9,3.33,9
16,6,36.9,31.1,171.3,6.01,34,50,128,27.2,32.0,8.0,16
20,7,31.4,28.4,123.1,7.71,36,43,134,27.6,24.1,6.7,20
15,5,29.4,29.8,126.3,8.66,36,50,109,21.2,23.5,7.27,15
12,2,39.2,25.6,124.5,9.83,36,40,83,35.4,28.2,6.92,12
20,9,35.3,26.1,118.1,7.06,36,50,158,23.8,22.9,7.9,20
18,5,39.5,26.6,132.8,9.36,36,50,129,30.4,25.5,7.17,18
15,10,24.2,30.3,128.6,8.86,36,50,74,17.9,31.1,4.93,15
10,6,36.3,24.7,121.0,8.23,36,50,53,22.6,23.4,5.3,10
19,6,39.5,26.6,153.7,8.77,36,50,153,31.6,39.8,8.05,19
18,7,36.6,35.6,130.2,10.5,36,50,121,21.9,24.0,6.72,18
18,4,28.5,30.4,107.4,7.38,36,50,126,25.4,33.3,7.0,18
16,4,39.9,24.1,117.1,8.59,36,50,124,33.2,33.1,7.75,16
17,8,22.0,28.0,102.8,8.64,36,50,100,15.2,26.8,5.88,17
18,3,28.5,24.4,130.2,7.49,36,50,138,40.9,20.1,7.67,18
14,5,29.8,25.5,120.4,6.45,36,42,90,25.6,21.1,6.43,14
12,1,26.3,31.6,141.1,8.04,36,50,100,73.2,28.0,8.33,12
16,7,36.6,22.2,159.0,7.84,36,50,148,25.4,20.8,9.25,16
19,5,37.8,24.1,141.2,7.9,36,50,153,32.5,18.8,8.05,19
14,3,30.7,33.1,126.8,6.21,36,45,116,32.6,38.4,8.29,14
17,4,29.0,19.6,128.9,9.17,36,50,159,35.0,25.3,9.35,17
14,2,38.2,32.7,123.8,9.69,36,50,109,48.7,31.2,7.79,14
14,10,32.0,20.7,129.6,6.25,36,50,101,19.1,15.0,7.21,14
19,3,31.3,22.5,130.8,7.62,36,50,163,43.9,26.9,8.58,19
15,3,38.2,24.6,120.7,8.12,36,50,121,43.0,23.0,8.07,15
18,6,15.5,28.1,117.9,7.99,36,50,126,17.6,26.4,7.0,18
20,0,34.8,24.2,140.3,7.53,36,50,175,80.0,27.4,8.75,20
17,7,42.2,19.1,134.6,7.37,36,50,143,29.0,20.0,8.41,17
13,5,42.4,23.0,127.7,8.64,36,50,88,26.4,21.2,6.77,13
16,0,32.5,24.3,108.4,5.48,36,50,116,80.0,21.3,7.25,16
20,2,31.3,27.7,125.9,7.31,36,50,154,58.9,26.1,7.7,20
17,1,37.1,22.3,95.8,7.73,36,50,142,80.0,16.8,8.35,17
12,7,41.1,32.9,143.1,7.14,36,50,90,24.7,35.2,7.5,12
13,7,35.7,22.4,137.6,6.14,36,50,101,24.3,22.8,7.77,13
19,3,29.5,27.2,138.1,7.24,36,50,155,43.4,27.3,8.16,19
19,1,33.9,22.5,138.7,8.55,36,50,171,80.0,22.5,9.0,19
18,5,29.8,24.0,143.2,8.03,36,50,146,35.9,16.9,8.11,18
16,3,42.3,32.4,132.1,8.69,36,50,117,41.8,36.3,7.31,16
16,6,33.8,29.4,162.3,6.99,36,50,134,24.1,31.4,8.38,16
16,6,38.1,23.7,126.3,7.0,36,50,139,26.4,26.0,8.69,16
20,2,39.3,20.7,134.3,8.28,36,50,164,66.0,21.5,8.2,20
14,4,31.0,23.9,123.4,7.41,36,50,129,30.2,24.8,9.21,14
11,3,32.0,20.7,142.8,9.27,36,50,104,35.4,22.4,9.45,11
19,4,40.2,31.5,137.2,7.64,36,50,147,39.8,35.3,7.74,19
18,5,28.0,37.2,155.8,7.15,36,50,136,29.7,44.5,7.56,18
16,4,22.7,25.4,121.0,6.48,36,47,107,26.3,21.8,6.69,16
15,3,40.8,21.7,108.6,8.71,36,50,135,41.3,20.1,9.0,15
15,2,31.1,22.3,118.8,8.4,36,50,112,48.0,25.4,7.47,15
20,4,31.8,23.9,154.9,7.36,36,50,177,45.1,23.7,8.85,20
16,4,36.4,21.9,133.1,8.79,36,50,126,41.3,23.9,7.88,16
17,8,36.1,25.6,161.8,9.13,36,50,132,18.8,26.6,7.76,17
17,4,31.8,24.1,125.7,8.46,36,50,143,29.4,33.2,8.41,17
12,4,32.5,28.1,142.8,5.93,36,50,87,29.8,18.3,7.25,12
15,4,36.3,23.8,117.6,7.84,36,41,138,36.8,26.2,9.2,15
20,5,33.7,19.5,117.1,8.7,36,50,147,27.1,15.6,7.35,20
14,8,29.8,23.9,119.6,9.22,36,50,84,21.8,25.6,6.0,14
17,2,42.9,23.0,136.6,8.75,36,50,145,65.1,28.9,8.53,17
20,5,38.2,25.5,135.7,8.53,36,50,171,36.1,25.9,8.55,20
12,4,29.9,22.5,144.1,8.84,36,50,93,24.3,19.8,7.75,12
16,5,39.0,30.9,142.5,7.77,36,50,122,34.8,32.9,7.62,16
18,7,30.8,30.9,135.8,9.2,36,50,120,25.1,33.2,6.67,18
17,5,29.8,31.2,122.2,6.14,36,50,128,24.3,29.6,7.53,17
16,7,34.3,34.5,107.4,6.76,36,50,96,19.7,34.1,6.0,16
20,5,38.4,27.9,115.5,9.01,36,50,167,35.5,28.9,8.35,20
13,3,24.0,27.2,116.0,8.28,36,50,90,28.1,24.6,6.92,13
10,2,27.4,21.2,142.9,9.13,36,50,88,41.2,28.3,8.8,10
20,4,30.2,27.4,127.8,8.53,36,46,137,31.3,31.7,6.85,20
16,1,29.1,28.4,106.6,8.6,36,50,141,80.0,30.9,8.81,16
17,4,38.9,30.2,113.6,9.68,36,50,123,34.8,33.8,7.24,17
15,3,36.3,26.2,125.6,7.51,36,50,124,39.1,24.7,8.27,15
20,8,30.1,26.8,112.6,7.86,36,50,122,24.7,19.9,6.1,20
17,6,28.9,18.4,124.4,6.9,36,50,135,26.0,14.4,7.94,17
20,7,26.3,33.9,121.8,8.19,36,50,135,19.6,32.2,6.75,20
10,5,27.4,24.7,145.9,7.08,36,50,53,20.7,23.9,5.3,10
14,6,31.3,22.0,171.1,5.84,36,50,101,21.2,24.7,7.21,14
14,7,31.8,21.7,104.7,9.91,36,50,104,21.7,20.8,7.43,14
17,6,25.9,20.5,152.3,8.79,36,50,144,27.4,20.9,8.47,17
18,6,31.1,30.6,112.5,9.21,36,50,147,29.3,29.4,8.17,18
13,3,31.9,27.5,131.0,7.81,36,50,101,38.7,29.8,7.77,13
20,0,38.3,28.2,111.8,6.94,36,50,178,80.0,30.7,8.9,20
18,3,30.5,29.5,126.2,7.73,36,50,136,42.3,35.2,7.56,18
11,4,22.1,31.2,148.0,9.12,36,50,83,20.3,34.1,7.55,11
17,7,35.5,25.3,127.7,9.04,36,50,125,22.8,21.0,7.35,17
13,1,34.6,19.9,104.7,10.41,36,50,93,68.1,21.4,7.15,13
18,10,37.0,21.7,123.9,9.04,36,50,124,15.2,24.4,6.89,18
20,5,32.5,17.7,118.2,8.6,36,50,164,36.9,19.6,8.2,20
15,4,27.1,25.6,140.1,8.3,36,50,127,27.0,27.6,8.47,15
20,3,22.9,27.7,133.9,8.3,36,50,141,42.3,27.3,7.05,20
15,2,30.2,31.6,112.0,7.88,36,50,107,44.5,33.7,7.13,15
14,5,26.8,24.4,138.2,6.52,36,50,107,24.6,24.5,7.64,14
19,8,32.6,36.6,128.0,8.03,36,50,130,26.0,39.0,6.84,19
19,6,31.5,17.8,149.4,7.93,36,50,150,33.3,23.4,7.89,19
15,6,31.2,23.8,137.9,7.17,36,50,121,26.9,25.7,8.07,15
11,3,28.1,32.3,98.8,9.23,36,50,58,22.1,24.9,5.27,11
17,1,37.4,23.5,152.3,9.12,36,48,170,80.0,31.8,10.0,17
16,4,30.5,21.2,154.9,8.18,36,50,155,38.4,20.1,9.69,16
20,5,36.0,28.9,137.4,8.95,36,49,159,30.6,23.2,7.95,20
12,5,28.7,32.6,121.4,9.51,36,50,88,24.1,41.3,7.33,12
10,6,23.0,25.8,133.8,9.21,36,50,63,16.4,30.0,6.3,10
13,2,39.6,20.9,131.6,7.91,36,50,114,48.4,24.0,8.77,13
17,3,36.1,16.7,127.4,6.66,36,50,136,36.9,12.1,8.0,17
13,6,37.8,27.3,124.8,8.21,36,50,80,22.9,16.5,6.15,13
18,5,34.0,33.6,142.3,7.8,36,50,150,33.5,33.1,8.33,18
16,5,20.9,27.2,160.1,8.14,36,50,131,31.9,29.9,8.19,16
13,4,45.6,24.6,120.5,8.14,36,50,105,35.0,24.6,8.08,13
17,7,41.1,15.4,130.7,7.68,36,50,137,29.6,14.3,8.06,17
18,3,33.6,26.2,140.4,8.11,36,50,137,40.7,28.1,7.61,18
20,3,30.1,20.9,135.2,8.9,36,50,163,42.4,18.9,8.15,20
12,7,29.0,21.0,148.1,7.73,36,50,97,21.9,15.1,8.08,12
17,6,37.1,24.8,129.3,10.23,36,50,123,27.6,25.3,7.24,17
11,8,30.7,29.8,112.1,7.32,36,50,69,17.7,37.6,6.27,11
16,4,25.4,18.5,98.7,8.91,36,50,104,31.3,20.7,6.5,16
17,2,32.7,40.8,132.3,9.2,36,50,124,48.5,45.9,7.29,17
16,2,24.9,35.5,159.3,7.75,36,50,113,47.0,37.0,7.06,16
15,4,37.8,19.1,131.4,8.34,36,50,133,35.1,18.5,8.87,15
12,10,28.7,32.9,136.5,8.69,36,50,63,16.3,33.8,5.25,12
19,4,29.2,24.8,141.1,6.06,36,50,153,33.1,19.5,8.05,19
14,7,33.2,24.6,141.1,6.78,36,50,107,19.9,20.5,7.64,14
15,5,25.8,25.1,169.7,7.54,36,50,109,24.8,22.8,7.27,15
14,3,31.4,23.4,124.9,7.53,36,50,119,41.7,25.5,8.5,14
17,4,32.1,18.1,113.4,7.73,36,50,123,30.1,22.8,7.24,17
20,3,30.5,24.4,126.0,8.5,36,50,164,45.7,25.7,8.2,20
14,6,21.8,31.9,139.1,9.47,36,50,100,19.4,32.4,7.14,14
16,4,40.6,28.9,144.8,7.93,36,50,136,34.4,34.2,8.5,16
15,3,33.1,24.2,113.9,8.51,36,50,129,39.3,16.0,8.6,15
11,1,34.5,29.4,131.2,8.37,36,50,109,80.0,23.7,9.91,11
19,7,21.2,32.0,139.5,6.81,36,50,105,15.5,30.9,5.53,19
16,4,22.9,20.9,128.8,7.6,36,50,119,28.5,24.8,7.44,16
17,4,31.1,17.1,147.6,9.45,36,50,153,33.9,18.0,9.0,17
12,4,24.0,25.4,145.8,6.28,36,50,94,19.7,31.6,7.83,12
17,4,30.6,29.0,107.2,8.32,36,50,126,27.9,30.5,7.41,17
13,8,31.5,28.2,107.3,8.38,36,50,90,24.4,29.9,6.92,13
18,2,26.3,20.5,106.5,8.94,36,50,116,41.9,13.8,6.44,18
19,4,25.1,26.0,130.4,7.82,36,50,150,35.4,26.3,7.89,19
18,9,17.7,29.0,132.1,7.22,36,50,119,18.1,33.0,6.61,18
19,1,29.0,19.3,134.0,7.87,36,50,155,80.0,25.2,8.16,19
16,4,41.3,29.9,116.0,8.74,36,50,116,29.2,32.0,7.25,16
17,3,24.6,23.9,117.1,9.38,36,50,126,37.8,31.4,7.41,17
16,2,26.7,25.8,101.6,7.23,36,50,95,42.0,25.3,5.94,16
20,5,34.2,32.2,108.4,10.08,36,50,175,36.4,35.1,8.75,20
11,4,31.3,24.8,130.0,8.07,36,50,86,25.1,24.2,7.82,11
20,3,20.4,26.2,133.5,9.12,36,50,161,38.6,25.2,8.05,20
14,4,23.7,29.1,127.1,9.03,36,50,83,26.2,35.0,5.93,14
19,3,21.7,28.5,138.2,8.52,36,50,147,37.6,32.9,7.74,19
20,8,39.1,29.2,136.1,7.24,36,50,145,26.2,34.6,7.25,20
19,1,41.1,29.4,143.2,8.37,36,50,177,80.0,26.1,9.32,19
10,5,33.6,24.8,119.2,7.11,36,50,78,22.3,23.2,7.8,10
17,4,28.0,29.3,154.2,7.86,36,50,121,26.5,29.2,7.12,17
20,6,35.3,19.3,132.6,11.92,36,50,148,24.3,19.1,7.4,20
19,5,31.6,33.5,151.1,8.38,36,50,145,31.0,33.8,7.63,19
20,6,27.0,30.8,122.1,6.98,36,50,139,24.1,26.4,6.95,20
20,5,35.0,22.8,163.9,8.11,36,50,158,23.9,17.5,7.9,20
16,3,27.2,24.0,104.0,6.89,36,50,121,36.0,18.3,7.56,16
17,1,23.1,25.1,130.8,7.07,36,50,114,80.0,25.4,6.71,17
18,4,25.2,25.0,106.5,7.51,36,50,133,30.8,26.4,7.39,18
16,5,45.8,25.5,140.1,8.08,36,50,127,30.2,30.1,7.94,16
16,2,36.9,30.3,118.5,7.57,36,50,111,46.8,24.9,6.94,16
17,4,34.5,25.5,160.5,7.54,36,50,142,31.8,21.4,8.35,17
16,3,23.8,28.0,127.3,9.51,36,50,152,42.2,34.2,9.5,16
18,5,29.0,25.9,123.6,7.4,36,50,142,27.9,21.4,7.89,18
17,3,30.6,20.9,118.8,6.41,36,50,134,39.7,13.1,7.88,17
16,8,39.0,21.5,165.6,8.4,36,50,134,27.9,13.4,8.38,16
18,4,35.9,33.6,111.7,7.91,36,50,133,38.9,39.6,7.39,18
19,5,29.7,26.7,135.0,8.56,36,50,145,28.7,32.5,7.63,19
20,7,33.4,26.5,119.8,6.3,36,50,138,25.0,33.4,6.9,20
16,5,32.3,30.8,98.3,7.14,36,50,128,30.7,31.1,8.0,16
17,5,40.3,28.0,110.3,7.41,36,50,125,32.0,21.0,7.35,17
16,4,43.5,28.9,127.9,8.81,36,50,117,39.6,30.6,7.31,16
13,6,29.1,25.4,137.9,6.68,36,50,93,24.2,24.8,7.15,13
16,5,28.2,26.2,120.4,6.91,36,50,110,21.7,20.4,6.88,16
15,3,38.0,25.3,148.2,7.91,36,50,127,47.8,26.5,8.47,15
12,6,27.0,30.6,128.4,7.16,36,50,90,22.6,30.1,7.5,12
15,6,35.3,23.1,115.0,7.61,28,50,107,21.5,19.0,7.13,15
14,3,24.1,23.3,125.4,7.73,36,50,101,26.0,25.1,7.21,14
12,2,31.9,27.2,135.4,8.98,36,50,87,39.9,32.3,7.25,12
18,10,38.0,27.6,118.4,8.76,36,50,124,21.4,24.0,6.89,18
14,6,38.0,20.7,127.3,8.75,36,50,106,29.0,14.0,7.57,14
15,4,27.7,22.5,128.2,7.99,36,50,121,32.1,19.7,8.07,15
11,8,28.2,30.0,111.7,8.86,36,50,47,14.3,24.1,4.27,11
16,5,26.7,29.5,151.2,6.93,36,50,108,23.6,33.5,6.75,16
20,10,27.1,15.0,149.7,7.06,36,50,145,22.5,16.6,7.25,20
11,2,16.5,24.6,120.3,8.93,36,50,60,23.2,26.1,5.45,11
15,8,41.8,24.7,133.0,7.91,36,50,98,26.4,16.7,6.53,15
14,4,35.3,23.2,115.3,8.27,36,50,120,31.0,25.0,8.57,14
14,6,38.0,27.1,145.1,7.47,36,46,124,28.7,32.8,8.86,14
13,9,24.6,19.0,120.5,7.4,36,44,71,11.5,20.1,5.46,13
20,4,21.5,28.1,159.9,7.14,36,50,157,30.9,28.4,7.85,20
15,5,33.8,22.0,107.4,7.8,36,50,95,22.2,19.7,6.33,15
20,6,37.3,22.9,136.3,5.73,36,50,166,33.9,22.5,8.3,20
17,2,38.5,25.0,146.3,8.69,36,50,131,57.7,31.2,7.71,17
20,5,40.1,32.2,125.3,7.15,36,50,160,34.9,31.9,8.0,20
11,9,38.3,17.9,117.8,9.57,36,50,71,20.6,15.9,6.45,11
15,5,24.8,25.8,154.9,7.41,36,50,119,25.8,39.3,7.93,15
14,4,26.1,28.8,120.3,8.18,36,50,113,24.2,29.3,8.07,14
17,2,38.8,31.7,131.4,7.42,36,50,148,61.3,34.4,8.71,17
15,4,27.7,22.2,105.5,8.34,36,50,97,21.6,20.1,6.47,15
17,6,27.5,27.3,120.7,8.63,36,50,122,21.0,24.4,7.18,17
16,0,25.9,32.7,138.0,8.06,36,50,128,80.0,27.0,8.0,16
14,7,30.8,22.8,125.3,8.43,36,50,124,20.9,27.6,8.86,14
18,5,28.2,22.9,120.8,9.12,36,50,116,29.5,17.2,6.44,18
18,2,15.0,20.3,147.5,6.82,36,50,135,42.8,21.3,7.5,18
15,6,32.6,32.3,161.4,8.06,36,46,109,25.1,42.0,7.27,15
17,4,33.5,22.6,164.2,7.75,36,50,138,32.2,18.6,8.12,17
18,4,32.2,26.1,118.7,10.39,36,50,136,32.9,21.2,7.56,18
12,6,28.9,26.5,142.5,7.05,36,50,111,27.3,26.0,9.25,12
20,3,31.4,28.3,132.8,7.12,36,50,160,41.2,25.1,8.0,20
16,6,25.2,27.8,148.0,7.15,36,50,110,19.2,31.4,6.88,16
17,6,33.6,31.9,100.1,8.18,36,50,134,24.2,42.6,7.88,17
19,10,39.6,27.3,105.6,8.12,36,50,133,28.0,28.5,7.0,19
14,5,44.0,17.3,129.3,7.71,36,50,115,30.2,20.3,8.21,14
20,2,30.1,26.7,143.5,8.22,36,50,174,65.4,30.5,8.7,20
19,5,26.0,28.5,160.3,10.38,36,50,149,27.3,27.4,7.84,19
15,3,28.7,29.1,128.6,8.99,36,50,110,37.9,26.2,7.33,15
15,3,37.8,25.1,135.6,8.47,36,50,112,38.0,19.8,7.47,15
18,3,33.9,27.6,140.9,8.45,36,50,165,41.2,33.3,9.17,18
20,6,32.6,31.9,141.8,8.66,36,50,148,29.5,37.6,7.4,20
17,9,36.9,30.3,141.4,7.84,36,50,116,22.0,38.0,6.82,17
12,8,34.4,20.6,151.1,8.5,36,50,88,21.7,21.1,7.33,12
15,3,27.2,24.4,138.7,8.66,36,50,94,28.5,27.5,6.27,15
17,5,35.2,19.0,127.5,8.21,36,50,133,26.4,23.2,7.82,17
20,3,33.1,34.1,144.3,6.7,36,36,152,46.6,35.7,7.6,20
15,5,25.2,16.8,124.1,8.39,36,50,112,23.9,27.3,7.47,15
15,5,33.3,24.2,109.9,7.82,36,50,126,26.8,22.5,8.4,15
20,2,30.2,18.0,133.8,9.27,36,50,175,61.4,19.0,8.75,20
14,4,29.8,30.3,124.4,7.85,36,50,120,30.3,32.8,8.57,14
17,3,23.4,27.1,136.0,7.9,36,50,124,28.9,33.6,7.29,17
14,3,37.3,19.0,160.8,8.58,36,50,152,40.6,28.7,10.86,14
16,3,24.6,28.0,129.1,6.91,36,50,133,31.4,31.0,8.31,16
12,4,20.3,17.9,128.9,8.47,36,50,111,24.3,17.9,9.25,12
12,3,44.2,21.6,127.8,7.88,36,50,110,39.4,20.5,9.17,12
16,4,31.2,26.2,120.3,9.9,36,50,98,31.1,18.9,6.12,16
17,1,33.3,27.6,125.0,6.41,36,50,155,80.0,27.8,9.12,17
17,5,33.4,24.6,130.5,8.37,36,50,130,29.4,26.8,7.65,17
17,4,25.6,22.2,105.0,6.63,36,50,133,31.6,22.4,7.82,17
20,8,27.9,31.2,132.8,6.1,36,50,150,24.0,32.8,7.5,20
13,5,37.0,33.5,101.2,6.29,36,50,120,35.6,30.2,9.23,13
16,5,37.8,24.8,149.3,7.04,36,40,141,29.8,24.4,8.81,16
18,8,35.9,19.2,149.1,6.55,36,50,116,20.5,20.6,6.44,18
16,5,31.1,27.1,124.4,7.63,36,50,114,21.0,23.8,7.12,16
16,1,30.1,20.1,131.9,7.27,36,50,117,80.0,23.1,7.31,16
18,4,21.9,24.9,138.4,8.5,36,50,117,25.5,27.0,6.5,18
16,6,35.9,20.6,127.8,6.78,36,50,129,30.0,26.2,8.06,16
18,3,38.4,30.5,137.0,9.8,36,50,154,44.3,39.3,8.56,18
16,3,32.5,29.8,128.1,9.0,36,50,124,32.1,27.2,7.75,16
18,3,26.8,20.3,131.1,9.64,36,50,157,39.9,19.5,8.72,18
18,4,30.4,18.9,121.9,7.4,36,50,155,34.8,18.5,8.61,18
15,4,35.9,29.3,110.9,6.55,36,50,112,31.3,32.0,7.47,15
19,2,36.4,28.8,154.7,7.03,36,50,158,64.6,30.6,8.32,19
19,7,37.2,36.8,132.3,8.51,36,50,136,26.1,42.4,7.16,19
19,4,26.3,34.3,109.3,5.82,36,50,119,27.9,25.1,6.26,19
17,8,36.2,26.2,136.9,9.23,36,50,127,27.2,27.8,7.47,17
15,1,36.2,30.1,156.0,9.23,36,50,130,80.0,31.5,8.67,15
14,3,32.9,16.2,130.3,8.41,36,50,120,43.2,24.1,8.57,14
14,2,20.8,28.2,112.8,6.9,36,50,75,25.6,25.4,5.36,14
20,7,35.2,26.4,173.0,9.99,36,50,165,32.2,32.9,8.25,20
20,2,25.3,32.1,140.9,7.39,36,50,143,54.1,35.5,7.15,20
12,5,35.3,26.5,109.7,6.69,36,50,93,27.9,23.5,7.75,12
15,4,32.6,39.4,125.9,8.54,36,50,113,27.5,41.9,7.53,15
14,4,23.1,24.2,138.6,7.05,36,50,103,19.4,21.0,7.36,14
19,10,20.8,35.5,110.2,7.48,36,50,116,13.4,41.1,6.11,19
17,8,20.5,24.6,129.9,6.9,36,50,118,22.1,25.2,6.94,17
17,4,35.9,20.4,138.0,8.23,36,50,164,40.9,20.5,9.65,17
19,3,26.5,16.4,114.5,8.98,36,50,156,38.7,19.2,8.21,19
18,5,29.8,25.0,121.6,8.33,27,50,129,27.2,21.9,7.17,18
20,2,28.7,30.6,158.2,10.55,36,50,157,54.8,23.9,7.85,20
11,3,48.0,20.6,115.4,8.16,36,50,101,41.9,17.1,9.18,11
20,3,32.2,35.4,145.7,9.01,36,50,171,47.6,33.9,8.55,20
20,2,31.5,29.2,123.5,6.87,36,50,178,63.8,26.3,8.9,20
11,3,29.3,16.2,116.8,7.6,36,50,85,30.6,24.6,7.73,11
14,4,39.2,27.2,130.2,9.0,36,50,109,38.4,29.2,7.79,14
20,4,22.2,24.3,142.2,9.31,36,50,154,29.6,23.2,7.7,20
14,7,42.6,28.3,126.9,7.14,36,50,93,26.4,23.8,6.64,14
16,10,42.1,29.7,152.7,8.47,36,50,107,32.2,37.7,6.69,16
13,6,37.1,24.7,124.6,9.33,36,50,60,25.5,22.2,4.62,13
19,1,34.1,25.8,120.4,6.6,36,50,158,80.0,24.7,8.32,19
18,6,35.7,18.8,114.7,5.91,36,50,137,27.7,21.3,7.61,18
20,4,31.4,26.5,130.9,7.34,36,50,174,38.6,27.5,8.7,20
16,6,26.4,19.9,144.4,8.39,36,50,99,25.1,19.6,6.19,16
12,3,30.1,31.3,133.7,9.04,36,50,96,32.5,35.6,8.0,12
20,6,37.4,23.4,125.0,8.86,36,50,171,32.2,26.8,8.55,20
12,7,31.7,31.0,136.0,6.84,36,50,77,21.9,30.8,6.42,12
19,2,37.2,27.5,124.6,7.36,36,50,162,69.4,33.1,8.53,19
13,4,43.7,30.6,118.0,7.52,36,50,90,32.6,30.9,6.92,13
14,2,42.7,28.0,130.7,6.59,36,50,112,57.6,30.8,8.0,14
17,8,32.7,30.7,154.7,9.56,36,50,122,25.4,30.9,7.18,17
14,7,41.6,33.1,137.6,6.44,36,50,97,28.5,34.2,6.93,14
13,5,31.4,19.5,133.8,7.88,36,50,94,29.6,15.2,7.23,13
20,10,29.5,25.4,126.9,8.43,36,50,130,20.4,32.1,6.5,20
19,6,36.3,21.6,144.9,8.85,36,50,166,28.5,22.6,8.74,19
17,2,22.6,18.7,123.9,10.09,36,50,151,54.1,21.7,8.88,17
20,6,34.9,26.4,143.6,6.84,36,50,139,32.8,28.3,6.95,20
16,7,32.9,26.4,128.0,6.86,36,50,96,18.4,24.1,6.0,16
20,2,29.6,30.0,153.1,8.57,36,50,163,59.7,31.2,8.15,20
20,8,27.8,39.4,159.7,9.38,36,50,138,22.0,44.4,6.9,20
17,1,36.3,24.1,126.4,8.11,36,50,119,80.0,17.7,7.0,17
20,8,25.5,20.5,124.7,8.04,36,50,137,21.1,20.3,6.85,20
20,1,27.9,31.7,120.5,8.01,36,50,149,80.0,29.5,7.45,20
16,6,36.1,21.7,113.9,8.37,36,50,123,23.7,26.0,7.69,16
18,5,44.1,15.0,141.2,8.91,36,50,136,28.0,15.1,7.56,18
14,4,20.9,27.0,130.0,7.18,36,50,87,25.8,20.5,6.21,14
17,5,35.6,21.5,123.7,6.93,36,50,148,37.6,22.6,8.71,17
17,2,29.4,29.6,155.9,6.88,36,50,133,53.6,29.6,7.82,17
17,6,25.4,29.2,117.4,7.61,36,50,100,18.7,28.4,5.88,17
15,6,31.1,29.4,133.4,8.89,36,50,87,22.8,27.6,5.8,15
17,3,33.5,31.3,129.7,8.15,36,50,146,41.8,34.4,8.59,17
18,7,43.0,18.9,126.1,5.95,36,50,130,34.4,23.0,7.22,18
16,7,34.5,24.4,155.7,8.26,36,47,118,22.9,20.5,7.38,16
18,5,21.8,28.8,141.3,8.55,36,50,137,22.9,34.0,7.61,18
15,3,41.9,15.3,139.9,7.75,36,50,134,36.0,12.0,8.93,15
20,2,38.9,23.8,145.0,8.88,36,50,165,70.4,23.0,8.25,20
17,9,35.2,24.8,117.6,8.37,36,50,97,21.6,28.4,5.71,17
14,3,24.9,30.1,151.3,8.47,36,50,115,39.6,35.1,8.21,14
16,3,34.3,24.5,125.2,6.52,36,50,117,37.6,20.5,7.31,16
11,3,37.7,31.9,126.8,5.2,36,50,99,32.5,37.7,9.0,11
17,4,31.5,25.8,138.9,7.78,36,50,136,31.3,24.1,8.0,17
15,8,25.8,26.8,126.3,9.26,36,50,100,16.3,24.1,6.67,15
16,2,33.1,28.7,115.6,8.53,36,50,116,48.5,24.9,7.25,16
14,2,39.3,15.8,138.1,6.63,36,50,80,36.4,20.3,5.71,14
20,4,33.6,23.7,119.7,7.64,36,50,166,35.8,24.7,8.3,20
20,4,25.0,25.9,130.3,8.83,36,50,128,29.6,28.3,6.4,20
17,5,31.6,30.3,150.5,9.14,36,50,124,28.7,31.3,7.29,17
16,6,26.2,31.0,157.0,7.32,36,50,104,22.1,33.5,6.5,16
10,6,46.6,28.8,135.3,8.24,36,50,62,23.5,28.2,6.2,10
17,5,54.8,28.8,108.3,9.19,36,50,148,37.8,32.1,8.71,17
15,9,31.3,31.0,158.8,8.69,36,48,95,15.6,28.6,6.33,15
13,3,33.1,23.6,128.0,7.19,36,50,110,34.5,23.1,8.46,13
11,3,34.2,28.3,123.8,9.52,36,50,82,27.9,28.3,7.45,11
20,4,36.3,32.5,121.4,8.77,36,50,178,38.9,32.2,8.9,20
19,8,33.8,26.2,158.0,7.59,36,50,121,27.8,26.6,6.37,19
18,4,37.5,25.9,135.4,5.04,36,50,142,38.9,22.6,7.89,18
18,6,33.4,32.8,130.1,8.08,36,50,134,26.1,30.8,7.44,18
19,3,32.6,33.2,136.5,8.03,36,50,157,43.6,33.9,8.26,19
16,1,34.8,25.9,116.0,7.5,36,50,118,80.0,22.6,7.38,16
14,5,39.2,25.6,125.4,9.97,36,50,95,24.3,33.6,6.79,14
13,9,40.8,29.0,129.5,7.7,36,50,73,24.7,28.0,5.62,13
20,6,29.4,25.6,121.9,7.11,36,50,156,28.1,32.3,7.8,20
19,10,41.8,25.3,135.2,8.14,36,50,142,29.3,22.0,7.47,19
13,1,37.1,32.0,123.3,7.41,36,50,103,78.3,25.4,7.92,13
13,1,26.5,30.8,98.2,7.54,36,50,96,70.2,23.3,7.38,13
18,3,19.5,28.4,100.0,9.5,36,50,115,34.5,35.4,6.39,18
15,4,26.6,28.4,115.7,5.96,36,50,100,24.4,24.6,6.67,15
17,3,16.2,32.2,151.0,8.78,36,50,126,34.3,32.5,7.41,17
19,4,26.1,34.9,146.5,8.23,36,50,155,34.4,30.8,8.16,19
16,5,21.0,29.5,156.8,7.52,36,50,106,26.0,31.1,6.62,16
16,1,34.3,20.0,137.0,8.14,36,50,140,80.0,20.4,8.75,16
20,7,21.9,28.5,112.5,8.99,36,50,130,19.4,30.2,6.5,20
12,5,35.9,20.3,129.2,9.25,36,50,90,21.7,22.2,7.5,12
19,1,28.6,26.5,121.3,7.74,36,50,157,80.0,19.6,8.26,19
17,9,41.2,19.7,131.8,6.85,36,50,135,31.2,21.5,7.94,17
17,5,36.3,23.2,128.5,7.83,36,50,117,30.4,23.4,6.88,17
15,2,34.9,39.3,119.4,9.04,36,50,112,44.2,35.8,7.47,15
20,5,33.9,16.1,137.5,8.93,36,50,176,35.5,20.3,8.8,20
16,9,30.8,36.1,136.8,7.52,36,50,108,21.2,33.2,6.75,16
20,3,35.6,23.8,122.3,9.74,36,47,164,48.5,26.5,8.2,20
16,2,29.9,31.0,115.3,8.79,36,50,132,51.6,31.4,8.25,16
20,3,30.1,15.0,142.5,7.05,36,50,156,43.7,16.0,7.8,20
16,6,28.0,25.8,119.7,6.51,36,50,89,22.6,30.2,5.56,16
16,7,29.2,28.1,133.7,8.71,36,50,134,23.9,29.0,8.38,16
15,4,40.7,22.5,116.7,7.14,36,50,116,36.8,23.7,7.73,15
17,7,26.1,28.5,130.9,7.48,32,50,124,21.4,21.5,7.29,17
20,9,26.8,26.3,135.7,8.7,36,50,152,21.5,30.0,7.6,20
20,3,30.6,24.8,122.2,6.73,36,50,164,38.2,31.8,8.2,20
16,2,29.2,34.9,117.9,6.28,36,50,114,44.0,34.5,7.12,16
20,2,41.7,21.8,92.5,7.75,36,50,145,56.3,19.9,7.25,20
17,5,29.0,29.6,125.2,7.17,36,50,119,31.1,30.3,7.0,17
16,7,25.3,23.0,124.2,7.2,36,50,105,20.5,29.2,6.56,16
12,9,25.2,29.1,150.1,5.95,36,50,59,12.7,31.6,4.92,12
16,3,38.2,25.7,119.9,5.94,36,50,112,38.6,27.2,7.0,16
18,5,28.6,28.4,137.1,7.72,36,50,123,25.4,21.8,6.83,18
16,7,27.6,31.3,134.7,9.52,36,50,98,22.9,29.7,6.12,16
19,4,26.0,22.7,136.8,7.74,36,50,168,40.3,23.1,8.84,19
19,9,24.8,33.7,103.0,8.45,36,50,95,19.1,34.0,5.0,19
13,7,18.2,35.9,103.6,10.59,36,50,83,12.4,38.5,6.38,13
18,7,31.1,20.5,132.3,7.3,36,50,135,20.6,18.4,7.5,18
17,4,37.9,26.7,105.2,6.39,36,50,136,32.8,22.6,8.0,17
17,1,25.4,17.6,134.7,6.95,36,50,148,80.0,24.3,8.71,17
20,10,39.7,29.1,111.2,8.84,36,50,140,23.1,34.1,7.0,20
16,5,49.5,31.6,131.9,7.45,36,50,163,36.8,38.9,10.19,16
16,6,27.7,27.5,145.1,7.41,36,50,104,24.6,28.5,6.5,16
19,3,29.9,26.5,107.5,9.26,36,50,146,42.5,33.0,7.68,19
16,1,38.4,25.2,130.4,8.08,36,50,119,80.0,22.8,7.44,16
20,5,30.4,31.4,136.3,8.01,36,50,140,26.2,32.2,7.0,20
17,5,35.0,29.4,129.7,8.18,36,50,144,33.8,31.7,8.47,17
15,7,26.2,30.5,134.2,6.93,36,50,125,22.0,31.8,8.33,15
13,7,35.8,27.5,135.9,7.91,36,50,91,19.2,31.2,7.0,13
14,6,37.0,23.0,124.9,7.42,36,50,115,24.1,24.8,8.21,14
20,3,25.6,25.7,117.2,7.69,36,50,155,40.9,24.4,7.75,20
17,6,38.1,27.7,138.9,8.03,36,50,129,26.1,25.1,7.59,17
16,6,28.1,25.8,149.6,8.05,36,50,118,27.7,23.3,7.38,16
16,5,22.3,30.5,134.9,9.03,36,50,120,18.5,22.9,7.5,16
15,5,33.0,29.8,127.2,9.34,36,50,136,29.4,28.5,9.07,15
20,3,31.8,33.1,113.3,8.11,36,50,139,43.3,31.5,6.95,20
16,3,32.2,26.1,132.2,7.08,36,50,119,35.2,24.4,7.44,16
13,4,36.5,21.6,138.8,8.84,36,50,114,31.0,26.8,8.77,13
13,4,35.2,27.2,132.2,9.8,36,50,97,22.7,25.7,7.46,13
16,4,30.6,35.3,101.9,7.75,36,50,118,32.2,34.4,7.38,16
12,5,33.7,26.0,123.1,6.31,36,50,81,23.3,20.1,6.75,12
16,2,24.9,31.2,140.7,8.8,36,50,123,46.4,27.0,7.69,16
14,2,33.3,20.3,153.6,7.64,36,50,115,45.1,17.0,8.21,14
17,4,36.5,23.9,145.0,6.33,36,50,138,38.6,17.1,8.12,17
15,5,28.2,23.5,113.4,8.61,36,50,92,21.2,22.1,6.13,15
19,3,30.8,30.2,118.4,6.94,36,50,131,35.2,33.9,6.89,19
17,2,38.1,24.1,111.4,7.71,36,50,132,54.7,31.1,7.76,17
16,6,40.3,31.4,137.0,7.79,36,50,127,27.1,28.3,7.94,16
14,8,27.2,27.1,111.2,6.42,36,50,77,18.2,29.1,5.5,14
16,4,23.3,25.4,123.2,7.83,36,50,116,28.6,34.6,7.25,16
20,3,29.4,20.8,147.7,7.93,36,50,162,47.5,19.5,8.1,20
15,6,28.5,19.7,150.8,7.72,36,50,117,16.0,26.5,7.8,15
16,2,30.8,31.2,115.2,8.68,36,50,120,45.6,30.5,7.5,16
13,5,24.1,32.1,153.6,6.41,36,49,94,23.9,30.7,7.23,13
13,0,30.4,20.6,135.2,7.77,36,50,111,80.0,16.5,8.54,13
15,6,36.1,25.1,130.6,7.93,36,50,133,32.9,24.2,8.87,15
20,5,31.8,17.2,133.4,10.39,36,50,143,28.1,20.1,7.15,20
20,1,24.3,25.6,138.5,9.02,36,50,151,80.0,18.1,7.55,20
17,5,41.6,23.6,147.9,9.96,36,50,133,33.5,17.0,7.82,17
15,3,23.6,25.9,104.8,7.91,35,45,106,33.6,26.2,7.07,15
15,6,27.2,21.8,101.8,8.57,36,50,111,23.6,25.1,7.4,15
19,3,22.1,17.2,109.1,8.44,36,50,132,32.9,17.7,6.95,19
14,2,33.5,16.0,126.2,6.66,36,50,143,56.5,13.4,10.21,14
18,5,40.9,22.1,122.1,8.18,36,50,155,32.8,19.9,8.61,18
19,3,37.2,26.8,136.0,8.61,36,50,175,48.8,28.6,9.21,19
19,3,48.1,25.3,146.6,7.28,36,50,177,55.3,28.5,9.32,19
17,8,34.0,16.3,138.3,7.48,36,50,136,24.4,19.0,8.0,17
18,4,39.6,29.4,135.3,9.16,36,50,161,37.9,31.3,8.94,18
14,4,38.4,24.4,118.1,7.62,36,50,114,37.7,25.7,8.14,14
16,2,30.5,34.3,135.2,7.98,36,50,140,55.0,32.4,8.75,16
18,3,32.2,18.2,103.3,7.94,36,50,141,41.4,29.0,7.83,18
15,5,29.2,28.5,169.0,6.68,36,50,108,23.8,27.4,7.2,15
16,4,31.1,29.9,157.8,7.25,36,50,133,31.6,30.5,8.31,16
20,8,37.0,22.6,129.4,8.23,36,47,146,28.0,19.0,7.3,20
20,4,42.2,31.4,133.1,7.94,36,50,137,34.7,31.6,6.85,20
14,3,21.9,33.5,134.8,8.8,36,50,120,34.8,34.0,8.57,14
17,3,30.1,28.3,137.0,6.61,36,50,120,33.9,29.6,7.06,17
14,2,37.2,24.0,137.3,9.41,36,50,100,46.2,19.9,7.14,14
14,7,36.2,28.4,148.3,6.6,36,50,113,19.4,29.6,8.07,14
17,10,22.7,29.7,150.3,9.82,36,50,89,10.0,29.2,5.24,17
14,1,24.3,28.8,137.2,8.4,36,50,127,80.0,22.6,9.07,14
18,5,40.7,23.6,121.7,8.45,36,50,143,31.4,24.2,7.94,18
13,3,27.5,25.4,139.1,8.02,36,50,108,28.1,32.6,8.31,13
19,3,32.5,25.0,118.8,8.21,36,50,133,35.9,24.1,7.0,19
14,5,24.5,16.4,123.8,7.54,36,50,104,22.4,12.4,7.43,14
18,10,29.9,21.8,124.1,7.97,36,50,126,18.1,17.5,7.0,18
19,6,31.8,25.9,153.8,8.17,36,50,148,24.8,27.8,7.79,19
12,3,43.2,25.8,111.6,8.13,36,50,103,40.3,24.8,8.58,12
19,4,37.9,21.4,116.3,8.12,36,50,135,38.7,22.9,7.11,19
15,6,37.8,24.9,141.0,8.21,36,50,111,28.3,24.9,7.4,15
14,2,27.5,22.6,125.5,6.8,36,50,104,40.0,22.8,7.43,14
20,4,23.2,32.6,126.7,6.77,36,50,126,30.3,38.1,6.3,20
19,4,28.5,33.9,115.6,8.46,36,50,145,32.0,25.7,7.63,19
18,2,43.4,30.5,153.0,6.84,36,50,157,66.1,31.3,8.72,18
16,2,18.1,22.1,111.8,8.14,36,48,135,49.8,20.4,8.44,16
18,2,31.8,32.5,127.8,7.97,36,50,163,61.8,21.9,9.06,18
16,4,20.9,21.7,142.0,8.63,36,50,115,22.8,27.8,7.19,16
11,4,36.7,26.0,152.9,8.98,36,50,93,27.5,26.7,8.45,11
18,7,26.6,27.6,120.2,6.94,36,50,109,24.6,27.8,6.06,18
13,4,41.4,22.9,148.0,6.24,36,50,95,30.2,23.5,7.31,13
13,4,28.6,28.0,135.7,6.06,35,50,113,25.2,31.1,8.69,13
20,2,33.2,17.8,122.2,8.91,36,50,176,65.2,14.0,8.8,20
18,2,28.6,26.9,127.9,9.0,36,50,138,52.2,21.3,7.67,18
18,4,24.7,22.4,139.7,7.77,36,50,115,23.2,18.4,6.39,18
19,7,34.9,24.6,135.7,7.3,36,50,134,23.7,27.7,7.05,19
16,2,34.8,28.4,136.9,6.94,36,50,143,61.8,27.2,8.94,16
16,2,36.3,21.9,120.9,8.07,36,50,129,57.8,19.2,8.06,16
19,4,28.2,29.4,129.5,6.98,36,50,127,31.3,26.9,6.68,19
16,1,35.1,24.4,112.8,5.6,36,50,137,80.0,24.6,8.56,16
15,2,32.7,25.5,136.9,6.93,36,50,153,58.2,27.9,10.2,15
19,3,36.3,27.9,158.4,7.21,36,50,192,48.8,32.6,10.11,19
19,2,41.7,27.5,136.7,7.08,36,50,151,65.0,32.6,7.95,19
14,5,26.2,24.9,151.1,7.81,36,50,94,21.3,15.2,6.71,14
18,5,33.5,29.2,113.1,7.56,36,50,135,30.5,33.0,7.5,18
20,3,33.5,17.8,145.6,8.09,36,50,166,44.6,22.8,8.3,20
16,4,22.5,25.8,167.1,6.98,36,50,130,26.2,18.7,8.12,16
20,5,26.4,31.8,156.9,7.88,36,50,141,25.4,33.9,7.05,20
13,3,27.3,19.3,127.3,9.16,36,50,95,27.1,24.7,7.31,13
20,7,42.6,36.6,122.0,8.85,36,35,148,29.9,38.7,7.4,20
18,5,31.6,23.2,132.4,7.32,36,50,157,30.9,22.1,8.72,18
17,7,28.6,22.1,126.4,6.97,36,50,129,19.2,23.7,7.59,17
13,6,22.0,21.7,148.1,8.04,36,50,97,20.0,21.1,7.46,13
15,3,29.1,28.5,119.9,8.19,36,50,109,35.1,30.7,7.27,15
18,4,29.7,25.2,125.2,8.3,36,50,114,29.9,24.9,6.33,18
16,3,39.5,18.4,106.6,7.32,36,50,126,41.8,23.3,7.88,16
14,6,22.5,18.5,140.1,7.15,36,50,104,19.5,26.7,7.43,14
11,3,35.7,34.5,127.8,8.25,36,50,68,25.3,37.7,6.18,11
13,5,22.8,21.5,124.3,8.33,36,50,92,21.3,25.6,7.08,13
20,2,33.6,25.7,150.1,7.35,36,50,169,66.7,25.5,8.45,20
18,6,27.5,24.3,149.7,7.57,36,50,124,28.0,21.4,6.89,18
20,7,30.0,24.7,110.4,8.99,36,50,142,23.8,24.1,7.1,20
13,8,31.1,28.7,135.4,8.98,36,50,74,17.7,32.0,5.69,13
15,4,41.9,30.1,99.5,8.49,36,50,128,39.0,27.3,8.53,15
18,6,30.2,34.8,145.7,8.78,36,50,126,24.7,37.9,7.0,18
20,4,33.5,19.2,155.9,8.39,36,50,175,40.9,20.7,8.75,20
17,5,32.2,25.8,142.8,8.07,36,50,138,28.8,24.9,8.12,17
18,0,36.8,30.5,95.4,8.72,36,29,147,80.0,31.2,8.17,18
14,3,26.4,28.6,87.7,9.41,36,50,89,31.4,25.2,6.36,14
15,7,28.5,25.4,128.8,7.97,36,50,103,25.1,27.3,6.87,15
14,3,37.1,19.5,138.0,6.39,36,50,110,38.0,19.3,7.86,14
13,5,42.3,23.0,133.4,7.35,36,50,118,27.4,24.1,9.08,13
20,7,25.2,21.6,138.0,8.92,36,50,132,21.6,19.4,6.6,20
18,4,23.3,22.9,153.1,9.03,36,50,137,32.6,29.4,7.61,18
15,7,32.8,29.7,138.6,6.99,36,50,94,22.4,28.8,6.27,15
14,6,31.6,17.5,154.7,7.7,36,50,118,21.1,18.8,8.43,14
18,2,26.4,35.7,135.9,8.2,36,50,123,48.5,41.8,6.83,18
19,4,34.3,26.3,130.8,8.36,36,50,151,40.2,22.7,7.95,19
20,6,30.7,28.0,143.9,8.91,36,50,159,29.6,29.2,7.95,20
18,1,28.3,23.4,129.5,7.17,36,49,153,80.0,30.2,8.5,18
13,5,31.5,22.3,113.7,8.45,36,50,73,22.4,27.3,5.62,13
12,8,46.8,29.9,139.1,9.68,36,50,66,28.0,32.3,5.5,12
17,4,27.0,22.5,123.2,8.45,36,50,142,38.1,23.2,8.35,17
17,6,29.4,20.1,140.4,5.94,36,50,123,24.9,18.4,7.24,17
17,9,43.8,27.3,170.2,9.51,36,50,140,32.9,29.1,8.24,17
15,2,43.6,22.5,141.6,8.81,36,50,145,58.8,28.1,9.67,15
19,5,15.0,27.1,142.2,7.45,36,50,136,23.4,27.3,7.16,19
20,5,29.3,27.8,136.8,9.31,36,50,133,26.4,28.7,6.65,20
18,5,28.6,24.2,123.9,7.36,36,50,121,16.6,31.0,6.72,18
20,5,26.6,18.3,150.8,9.81,31,50,166,32.4,19.9,8.3,20
15,4,26.8,27.8,162.6,8.59,36,50,128,33.5,26.4,8.53,15
16,6,29.5,29.0,143.2,7.76,36,50,128,18.1,36.9,8.0,16
15,3,35.7,28.8,129.2,9.72,36,50,129,44.9,28.6,8.6,15
12,7,36.1,21.0,133.7,9.02,36,50,105,22.3,21.7,8.75,12
17,7,23.7,26.1,135.1,5.8,36,50,127,15.4,27.4,7.47,17
13,4,37.9,32.2,125.3,8.02,36,50,104,31.2,35.6,8.0,13
19,5,38.0,24.9,116.1,9.31,36,50,138,32.9,20.4,7.26,19
18,6,26.6,23.5,132.1,7.86,36,50,125,19.7,19.6,6.94,18
17,4,38.8,34.3,125.1,7.79,36,50,137,38.4,41.9,8.06,17
13,2,32.9,24.5,145.7,7.83,36,50,110,49.5,24.4,8.46,13
18,10,28.2,22.1,105.6,7.4,36,50,116,17.6,20.8,6.44,18
19,5,25.3,21.5,94.8,7.09,36,50,129,26.1,23.4,6.79,19
18,5,37.0,28.1,132.1,7.83,36,50,149,34.2,24.5,8.28,18
14,3,38.1,30.6,137.1,6.62,36,50,123,47.1,33.8,8.79,14
20,3,28.9,38.4,141.6,7.52,36,50,170,46.5,44.4,8.5,20
20,4,30.6,22.4,106.7,9.0,36,45,167,33.0,24.5,8.35,20
20,4,34.1,26.0,154.4,8.52,36,50,158,36.4,24.9,7.9,20
20,5,36.5,22.5,132.7,8.19,36,50,169,28.6,23.4,8.45,20
20,4,36.8,34.2,130.3,6.95,36,50,144,35.0,29.4,7.2,20
20,4,24.3,22.5,108.5,6.99,36,50,162,28.4,20.9,8.1,20
14,2,34.3,26.7,143.2,7.82,36,50,122,49.9,25.7,8.71,14
16,2,25.9,32.4,124.5,7.99,36,50,120,45.1,33.9,7.5,16
16,3,36.4,19.9,100.9,9.19,36,50,119,43.2,16.6,7.44,16
10,4,26.4,27.5,149.1,7.9,36,50,48,23.0,29.7,4.8,10
14,6,29.7,37.1,116.7,9.13,36,50,94,19.9,36.2,6.71,14
17,8,30.1,29.9,127.3,8.13,36,50,123,19.6,23.0,7.24,17
20,3,26.3,24.8,141.4,9.32,36,50,154,38.8,28.3,7.7,20
16,5,47.8,25.7,143.5,9.18,36,50,155,37.2,24.0,9.69,16
15,4,35.3,29.4,98.5,7.1,36,50,106,35.3,29.4,7.07,15
16,4,31.9,28.9,131.2,8.51,36,50,96,31.0,32.0,6.0,16
16,10,35.2,17.2,138.3,9.21,36,50,91,16.3,16.9,5.69,16
18,4,32.8,29.7,126.7,7.81,36,50,119,34.7,35.3,6.61,18
16,2,26.7,29.3,138.9,8.73,36,50,139,47.8,25.8,8.69,16
16,10,24.6,25.0,141.1,8.7,36,50,106,16.8,24.2,6.62,16
16,2,30.9,23.5,112.8,8.65,36,50,128,50.6,26.4,8.0,16
11,5,32.1,25.4,128.9,6.84,36,50,82,25.1,36.9,7.45,11
17,4,27.3,23.4,128.6,8.46,36,50,113,27.5,30.5,6.65,17
19,4,30.4,21.4,146.2,7.43,36,50,152,32.7,20.1,8.0,19
17,4,18.7,31.3,96.6,7.95,36,50,99,23.1,30.1,5.82,17
16,1,36.0,29.5,145.7,6.13,36,50,129,80.0,34.1,8.06,16
17,6,38.5,21.0,131.1,9.03,36,50,152,28.4,19.9,8.94,17
19,3,39.4,30.0,126.5,7.26,36,45,158,44.5,30.3,8.32,19
17,6,37.1,29.8,127.4,6.39,36,50,132,29.5,36.6,7.76,17
15,2,31.9,25.3,109.1,8.15,36,44,89,38.0,22.1,5.93,15
18,2,28.0,24.8,109.3,7.06,36,50,135,53.7,30.3,7.5,18
16,6,36.2,21.5,141.5,8.21,36,39,135,22.8,24.6,8.44,16
19,1,35.2,27.5,151.4,6.45,36,50,153,80.0,22.6,8.05,19
18,7,27.3,31.5,121.1,9.21,36,50,113,17.8,28.1,6.28,18
17,7,25.1,23.0,141.3,7.68,36,50,138,20.9,26.7,8.12,17
15,7,28.8,25.6,110.4,8.11,36,50,97,15.0,23.0,6.47,15
19,6,27.2,28.9,122.9,6.57,36,50,140,27.1,29.6,7.37,19
20,2,37.3,22.8,116.1,7.89,36,50,166,65.0,28.6,8.3,20
15,2,29.8,32.9,118.1,9.63,36,50,134,58.6,30.8,8.93,15
19,5,32.1,27.4,129.2,8.08,33,50,146,35.6,25.0,7.68,19
20,6,30.1,27.7,120.1,7.77,36,50,121,23.9,29.9,6.05,20
15,4,31.8,21.4,115.8,7.7,36,50,121,32.6,19.2,8.07,15
16,6,26.6,23.3,113.3,7.53,36,50,106,23.5,28.0,6.62,16
16,2,16.0,26.0,139.7,8.52,36,50,117,36.4,21.4,7.31,16
20,2,31.0,19.7,112.1,8.2,36,50,180,68.4,22.2,9.0,20
19,6,32.7,22.2,133.4,7.08,36,50,149,32.3,26.4,7.84,19
20,4,24.8,22.8,116.6,7.23,36,50,147,32.1,20.6,7.35,20
16,2,29.1,25.1,131.2,6.05,36,50,138,52.4,28.3,8.62,16
20,4,38.3,23.0,177.1,6.65,36,50,171,33.7,20.6,8.55,20
20,5,33.0,29.7,121.3,8.77,36,50,142,33.4,25.4,7.1,20
13,6,29.6,26.1,139.0,8.61,36,50,113,18.1,27.8,8.69,13
12,5,39.5,32.2,126.2,7.31,36,50,98,24.6,32.3,8.17,12
14,5,36.5,26.6,138.1,8.45,36,50,107,26.2,26.3,7.64,14
18,4,33.6,37.3,126.5,5.85,36,50,134,35.3,40.9,7.44,18
15,4,27.1,26.4,136.8,7.67,36,50,115,29.9,29.1,7.67,15
16,7,28.4,34.1,125.3,6.85,36,50,100,18.3,26.2,6.25,16
19,9,26.8,22.3,136.2,8.59,36,50,98,15.0,26.9,5.16,19
14,4,34.8,28.5,149.0,7.38,36,50,113,32.8,27.0,8.07,14
15,0,34.3,21.0,110.4,7.37,36,50,130,80.0,17.0,8.67,15
17,5,31.6,24.5,120.6,5.92,36,50,131,33.7,30.2,7.71,17
15,5,33.6,24.6,138.9,8.98,36,50,122,38.9,22.6,8.13,15
12,4,29.8,32.8,145.5,5.77,36,50,96,24.7,39.2,8.0,12
17,2,36.9,29.6,149.1,8.42,36,50,153,63.6,33.0,9.0,17
20,2,38.5,33.8,141.5,7.0,36,50,169,64.5,23.9,8.45,20
19,6,27.0,15.0,145.8,6.23,36,50,153,25.1,15.9,8.05,19
20,3,35.7,29.2,131.6,8.58,36,50,155,44.0,25.2,7.75,20
17,2,35.8,28.3,140.2,7.29,36,50,127,54.3,28.6,7.47,17
15,2,33.4,24.0,118.2,7.41,36,50,108,47.3,28.4,7.2,15
14,4,38.2,31.2,171.4,8.15,36,50,124,34.7,28.6,8.86,14
20,4,32.9,26.1,127.1,7.6,36,50,154,37.1,30.6,7.7,20
20,7,32.8,33.9,140.7,8.59,36,50,146,25.4,31.1,7.3,20
20,5,41.3,29.6,145.9,8.35,36,50,156,36.7,28.1,7.8,20
12,5,38.0,23.3,123.3,7.26,36,50,95,33.2,19.3,7.92,12
20,3,28.5,25.8,132.3,8.43,36,50,151,42.1,29.4,7.55,20
20,4,30.6,26.5,131.8,7.6,36,50,140,29.2,21.6,7.0,20
20,4,22.2,33.2,132.0,7.72,36,50,161,32.0,33.1,8.05,20
20,3,32.1,20.7,131.2,7.83,36,50,175,52.0,26.0,8.75,20
19,4,27.5,33.4,133.6,8.04,36,50,145,30.1,27.6,7.63,19
13,4,38.7,23.7,110.6,8.09,36,50,81,30.9,24.3,6.23,13
20,6,27.7,30.0,119.4,8.81,36,50,162,29.3,29.1,8.1,20
15,6,34.5,20.2,123.6,5.94,36,50,109,20.9,20.9,7.27,15
19,8,27.7,24.6,130.6,7.35,36,50,125,20.9,18.0,6.58,19
19,3,32.2,17.3,124.8,7.83,36,50,174,47.6,14.9,9.16,19
18,5,29.1,25.6,133.8,7.33,36,50,143,27.0,26.2,7.94,18
17,4,37.9,22.7,115.5,8.2,36,50,118,34.1,19.9,6.94,17
20,6,22.8,15.0,118.0,6.99,36,45,138,26.4,17.9,6.9,20
18,7,37.1,22.2,117.8,7.55,36,50,130,20.8,29.5,7.22,18
13,1,36.4,25.2,143.2,7.09,36,50,127,80.0,27.1,9.77,13
17,4,41.8,28.2,119.0,8.98,36,50,128,35.3,22.8,7.53,17
16,4,24.6,25.9,123.8,7.39,36,50,112,27.5,22.1,7.0,16
14,4,36.0,22.9,148.1,7.51,36,50,136,39.0,25.1,9.71,14
17,5,34.4,23.2,139.1,8.1,36,50,115,28.1,19.0,6.76,17
16,7,34.2,22.6,108.5,6.44,36,50,86,18.8,26.6,5.38,16
19,6,27.0,30.2,132.1,8.64,36,50,150,24.2,21.7,7.89,19
14,2,16.3,34.3,113.7,7.46,36,50,84,31.6,27.9,6.0,14
11,6,33.3,19.2,111.3,7.16,36,50,70,19.8,20.4,6.36,11
18,4,22.4,24.3,130.8,9.55,36,50,131,28.6,23.1,7.28,18
20,3,46.6,31.0,123.3,7.42,36,50,161,51.1,31.2,8.05,20
12,2,35.6,18.1,110.2,7.65,36,50,111,54.0,16.1,9.25,12
19,4,32.3,19.7,130.6,8.48,36,50,157,36.8,18.9,8.26,19
12,6,32.1,37.3,155.6,8.33,36,50,86,23.6,39.4,7.17,12
19,1,32.3,34.3,115.3,7.94,36,50,143,80.0,36.3,7.53,19
16,3,38.3,18.6,126.0,8.17,36,50,139,48.3,15.9,8.69,16
16,6,25.0,32.4,130.6,7.37,36,50,116,23.4,33.6,7.25,16
15,4,18.8,33.9,147.3,8.98,36,50,104,21.3,38.0,6.93,15
19,7,37.7,31.9,127.4,7.47,36,50,147,29.7,31.5,7.74,19
17,4,38.0,29.8,123.4,9.41,36,50,132,27.2,34.9,7.76,17
10,6,37.2,19.9,112.0,6.88,36,50,53,22.9,19.0,5.3,10
17,2,29.7,25.6,114.1,6.86,36,50,133,53.8,21.3,7.82,17
17,0,32.3,30.7,133.0,8.3,36,50,139,80.0,33.7,8.18,17
19,4,44.5,21.3,127.8,9.74,36,50,174,42.6,18.6,9.16,19
13,7,36.4,24.6,130.9,9.5,36,50,91,21.8,30.0,7.0,13
19,5,36.8,18.6,152.4,8.75,36,50,130,28.9,16.4,6.84,19
20,5,37.8,21.6,122.3,7.69,36,50,150,31.6,23.4,7.5,20
15,5,34.2,28.4,135.0,8.65,36,50,117,23.9,33.3,7.8,15
19,6,23.5,37.8,106.1,7.85,36,50,128,15.3,42.7,6.74,19
16,6,32.0,33.0,124.9,8.34,36,50,125,23.0,34.9,7.81,16
17,7,21.4,18.3,136.0,9.55,36,50,125,21.5,17.7,7.35,17
9,1,25.6,32.7,127.3,8.0,36,50,50,41.8,30.4,5.56,9
18,7,31.2,28.0,126.5,8.53,36,50,122,25.1,29.0,6.78,18
16,7,29.3,18.6,139.7,8.55,36,50,101,20.2,14.5,6.31,16
17,7,28.9,32.4,133.8,7.53,36,50,123,21.2,34.1,7.24,17
12,4,24.2,32.3,147.7,6.21,36,50,99,23.7,39.6,8.25,12
17,5,27.6,25.1,133.0,6.33,36,50,124,25.5,25.3,7.29,17
13,9,31.1,28.7,114.3,7.98,36,50,92,25.2,34.7,7.08,13
18,6,37.3,31.7,160.7,8.98,36,50,126,29.5,40.8,7.0,18
16,4,30.8,25.3,131.9,8.11,36,50,118,28.3,26.2,7.38,16
15,6,31.3,27.3,147.0,6.26,36,50,91,19.2,23.2,6.07,15
14,3,40.0,25.6,113.5,8.74,36,50,93,35.2,24.9,6.64,14
14,3,33.6,25.2,136.3,6.3,36,50,118,33.0,23.5,8.43,14
17,4,24.3,22.2,124.1,8.83,36,50,119,22.1,19.4,7.0,17
18,3,15.0,25.0,123.9,8.37,36,50,120,31.9,30.0,6.67,18
18,1,40.1,23.1,125.0,7.26,36,50,149,80.0,20.6,8.28,18
19,6,25.5,23.9,108.2,8.59,36,50,101,15.5,26.1,5.32,19
18,5,21.7,27.4,111.7,5.9,36,50,117,18.6,25.1,6.5,18
18,5,38.5,31.5,118.4,6.62,36,50,134,34.9,25.9,7.44,18
19,4,36.3,26.6,125.5,7.87,36,50,153,38.8,29.9,8.05,19
12,8,32.3,24.7,154.9,7.86,36,50,103,19.5,27.1,8.58,12
16,6,37.5,21.5,126.8,7.32,36,50,127,30.3,19.4,7.94,16
20,5,25.1,28.7,147.1,8.93,36,50,170,33.1,28.5,8.5,20
19,8,28.9,23.0,104.4,7.67,36,50,145,29.4,23.4,7.63,19
16,10,26.0,27.0,133.9,8.07,36,50,95,16.6,26.3,5.94,16
17,5,27.8,26.1,118.6,8.85,36,50,117,27.3,29.1,6.88,17
18,3,35.3,27.2,146.6,10.36,36,39,133,42.8,32.2,7.39,18
17,3,42.2,19.9,132.2,8.45,36,50,172,47.0,16.1,10.12,17
12,4,40.2,17.3,115.3,7.2,36,50,93,33.1,18.2,7.75,12
16,6,40.4,31.4,157.5,8.44,36,50,127,31.4,37.1,7.94,16
9,3,48.1,28.1,136.5,7.52,36,50,91,36.3,26.9,10.11,9
18,7,22.1,19.8,132.8,7.37,36,50,106,19.3,23.8,5.89,18
20,4,36.7,31.4,118.0,7.65,36,50,160,37.1,37.0,8.0,20
19,5,41.9,22.8,116.4,9.23,36,50,163,36.0,20.5,8.58,19
16,5,30.7,29.4,165.5,7.45,36,50,135,28.1,26.2,8.44,16
20,2,32.2,24.9,130.9,8.5,36,50,157,64.1,29.5,7.85,20
17,3,23.7,27.3,129.9,5.89,36,50,122,29.9,37.6,7.18,17
19,5,26.9,20.0,137.2,6.76,36,50,130,28.8,21.8,6.84,19
16,5,26.1,25.7,128.6,6.54,36,50,103,20.0,25.3,6.44,16
17,5,27.9,29.6,138.2,8.87,36,50,130,25.0,30.5,7.65,17
13,3,27.0,26.9,148.3,7.06,36,50,100,28.7,24.4,7.69,13
16,4,33.9,27.4,111.2,8.29,36,50,151,40.4,24.4,9.44,16
19,4,32.1,33.5,124.0,7.28,36,50,147,32.8,29.4,7.74,19
20,5,31.0,31.0,128.1,8.02,36,50,142,32.2,31.4,7.1,20
12,5,28.5,20.3,140.7,7.43,36,50,79,20.5,22.3,6.58,12
14,8,37.8,26.6,122.5,8.38,36,50,72,19.6,18.6,5.14,14
15,5,32.0,22.2,127.0,9.78,36,50,103,20.3,22.8,6.87,15
18,7,33.2,27.7,151.9,9.26,36,50,136,26.0,27.5,7.56,18
18,2,19.1,25.7,110.2,7.02,36,50,120,44.8,24.5,6.67,18
18,2,24.3,27.7,134.6,8.12,36,50,146,52.5,29.7,8.11,18
17,1,34.9,22.4,115.2,6.31,36,50,154,80.0,22.1,9.06,17
19,4,33.3,26.0,143.7,9.29,36,50,150,34.4,19.9,7.89,19
12,8,30.6,24.6,131.2,10.18,36,50,78,20.0,21.9,6.5,12
14,0,26.8,26.7,115.6,9.63,36,50,95,69.4,31.7,6.79,14
13,3,28.1,20.6,145.1,7.61,36,50,109,34.4,20.6,8.38,13
14,7,29.0,27.6,144.4,7.42,36,50,85,20.2,27.6,6.07,14
18,8,39.4,25.8,137.8,8.74,36,50,144,25.3,23.9,8.0,18
15,3,27.9,33.3,118.1,6.96,36,50,101,32.8,35.2,6.73,15
15,2,37.5,24.3,128.4,7.42,36,50,136,60.1,23.8,9.07,15
16,2,32.6,32.4,123.4,8.45,36,50,113,43.0,31.4,7.06,16
11,7,36.0,20.0,135.7,9.21,36,50,73,23.7,24.0,6.64,11
19,10,34.5,24.2,112.8,7.04,36,50,127,16.9,33.1,6.68,19
20,5,38.5,23.3,139.1,7.32,36,50,157,33.0,23.9,7.85,20
18,2,34.6,24.5,148.9,7.54,36,50,152,57.2,23.7,8.44,18
19,2,42.1,26.0,148.8,7.56,36,50,164,69.2,29.4,8.63,19
16,2,39.7,26.3,122.4,7.32,36,47,127,51.9,25.9,7.94,16
20,4,29.7,28.8,108.0,8.1,36,50,134,31.1,25.2,6.7,20
19,4,43.4,26.7,148.7,8.75,36,50,160,38.7,30.7,8.42,19
17,7,34.6,19.7,117.8,7.29,36,50,99,24.3,15.2,5.82,17
13,3,26.7,22.4,145.4,6.54,36,50,104,36.2,24.3,8.0,13
20,8,39.4,29.8,164.1,6.01,31,50,167,30.8,28.9,8.35,20
15,4,29.8,29.6,127.0,6.87,36,50,103,31.7,37.4,6.87,15
20,7,29.1,26.7,131.4,7.95,36,50,155,22.2,26.1,7.75,20
16,3,29.8,29.4,139.5,6.54,36,50,110,34.6,36.0,6.88,16
17,1,24.1,23.9,123.5,8.1,36,50,130,80.0,28.8,7.65,17
18,3,24.0,28.3,118.3,6.39,36,50,137,32.3,31.9,7.61,18
12,10,31.1,26.3,115.7,8.15,36,50,54,18.4,25.5,4.5,12
18,6,28.5,26.4,124.1,8.23,36,49,123,25.7,35.0,6.83,18
12,3,26.4,26.7,121.2,8.71,36,50,75,24.0,23.5,6.25,12
17,4,26.0,34.9,136.7,8.98,36,50,115,29.4,33.6,6.76,17
19,2,28.5,19.3,143.0,8.4,36,50,149,56.6,16.0,7.84,19
15,4,40.8,23.4,123.8,7.74,36,50,122,32.7,21.2,8.13,15
17,6,28.6,16.1,132.3,8.26,36,50,128,21.5,21.9,7.53,17
20,7,40.8,30.2,113.0,8.52,36,50,137,22.5,32.6,6.85,20
13,3,35.2,27.1,136.9,7.96,36,50,97,31.7,30.6,7.46,13
20,7,35.5,22.9,132.3,7.35,36,50,166,28.6,27.4,8.3,20
20,4,32.5,15.0,111.4,6.68,36,50,151,34.2,18.6,7.55,20
16,4,35.2,34.2,134.1,9.14,36,33,124,33.0,33.8,7.75,16
18,5,34.9,29.4,139.0,8.53,36,50,151,33.4,34.7,8.39,18
19,7,24.1,29.3,150.0,8.08,31,50,122,16.2,21.8,6.42,19
15,6,35.5,29.8,120.7,7.47,36,50,99,23.5,30.5,6.6,15
18,2,24.1,22.2,130.1,6.66,36,50,158,61.9,25.5,8.78,18
13,4,28.7,17.8,134.0,9.43,36,50,102,31.7,22.3,7.85,13
16,3,26.9,32.1,115.5,7.87,36,50,108,36.2,32.8,6.75,16
16,3,31.3,32.4,149.5,8.09,36,50,129,39.1,35.6,8.06,16
16,4,31.0,16.2,162.6,8.36,36,50,141,32.5,24.0,8.81,16
20,5,33.6,22.4,122.0,8.57,36,50,171,36.6,19.2,8.55,20
16,9,34.4,24.0,106.9,6.91,36,50,95,22.2,26.1,5.94,16
19,4,35.6,28.9,130.4,8.17,36,50,140,33.2,34.4,7.37,19
16,8,40.6,23.1,153.0,6.36,36,50,121,29.2,26.9,7.56,16
18,4,36.5,16.1,146.7,7.07,36,50,155,34.1,14.5,8.61,18
12,4,23.1,31.6,111.1,8.11,36,50,71,21.2,36.0,5.92,12
17,3,28.0,22.9,135.5,9.55,36,50,136,35.9,19.7,8.0,17
17,4,26.8,23.3,138.8,8.66,36,50,157,33.7,25.4,9.24,17
20,5,30.4,29.8,118.7,7.63,36,50,157,27.4,30.5,7.85,20
17,1,34.7,31.6,113.9,7.72,36,50,130,80.0,27.6,7.65,17
11,4,33.5,18.9,140.8,9.36,36,50,80,23.1,23.0,7.27,11
17,3,35.0,27.0,137.8,9.52,36,50,153,42.1,27.9,9.0,17
13,7,36.1,18.1,132.2,7.69,36,50,119,20.3,15.9,9.15,13
18,5,27.6,28.2,116.2,8.02,36,50,118,27.7,30.2,6.56,18
12,1,32.7,23.0,120.5,8.95,36,50,91,66.7,28.5,7.58,12
13,7,38.4,18.6,120.8,7.84,36,50,99,21.6,15.8,7.62,13
16,5,27.4,18.9,169.4,8.07,36,50,142,28.8,21.5,8.88,16
19,4,38.5,26.4,127.8,8.1,36,50,149,37.1,26.4,7.84,19
19,7,38.7,15.1,116.8,9.76,36,50,129,30.0,22.6,6.79,19
10,4,22.7,27.1,164.3,7.76,36,50,90,22.4,34.9,9.0,10
20,7,41.7,29.0,124.7,7.99,36,50,167,26.9,32.3,8.35,20
16,3,30.3,25.9,133.5,7.36,36,50,111,31.6,25.5,6.94,16
17,8,26.3,32.1,140.6,8.08,36,50,106,17.4,31.1,6.24,17
14,10,30.2,22.0,105.6,8.88,36,49,77,15.5,21.7,5.5,14
20,4,37.5,32.9,138.9,8.56,36,50,152,37.4,27.4,7.6,20
20,4,27.2,29.2,134.6,7.52,36,50,147,34.0,34.4,7.35,20
14,1,20.0,25.9,136.4,6.8,36,50,100,73.6,22.3,7.14,14
15,6,40.9,24.7,117.6,8.77,31,50,123,32.2,19.6,8.2,15
14,6,30.5,23.8,114.6,8.21,36,50,103,22.3,21.8,7.36,14
15,1,24.8,21.2,139.1,7.71,36,50,131,80.0,20.3,8.73,15
16,5,34.9,24.1,121.6,9.11,36,50,145,35.5,24.3,9.06,16
10,6,30.6,26.6,147.4,8.43,36,50,46,16.7,26.8,4.6,10
19,1,27.3,31.8,131.4,7.55,36,50,145,80.0,31.5,7.63,19
20,6,34.7,21.2,140.4,7.27,36,50,142,31.1,20.0,7.1,20
19,7,41.5,22.5,106.8,7.86,36,50,136,23.3,21.9,7.16,19
18,4,23.4,31.7,136.6,9.6,36,50,141,30.4,24.2,7.83,18
13,3,41.3,26.7,103.5,7.76,36,50,125,42.6,34.4,9.62,13
15,4,36.6,20.2,109.8,9.45,36,50,117,26.9,20.9,7.8,15
20,6,38.2,26.3,128.0,8.13,36,50,164,28.7,27.4,8.2,20
13,4,30.5,26.3,129.8,7.59,36,50,77,26.2,23.1,5.92,13
18,10,33.2,24.6,118.1,8.82,36,50,138,21.3,30.7,7.67,18
17,3,44.6,23.5,143.8,6.69,36,50,131,41.1,24.5,7.71,17
12,2,33.5,26.2,156.3,6.03,36,50,110,47.2,24.3,9.17,12
19,4,35.5,24.8,145.2,8.45,36,50,157,39.8,21.6,8.26,19
15,2,36.2,29.6,133.0,6.04,36,49,108,47.3,32.8,7.2,15
20,6,30.3,29.0,113.2,8.88,36,50,151,30.6,31.0,7.55,20
20,5,36.2,22.4,114.8,6.64,36,44,147,28.2,23.0,7.35,20
12,4,25.8,32.8,107.9,8.84,36,50,75,18.5,28.5,6.25,12
14,5,27.0,20.6,110.2,8.49,36,50,105,25.8,22.5,7.5,14
14,0,28.3,15.0,126.0,7.76,36,50,119,80.0,18.7,8.5,14
18,2,23.7,25.2,132.1,6.73,36,50,136,49.0,21.0,7.56,18
19,7,35.6,19.3,140.4,6.93,36,50,149,23.1,22.2,7.84,19
18,1,34.2,26.0,135.5,8.24,36,50,150,80.0,24.6,8.33,18
16,3,34.7,31.9,133.5,6.78,36,50,124,34.9,36.6,7.75,16
13,6,28.0,29.5,113.5,6.72,36,50,87,20.9,40.0,6.69,13
14,2,29.3,24.0,105.1,7.91,36,50,85,38.5,26.8,6.07,14
12,6,30.1,28.7,139.8,8.1,36,50,73,17.7,32.5,6.08,12
14,5,28.3,25.6,137.7,7.03,36,50,116,25.2,23.8,8.29,14
18,6,39.6,28.5,146.3,6.93,36,50,150,30.1,28.2,8.33,18
19,3,34.1,29.2,139.2,8.59,36,50,172,46.4,28.7,9.05,19
15,7,38.3,27.5,124.6,8.16,36,50,121,25.8,26.6,8.07,15
12,2,22.7,22.5,118.2,8.57,36,50,94,30.9,18.8,7.83,12
16,3,28.2,23.7,116.9,6.45,36,50,128,34.9,30.7,8.0,16
17,4,27.8,27.0,120.2,7.83,36,50,133,30.1,28.4,7.82,17
20,3,35.5,27.4,134.5,9.18,36,50,162,48.8,33.9,8.1,20
16,8,37.1,31.3,122.0,8.81,36,50,117,18.3,29.7,7.31,16
11,5,36.9,19.3,147.8,7.48,36,46,100,25.6,15.4,9.09,11
17,2,31.2,23.2,118.7,7.77,36,50,114,44.8,20.9,6.71,17
19,5,27.9,27.0,130.7,8.73,36,50,153,29.0,31.3,8.05,19
14,6,26.2,24.5,124.2,8.27,36,50,107,20.9,22.9,7.64,14
14,7,34.5,22.1,152.2,9.79,36,50,94,26.0,26.4,6.71,14
14,5,39.1,23.6,141.3,7.42,36,50,106,25.3,18.4,7.57,14
19,8,26.2,24.4,111.3,5.33,36,50,124,23.3,19.0,6.53,19
15,2,32.4,19.1,140.1,10.07,36,50,113,43.6,16.9,7.53,15
17,5,36.4,21.1,127.7,8.93,36,50,142,29.6,20.0,8.35,17
20,5,36.3,17.8,117.5,8.65,36,50,155,27.1,20.5,7.75,20
14,7,37.1,28.8,104.2,6.52,36,50,120,24.7,31.7,8.57,14
16,4,33.4,23.9,141.9,7.13,36,50,132,30.2,24.2,8.25,16
16,5,33.2,25.5,139.3,7.05,36,50,119,27.1,21.5,7.44,16
19,3,38.5,32.4,120.6,7.7,36,50,140,46.7,37.8,7.37,19
17,3,31.4,30.5,128.2,9.15,36,50,152,47.3,29.7,8.94,17
17,5,33.6,24.1,129.2,7.99,36,50,138,31.5,25.4,8.12,17
17,3,30.3,27.4,114.1,8.59,36,50,139,38.6,29.2,8.18,17
11,7,30.0,16.6,136.4,6.08,36,50,81,20.8,22.7,7.36,11
20,1,31.2,30.6,139.0,7.01,36,50,165,80.0,31.1,8.25,20
17,2,32.4,31.5,114.3,8.25,36,50,143,52.0,30.4,8.41,17
11,2,43.8,19.2,118.9,8.36,36,50,107,50.5,18.4,9.73,11
14,5,35.7,23.7,106.2,8.18,36,50,128,29.8,23.5,9.14,14
17,8,28.6,26.9,121.8,9.08,36,50,123,19.5,32.8,7.24,17
15,2,31.9,24.5,153.2,9.07,36,50,134,56.6,24.4,8.93,15
11,5,24.0,30.1,132.5,8.28,36,50,84,20.5,26.2,7.64,11
14,7,32.9,26.7,109.9,6.03,36,47,87,22.1,23.7,6.21,14
18,5,23.1,22.6,143.7,7.75,36,50,135,32.3,23.3,7.5,18
20,5,29.2,24.7,131.1,8.75,36,50,166,33.3,23.2,8.3,20
14,3,25.2,26.6,126.8,6.13,36,50,96,23.7,17.4,6.86,14
16,6,28.7,29.9,131.2,7.74,36,50,119,20.0,27.7,7.44,16
14,5,27.4,26.0,120.5,6.62,36,50,109,26.0,26.7,7.79,14
19,2,31.1,17.9,131.0,8.14,36,50,175,68.7,16.5,9.21,19
14,6,30.6,27.7,133.4,9.79,36,50,99,24.9,25.9,7.07,14
15,4,36.0,28.9,124.7,6.76,36,50,122,31.2,25.1,8.13,15
13,4,34.8,22.3,99.5,9.0,36,50,86,30.2,17.8,6.62,13
17,5,31.5,25.0,134.1,9.05,36,50,119,28.1,20.4,7.0,17
20,8,36.3,30.3,134.5,6.68,36,50,167,28.8,30.9,8.35,20
16,4,38.3,31.9,123.2,7.21,36,50,132,36.2,34.3,8.25,16
14,8,27.2,30.2,130.2,9.4,36,50,98,16.8,29.7,7.0,14
19,6,25.0,21.4,107.2,6.54,36,50,133,28.3,21.0,7.0,19
11,7,21.1,31.8,120.1,6.92,36,50,57,12.4,33.2,5.18,11
17,5,32.1,22.0,91.9,8.78,36,50,121,29.7,26.8,7.12,17
15,3,36.9,24.3,146.0,8.76,36,50,146,43.7,28.2,9.73,15
12,4,30.5,32.1,131.0,8.33,36,50,82,27.3,39.6,6.83,12
15,3,28.0,27.9,140.7,8.24,36,50,128,37.6,27.5,8.53,15
18,2,27.7,25.3,134.1,8.59,36,50,149,58.9,35.0,8.28,18
17,5,33.2,27.6,122.6,7.85,36,50,133,30.5,23.0,7.82,17
20,3,29.1,25.9,124.7,7.72,36,50,149,40.5,30.7,7.45,20
16,7,31.1,31.1,133.7,7.37,36,50,127,26.5,26.6,7.94,16
19,6,23.4,23.3,116.8,8.84,36,50,109,25.6,18.6,5.74,19
20,1,32.8,29.8,115.3,7.92,36,50,164,80.0,29.9,8.2,20
19,5,37.5,24.0,142.2,7.2,36,50,143,32.0,18.4,7.53,19
19,3,34.0,17.8,113.9,8.97,36,50,147,42.1,18.4,7.74,19
16,5,29.1,21.3,119.4,7.44,36,50,112,19.2,26.7,7.0,16
20,7,28.0,18.5,122.7,6.11,36,50,153,26.0,23.8,7.65,20
14,2,25.6,29.2,134.4,8.16,36,50,90,39.1,29.5,6.43,14
12,10,33.1,23.9,129.2,8.77,36,50,92,18.0,17.2,7.67,12
19,4,27.5,29.5,117.8,8.07,36,50,153,31.0,24.1,8.05,19
14,8,33.7,31.4,133.8,7.7,36,50,86,18.6,37.6,6.14,14
18,3,35.9,20.4,131.8,7.67,36,50,133,39.9,19.4,7.39,18
10,2,24.3,26.1,166.4,7.95,36,50,63,26.9,24.9,6.3,10
11,5,28.8,31.3,130.1,8.82,36,50,68,17.0,25.1,6.18,11
13,7,28.3,27.9,109.8,6.62,36,50,85,18.1,31.4,6.54,13
16,5,31.0,25.8,121.0,7.43,36,50,109,26.5,27.8,6.81,16
19,3,24.2,34.3,98.9,8.66,36,50,118,30.8,32.9,6.21,19
18,2,33.6,23.3,134.0,6.98,36,50,154,54.0,28.6,8.56,18
14,6,25.4,25.3,118.0,7.99,36,50,73,17.0,29.7,5.21,14
20,2,40.6,23.4,148.7,9.2,36,50,182,74.3,18.6,9.1,20
13,3,17.4,25.2,129.4,7.56,36,50,102,31.0,21.4,7.85,13
20,4,26.5,24.3,136.8,6.92,36,50,172,40.1,25.6,8.6,20
16,6,37.2,27.6,133.5,8.14,35,50,130,30.2,30.4,8.12,16
17,3,23.7,20.3,137.7,7.27,36,50,137,39.1,21.1,8.06,17
19,1,28.9,21.6,120.2,9.25,36,50,174,80.0,27.3,9.16,19
13,2,23.2,22.8,137.2,8.73,36,50,90,39.4,28.4,6.92,13
20,7,17.9,29.9,112.8,6.39,36,50,127,20.6,29.6,6.35,20
17,3,42.8,38.5,143.0,7.52,36,50,158,45.2,46.5,9.29,17
19,7,28.2,25.3,146.5,8.04,36,50,142,21.4,32.9,7.47,19
17,1,26.5,23.0,120.1,8.7,36,50,147,80.0,16.4,8.65,17
15,5,38.6,24.4,113.4,9.93,36,50,115,29.3,29.8,7.67,15
20,6,31.0,23.2,117.0,8.98,36,50,148,29.4,19.0,7.4,20
10,6,30.4,29.9,138.3,6.06,36,46,59,16.9,25.9,5.9,10
19,6,30.6,15.0,127.5,8.12,36,50,138,25.5,15.1,7.26,19
15,7,29.5,29.0,134.9,8.43,36,50,102,18.6,22.7,6.8,15
18,4,37.4,15.1,125.6,7.56,36,50,137,40.8,13.5,7.61,18
18,3,26.5,27.5,109.5,7.22,36,50,136,37.1,31.2,7.56,18
18,8,21.3,29.3,126.4,8.95,36,50,104,19.8,31.8,5.78,18
14,10,22.2,28.0,138.0,8.5,36,50,65,18.1,30.8,4.64,14
20,5,29.1,26.3,147.3,8.92,36,50,144,29.4,25.1,7.2,20
15,7,33.5,29.5,111.7,7.52,36,50,91,19.7,31.0,6.07,15
15,2,40.2,31.1,120.1,7.98,36,50,129,50.6,33.2,8.6,15
10,3,30.7,20.7,121.8,8.93,36,50,86,24.6,20.5,8.6,10
20,4,31.9,28.6,117.1,6.25,36,50,146,39.2,26.3,7.3,20
13,4,30.1,24.5,132.8,8.98,36,50,105,28.5,34.1,8.08,13
16,2,34.8,29.5,113.8,7.67,36,50,107,44.7,30.5,6.69,16
14,2,42.3,30.0,133.0,9.24,36,50,118,50.0,24.9,8.43,14
20,1,27.8,23.7,153.1,9.59,36,50,158,80.0,26.6,7.9,20
15,1,23.8,33.3,142.7,10.24,36,50,115,78.0,32.6,7.67,15
20,6,36.5,34.6,123.5,7.66,36,50,171,35.3,33.3,8.55,20
20,6,39.0,22.9,107.0,6.09,36,50,144,32.7,16.4,7.2,20
18,7,32.2,33.2,125.9,8.35,36,42,122,23.9,29.9,6.78,18
14,2,34.9,20.4,143.5,8.32,36,50,99,44.5,20.2,7.07,14
16,5,36.7,25.6,111.7,7.41,36,50,146,30.4,29.9,9.12,16
15,7,37.5,29.1,152.1,7.59,36,50,98,24.2,29.2,6.53,15
20,4,35.6,17.6,132.6,8.94,36,50,173,39.2,12.0,8.65,20
19,2,39.1,27.9,148.7,5.85,36,50,161,55.6,30.2,8.47,19
11,5,42.8,21.4,149.9,8.28,36,50,82,28.1,24.5,7.45,11
18,2,32.4,25.4,147.7,8.42,36,50,158,54.6,30.2,8.78,18
18,3,39.6,20.0,154.2,6.04,36,50,160,47.8,12.4,8.89,18
16,5,26.8,28.3,143.2,9.03,36,50,131,25.8,29.5,8.19,16
15,7,36.0,20.1,132.1,6.68,36,47,137,27.0,19.4,9.13,15
13,9,39.5,25.5,112.2,8.61,36,50,69,22.3,15.1,5.31,13
19,3,25.4,20.7,112.6,6.51,36,50,130,37.6,23.3,6.84,19
19,9,23.2,17.9,126.4,7.63,36,50,136,17.2,14.0,7.16,19
15,5,32.3,25.6,130.6,10.41,36,50,127,21.9,26.0,8.47,15
20,2,29.1,22.8,140.4,6.97,36,50,169,65.7,21.3,8.45,20
13,2,37.3,21.6,127.1,9.05,36,50,101,39.5,23.9,7.77,13
14,6,32.7,33.0,124.1,6.35,36,50,102,18.0,31.2,7.29,14
