over_number,wickets_fallen,batsman_avg,bowler_econ,strike_rate,match_phase,runs_in_over
2,0,26.0,7.38,138.0,0,11.0
16,4,38.7,8.54,165.9,2,16.0
14,6,32.4,10.34,136.6,1,9.0
9,1,27.7,6.31,111.8,1,3.0
9,2,32.4,7.47,103.8,1,6.0
18,4,32.2,6.34,103.6,2,8.0
2,2,37.0,7.0,130.1,0,10.0
14,7,32.4,7.65,120.7,1,9.0
5,3,31.2,7.13,118.4,0,13.0
2,0,33.0,8.62,127.9,0,11.0
11,4,21.1,8.18,147.2,1,8.0
20,6,21.0,8.36,119.1,2,6.0
15,5,29.1,7.63,115.7,1,3.0
16,2,32.1,7.74,120.4,2,16.0
15,6,32.1,7.58,148.4,1,3.0
16,3,27.5,8.0,128.6,2,11.0
11,7,27.2,8.5,135.6,1,7.0
3,1,32.4,5.69,161.1,0,11.0
17,3,34.4,8.35,186.9,2,15.0
10,2,42.0,6.96,142.8,1,5.0
11,5,14.2,7.59,140.8,1,4.0
8,2,37.0,6.13,106.3,1,4.0
4,3,31.1,7.57,137.4,0,8.0
19,4,36.2,8.33,131.2,2,14.0
16,8,41.5,8.55,147.8,2,10.0
13,7,26.0,6.58,122.2,1,2.0
9,4,39.6,8.49,134.0,1,9.0
17,2,22.0,9.37,142.1,2,22.0
11,5,33.0,7.41,168.0,1,9.0
9,2,30.1,8.0,161.3,1,10.0
10,7,32.4,5.52,155.3,1,5.0
5,4,24.1,6.92,144.5,0,6.0
2,1,35.5,8.32,121.4,0,7.0
12,3,44.7,9.15,144.5,1,13.0
18,5,24.2,7.28,114.6,2,14.0
2,2,33.5,11.2,129.9,0,11.0
18,7,38.8,8.38,165.6,2,15.0
17,7,29.6,6.47,140.8,2,6.0
6,2,42.9,9.54,134.5,0,16.0
13,8,28.6,6.5,137.1,1,4.0
4,1,31.1,8.39,128.1,0,10.0
16,9,24.1,6.88,86.9,2,4.0
15,4,33.0,6.37,104.7,1,2.0
8,2,32.0,9.15,142.3,1,10.0
2,0,37.1,7.69,111.6,0,13.0
20,5,26.9,10.07,127.8,2,12.0
9,2,26.5,6.78,105.5,1,7.0
18,4,35.7,6.13,115.6,2,12.0
14,4,43.2,7.42,129.9,1,11.0
16,4,37.0,11.47,129.9,2,11.0
16,5,46.8,9.0,152.5,2,16.0
4,0,36.4,8.66,115.3,0,12.0
8,1,36.2,8.7,136.1,1,11.0
10,3,37.4,7.42,101.5,1,7.0
10,8,43.9,11.28,131.1,1,8.0
1,0,41.9,8.55,149.1,0,13.0
11,2,23.3,8.44,128.7,1,9.0
4,3,38.4,9.18,156.3,0,6.0
15,4,34.1,6.47,146.7,1,11.0
14,3,30.4,6.94,134.8,1,7.0
19,3,17.8,7.71,125.0,2,16.0
15,7,19.7,9.19,119.3,1,6.0
8,5,29.1,6.44,100.8,1,7.0
20,6,20.3,7.92,104.1,2,9.0
9,2,32.4,8.0,149.9,1,2.0
7,1,37.7,6.11,160.3,1,11.0
19,3,27.4,7.39,108.4,2,9.0
8,0,32.7,8.65,131.4,1,4.0
2,1,23.4,6.22,98.5,0,5.0
10,4,34.4,9.69,110.5,1,10.0
16,5,36.1,8.56,135.2,2,11.0
4,2,20.6,8.42,119.6,0,4.0
10,5,26.0,8.01,91.7,1,1.0
3,0,21.9,6.69,164.4,0,6.0
14,2,36.1,7.22,129.0,1,8.0
10,2,33.3,8.43,107.9,1,6.0
7,2,31.6,7.22,132.6,1,8.0
5,0,31.0,8.23,128.4,0,9.0
12,5,34.6,6.92,138.4,1,10.0
14,8,34.7,8.54,123.2,1,11.0
19,3,28.0,8.63,136.3,2,12.0
9,2,26.9,6.05,148.9,1,7.0
4,1,31.5,8.08,103.6,0,5.0
17,1,30.5,6.17,116.1,2,13.0
13,2,48.5,5.77,146.8,1,11.0
15,2,28.9,7.29,119.0,1,14.0
2,0,34.3,11.36,128.4,0,14.0
7,0,35.7,8.93,120.6,1,10.0
16,4,43.2,9.67,121.8,2,22.0
17,3,25.5,8.73,120.1,2,11.0
9,4,42.7,8.25,104.8,1,10.0
17,6,30.8,9.07,139.2,2,11.0
17,7,52.0,7.23,151.2,2,13.0
8,1,34.9,8.56,126.5,1,10.0
18,5,22.2,9.41,149.0,2,11.0
6,2,30.4,8.84,120.2,0,14.0
5,0,42.7,9.49,119.0,0,20.0
14,4,32.7,8.22,138.2,1,11.0
13,4,31.5,10.03,138.5,1,10.0
3,2,37.8,7.75,127.7,0,15.0
17,3,29.2,10.54,143.5,2,10.0
4,1,30.3,8.69,104.3,0,14.0
17,4,24.4,7.54,123.9,2,5.0
1,2,45.8,6.59,149.3,0,8.0
16,5,22.2,7.03,149.2,2,11.0
16,1,33.4,6.85,146.7,2,15.0
16,6,35.8,7.89,150.4,2,9.0
14,4,31.9,6.47,129.9,1,3.0
10,2,22.0,9.55,95.9,1,8.0
15,9,24.0,8.13,124.8,1,4.0
6,1,36.2,8.08,142.7,0,7.0
16,2,25.8,6.6,129.9,2,13.0
12,4,15.4,7.08,119.5,1,6.0
10,4,35.1,5.34,110.6,1,7.0
11,4,25.0,9.94,112.6,1,7.0
12,4,37.0,8.0,119.1,1,8.0
1,0,30.4,6.39,129.9,0,6.0
3,1,30.0,8.0,119.5,0,10.0
5,3,32.4,8.47,131.0,0,5.0
3,2,22.9,8.14,128.0,0,7.0
9,2,25.4,8.41,123.4,1,7.0
14,4,29.9,9.14,116.2,1,9.0
14,5,22.8,8.12,118.5,1,5.0
10,3,37.7,6.15,129.9,1,3.0
18,1,29.5,8.88,144.1,2,18.0
12,5,20.4,8.51,130.0,1,11.0
2,2,27.5,9.41,193.3,0,12.0
16,6,32.8,6.5,123.4,2,4.0
12,4,28.4,7.12,138.8,1,4.0
13,3,35.2,8.47,123.8,1,14.0
12,4,36.6,6.87,123.3,1,4.0
12,2,51.2,5.18,161.2,1,6.0
2,3,41.2,8.24,150.0,0,7.0
12,5,18.9,9.07,94.9,1,5.0
16,5,29.1,7.85,109.5,2,10.0
7,7,29.9,8.66,127.3,1,12.0
13,1,32.4,8.48,119.7,1,11.0
1,0,24.5,8.01,99.8,0,5.0
7,1,27.7,8.16,132.3,1,5.0
9,5,22.0,9.62,92.4,1,10.0
20,6,27.2,6.84,132.5,2,14.0
5,2,27.5,8.93,144.6,0,11.0
6,0,29.5,6.58,147.5,0,6.0
9,2,22.5,8.0,127.1,1,10.0
20,4,39.9,9.44,160.2,2,15.0
18,5,35.8,6.55,136.6,2,5.0
1,1,20.4,7.71,146.9,0,8.0
5,0,32.2,10.83,115.3,0,8.0
17,6,19.5,9.23,160.4,2,10.0
2,0,42.7,7.12,129.9,0,7.0
18,7,44.9,7.32,161.5,2,13.0
6,0,32.4,7.8,157.2,0,24.0
19,4,25.2,9.57,135.2,2,17.0
6,0,26.7,6.8,138.1,0,13.0
9,0,28.4,6.73,126.4,1,10.0
14,7,31.1,8.86,113.6,1,8.0
3,0,43.0,5.98,141.9,0,17.0
12,1,39.6,6.91,140.9,1,7.0
11,6,39.8,7.9,97.6,1,14.0
16,2,33.4,7.96,128.3,2,12.0
20,5,22.8,6.36,147.4,2,8.0
14,3,32.4,8.42,159.3,1,18.0
9,1,32.5,8.66,144.5,1,11.0
9,0,22.4,7.21,99.7,1,10.0
9,4,34.4,9.99,129.9,1,12.0
17,6,38.4,8.41,123.1,2,13.0
7,2,36.4,6.79,158.0,1,15.0
4,0,36.0,8.0,117.9,0,13.0
7,0,17.1,7.37,151.2,1,5.0
1,0,42.7,8.21,117.5,0,10.0
3,0,19.5,7.42,140.7,0,7.0
2,2,30.8,8.75,111.2,0,11.0
16,3,36.9,7.42,126.1,2,16.0
15,5,34.9,7.49,107.4,1,8.0
14,3,21.8,7.81,158.9,1,9.0
10,3,23.2,7.4,116.1,1,5.0
15,2,34.3,9.29,99.1,1,8.0
4,0,36.1,6.49,97.5,0,2.0
19,8,23.1,7.96,128.3,2,6.0
11,6,35.1,8.11,120.8,1,6.0
19,4,19.9,7.85,143.0,2,13.0
4,1,32.4,9.16,125.3,0,7.0
10,0,24.9,6.2,153.3,1,7.0
14,2,32.6,8.68,122.3,1,7.0
10,2,31.3,6.51,150.5,1,9.0
9,3,41.3,7.39,110.9,1,9.0
4,3,33.9,6.38,99.9,0,8.0
8,4,27.2,7.6,113.5,1,6.0
5,0,34.9,7.31,107.4,0,12.0
7,1,49.1,9.97,105.2,1,16.0
14,2,37.9,8.29,138.3,1,8.0
13,3,31.5,8.53,124.7,1,8.0
13,5,25.3,6.67,132.8,1,14.0
8,4,27.1,8.89,140.6,1,7.0
20,6,37.4,9.97,96.3,2,9.0
2,0,24.9,9.04,141.4,0,13.0
7,1,32.0,6.43,105.9,1,5.0
3,3,43.5,7.44,129.9,0,12.0
7,1,33.2,8.13,92.2,1,5.0
20,3,23.4,7.31,143.1,2,11.0
8,0,49.4,11.04,96.2,1,20.0
19,9,46.1,7.42,106.0,2,11.0
10,0,36.0,7.95,107.4,1,14.0
14,4,42.2,7.28,127.4,1,9.0
10,3,29.9,8.28,126.8,1,6.0
6,0,37.8,9.66,146.2,0,11.0
16,6,28.6,8.14,127.9,2,14.0
20,2,21.2,8.0,149.3,2,16.0
6,1,52.7,6.71,137.6,0,11.0
16,6,20.7,9.45,111.1,2,11.0
6,2,34.4,7.83,116.7,0,7.0
15,4,34.3,8.0,160.2,1,9.0
16,3,36.1,5.19,129.9,2,10.0
9,2,31.3,7.85,146.5,1,9.0
15,7,31.4,7.52,149.1,1,5.0
6,3,33.1,5.81,139.3,0,8.0
2,0,35.8,9.19,129.9,0,8.0
2,0,32.4,7.36,131.0,0,6.0
9,2,31.5,10.27,164.0,1,8.0
19,5,21.4,9.7,120.7,2,10.0
3,0,48.1,8.0,134.8,0,6.0
10,6,36.3,9.64,95.8,1,11.0
15,3,33.7,9.93,129.9,1,3.0
5,1,27.0,7.33,129.9,0,10.0
15,4,24.0,6.76,142.3,1,6.0
7,4,38.9,5.41,125.7,1,7.0
17,4,30.7,8.46,131.6,2,13.0
12,5,37.0,6.83,102.8,1,5.0
11,3,32.4,8.49,121.4,1,3.0
4,1,32.4,7.32,100.8,0,10.0
10,1,39.2,7.06,124.1,1,8.0
18,9,31.4,7.33,143.6,2,12.0
1,0,35.7,6.44,139.1,0,7.0
16,6,37.9,7.33,161.8,2,13.0
10,1,21.3,7.12,135.9,1,5.0
15,5,45.4,7.98,80.4,1,7.0
14,6,32.4,8.13,169.0,1,6.0
9,7,26.4,6.71,113.2,1,5.0
7,4,23.2,9.32,133.2,1,10.0
13,2,39.9,7.81,132.0,1,10.0
3,2,33.7,9.8,134.8,0,15.0
12,7,35.9,8.29,131.0,1,12.0
2,1,32.2,8.08,131.3,0,11.0
13,9,24.0,7.41,103.6,1,1.0
13,5,36.1,8.74,181.7,1,14.0
2,0,30.4,8.04,143.0,0,15.0
16,4,31.8,9.03,131.0,2,14.0
9,2,51.0,9.93,166.8,1,18.0
16,1,39.0,7.13,108.6,2,15.0
1,0,39.4,8.74,147.4,0,13.0
4,2,53.8,8.7,118.9,0,16.0
10,2,35.1,8.55,138.0,1,9.0
4,3,33.0,7.48,138.5,0,7.0
7,2,26.6,7.5,83.3,1,6.0
14,6,28.4,7.3,101.4,1,5.0
3,0,32.4,7.28,161.7,0,6.0
14,8,38.3,6.99,125.0,1,7.0
3,3,21.9,7.87,170.0,0,12.0
4,1,39.2,7.09,156.2,0,7.0
12,3,31.7,8.52,125.6,1,8.0
16,5,33.0,8.07,123.8,2,9.0
4,2,31.7,8.2,163.0,0,8.0
6,4,43.1,7.67,172.1,0,5.0
19,6,41.7,8.08,129.9,2,14.0
20,8,31.8,7.7,160.8,2,14.0
12,1,24.8,8.94,150.6,1,10.0
9,1,39.4,7.47,154.1,1,15.0
7,1,32.4,8.45,132.0,1,7.0
13,6,19.6,6.43,116.6,1,2.0
12,4,36.0,8.85,108.9,1,6.0
6,3,41.7,7.33,103.9,0,12.0
1,1,28.8,6.91,129.9,0,7.0
4,1,35.2,6.63,130.2,0,14.0
20,5,28.7,6.54,107.1,2,6.0
9,4,37.8,8.0,150.0,1,8.0
10,0,40.8,9.8,120.4,1,16.0
10,2,29.9,7.23,117.0,1,7.0
16,5,23.8,5.35,171.4,2,5.0
2,0,20.3,8.44,103.4,0,9.0
2,0,39.4,6.66,134.7,0,9.0
6,1,22.9,8.98,118.2,0,7.0
10,1,35.0,7.49,115.0,1,9.0
14,3,38.2,7.67,129.9,1,12.0
10,5,28.0,9.44,131.2,1,12.0
9,1,30.7,8.74,112.5,1,8.0
19,7,40.0,6.5,141.8,2,13.0
4,1,25.5,6.68,129.1,0,5.0
12,2,24.7,5.86,123.7,1,6.0
11,3,30.1,11.12,112.6,1,10.0
10,4,42.2,6.96,158.6,1,12.0
17,5,44.9,9.4,144.7,2,18.0
6,0,31.2,7.36,116.4,0,14.0
20,3,26.3,6.7,102.8,2,11.0
7,2,40.5,8.03,92.2,1,5.0
11,2,18.6,7.61,152.7,1,10.0
11,9,34.0,8.96,148.2,1,6.0
17,9,31.6,8.98,150.9,2,13.0
9,3,42.4,7.29,127.6,1,9.0
6,3,43.2,6.27,146.1,0,13.0
1,0,24.5,6.56,150.5,0,7.0
8,2,33.3,5.26,128.6,1,4.0
17,5,27.4,7.67,122.8,2,12.0
1,0,29.7,7.99,110.5,0,11.0
18,5,36.9,6.63,138.5,2,9.0
11,4,29.3,6.48,141.2,1,6.0
3,0,33.6,7.98,121.9,0,10.0
7,0,39.7,7.24,124.2,1,12.0
12,9,44.1,7.74,125.7,1,7.0
7,2,34.3,7.56,145.8,1,12.0
3,2,32.9,8.3,102.5,0,11.0
14,6,23.1,7.32,107.9,1,2.0
14,4,44.7,7.41,108.3,1,12.0
3,0,36.0,5.74,127.0,0,11.0
6,4,32.4,8.0,136.3,0,4.0
5,1,32.7,8.11,108.6,0,13.0
14,2,34.9,7.79,148.2,1,13.0
15,1,38.2,10.29,159.3,1,11.0
15,7,39.2,8.2,138.3,1,8.0
19,8,44.9,7.81,152.5,2,9.0
16,3,32.4,8.6,129.9,2,13.0
7,3,32.4,10.54,112.2,1,13.0
3,1,40.5,8.3,140.3,0,7.0
13,4,31.5,5.33,129.2,1,7.0
19,9,18.7,8.52,112.1,2,4.0
20,6,32.7,6.94,158.5,2,12.0
5,3,44.5,5.69,136.0,0,4.0
5,1,25.8,10.04,144.0,0,9.0
1,0,32.7,9.78,116.5,0,8.0
3,0,33.3,6.91,163.6,0,15.0
12,5,39.5,6.92,126.9,1,13.0
11,2,28.9,8.19,150.4,1,10.0
8,2,25.0,6.94,118.3,1,4.0
7,0,36.6,7.84,133.4,1,5.0
17,3,26.1,7.14,141.2,2,11.0
10,4,17.3,7.52,169.9,1,7.0
17,7,46.7,6.31,121.2,2,16.0
20,5,39.4,8.99,134.1,2,13.0
7,1,47.1,9.44,141.8,1,9.0
5,2,39.0,7.88,101.7,0,10.0
20,9,37.4,7.96,86.5,2,15.0
13,4,35.0,8.75,110.1,1,12.0
6,3,30.5,8.0,149.3,0,8.0
13,5,36.1,10.08,164.3,1,10.0
11,2,27.6,6.42,111.5,1,9.0
19,5,23.4,8.0,105.7,2,14.0
6,0,29.3,7.86,160.7,0,13.0
20,5,42.3,6.65,118.7,2,13.0
19,7,22.1,10.7,122.6,2,11.0
4,3,22.3,10.86,159.2,0,8.0
4,1,36.7,7.75,155.9,0,14.0
11,2,28.7,8.53,148.7,1,6.0
1,0,35.9,7.43,95.8,0,4.0
6,0,39.9,7.63,104.8,0,12.0
9,2,35.7,6.64,152.4,1,7.0
20,4,26.9,6.46,136.4,2,13.0
20,2,42.3,10.21,114.4,2,15.0
4,0,37.9,7.95,123.1,0,8.0
18,5,32.2,8.06,152.2,2,11.0
2,0,32.4,7.03,160.6,0,5.0
15,2,35.0,8.23,129.9,1,8.0
17,6,29.5,6.2,116.3,2,6.0
18,1,19.0,7.07,124.5,2,13.0
5,1,38.0,6.56,156.9,0,9.0
18,6,37.5,9.55,156.5,2,17.0
3,1,13.6,6.02,129.9,0,3.0
11,2,36.1,6.58,119.4,1,10.0
10,2,46.1,5.54,151.7,1,4.0
7,2,23.0,6.93,162.5,1,8.0
1,0,31.4,7.45,100.9,0,7.0
16,3,30.5,9.17,125.4,2,14.0
7,5,45.3,7.73,153.1,1,7.0
14,6,41.0,7.51,131.5,1,8.0
9,3,25.0,8.36,120.2,1,4.0
8,3,34.7,7.47,133.7,1,10.0
18,5,50.4,10.89,137.4,2,20.0
2,2,27.0,7.29,129.9,0,7.0
15,9,31.9,8.0,131.8,1,5.0
15,3,36.1,8.99,137.3,1,14.0
8,3,32.4,7.26,120.2,1,2.0
6,2,46.1,8.2,114.4,0,12.0
1,0,28.2,7.4,119.2,0,10.0
19,4,20.9,8.33,110.6,2,6.0
19,7,27.8,8.12,147.0,2,10.0
5,1,32.4,7.83,110.3,0,3.0
1,0,25.6,6.61,133.8,0,8.0
3,0,34.4,8.0,129.9,0,10.0
2,2,36.5,8.7,115.9,0,3.0
17,6,22.3,6.09,157.4,2,7.0
18,8,32.4,8.0,127.4,2,5.0
4,1,34.8,6.12,116.6,0,7.0
15,7,37.6,8.91,114.7,1,5.0
4,3,27.7,7.97,136.8,0,8.0
8,2,32.4,8.0,146.5,1,4.0
12,7,29.7,6.99,155.4,1,5.0
15,1,37.8,7.62,126.6,1,14.0
18,5,36.2,8.94,125.4,2,15.0
1,0,29.0,9.27,132.6,0,11.0
4,1,35.8,9.02,133.3,0,16.0
6,0,28.7,6.14,114.6,0,8.0
7,3,35.7,8.0,159.2,1,10.0
20,4,35.8,8.3,130.4,2,17.0
16,3,51.0,7.12,140.7,2,13.0
7,3,29.3,6.01,138.5,1,5.0
20,3,30.9,6.46,138.1,2,8.0
10,5,26.8,9.8,109.9,1,4.0
11,7,23.7,6.57,129.9,1,1.0
9,4,28.3,8.06,175.6,1,10.0
3,0,37.3,7.81,161.7,0,8.0
19,2,37.9,7.82,133.1,2,10.0
1,0,34.4,7.62,122.7,0,9.0
4,2,32.4,8.95,85.6,0,8.0
5,1,28.1,8.04,120.1,0,8.0
6,1,24.7,7.25,128.4,0,5.0
3,0,32.4,8.06,123.7,0,10.0
1,0,21.6,6.47,125.0,0,9.0
14,5,42.9,8.57,142.4,1,10.0
20,4,46.7,7.18,110.0,2,13.0
3,1,16.5,7.25,135.5,0,2.0
6,1,34.3,8.0,129.9,0,6.0
11,3,34.2,7.51,112.4,1,9.0
19,1,33.7,7.58,163.5,2,12.0
14,2,27.3,9.4,145.0,1,8.0
16,6,40.2,6.83,114.3,2,14.0
12,3,35.3,8.6,140.3,1,11.0
9,6,40.3,9.14,102.2,1,15.0
4,2,26.1,9.4,116.7,0,16.0
18,2,20.9,10.61,156.6,2,23.0
17,4,35.5,7.23,137.0,2,10.0
1,1,24.3,6.96,135.4,0,10.0
15,3,40.4,8.98,149.7,1,11.0
2,2,15.0,9.13,142.2,0,6.0
15,9,28.3,7.05,124.7,1,1.0
17,3,27.1,8.58,148.7,2,13.0
3,1,29.3,11.27,96.2,0,13.0
9,2,34.1,8.13,116.7,1,7.0
3,1,35.2,9.11,128.1,0,9.0
12,4,37.1,9.89,141.0,1,17.0
19,2,32.4,11.0,123.5,2,19.0
2,1,30.6,8.29,94.3,0,9.0
8,4,48.9,9.5,129.9,1,12.0
20,4,43.1,7.05,128.6,2,12.0
7,3,29.5,8.03,120.4,1,6.0
3,2,30.9,7.46,129.9,0,4.0
10,1,29.3,5.74,108.5,1,7.0
11,8,34.9,6.08,132.7,1,4.0
14,2,24.2,8.52,156.0,1,9.0
7,3,25.7,8.54,132.7,1,9.0
20,4,14.7,8.0,156.3,2,9.0
11,0,28.8,9.87,122.5,1,11.0
6,0,40.5,6.67,138.9,0,8.0
20,5,30.8,8.31,157.0,2,11.0
19,7,31.2,7.5,126.8,2,14.0
10,1,34.2,8.13,130.5,1,14.0
1,1,24.0,9.08,122.5,0,5.0
12,4,32.2,8.91,141.9,1,7.0
12,5,39.1,8.85,148.0,1,10.0
3,1,34.5,8.7,137.0,0,11.0
13,2,39.8,6.47,125.4,1,9.0
17,5,42.1,9.36,100.0,2,15.0
3,1,37.3,6.73,129.0,0,5.0
15,6,26.3,7.87,126.2,1,7.0
3,0,29.2,7.58,134.7,0,8.0
15,6,47.5,8.42,132.3,1,10.0
9,2,34.5,7.42,161.4,1,16.0
1,0,32.4,7.81,116.1,0,6.0
20,4,25.1,9.94,98.5,2,11.0
4,1,31.3,6.45,129.9,0,6.0
12,4,37.7,8.0,117.3,1,13.0
4,0,32.1,6.66,151.6,0,7.0
19,5,27.8,8.81,104.1,2,7.0
15,0,29.7,7.13,106.7,1,10.0
17,4,41.5,8.05,138.3,2,14.0
9,2,37.3,6.41,129.9,1,8.0
10,1,32.4,9.55,99.0,1,13.0
13,1,35.5,8.09,94.6,1,14.0
16,7,22.5,8.17,114.3,2,9.0
17,2,34.2,8.99,143.1,2,14.0
1,2,32.4,6.5,132.9,0,8.0
14,4,29.9,7.26,115.0,1,8.0
3,3,39.8,8.2,144.8,0,11.0
6,2,36.4,5.89,132.5,0,6.0
17,4,38.6,6.01,127.8,2,14.0
6,2,32.4,7.01,97.7,0,7.0
16,4,39.1,6.63,114.6,2,17.0
10,3,20.3,7.59,169.1,1,7.0
5,2,32.3,8.63,123.3,0,7.0
7,3,37.7,8.9,110.9,1,5.0
11,4,34.4,10.17,122.4,1,11.0
16,4,40.8,7.97,132.4,2,18.0
13,4,30.7,8.19,147.7,1,11.0
19,4,27.6,7.97,142.4,2,7.0
18,5,18.9,8.38,116.5,2,12.0
16,6,29.8,8.48,155.4,2,15.0
13,2,36.1,9.11,146.3,1,9.0
6,2,38.1,9.1,121.1,0,10.0
9,1,20.8,8.62,127.4,1,6.0
3,3,41.4,9.81,142.0,0,15.0
8,3,24.2,8.03,151.5,1,6.0
19,6,31.0,7.27,99.6,2,6.0
9,2,27.4,7.46,131.4,1,10.0
3,0,35.3,7.87,129.4,0,6.0
14,2,32.8,6.7,118.6,1,12.0
20,6,37.4,7.26,118.5,2,13.0
18,1,46.8,6.63,151.1,2,18.0
6,2,35.2,8.0,140.7,0,8.0
10,2,27.4,8.42,172.1,1,13.0
11,5,35.7,5.88,118.6,1,3.0
5,2,47.6,7.22,132.7,0,16.0
6,2,37.3,10.19,136.2,0,12.0
5,1,39.6,8.76,147.9,0,21.0
20,5,19.3,8.55,157.2,2,6.0
15,7,35.1,7.2,131.9,1,8.0
17,7,29.9,8.34,108.1,2,5.0
17,6,26.6,8.0,115.8,2,6.0
20,8,31.8,7.04,132.9,2,11.0
3,0,32.9,7.41,152.5,0,11.0
18,4,27.0,7.43,101.1,2,6.0
2,1,33.5,6.21,106.6,0,5.0
10,5,30.6,6.41,145.1,1,7.0
12,4,37.6,7.76,104.1,1,7.0
8,2,33.8,6.98,107.5,1,3.0
3,0,35.0,7.64,152.7,0,8.0
4,1,39.8,6.07,125.6,0,8.0
17,4,36.4,8.96,124.0,2,16.0
7,0,32.4,10.5,157.4,1,11.0
7,1,15.3,9.23,108.7,1,14.0
19,8,36.1,9.36,104.7,2,8.0
3,0,24.7,8.75,162.6,0,14.0
19,5,31.3,8.32,134.7,2,15.0
19,7,35.0,8.1,143.6,2,16.0
12,3,42.7,6.9,123.8,1,7.0
4,0,46.7,8.83,127.9,0,11.0
4,0,24.6,8.76,115.9,0,13.0
6,1,21.5,7.44,129.9,0,7.0
12,1,34.6,8.63,146.6,1,13.0
4,0,33.9,7.17,133.9,0,10.0
10,2,22.4,7.24,151.2,1,3.0
3,3,31.9,8.93,143.2,0,14.0
11,5,36.8,8.52,109.0,1,6.0
1,0,22.2,7.72,127.1,0,6.0
15,8,24.0,7.58,121.0,1,3.0
2,0,26.8,8.21,145.1,0,10.0
4,1,32.4,5.8,139.2,0,6.0
4,0,37.6,7.09,132.5,0,10.0
17,3,29.4,6.48,150.3,2,7.0
2,1,32.4,8.01,92.7,0,9.0
9,3,50.0,9.31,117.9,1,6.0
12,3,24.3,8.57,119.6,1,3.0
11,4,26.8,7.39,135.0,1,13.0
14,5,37.4,7.15,141.1,1,9.0
17,6,39.9,7.1,130.0,2,11.0
8,1,32.4,10.4,103.7,1,10.0
17,4,46.5,8.08,138.1,2,20.0
7,0,34.5,8.24,132.6,1,16.0
20,6,16.2,5.47,100.6,2,6.0
11,5,32.8,6.58,124.1,1,7.0
15,7,27.4,7.95,137.5,1,6.0
18,5,43.1,7.4,163.1,2,18.0
16,1,39.7,8.16,108.2,2,12.0
18,2,19.3,8.14,145.8,2,22.0
11,5,42.8,8.72,108.5,1,11.0
1,2,39.5,5.76,104.6,0,4.0
10,3,29.4,6.67,105.8,1,8.0
4,0,31.4,7.88,142.1,0,10.0
18,4,43.1,7.22,132.6,2,14.0
5,3,16.2,7.63,123.7,0,11.0
5,0,35.6,8.13,139.2,0,8.0
5,0,40.7,7.11,130.8,0,9.0
13,6,31.3,8.23,132.2,1,7.0
12,5,37.2,8.65,123.9,1,7.0
19,7,32.8,8.08,109.4,2,13.0
9,2,25.7,8.86,163.8,1,4.0
6,4,25.5,5.39,158.0,0,5.0
1,0,37.7,7.3,161.8,0,7.0
1,0,26.9,9.07,119.2,0,5.0
8,2,19.8,6.96,116.4,1,2.0
19,1,33.0,6.8,121.7,2,13.0
11,3,27.9,7.85,151.5,1,5.0
18,5,22.4,7.98,130.0,2,10.0
3,1,32.6,7.36,119.1,0,14.0
2,2,38.1,10.21,137.3,0,5.0
17,4,32.2,8.34,115.3,2,5.0
3,0,23.5,6.92,102.9,0,4.0
2,0,35.9,6.27,132.6,0,8.0
9,4,40.3,8.49,129.9,1,16.0
19,5,49.7,6.89,129.7,2,10.0
14,6,43.5,10.58,76.3,1,9.0
2,0,24.0,8.51,112.2,0,6.0
17,6,38.9,8.67,129.1,2,11.0
17,6,34.1,8.3,99.7,2,16.0
17,7,22.8,9.35,100.4,2,10.0
19,7,34.3,5.13,130.8,2,12.0
5,0,47.3,6.56,144.0,0,6.0
20,9,41.6,9.24,112.2,2,9.0
7,2,23.9,9.8,124.8,1,5.0
17,5,32.1,6.52,125.2,2,13.0
12,4,35.9,5.82,98.8,1,6.0
16,5,32.4,8.2,153.7,2,12.0
13,8,18.4,8.58,126.3,1,5.0
13,4,33.2,8.18,126.6,1,5.0
13,4,33.3,7.93,137.5,1,3.0
16,3,17.3,5.78,98.8,2,6.0
15,0,35.1,7.55,148.4,1,11.0
3,0,40.7,7.73,151.0,0,8.0
17,3,30.3,7.34,132.8,2,7.0
11,1,32.5,5.7,139.2,1,7.0
7,3,36.6,8.7,123.5,1,10.0
11,4,35.5,8.0,147.3,1,18.0
20,5,18.7,7.05,113.5,2,13.0
18,2,24.8,7.78,129.4,2,14.0
17,5,28.8,7.4,130.5,2,11.0
10,3,25.1,7.42,129.2,1,3.0
16,3,43.7,8.59,129.9,2,11.0
8,4,37.1,8.62,173.8,1,6.0
14,4,23.1,9.29,127.8,1,5.0
13,4,30.3,9.26,129.9,1,11.0
5,5,41.0,7.79,114.0,0,4.0
6,1,26.8,11.41,150.6,0,18.0
2,1,38.8,9.86,119.7,0,9.0
3,0,43.1,7.21,192.9,0,7.0
9,1,41.7,8.15,96.6,1,11.0
10,4,33.4,5.62,172.9,1,6.0
4,2,42.0,8.03,129.9,0,6.0
9,1,27.8,10.01,107.6,1,12.0
13,4,51.9,11.34,176.4,1,21.0
5,0,32.4,7.85,111.4,0,8.0
7,2,41.2,8.4,123.7,1,16.0
8,1,29.1,8.73,104.1,1,13.0
11,5,36.0,10.38,127.1,1,16.0
8,1,36.3,8.0,128.9,1,6.0
15,5,24.6,11.19,146.6,1,9.0
7,2,24.3,7.62,178.8,1,5.0
9,4,30.4,6.6,119.7,1,9.0
8,1,40.8,7.62,74.9,1,15.0
4,1,17.3,7.03,143.0,0,5.0
14,3,29.1,8.5,119.0,1,9.0
5,3,42.5,8.0,166.4,0,9.0
6,2,22.1,8.17,129.3,0,4.0
16,9,42.0,8.8,114.8,2,10.0
19,4,23.0,9.78,109.7,2,18.0
14,4,24.7,8.82,142.5,1,13.0
19,6,30.8,9.71,124.5,2,16.0
18,6,47.0,7.27,159.4,2,18.0
10,4,32.4,8.47,125.8,1,5.0
16,4,18.1,5.32,158.3,2,8.0
7,0,20.8,7.86,102.4,1,7.0
10,0,39.5,8.46,95.2,1,10.0
11,4,21.2,8.57,146.6,1,5.0
20,8,41.5,6.11,129.9,2,8.0
17,3,32.6,7.53,124.7,2,11.0
10,3,31.7,7.7,109.8,1,9.0
14,6,32.4,7.49,108.3,1,4.0
5,1,25.6,8.87,142.7,0,10.0
17,4,33.1,7.74,129.6,2,15.0
12,1,22.5,8.12,108.8,1,8.0
11,1,42.8,7.41,145.8,1,5.0
16,4,23.8,9.28,153.5,2,11.0
13,3,35.5,9.37,127.8,1,9.0
2,0,23.7,7.63,150.1,0,13.0
6,4,32.4,11.42,110.0,0,10.0
4,3,29.0,7.08,141.5,0,9.0
15,4,55.9,9.21,133.2,1,11.0
1,0,31.9,6.86,114.2,0,8.0
5,1,25.4,8.93,171.1,0,6.0
12,0,32.4,8.83,134.7,1,17.0
14,2,20.0,6.79,118.2,1,6.0
11,1,30.7,7.84,130.4,1,10.0
18,6,46.8,10.24,112.6,2,13.0
19,3,34.7,7.02,106.9,2,11.0
3,0,39.2,8.48,121.0,0,14.0
20,4,24.7,8.0,122.4,2,7.0
13,4,30.4,7.95,113.9,1,3.0
13,4,33.6,5.92,155.0,1,2.0
2,0,26.2,8.99,114.7,0,10.0
13,3,35.2,8.01,129.9,1,10.0
15,4,36.9,9.32,106.3,1,12.0
12,3,36.3,8.28,104.4,1,6.0
2,0,30.8,8.08,150.5,0,8.0
11,6,40.7,8.45,135.2,1,13.0
19,5,29.9,6.81,143.8,2,11.0
15,9,29.2,9.87,150.4,1,7.0
3,0,43.5,7.55,123.3,0,12.0
20,6,23.1,7.56,129.9,2,11.0
20,9,18.4,9.55,117.5,2,11.0
4,0,25.1,8.3,108.1,0,5.0
17,5,35.1,7.72,137.5,2,11.0
9,3,42.3,8.5,132.9,1,12.0
12,3,26.7,8.75,132.9,1,11.0
9,3,32.4,7.86,150.3,1,13.0
16,4,32.2,9.11,132.1,2,11.0
20,3,31.1,6.48,129.9,2,7.0
16,7,25.2,8.31,157.2,2,13.0
19,7,32.4,8.96,135.3,2,12.0
19,7,30.8,8.75,139.9,2,12.0
2,2,21.3,5.31,101.6,0,3.0
6,4,32.4,7.85,204.4,0,11.0
15,4,35.1,6.54,98.2,1,5.0
12,7,38.4,9.54,119.2,1,7.0
2,1,45.5,7.53,118.6,0,9.0
2,1,36.9,9.41,172.2,0,18.0
11,3,39.8,6.54,129.9,1,10.0
13,4,32.4,8.47,138.8,1,6.0
4,0,37.9,8.01,118.7,0,7.0
4,1,31.7,11.32,109.2,0,13.0
3,0,31.8,9.41,141.4,0,9.0
12,6,33.0,9.34,115.6,1,6.0
1,0,28.8,10.43,134.2,0,13.0
12,3,36.0,8.34,142.5,1,10.0
10,3,36.0,7.88,168.1,1,13.0
10,3,38.6,7.74,104.8,1,10.0
14,4,37.1,8.39,126.9,1,7.0
11,3,32.4,4.68,127.8,1,5.0
15,4,40.4,8.0,130.0,1,4.0
16,1,30.3,8.27,181.4,2,11.0
19,9,35.6,7.81,126.5,2,3.0
16,4,43.3,6.16,79.6,2,10.0
11,7,24.4,7.82,126.0,1,5.0
10,1,48.1,6.16,127.6,1,11.0
5,2,25.8,10.13,125.2,0,13.0
12,4,39.2,7.69,115.6,1,12.0
3,0,32.1,5.52,103.6,0,7.0
19,4,31.6,8.0,173.2,2,14.0
17,4,21.6,9.07,129.9,2,10.0
3,1,39.3,8.21,126.2,0,11.0
16,4,21.7,6.9,172.6,2,12.0
3,1,20.5,7.19,112.6,0,5.0
15,2,41.3,7.66,142.0,1,15.0
2,0,46.3,8.0,105.0,0,10.0
10,4,26.7,6.49,145.0,1,9.0
14,5,40.0,7.92,107.3,1,10.0
15,4,38.4,6.4,139.4,1,12.0
9,1,31.3,9.14,169.1,1,7.0
19,5,42.7,9.29,131.9,2,8.0
16,5,30.7,6.8,86.1,2,7.0
5,1,36.1,7.14,130.7,0,7.0
14,3,22.0,7.49,139.6,1,4.0
15,5,22.3,7.96,148.0,1,7.0
7,2,41.4,8.31,159.5,1,7.0
15,8,36.4,8.56,160.5,1,8.0
18,2,30.9,8.53,127.4,2,20.0
17,9,47.3,9.86,116.8,2,15.0
16,2,47.2,8.07,107.6,2,13.0
13,4,35.5,6.44,119.2,1,8.0
6,1,20.4,6.07,139.5,0,7.0
16,3,32.4,9.96,103.0,2,12.0
8,3,25.3,8.61,111.5,1,9.0
11,2,32.7,8.25,141.2,1,5.0
7,0,24.5,8.54,117.1,1,10.0
7,3,22.4,8.19,137.4,1,5.0
4,4,13.9,8.52,113.7,0,4.0
20,9,33.3,7.55,135.8,2,17.0
3,2,13.6,9.27,114.6,0,5.0
2,1,29.4,7.37,92.0,0,6.0
19,6,37.6,6.92,149.1,2,11.0
12,3,26.2,5.97,116.1,1,4.0
9,3,23.3,7.71,125.0,1,6.0
15,5,31.5,9.52,116.2,1,6.0
8,2,25.4,7.45,140.9,1,7.0
3,1,33.5,6.35,136.7,0,7.0
15,2,23.7,8.34,129.9,1,13.0
4,3,31.2,7.22,119.0,0,10.0
12,2,32.4,8.0,129.0,1,18.0
19,3,31.9,9.29,138.3,2,17.0
19,4,45.1,6.47,160.9,2,12.0
8,4,33.6,7.79,136.1,1,8.0
16,3,36.0,7.09,109.9,2,16.0
13,5,27.0,6.61,135.4,1,4.0
10,4,33.8,7.93,126.7,1,5.0
3,0,29.8,8.98,90.0,0,4.0
8,1,32.2,8.0,129.9,1,14.0
14,6,37.2,7.38,129.9,1,9.0
20,8,28.0,5.35,130.4,2,10.0
1,1,28.8,7.2,124.1,0,11.0
15,3,28.1,8.66,147.7,1,9.0
17,4,28.0,6.39,111.3,2,10.0
20,5,33.4,9.54,102.3,2,8.0
9,2,29.1,7.3,113.5,1,7.0
3,1,44.0,8.23,117.8,0,7.0
6,0,53.4,7.52,128.8,0,11.0
18,7,27.5,6.59,114.0,2,13.0
18,7,34.4,8.53,87.2,2,10.0
13,2,40.3,7.28,78.6,1,8.0
3,0,29.9,7.0,132.5,0,4.0
3,4,24.0,5.15,107.4,0,3.0
10,4,32.4,9.56,89.9,1,8.0
12,6,37.5,8.01,129.9,1,7.0
1,0,34.5,9.33,160.9,0,17.0
14,5,43.6,8.74,128.1,1,12.0
11,3,38.2,9.33,135.4,1,11.0
1,0,31.6,7.32,135.5,0,6.0
2,2,24.2,6.35,83.7,0,4.0
10,2,28.1,8.92,147.8,1,13.0
15,2,41.6,8.16,154.8,1,5.0
17,9,37.5,7.44,166.7,2,24.0
9,3,30.5,8.89,129.9,1,8.0
6,0,46.1,8.37,107.3,0,10.0
20,8,30.7,8.77,157.2,2,15.0
10,7,39.9,6.77,140.0,1,6.0
7,0,33.8,9.17,147.5,1,11.0
9,5,47.5,7.99,117.1,1,10.0
1,0,38.0,9.3,135.4,0,10.0
7,4,32.4,9.16,129.9,1,9.0
11,2,30.6,8.82,129.9,1,7.0
19,7,31.9,7.87,123.0,2,6.0
15,6,26.2,8.85,176.9,1,12.0
16,4,21.1,9.33,141.0,2,8.0
11,4,34.5,8.73,87.0,1,17.0
3,1,27.7,8.24,130.0,0,8.0
8,3,27.7,8.85,137.4,1,3.0
20,7,31.3,7.37,129.9,2,12.0
1,0,32.4,9.82,107.9,0,11.0
18,4,32.4,5.98,143.2,2,7.0
14,3,45.9,8.04,110.8,1,16.0
6,1,37.3,7.51,141.5,0,14.0
16,4,48.9,7.23,109.1,2,14.0
17,4,28.5,8.37,119.3,2,13.0
1,0,38.3,6.65,149.1,0,8.0
3,0,28.9,10.58,139.8,0,12.0
14,2,27.5,6.38,130.6,1,6.0
20,6,49.2,6.86,129.4,2,11.0
1,2,25.9,6.75,131.8,0,6.0
14,1,14.1,8.24,114.2,1,8.0
3,0,26.3,9.22,99.7,0,2.0
14,6,15.9,8.63,141.4,1,7.0
13,4,24.4,9.77,160.6,1,12.0
2,1,25.1,7.01,142.1,0,8.0
14,6,32.3,8.79,135.1,1,8.0
18,4,15.6,7.64,105.8,2,9.0
18,7,41.6,8.27,147.5,2,11.0
1,1,17.0,9.33,139.6,0,8.0
5,1,31.0,5.97,145.2,0,7.0
5,3,29.4,10.39,150.7,0,12.0
10,3,38.6,7.83,161.7,1,4.0
3,0,34.8,6.07,107.7,0,7.0
18,7,41.5,7.17,104.2,2,10.0
16,2,29.1,8.12,133.0,2,13.0
17,4,28.3,7.17,111.5,2,18.0
4,1,35.3,5.54,108.1,0,9.0
1,0,40.2,8.12,154.4,0,6.0
19,5,38.6,7.13,109.8,2,9.0
6,0,34.6,8.78,129.8,0,13.0
14,4,33.9,6.72,97.4,1,9.0
19,5,31.7,10.71,131.3,2,11.0
1,0,35.3,8.62,153.7,0,15.0
1,2,48.3,8.24,154.3,0,9.0
1,1,30.1,8.75,150.9,0,10.0
4,0,29.1,5.81,128.4,0,5.0
2,1,28.5,7.4,152.2,0,3.0
17,5,35.1,10.14,138.6,2,17.0
13,3,15.0,7.62,121.2,1,7.0
20,9,30.9,7.92,137.6,2,10.0
17,2,39.0,7.44,147.7,2,14.0
20,7,27.8,9.76,103.4,2,8.0
5,1,33.5,7.71,108.8,0,4.0
6,0,48.9,6.5,127.1,0,11.0
17,9,34.7,11.09,105.6,2,14.0
5,0,32.4,6.35,105.3,0,5.0
2,1,20.7,7.88,121.6,0,6.0
14,3,30.0,6.99,149.8,1,9.0
17,7,25.6,7.16,149.5,2,10.0
20,6,32.8,6.73,136.4,2,14.0
19,5,29.6,7.35,133.6,2,10.0
3,0,41.3,9.18,171.7,0,7.0
16,6,23.3,5.72,119.2,2,6.0
17,5,32.4,9.51,134.8,2,14.0
14,2,33.7,9.31,118.2,1,10.0
17,1,34.7,8.61,104.3,2,17.0
17,5,33.2,8.15,153.7,2,13.0
9,1,32.4,8.33,123.9,1,4.0
1,0,32.7,9.71,143.9,0,15.0
10,1,30.8,5.91,125.1,1,2.0
5,2,38.9,8.87,154.9,0,14.0
3,0,37.8,7.1,110.1,0,7.0
3,1,33.9,8.99,153.3,0,9.0
14,5,34.5,7.26,147.9,1,6.0
11,3,42.8,8.85,94.1,1,9.0
11,6,41.2,6.14,119.7,1,5.0
15,3,34.2,5.97,150.4,1,5.0
11,4,49.2,7.86,162.7,1,14.0
13,2,27.0,9.72,144.3,1,8.0
2,0,22.5,8.64,122.1,0,9.0
18,4,31.9,8.63,110.6,2,15.0
9,1,29.0,9.03,141.3,1,14.0
4,1,12.3,7.52,121.5,0,4.0
17,5,26.8,8.73,122.3,2,11.0
15,4,34.7,7.3,125.5,1,9.0
2,0,31.5,7.62,147.6,0,11.0
4,0,25.8,7.77,166.1,0,10.0
1,0,32.3,7.35,150.5,0,11.0
6,3,33.0,7.92,130.2,0,15.0
2,2,37.7,7.69,112.0,0,4.0
15,4,26.9,7.15,143.4,1,7.0
11,1,39.0,8.0,163.3,1,11.0
20,3,23.3,8.0,150.1,2,8.0
15,6,28.0,6.68,134.2,1,10.0
13,7,45.6,8.5,120.2,1,4.0
11,3,23.8,7.41,136.9,1,10.0
2,0,26.7,8.24,153.1,0,6.0
2,1,22.0,7.2,129.9,0,5.0
13,4,25.4,9.26,127.9,1,17.0
1,0,33.1,9.15,116.3,0,15.0
1,1,37.7,6.74,181.8,0,8.0
5,0,31.9,8.63,112.2,0,12.0
18,4,29.4,9.74,110.3,2,18.0
10,5,22.1,6.86,133.3,1,4.0
15,4,26.2,6.96,126.0,1,4.0
9,1,19.6,8.88,150.5,1,9.0
4,1,37.9,6.43,151.1,0,13.0
8,2,32.4,7.07,105.7,1,6.0
2,0,31.7,6.78,114.9,0,8.0
16,4,35.5,8.9,112.5,2,4.0
4,1,39.0,7.17,145.7,0,8.0
8,1,32.8,7.66,138.6,1,5.0
20,7,43.1,7.1,122.6,2,15.0
12,1,23.8,9.38,134.3,1,10.0
10,5,29.2,6.97,107.5,1,3.0
11,1,32.4,6.31,115.1,1,4.0
16,5,37.2,6.26,104.0,2,6.0
6,2,20.5,8.83,132.9,0,9.0
13,5,43.6,8.92,132.8,1,15.0
18,3,36.5,9.5,110.3,2,13.0
12,3,32.4,6.49,138.4,1,11.0
9,1,31.7,7.72,151.1,1,11.0
3,0,27.6,10.91,109.4,0,17.0
5,1,37.3,7.64,123.5,0,10.0
19,2,40.2,7.32,140.3,2,12.0
11,4,26.3,7.97,129.9,1,9.0
7,2,16.0,8.64,102.6,1,5.0
9,2,17.4,8.62,121.2,1,5.0
12,8,34.1,7.26,129.9,1,4.0
11,5,44.3,7.3,126.6,1,9.0
14,4,21.6,7.64,127.4,1,9.0
6,3,29.8,7.12,161.3,0,6.0
13,3,29.2,6.52,125.8,1,8.0
9,4,47.4,10.17,95.6,1,9.0
19,5,50.1,7.51,131.8,2,16.0
4,0,35.4,7.58,165.0,0,7.0
3,2,39.2,7.62,126.7,0,15.0
10,4,39.0,7.9,121.2,1,11.0
11,4,21.8,8.52,123.9,1,7.0
14,9,37.6,8.0,141.7,1,3.0
9,5,23.8,8.0,123.8,1,7.0
19,8,30.6,8.72,99.7,2,18.0
10,3,41.1,7.77,116.6,1,8.0
3,1,32.6,7.2,128.7,0,12.0
3,1,40.8,9.3,140.7,0,11.0
20,7,42.4,7.81,118.3,2,13.0
3,2,17.9,6.51,124.1,0,6.0
19,6,14.6,9.23,130.9,2,9.0
6,0,41.3,8.0,114.5,0,11.0
2,1,41.6,9.04,129.9,0,12.0
7,1,34.1,4.98,139.3,1,6.0
13,5,35.1,7.56,106.3,1,8.0
9,1,39.1,9.39,136.1,1,15.0
16,6,32.4,8.01,108.2,2,12.0
13,0,29.6,8.72,108.6,1,16.0
9,4,39.6,8.0,116.7,1,6.0
13,4,29.2,8.42,157.3,1,5.0
20,4,33.9,8.0,95.7,2,10.0
9,1,33.6,8.29,120.7,1,11.0
4,1,25.1,10.45,129.5,0,18.0
9,2,26.1,9.57,153.3,1,11.0
17,9,49.9,8.95,169.0,2,13.0
5,1,24.9,8.97,121.6,0,13.0
19,7,35.0,6.91,140.8,2,11.0
12,6,36.6,7.43,128.1,1,5.0
13,5,31.6,6.16,128.0,1,4.0
7,6,37.4,6.48,135.5,1,4.0
19,3,34.6,6.94,98.3,2,11.0
1,0,25.0,7.97,129.0,0,8.0
6,2,36.3,6.53,139.0,0,10.0
9,6,27.6,7.95,112.8,1,7.0
10,4,45.9,7.82,139.1,1,7.0
10,1,35.4,6.64,95.4,1,10.0
3,1,26.4,9.83,131.9,0,13.0
5,1,34.7,6.41,156.8,0,9.0
2,1,24.6,9.34,125.6,0,10.0
12,3,34.1,5.29,110.4,1,4.0
8,1,30.2,7.83,101.5,1,11.0
12,4,32.4,6.56,137.8,1,6.0
12,4,25.3,7.21,148.6,1,9.0
15,4,51.5,10.17,128.9,1,22.0
11,3,32.7,7.58,120.7,1,4.0
13,1,28.5,6.67,91.4,1,8.0
12,1,27.2,8.59,132.5,1,11.0
14,4,35.8,8.0,116.2,1,11.0
13,5,26.9,8.18,117.4,1,6.0
7,3,23.2,6.9,162.3,1,8.0
5,0,31.7,6.96,94.0,0,8.0
16,6,31.7,7.05,96.6,2,9.0
7,1,32.4,8.96,134.6,1,9.0
11,3,24.9,7.73,129.9,1,8.0
4,1,28.9,6.74,119.6,0,5.0
9,2,28.2,8.19,135.5,1,8.0
11,7,27.1,8.1,135.1,1,8.0
13,9,34.2,8.69,129.9,1,8.0
11,2,49.8,7.42,118.2,1,4.0
8,0,42.7,7.91,129.9,1,13.0
20,9,47.5,8.51,133.3,2,11.0
11,1,27.5,6.79,139.7,1,8.0
17,2,45.4,9.06,118.3,2,23.0
15,3,33.8,8.02,136.9,1,12.0
12,2,39.9,6.68,149.0,1,7.0
18,2,35.7,6.67,130.9,2,14.0
3,1,29.3,7.88,127.9,0,6.0
19,5,37.8,7.34,125.3,2,9.0
18,2,35.9,8.0,117.7,2,15.0
11,1,17.9,7.66,111.2,1,8.0
15,6,31.0,8.36,124.0,1,6.0
11,4,39.0,6.98,139.0,1,7.0
6,3,34.2,7.97,112.2,0,10.0
16,4,35.8,9.58,128.5,2,18.0
5,0,26.0,7.82,126.2,0,7.0
7,0,34.0,8.0,165.6,1,8.0
11,6,31.2,6.96,144.5,1,5.0
17,7,30.4,8.0,144.1,2,14.0
8,4,26.6,9.69,148.4,1,8.0
10,3,39.3,6.36,119.1,1,9.0
1,0,34.8,7.94,157.5,0,12.0
3,1,34.0,5.94,133.2,0,9.0
2,0,48.4,7.51,129.1,0,13.0
2,0,35.8,8.32,105.7,0,12.0
18,6,41.6,6.1,122.0,2,10.0
17,7,34.2,7.47,94.7,2,10.0
17,5,29.2,8.35,125.0,2,15.0
2,1,23.5,8.0,118.5,0,6.0
2,0,33.9,8.41,122.0,0,10.0
6,2,10.7,6.83,102.3,0,4.0
12,3,34.2,8.35,144.1,1,10.0
7,1,34.5,7.28,141.9,1,4.0
10,2,30.3,8.86,163.8,1,12.0
4,3,31.3,5.23,163.2,0,9.0
15,6,22.0,7.65,133.1,1,5.0
7,2,43.1,8.12,150.5,1,6.0
2,0,29.3,9.62,135.2,0,10.0
15,8,24.2,8.1,121.5,1,1.0
19,5,36.4,8.23,124.4,2,15.0
1,0,32.9,8.45,142.8,0,14.0
9,1,29.1,9.5,211.8,1,8.0
17,4,28.3,7.54,129.9,2,14.0
15,4,32.0,6.32,134.9,1,5.0
18,4,42.8,6.09,139.7,2,12.0
9,5,35.8,8.8,139.5,1,6.0
8,3,31.7,8.27,128.2,1,6.0
15,7,38.8,7.69,145.1,1,10.0
4,1,32.2,7.3,126.9,0,8.0
5,2,35.2,8.22,109.8,0,9.0
13,7,33.2,8.25,139.6,1,7.0
14,6,36.7,8.58,142.3,1,5.0
3,0,28.4,6.67,127.1,0,15.0
11,5,22.9,5.88,136.2,1,4.0
8,4,39.3,6.9,149.2,1,11.0
11,2,44.0,6.38,129.0,1,3.0
20,4,23.3,8.0,121.1,2,9.0
2,3,33.4,9.88,115.8,0,13.0
20,3,32.4,5.28,124.9,2,13.0
9,5,39.1,8.56,160.7,1,4.0
16,3,34.0,9.09,126.0,2,14.0
9,7,58.6,9.18,137.2,1,8.0
7,0,29.6,8.33,123.5,1,9.0
16,5,44.3,9.58,121.8,2,18.0
14,3,45.1,10.14,112.4,1,13.0
3,0,36.3,7.64,129.9,0,11.0
15,2,32.3,8.54,119.7,1,12.0
16,3,32.8,8.0,155.5,2,10.0
8,3,32.1,6.97,127.8,1,9.0
19,7,41.1,7.71,129.1,2,9.0
13,1,25.0,7.25,126.4,1,7.0
7,1,30.7,8.55,137.4,1,6.0
1,0,29.7,5.72,159.8,0,7.0
14,7,18.2,8.0,109.2,1,4.0
5,2,38.9,8.0,135.6,0,11.0
16,2,40.5,8.71,98.6,2,10.0
11,2,26.9,5.16,154.5,1,8.0
10,5,40.2,6.75,127.8,1,10.0
4,2,19.3,8.0,100.1,0,7.0
15,9,32.2,7.79,104.5,1,11.0
4,0,31.0,5.93,146.3,0,9.0
9,5,32.7,8.0,96.7,1,6.0
17,5,32.7,8.81,135.6,2,10.0
19,8,31.4,8.64,121.4,2,8.0
20,9,28.9,7.82,126.1,2,5.0
20,8,31.1,8.0,116.5,2,10.0
12,2,42.9,7.16,110.9,1,10.0
5,2,27.4,8.65,120.3,0,11.0
17,7,50.0,8.16,141.4,2,13.0
17,8,26.9,7.84,124.1,2,2.0
20,3,33.9,7.55,138.4,2,13.0
14,1,36.6,7.59,125.2,1,12.0
3,0,29.7,8.04,142.2,0,7.0
11,9,43.1,7.65,138.3,1,6.0
9,4,36.4,8.88,119.2,1,9.0
17,0,30.4,7.36,110.9,2,19.0
8,1,43.0,9.88,149.1,1,18.0
7,1,23.9,7.3,113.7,1,5.0
2,1,27.5,9.1,140.0,0,14.0
17,3,36.5,9.16,130.6,2,10.0
16,6,38.4,8.2,120.7,2,21.0
1,0,34.6,8.09,138.6,0,8.0
9,3,31.0,7.13,157.4,1,13.0
10,1,30.0,7.38,142.5,1,7.0
10,1,41.1,8.26,132.6,1,10.0
19,7,33.9,7.95,162.4,2,9.0
4,0,25.0,9.42,96.5,0,6.0
7,3,24.6,7.45,107.8,1,6.0
4,1,44.1,7.53,120.7,0,13.0
5,1,26.2,6.0,158.4,0,9.0
19,5,34.2,8.77,148.9,2,7.0
19,3,32.4,8.66,95.7,2,16.0
1,0,36.3,9.17,121.3,0,14.0
13,2,25.9,8.0,103.5,1,6.0
5,3,23.9,8.95,129.2,0,9.0
4,1,47.0,9.0,129.9,0,16.0
6,1,23.7,8.73,149.5,0,16.0
4,2,27.6,8.92,135.4,0,6.0
10,6,35.0,5.79,121.5,1,5.0
20,7,30.2,6.68,128.1,2,12.0
12,5,36.6,6.48,143.7,1,5.0
15,1,32.4,9.52,176.9,1,14.0
10,2,30.3,7.06,106.3,1,4.0
1,0,37.4,7.25,161.8,0,7.0
2,0,37.4,8.01,134.9,0,11.0
6,0,27.4,6.51,146.4,0,5.0
5,2,23.8,8.46,133.7,0,10.0
17,8,33.7,5.44,158.1,2,11.0
17,3,21.5,6.59,136.6,2,11.0
18,8,42.3,8.24,117.0,2,11.0
13,3,33.3,6.51,139.0,1,5.0
12,2,26.4,9.56,152.5,1,10.0
13,5,23.6,8.06,130.0,1,8.0
9,6,26.9,9.36,88.5,1,5.0
14,8,19.5,8.43,127.7,1,8.0
16,7,36.0,7.99,132.0,2,11.0
16,2,25.6,6.8,129.1,2,10.0
13,4,35.2,9.11,120.1,1,13.0
2,0,36.3,8.53,156.5,0,8.0
15,6,39.7,10.5,82.5,1,12.0
8,0,34.0,8.99,129.9,1,7.0
15,3,41.0,7.52,132.2,1,10.0
11,4,43.1,8.35,171.9,1,8.0
18,8,34.1,8.51,129.7,2,14.0
7,4,34.5,9.4,138.9,1,12.0
19,7,27.5,9.59,132.5,2,10.0
17,4,24.1,7.81,131.9,2,6.0
7,1,42.3,6.54,165.3,1,16.0
10,2,36.8,5.78,107.8,1,5.0
11,0,37.5,6.63,116.7,1,10.0
16,4,27.3,7.29,145.1,2,10.0
14,4,45.0,9.81,135.1,1,9.0
18,9,30.2,9.82,124.3,2,7.0
8,5,25.6,9.15,128.6,1,8.0
11,1,32.4,9.48,148.3,1,13.0
9,3,44.6,7.15,139.7,1,12.0
19,5,23.1,8.0,115.7,2,17.0
7,3,26.0,6.79,134.8,1,3.0
12,2,55.2,5.56,129.0,1,10.0
3,0,39.5,6.66,139.4,0,10.0
18,7,26.1,7.39,123.6,2,14.0
8,1,32.4,8.2,105.8,1,11.0
7,3,18.6,8.16,143.4,1,6.0
12,3,32.8,7.17,141.0,1,9.0
10,5,37.8,8.68,158.3,1,9.0
17,8,44.2,7.2,103.7,2,7.0
11,3,16.8,8.01,128.6,1,7.0
11,3,21.4,6.67,125.4,1,4.0
3,0,31.0,9.31,122.1,0,11.0
1,2,54.3,8.03,99.2,0,18.0
8,1,39.1,8.81,108.7,1,7.0
20,6,35.0,6.54,135.4,2,11.0
19,6,22.2,8.21,120.0,2,13.0
13,5,15.0,8.69,113.5,1,8.0
13,2,32.3,5.55,158.6,1,5.0
8,2,31.2,9.4,177.5,1,15.0
4,1,29.9,6.5,128.9,0,14.0
1,0,29.0,8.25,100.0,0,8.0
7,0,26.0,10.15,137.9,1,15.0
7,2,24.2,9.15,88.3,1,4.0
4,1,43.1,6.21,103.0,0,8.0
6,1,24.9,7.79,138.3,0,6.0
1,0,29.8,9.48,102.3,0,11.0
13,6,31.7,7.02,124.1,1,9.0
19,9,37.7,7.57,100.3,2,8.0
14,3,25.2,7.53,131.1,1,7.0
9,3,39.8,8.68,152.5,1,9.0
9,2,27.4,6.16,117.7,1,7.0
7,1,30.7,8.75,129.6,1,9.0
3,0,32.4,7.25,113.7,0,11.0
12,1,24.2,7.99,115.1,1,17.0
12,5,37.8,7.73,113.4,1,5.0
1,2,40.0,8.72,145.7,0,12.0
9,2,34.5,7.97,101.7,1,11.0
6,1,31.1,9.73,123.4,0,15.0
4,3,32.4,9.19,138.2,0,14.0
15,6,31.9,7.05,148.2,1,6.0
11,3,33.6,9.64,138.8,1,11.0
13,4,29.3,8.38,128.5,1,7.0
15,7,33.2,8.2,118.6,1,13.0
20,2,39.7,9.02,148.5,2,19.0
17,6,29.8,6.75,112.7,2,10.0
13,3,15.1,6.34,113.0,1,6.0
18,5,36.1,8.0,157.0,2,14.0
10,4,23.4,7.27,137.2,1,2.0
20,6,37.9,10.49,137.9,2,22.0
16,4,32.0,8.0,142.0,2,8.0
14,5,39.5,8.05,128.1,1,7.0
19,9,24.4,8.0,101.2,2,2.0
11,0,27.7,9.48,135.0,1,10.0
15,1,29.3,6.81,129.6,1,6.0
6,3,20.1,6.07,112.8,0,6.0
20,5,40.9,9.67,108.2,2,13.0
13,4,19.0,8.1,129.1,1,6.0
16,7,40.8,8.97,102.8,2,12.0
10,6,35.4,9.03,127.1,1,7.0
18,3,30.4,9.24,124.7,2,16.0
2,0,32.4,7.55,127.6,0,11.0
3,0,34.5,7.22,138.1,0,11.0
11,4,28.8,5.6,142.4,1,4.0
15,2,34.4,6.81,115.8,1,7.0
17,5,37.8,8.07,147.4,2,12.0
9,5,32.4,7.16,125.6,1,3.0
13,2,34.8,6.63,165.1,1,14.0
12,0,11.0,8.06,118.3,1,10.0
20,7,16.6,9.61,97.8,2,14.0
14,5,36.5,7.93,146.7,1,8.0
9,2,28.7,6.64,129.9,1,8.0
20,7,25.2,9.53,154.0,2,11.0
3,2,31.6,7.07,136.2,0,6.0
20,2,28.8,9.78,176.8,2,13.0
4,1,24.1,7.68,126.2,0,7.0
6,3,18.9,8.12,150.9,0,5.0
17,9,16.3,9.87,119.5,2,9.0
15,8,37.9,8.0,139.8,1,7.0
20,9,28.6,6.74,143.6,2,11.0
15,4,32.4,7.61,146.7,1,6.0
13,3,28.5,7.83,145.5,1,13.0
7,0,34.8,11.17,65.3,1,22.0
1,1,31.0,6.93,128.6,0,2.0
3,2,32.4,6.43,118.5,0,4.0
6,0,32.7,6.88,122.4,0,6.0
1,0,28.4,8.28,124.3,0,8.0
11,4,22.2,8.59,149.5,1,12.0
16,5,38.1,7.15,134.1,2,11.0
20,6,44.7,8.03,129.9,2,10.0
10,4,45.3,10.33,100.6,1,8.0
18,8,27.6,8.04,160.7,2,8.0
20,8,26.1,8.39,117.1,2,8.0
18,8,27.6,8.0,127.4,2,8.0
10,3,30.6,7.16,172.8,1,7.0
7,0,31.6,7.08,117.6,1,10.0
20,5,24.0,7.44,124.5,2,7.0
5,1,20.2,7.37,134.6,0,9.0
9,2,32.4,5.81,97.9,1,7.0
2,1,10.0,8.17,95.6,0,2.0
16,4,32.4,8.26,120.4,2,13.0
13,5,24.4,7.78,121.1,1,10.0
2,0,38.2,8.3,132.7,0,8.0
5,3,40.4,8.31,110.4,0,10.0
12,2,40.6,6.42,138.7,1,8.0
11,3,29.2,8.35,86.9,1,4.0
17,5,22.9,8.67,128.6,2,7.0
6,2,32.4,6.08,137.2,0,8.0
19,5,34.3,9.76,136.6,2,17.0
9,6,18.8,6.52,126.7,1,9.0
17,8,43.1,6.63,116.8,2,12.0
5,1,29.4,8.24,126.2,0,7.0
1,0,36.0,8.64,154.7,0,5.0
2,1,32.4,8.93,118.0,0,6.0
8,2,24.6,8.67,149.6,1,17.0
20,5,16.8,7.38,129.9,2,6.0
1,0,40.2,8.13,95.3,0,8.0
8,3,30.7,7.62,127.4,1,18.0
3,1,36.6,8.21,110.4,0,12.0
19,9,32.5,8.08,129.9,2,2.0
14,4,35.7,7.39,145.8,1,12.0
16,6,29.3,7.58,139.5,2,16.0
15,6,32.4,5.78,135.3,1,5.0
14,2,31.3,9.0,108.3,1,9.0
16,6,35.2,8.36,134.2,2,12.0
1,1,35.5,5.23,103.8,0,4.0
18,7,54.5,8.95,131.5,2,20.0
15,4,45.5,7.94,116.8,1,15.0
15,6,17.8,6.88,151.0,1,6.0
8,2,30.9,6.77,122.7,1,6.0
17,4,28.8,7.17,134.6,2,10.0
8,2,42.2,6.88,134.7,1,7.0
1,1,29.5,7.04,128.5,0,10.0
19,6,35.7,10.04,132.1,2,12.0
5,1,13.3,8.45,136.1,0,8.0
3,0,19.9,8.0,112.1,0,14.0
13,3,48.7,8.27,138.1,1,10.0
5,0,32.4,8.7,147.3,0,8.0
18,3,24.0,6.94,137.9,2,9.0
9,1,33.9,7.8,122.9,1,7.0
1,0,23.6,7.9,133.5,0,6.0
20,6,32.4,8.74,122.7,2,17.0
11,2,20.4,7.94,127.6,1,2.0
6,1,32.4,8.42,106.2,0,12.0
14,5,28.7,8.38,157.6,1,14.0
11,3,41.0,7.64,129.9,1,9.0
1,0,35.7,7.51,115.9,0,6.0
16,7,37.1,7.2,145.7,2,10.0
9,5,31.8,9.3,159.2,1,9.0
14,5,38.6,7.64,110.8,1,8.0
18,8,25.0,8.39,86.8,2,10.0
13,1,26.1,7.81,160.3,1,12.0
14,3,35.3,9.28,129.8,1,10.0
6,1,29.8,5.61,119.6,0,3.0
5,1,31.9,8.36,130.9,0,7.0
9,1,30.7,6.49,122.6,1,10.0
18,6,42.0,8.47,189.2,2,13.0
11,6,42.4,7.82,119.4,1,3.0
7,0,27.0,6.23,136.5,1,6.0
16,4,17.9,8.41,155.8,2,17.0
18,5,26.3,8.27,155.7,2,8.0
19,4,32.4,7.72,151.9,2,12.0
6,1,38.7,7.87,121.5,0,11.0
15,1,39.4,8.19,127.0,1,11.0
12,9,23.8,9.41,86.5,1,3.0
9,6,26.0,7.62,128.5,1,5.0
8,1,20.2,9.22,130.7,1,7.0
3,0,33.1,7.96,144.8,0,14.0
6,0,31.6,9.55,165.9,0,8.0
11,5,38.3,7.72,144.2,1,9.0
18,6,36.0,7.2,151.4,2,16.0
18,4,36.9,6.68,129.7,2,8.0
4,0,19.7,8.0,155.7,0,10.0
14,5,32.4,7.05,130.2,1,9.0
2,1,39.6,9.69,152.8,0,16.0
14,6,27.7,6.95,146.1,1,8.0
7,2,32.4,7.17,137.9,1,3.0
9,0,38.5,8.7,99.2,1,17.0
15,5,27.4,9.42,151.9,1,7.0
9,4,40.5,8.88,137.6,1,11.0
17,9,31.9,9.27,144.1,2,6.0
11,6,29.8,7.9,136.3,1,6.0
20,3,42.9,7.92,139.7,2,14.0
13,6,21.6,10.41,156.0,1,16.0
6,0,43.5,8.0,120.5,0,12.0
16,5,26.9,8.86,139.4,2,13.0
9,2,33.3,9.33,114.5,1,10.0
11,3,33.4,9.03,141.5,1,4.0
3,0,28.6,6.55,135.0,0,7.0
3,0,25.9,7.95,129.9,0,6.0
12,2,29.0,9.8,129.9,1,10.0
4,1,23.9,8.86,118.6,0,5.0
20,8,47.7,7.92,129.9,2,9.0
18,7,28.2,9.81,137.1,2,14.0
15,4,41.3,8.44,135.4,1,12.0
15,6,40.2,8.0,91.6,1,14.0
12,8,34.9,8.45,137.4,1,7.0
2,0,30.9,8.65,123.9,0,12.0
8,1,33.6,8.74,121.7,1,9.0
10,3,36.6,8.0,107.5,1,13.0
19,5,32.8,9.72,129.1,2,13.0
5,1,19.5,7.46,119.5,0,6.0
10,7,17.5,8.43,155.5,1,4.0
7,1,44.1,9.53,129.9,1,10.0
3,0,10.9,7.84,110.7,0,10.0
3,1,33.6,6.43,109.4,0,10.0
8,1,30.1,6.91,135.2,1,9.0
2,1,33.3,6.99,153.5,0,12.0
2,1,22.9,8.0,140.1,0,9.0
8,4,34.8,7.1,108.1,1,4.0
5,0,33.6,9.23,121.4,0,10.0
12,5,54.1,7.67,113.8,1,8.0
1,1,33.0,9.51,140.2,0,18.0
7,0,32.4,8.0,121.0,1,5.0
10,4,20.0,7.58,101.7,1,7.0
20,9,40.2,8.13,141.7,2,9.0
13,1,33.8,8.97,155.3,1,12.0
18,6,34.2,9.37,126.4,2,12.0
7,5,34.3,7.35,132.4,1,6.0
9,1,45.7,9.19,99.9,1,8.0
9,4,34.0,5.98,88.8,1,6.0
18,6,25.7,9.05,93.0,2,14.0
20,7,27.1,6.39,129.1,2,8.0
20,7,38.5,8.54,123.8,2,8.0
16,3,35.6,9.36,140.9,2,11.0
11,1,19.8,9.06,126.0,1,8.0
11,3,36.1,6.03,149.8,1,4.0
20,7,23.3,7.46,147.4,2,8.0
6,5,35.5,8.86,123.6,0,4.0
7,3,25.6,8.83,109.9,1,9.0
18,8,29.7,8.33,91.7,2,4.0
8,3,27.6,5.36,158.7,1,4.0
5,0,44.2,9.44,111.1,0,12.0
12,4,35.2,9.65,100.1,1,11.0
7,2,42.1,8.2,132.6,1,10.0
18,4,55.2,8.27,100.2,2,24.0
19,6,32.4,8.6,132.6,2,19.0
7,5,44.0,9.75,123.3,1,9.0
11,0,26.4,8.3,148.5,1,10.0
20,7,42.0,7.77,146.7,2,16.0
15,4,25.5,8.46,152.1,1,8.0
5,3,31.9,8.0,134.1,0,7.0
12,2,36.3,8.0,112.8,1,14.0
13,4,37.6,5.88,109.3,1,7.0
14,5,21.8,8.63,119.4,1,6.0
1,1,25.1,9.41,169.9,0,4.0
6,1,36.9,9.22,125.0,0,10.0
18,1,29.1,9.14,133.2,2,14.0
5,3,20.8,7.94,160.4,0,12.0
6,3,31.4,8.17,135.1,0,9.0
7,2,32.4,9.43,115.0,1,7.0
4,2,33.4,9.04,144.6,0,12.0
4,2,36.2,9.78,121.4,0,12.0
7,2,35.7,7.19,135.8,1,8.0
18,7,25.9,7.19,140.2,2,6.0
1,0,28.7,7.6,120.1,0,11.0
6,2,39.4,6.87,133.7,0,12.0
2,0,27.7,6.41,162.0,0,4.0
12,2,28.8,8.56,117.5,1,8.0
6,3,20.0,8.48,156.3,0,7.0
16,4,31.8,8.3,118.2,2,18.0
12,6,34.8,8.42,166.0,1,8.0
16,9,32.4,6.24,112.9,2,5.0
13,4,23.4,7.42,122.1,1,6.0
9,1,20.6,7.65,160.2,1,5.0
18,9,38.3,8.06,161.0,2,15.0
10,0,16.7,6.25,129.9,1,4.0
19,6,31.4,6.89,108.4,2,4.0
20,7,37.7,7.48,131.6,2,13.0
12,3,33.5,9.27,130.0,1,6.0
14,2,28.5,8.31,112.9,1,10.0
6,2,34.8,9.23,143.9,0,10.0
17,9,32.4,7.85,114.5,2,11.0
14,4,31.1,8.0,104.2,1,7.0
19,6,14.1,8.6,97.6,2,7.0
6,1,41.2,7.79,164.2,0,7.0
16,7,35.2,7.25,119.8,2,9.0
10,5,31.7,6.21,120.2,1,3.0
4,2,16.2,7.28,109.4,0,9.0
4,0,29.6,9.0,157.4,0,8.0
12,4,25.0,9.51,102.4,1,6.0
7,3,22.3,7.07,105.9,1,5.0
3,0,30.9,8.0,123.6,0,3.0
9,4,27.7,9.11,129.6,1,4.0
14,3,28.2,8.08,143.2,1,7.0
7,3,37.9,6.38,116.5,1,12.0
20,7,34.0,4.27,160.9,2,5.0
16,4,28.0,6.84,116.6,2,7.0
11,2,27.0,7.44,109.8,1,9.0
19,1,28.4,6.62,107.9,2,7.0
9,3,30.0,8.83,114.5,1,5.0
3,2,36.7,7.02,106.6,0,8.0
1,0,23.7,8.01,145.0,0,4.0
19,9,43.7,10.85,110.0,2,11.0
20,7,36.7,8.14,127.3,2,8.0
15,7,10.1,7.86,109.4,1,4.0
3,0,32.7,7.89,106.5,0,8.0
6,1,40.3,8.8,152.1,0,16.0
1,0,35.1,8.65,162.1,0,8.0
2,0,28.7,6.8,155.4,0,9.0
5,1,31.5,7.51,100.6,0,6.0
12,3,33.4,7.2,103.3,1,8.0
2,0,38.2,7.66,169.6,0,8.0
20,5,20.7,10.19,124.9,2,11.0
10,5,27.2,8.74,102.5,1,9.0
6,0,45.1,7.9,151.6,0,15.0
11,4,32.3,9.49,131.3,1,9.0
16,3,44.2,8.23,141.4,2,16.0
7,2,55.9,6.03,85.2,1,10.0
1,0,28.1,10.0,123.5,0,10.0
2,1,22.4,7.81,149.0,0,9.0
18,7,29.9,5.29,117.2,2,5.0
3,0,32.4,6.08,154.7,0,14.0
13,6,41.9,9.35,103.7,1,7.0
8,1,50.2,6.1,127.7,1,11.0
16,4,31.7,9.62,162.9,2,16.0
2,0,35.9,8.1,107.0,0,11.0
18,4,26.3,8.86,135.4,2,13.0
14,7,11.9,7.69,141.7,1,2.0
9,2,31.7,8.63,131.8,1,3.0
5,2,22.8,8.38,125.0,0,10.0
20,6,37.1,7.95,129.9,2,9.0
7,3,16.9,6.72,133.9,1,7.0
10,3,26.1,8.43,127.9,1,7.0
8,5,34.1,5.82,101.3,1,4.0
5,3,35.0,9.12,152.0,0,9.0
9,2,31.6,8.24,111.8,1,5.0
4,0,46.9,8.56,101.8,0,9.0
1,1,44.6,4.86,118.1,0,14.0
6,1,26.5,6.65,112.1,0,12.0
3,0,32.4,7.39,124.8,0,14.0
9,2,46.1,8.81,105.2,1,12.0
18,3,31.0,6.87,139.0,2,12.0
4,1,32.4,11.06,129.9,0,15.0
1,0,31.6,7.68,132.1,0,13.0
3,1,26.8,6.78,101.1,0,7.0
11,1,27.6,7.78,111.7,1,8.0
6,0,42.6,6.86,134.4,0,14.0
10,2,35.5,6.58,90.7,1,7.0
1,1,27.6,9.21,105.3,0,7.0
7,0,24.6,8.62,97.0,1,4.0
9,0,25.9,8.62,132.3,1,6.0
9,1,30.7,9.53,173.2,1,16.0
12,1,39.3,8.58,104.8,1,7.0
16,8,25.1,6.72,146.3,2,6.0
10,2,39.2,8.85,118.7,1,9.0
17,6,33.6,6.65,103.6,2,9.0
11,1,33.1,7.43,161.3,1,8.0
6,1,40.2,7.95,173.2,0,15.0
5,2,38.7,7.82,138.2,0,12.0
7,5,32.4,5.85,137.3,1,6.0
12,3,23.3,6.84,131.2,1,11.0
5,1,30.2,7.97,127.0,0,9.0
19,4,32.4,7.27,136.8,2,10.0
10,5,42.9,9.35,143.5,1,12.0
18,4,32.5,9.56,163.3,2,16.0
14,5,45.6,6.66,119.5,1,6.0
7,1,26.3,8.07,132.5,1,10.0
5,2,27.7,9.9,128.2,0,10.0
15,7,29.6,7.84,150.5,1,6.0
7,3,25.5,7.51,178.0,1,8.0
5,1,41.3,9.03,151.2,0,14.0
19,3,10.0,7.67,146.0,2,17.0
10,3,28.0,8.0,148.2,1,11.0
1,1,41.2,7.29,155.3,0,6.0
10,9,29.5,7.43,178.3,1,6.0
10,7,40.6,8.95,96.3,1,13.0
18,3,32.4,8.12,142.0,2,19.0
15,4,32.6,8.13,129.9,1,4.0
4,0,41.4,5.71,149.0,0,9.0
4,1,51.4,7.58,141.0,0,20.0
13,2,35.2,9.04,119.1,1,11.0
1,1,31.6,7.06,76.6,0,5.0
7,5,39.2,8.84,129.7,1,11.0
3,0,41.5,8.0,129.9,0,19.0
1,0,31.7,7.76,128.7,0,9.0
19,6,28.1,9.63,117.6,2,10.0
2,0,45.7,7.59,129.9,0,10.0
1,1,29.8,7.68,129.9,0,15.0
19,2,41.5,7.75,114.0,2,5.0
4,1,34.1,8.0,146.2,0,9.0
17,3,46.6,8.92,128.4,2,11.0
1,1,25.2,6.23,95.5,0,4.0
4,1,25.2,9.04,133.5,0,5.0
3,1,38.8,8.08,138.3,0,9.0
15,4,23.0,8.66,162.4,1,13.0
13,2,32.9,10.87,148.6,1,10.0
10,2,44.4,7.39,112.0,1,14.0
5,3,17.7,6.53,158.5,0,5.0
2,0,35.2,8.23,102.3,0,11.0
12,2,41.7,8.42,130.6,1,12.0
5,1,31.8,9.05,145.1,0,13.0
12,5,24.6,7.35,159.2,1,4.0
14,4,29.9,7.0,167.8,1,7.0
17,6,25.3,6.16,129.9,2,14.0
10,4,32.6,6.36,127.3,1,9.0
1,0,29.8,7.5,141.6,0,5.0
6,2,27.9,7.86,134.5,0,10.0
18,5,35.7,10.48,115.8,2,12.0
11,4,44.6,5.97,127.7,1,6.0
13,3,34.6,8.4,166.0,1,11.0
10,2,42.7,7.13,142.9,1,10.0
4,1,32.4,8.27,129.9,0,8.0
18,5,27.3,8.0,108.4,2,16.0
16,5,34.2,9.24,122.4,2,11.0
20,6,28.6,9.24,138.3,2,10.0
18,7,20.1,7.86,144.8,2,5.0
6,1,34.8,9.73,127.7,0,9.0
6,0,23.6,8.91,146.0,0,9.0
5,3,35.9,9.67,145.9,0,13.0
19,7,19.6,7.95,102.2,2,9.0
12,3,33.4,9.14,145.1,1,9.0
10,6,19.4,7.08,151.5,1,7.0
20,4,37.4,6.96,135.9,2,13.0
13,4,28.9,10.62,93.2,1,12.0
19,9,28.1,6.7,129.9,2,6.0
20,7,41.0,7.48,138.8,2,14.0
2,0,29.4,5.72,112.7,0,11.0
8,4,32.9,6.98,148.4,1,7.0
15,4,30.4,8.0,144.6,1,10.0
17,2,36.1,7.2,132.7,2,20.0
3,1,40.3,8.36,130.3,0,8.0
7,0,38.7,8.65,133.9,1,5.0
11,4,28.3,6.79,129.9,1,4.0
16,7,41.7,7.05,104.3,2,13.0
3,3,24.7,9.3,121.4,0,4.0
13,4,26.1,10.05,131.4,1,12.0
6,2,31.0,9.51,158.4,0,10.0
5,1,40.4,6.02,143.8,0,11.0
11,4,22.6,9.43,159.4,1,7.0
9,0,39.1,10.22,101.9,1,12.0
13,3,31.6,5.96,122.9,1,5.0
7,1,28.5,9.3,171.5,1,7.0
17,4,40.8,8.27,115.1,2,14.0
2,1,25.6,7.61,114.7,0,8.0
18,3,50.3,8.13,124.6,2,17.0
1,0,30.6,8.53,170.4,0,15.0
15,7,33.2,9.39,116.6,1,5.0
7,2,32.4,9.33,141.1,1,9.0
8,4,33.4,6.19,137.8,1,4.0
1,0,41.5,7.22,91.4,0,3.0
15,6,16.4,8.11,129.7,1,8.0
4,2,28.5,9.89,118.9,0,10.0
14,6,35.2,4.73,143.6,1,4.0
15,3,40.7,8.0,164.8,1,3.0
17,5,38.2,6.17,123.1,2,11.0
15,3,37.4,6.36,123.1,1,12.0
7,2,40.5,9.18,180.4,1,11.0
15,3,35.8,7.36,129.9,1,9.0
17,6,32.4,5.2,103.1,2,6.0
7,2,43.5,7.81,157.6,1,13.0
3,1,25.3,10.44,129.0,0,9.0
18,4,34.5,5.83,135.7,2,15.0
3,0,32.4,8.0,129.9,0,9.0
12,2,32.4,9.88,101.9,1,13.0
5,0,23.2,7.94,126.1,0,10.0
3,3,16.5,10.31,105.3,0,7.0
16,3,24.0,7.21,136.7,2,12.0
3,0,38.6,9.74,118.9,0,15.0
14,9,20.4,9.45,106.5,1,6.0
14,3,25.0,7.96,144.6,1,4.0
2,0,35.3,6.22,130.2,0,5.0
4,0,23.8,6.8,105.0,0,5.0
16,5,27.7,5.19,106.2,2,9.0
11,6,32.7,8.71,134.2,1,9.0
3,0,34.3,8.57,96.6,0,14.0
20,1,23.6,8.1,134.5,2,13.0
6,4,33.1,7.85,156.8,0,7.0
1,1,35.2,9.63,143.3,0,12.0
19,7,21.8,8.36,117.5,2,9.0
1,0,33.7,8.0,135.5,0,10.0
12,4,26.3,8.18,105.0,1,8.0
20,6,33.0,10.46,132.7,2,14.0
12,3,37.8,8.75,123.5,1,5.0
12,4,30.6,7.53,109.2,1,8.0
8,4,39.3,7.95,142.5,1,6.0
3,1,38.3,8.56,90.5,0,8.0
12,5,39.3,7.49,106.3,1,9.0
18,9,35.2,7.39,108.7,2,6.0
2,0,40.8,7.99,119.9,0,12.0
18,7,35.1,9.82,156.0,2,16.0
9,1,18.7,8.95,145.1,1,7.0
11,3,25.7,7.51,132.1,1,6.0
4,2,30.3,9.04,131.2,0,4.0
13,1,31.3,8.01,129.8,1,8.0
4,1,34.9,8.0,157.4,0,24.0
6,2,25.5,8.3,93.7,0,6.0
15,4,32.4,5.47,145.4,1,8.0
2,0,31.2,4.34,119.8,0,3.0
9,4,31.9,8.27,140.1,1,5.0
12,3,32.4,6.98,140.2,1,4.0
3,2,32.4,6.03,144.7,0,6.0
6,1,31.0,7.01,161.7,0,8.0
7,2,32.2,9.11,102.6,1,6.0
14,4,31.3,8.43,150.1,1,5.0
20,3,45.2,8.93,128.7,2,14.0
17,7,31.0,8.54,120.8,2,12.0
4,0,31.3,6.9,170.7,0,8.0
1,0,38.5,8.93,144.0,0,6.0
2,1,30.6,8.0,121.7,0,16.0
12,5,36.3,7.86,149.1,1,12.0
4,2,21.8,8.07,129.1,0,9.0
5,2,21.8,8.95,121.3,0,7.0
17,5,33.0,7.1,117.9,2,19.0
18,9,30.1,9.31,136.1,2,14.0
17,6,25.5,8.68,117.7,2,18.0
6,1,33.0,8.0,129.9,0,7.0
13,7,33.7,9.84,147.7,1,13.0
13,0,26.3,6.45,132.2,1,4.0
4,2,27.8,7.45,169.5,0,12.0
12,6,33.7,7.18,130.3,1,4.0
11,6,23.8,8.43,157.0,1,5.0
8,1,32.4,9.42,149.5,1,6.0
16,7,36.3,6.82,160.5,2,8.0
14,4,31.8,11.97,169.4,1,13.0
11,4,28.2,7.2,94.8,1,5.0
15,6,24.8,8.43,135.3,1,6.0
16,6,23.9,8.0,127.8,2,7.0
12,5,30.9,8.06,132.2,1,6.0
6,1,48.2,7.05,122.1,0,6.0
16,6,36.5,9.28,119.1,2,11.0
15,5,21.3,6.98,108.0,1,4.0
20,4,37.7,5.88,131.9,2,9.0
3,1,25.9,6.65,148.7,0,6.0
9,2,32.0,9.73,120.1,1,17.0
19,1,27.3,9.5,123.4,2,11.0
11,5,48.2,5.59,116.0,1,4.0
19,9,22.9,8.98,110.1,2,8.0
1,0,34.5,5.62,125.3,0,11.0
1,0,26.5,7.97,136.9,0,6.0
16,2,37.9,6.55,155.1,2,10.0
8,3,34.3,9.07,106.2,1,7.0
11,4,42.0,8.67,129.4,1,8.0
9,1,37.7,9.18,153.6,1,9.0
9,2,26.5,7.65,106.4,1,8.0
19,6,55.3,7.77,155.3,2,13.0
2,2,36.4,6.2,121.2,0,4.0
16,4,27.6,6.76,144.2,2,12.0
18,9,33.6,9.14,125.6,2,13.0
14,5,37.0,8.44,139.2,1,11.0
8,3,36.7,8.13,162.2,1,15.0
4,1,36.0,9.51,129.9,0,15.0
14,3,39.7,6.44,149.9,1,17.0
10,1,38.9,8.86,135.5,1,8.0
3,0,25.2,8.0,114.3,0,8.0
8,4,48.9,9.77,129.9,1,18.0
20,6,47.8,8.65,125.8,2,16.0
6,1,38.4,9.16,101.8,0,12.0
4,1,32.3,7.16,139.2,0,4.0
14,3,32.4,10.62,143.2,1,17.0
4,1,29.4,10.4,146.2,0,11.0
19,2,30.4,8.52,158.6,2,14.0
18,7,14.5,9.41,149.1,2,12.0
20,6,44.2,7.64,129.9,2,11.0
19,7,41.4,6.48,122.2,2,12.0
5,4,18.6,8.95,146.8,0,11.0
5,3,39.1,6.9,137.8,0,12.0
7,0,31.9,9.57,129.6,1,8.0
10,1,30.4,9.26,112.5,1,15.0
18,4,35.9,8.28,119.4,2,13.0
15,9,18.1,8.22,141.7,1,4.0
13,2,31.9,9.19,91.0,1,11.0
18,7,32.6,8.33,83.2,2,8.0
13,4,32.6,7.51,143.9,1,8.0
8,3,21.1,6.18,119.3,1,2.0
9,4,35.6,9.15,139.4,1,12.0
11,4,40.5,8.44,161.5,1,11.0
2,1,35.3,11.31,109.7,0,10.0
15,9,30.2,7.88,96.6,1,6.0
14,5,53.5,8.36,124.5,1,13.0
15,3,32.4,8.39,116.3,1,6.0
11,3,38.2,8.78,129.5,1,10.0
16,3,33.9,6.84,140.8,2,9.0
19,5,48.1,7.91,136.5,2,13.0
12,1,35.1,8.99,130.9,1,12.0
9,3,36.8,7.6,151.2,1,12.0
3,3,36.0,8.95,143.4,0,13.0
16,4,23.5,8.12,126.4,2,11.0
19,4,32.4,8.48,129.9,2,8.0
14,7,29.8,9.38,99.1,1,10.0
18,6,39.7,8.0,151.3,2,13.0
18,2,33.9,6.26,130.4,2,13.0
16,9,30.3,7.68,106.0,2,8.0
11,3,43.0,7.01,121.7,1,11.0
2,1,16.1,5.45,150.8,0,3.0
1,1,32.4,7.87,114.6,0,12.0
5,0,12.0,8.24,138.2,0,10.0
9,2,41.7,9.22,147.6,1,13.0
15,5,31.2,6.63,130.5,1,8.0
10,2,39.7,8.11,112.7,1,13.0
1,1,31.1,9.35,128.7,0,7.0
5,2,40.2,7.31,101.8,0,7.0
20,7,31.0,8.64,120.2,2,7.0
20,6,35.3,9.92,107.9,2,14.0
8,1,34.1,5.77,129.1,1,4.0
17,2,34.7,8.33,104.6,2,15.0
15,1,45.5,9.4,131.7,1,18.0
19,2,19.0,7.58,152.7,2,11.0
18,6,31.5,9.66,153.9,2,17.0
13,5,33.6,8.0,105.1,1,5.0
8,2,32.4,10.12,116.7,1,14.0
13,0,28.8,8.7,147.1,1,6.0
7,5,27.7,10.22,144.1,1,20.0
7,1,44.2,8.36,117.7,1,7.0
13,5,31.4,6.36,120.3,1,7.0
12,3,51.5,7.24,131.6,1,4.0
12,5,36.2,9.22,93.3,1,12.0
8,2,29.7,8.0,140.5,1,4.0
9,4,36.4,8.0,151.7,1,5.0
1,0,32.9,10.17,122.2,0,14.0
13,3,42.7,7.58,101.6,1,10.0
12,3,22.7,8.55,158.3,1,5.0
19,3,17.6,8.52,134.4,2,11.0
11,2,34.9,6.4,144.2,1,9.0
10,0,38.7,7.87,103.6,1,14.0
2,1,32.4,10.86,103.7,0,15.0
4,1,37.4,6.89,138.3,0,7.0
7,3,32.4,8.75,150.6,1,10.0
8,3,20.2,6.61,107.4,1,5.0
8,1,34.2,6.88,128.0,1,5.0
8,1,42.5,6.3,98.3,1,11.0
16,5,33.4,9.13,116.0,2,13.0
3,2,21.5,6.95,124.9,0,4.0
7,0,29.3,9.52,139.8,1,13.0
4,3,36.5,7.36,87.9,0,7.0
7,3,46.4,8.0,156.4,1,15.0
14,6,16.3,8.49,126.6,1,2.0
1,0,34.9,6.06,155.9,0,6.0
7,1,24.5,8.24,144.0,1,9.0
1,0,36.1,8.42,147.0,0,11.0
20,6,36.7,9.37,170.4,2,18.0
15,4,30.1,8.0,129.9,1,6.0
5,0,32.4,7.02,132.7,0,15.0
4,2,41.1,8.79,110.2,0,12.0
2,1,30.7,9.69,128.0,0,5.0
10,2,21.3,7.29,144.4,1,3.0
16,4,43.4,6.52,152.5,2,13.0
12,6,38.6,7.62,122.4,1,5.0
18,3,36.5,6.78,105.9,2,13.0
7,1,26.5,8.48,131.5,1,6.0
6,4,39.9,6.7,113.0,0,4.0
10,2,48.3,9.17,118.4,1,10.0
5,1,31.0,8.26,143.4,0,4.0
20,3,32.8,9.2,139.7,2,14.0
4,0,23.5,5.09,146.7,0,1.0
10,2,26.2,5.89,123.3,1,2.0
11,2,23.4,9.55,150.2,1,9.0
2,1,33.0,7.14,130.3,0,7.0
10,3,32.4,6.24,124.3,1,4.0
10,1,35.0,7.76,108.0,1,13.0
6,1,24.9,8.29,88.2,0,8.0
3,2,30.7,7.81,98.7,0,12.0
1,2,24.4,8.56,134.3,0,10.0
1,0,33.5,8.4,111.8,0,11.0
10,2,18.9,8.34,97.1,1,8.0
2,0,33.2,9.62,121.6,0,6.0
20,4,29.8,7.98,135.6,2,2.0
5,1,33.4,8.0,138.3,0,5.0
14,3,18.8,8.96,129.4,1,4.0
14,4,32.4,8.66,128.8,1,9.0
10,3,29.6,6.92,119.2,1,10.0
18,5,33.7,7.89,142.7,2,12.0
3,1,17.0,8.53,126.5,0,9.0
5,1,22.1,7.3,128.5,0,8.0
6,2,28.9,7.35,150.8,0,13.0
3,1,43.0,6.33,145.8,0,17.0
6,5,36.2,4.54,126.3,0,5.0
7,6,33.0,7.55,123.5,1,5.0
16,8,24.6,8.15,123.3,2,6.0
7,0,23.1,6.69,89.6,1,6.0
18,4,34.2,9.65,151.9,2,15.0
16,1,37.6,6.74,116.3,2,8.0
19,9,33.7,9.1,147.1,2,7.0
3,0,45.7,8.0,130.8,0,8.0
20,7,26.5,10.61,157.8,2,9.0
13,4,32.4,8.65,140.6,1,9.0
20,8,18.5,6.26,148.2,2,8.0
8,2,33.7,9.27,118.2,1,14.0
20,4,43.8,10.04,104.3,2,16.0
12,9,32.4,5.87,133.0,1,1.0
2,0,38.7,8.77,91.7,0,6.0
9,3,43.5,9.03,120.6,1,12.0
3,2,32.4,7.74,106.2,0,6.0
19,3,32.4,5.09,113.2,2,15.0
7,0,44.6,7.64,141.9,1,9.0
5,0,33.8,7.3,140.6,0,10.0
12,2,38.3,9.84,126.8,1,17.0
9,2,17.8,8.0,136.4,1,8.0
2,1,36.8,7.51,119.2,0,5.0
17,7,36.1,7.3,129.9,2,7.0
17,2,21.4,8.39,136.0,2,9.0
15,3,24.3,8.07,118.2,1,8.0
13,2,36.8,7.05,147.5,1,7.0
9,2,29.6,8.32,154.8,1,11.0
11,3,40.9,7.33,114.5,1,7.0
11,3,34.5,4.89,101.6,1,3.0
4,1,32.5,8.8,105.6,0,11.0
2,0,30.6,8.69,116.6,0,9.0
6,0,34.3,8.24,128.9,0,13.0
10,5,38.4,7.47,97.4,1,6.0
4,1,36.3,7.91,121.6,0,8.0
3,0,28.6,8.0,125.8,0,6.0
18,4,41.9,7.24,136.5,2,14.0
8,3,37.3,9.03,142.2,1,10.0
12,1,35.1,6.23,138.0,1,10.0
11,2,32.7,8.2,165.8,1,13.0
15,3,36.0,8.03,151.9,1,13.0
15,2,17.3,9.2,134.4,1,9.0
6,1,33.9,6.9,110.6,0,5.0
17,9,45.1,7.03,116.5,2,11.0
8,2,33.8,6.33,101.4,1,2.0
17,1,32.7,7.32,133.1,2,11.0
9,4,27.2,8.31,136.6,1,10.0
3,0,35.9,5.84,147.9,0,7.0
16,8,30.4,7.47,135.3,2,10.0
1,0,42.5,8.73,151.1,0,11.0
16,6,25.1,7.88,151.5,2,8.0
1,1,28.4,8.0,109.4,0,8.0
5,1,27.2,6.19,119.6,0,6.0
13,1,46.7,7.88,129.8,1,7.0
19,4,30.5,8.03,115.9,2,16.0
9,1,27.6,7.8,129.9,1,11.0
3,4,15.3,8.18,136.0,0,9.0
5,1,24.7,7.63,127.5,0,8.0
18,7,36.2,7.45,130.0,2,14.0
15,5,36.2,8.0,111.1,1,4.0
3,2,26.8,9.17,129.9,0,7.0
8,1,27.2,6.53,138.7,1,10.0
6,0,46.9,8.19,114.7,0,19.0
4,2,53.6,10.18,104.1,0,14.0
17,9,41.2,9.32,154.6,2,15.0
13,4,44.5,8.61,165.0,1,11.0
4,0,46.2,8.0,134.7,0,10.0
14,7,49.7,7.85,122.8,1,11.0
9,4,29.6,6.92,150.9,1,2.0
2,1,25.0,7.7,139.4,0,6.0
9,0,46.7,8.69,129.9,1,9.0
4,1,24.3,8.47,149.4,0,9.0
5,3,23.8,8.95,129.9,0,4.0
18,7,24.0,9.46,129.9,2,7.0
15,0,30.9,7.81,137.3,1,12.0
3,0,16.1,8.23,132.3,0,7.0
18,6,20.5,5.72,142.7,2,4.0
12,5,27.0,10.71,153.9,1,5.0
18,5,22.4,7.5,99.0,2,7.0
15,6,40.5,8.78,130.8,1,7.0
7,3,32.1,7.5,168.0,1,3.0
11,5,36.6,7.47,118.1,1,5.0
11,2,35.7,7.72,115.7,1,10.0
15,5,32.4,6.51,85.2,1,3.0
5,0,39.9,5.02,132.0,0,14.0
7,3,35.6,9.39,141.6,1,8.0
5,1,29.5,8.65,141.6,0,6.0
6,0,18.5,6.9,109.3,0,6.0
4,2,36.2,8.54,129.8,0,9.0
1,1,21.9,8.99,134.4,0,12.0
19,4,35.0,8.0,131.0,2,15.0
2,2,32.6,8.49,108.1,0,17.0
18,4,21.1,8.0,131.5,2,14.0
1,1,34.1,6.27,113.7,0,3.0
16,5,33.5,8.0,92.6,2,10.0
7,3,33.6,8.0,143.6,1,15.0
11,1,33.2,10.26,132.8,1,12.0
6,0,26.8,8.67,141.8,0,12.0
10,4,36.7,7.51,119.3,1,4.0
10,0,26.5,7.65,142.5,1,11.0
11,2,23.4,10.43,150.4,1,14.0
8,2,37.4,7.57,165.1,1,13.0
11,3,39.5,8.7,129.9,1,21.0
17,1,36.8,7.71,137.7,2,17.0
9,3,30.3,9.3,102.4,1,8.0
8,4,16.5,9.36,127.9,1,5.0
3,0,43.9,7.97,101.5,0,7.0
8,4,16.4,7.51,129.9,1,5.0
3,1,36.7,7.48,169.1,0,14.0
4,0,48.9,5.93,109.5,0,11.0
20,8,33.2,8.12,83.1,2,4.0
2,0,32.4,8.1,146.3,0,12.0
10,3,35.0,7.02,116.5,1,10.0
17,5,33.6,5.8,145.4,2,9.0
20,6,50.8,8.25,106.6,2,14.0
3,1,25.3,8.4,121.5,0,5.0
4,0,24.3,8.47,153.9,0,17.0
8,2,32.4,6.81,103.6,1,10.0
12,4,45.9,8.48,126.6,1,11.0
20,6,27.4,7.79,135.8,2,7.0
5,3,35.4,9.04,129.9,0,8.0
4,2,40.6,6.83,134.8,0,12.0
6,0,38.2,9.38,130.3,0,13.0
18,5,40.1,9.81,140.7,2,12.0
1,0,43.3,8.14,166.8,0,16.0
8,3,34.5,8.48,183.5,1,9.0
3,1,28.3,8.94,139.3,0,9.0
4,0,33.2,6.77,127.8,0,5.0
19,6,29.3,7.42,138.8,2,11.0
1,0,52.2,8.22,125.4,0,16.0
7,4,27.7,10.43,98.3,1,9.0
19,5,35.9,8.0,129.1,2,8.0
13,7,20.0,9.97,151.6,1,9.0
2,1,33.1,7.77,100.7,0,9.0
10,6,29.7,7.96,110.3,1,7.0
20,5,37.4,9.46,118.4,2,13.0
9,5,37.6,10.43,137.4,1,14.0
11,4,43.3,8.51,177.5,1,8.0
11,6,42.7,9.4,113.8,1,8.0
14,3,31.5,6.9,131.8,1,6.0
4,2,32.4,7.36,130.1,0,6.0
17,7,25.4,6.38,124.0,2,8.0
20,7,34.4,7.38,129.0,2,11.0
3,4,32.4,8.68,120.7,0,12.0
17,6,34.1,8.25,184.9,2,14.0
17,4,27.7,10.07,145.0,2,14.0
15,8,43.5,10.47,120.9,1,8.0
8,2,20.2,7.84,153.7,1,4.0
10,3,27.3,7.18,135.1,1,4.0
17,7,23.4,9.39,131.2,2,13.0
4,4,30.3,9.52,126.4,0,8.0
17,5,42.0,8.53,125.0,2,15.0
19,5,29.7,8.85,105.6,2,7.0
14,6,32.8,8.66,96.5,1,11.0
7,2,37.3,8.0,137.4,1,4.0
12,1,29.3,6.54,126.2,1,7.0
2,0,35.1,7.94,147.5,0,15.0
19,8,34.0,7.76,112.2,2,8.0
7,5,23.0,8.33,108.0,1,6.0
2,0,28.3,7.84,145.5,0,13.0
16,7,34.8,5.96,124.1,2,11.0
14,6,42.3,5.47,147.1,1,7.0
13,3,42.3,8.88,130.7,1,16.0
2,2,48.8,7.2,167.6,0,15.0
16,7,35.9,7.72,145.1,2,13.0
13,2,28.7,7.33,138.2,1,4.0
16,3,31.5,6.9,146.0,2,12.0
17,8,31.1,6.87,124.5,2,11.0
5,2,28.7,9.22,97.1,0,5.0
5,1,35.1,7.71,137.2,0,10.0
19,5,35.4,8.76,168.8,2,16.0
11,6,22.6,8.92,84.2,1,5.0
9,2,40.7,8.38,139.4,1,16.0
6,1,17.3,8.96,99.3,0,5.0
13,6,30.2,8.02,129.5,1,7.0
16,5,41.2,9.64,131.6,2,16.0
1,1,36.9,8.99,144.9,0,15.0
12,1,29.1,9.15,134.2,1,13.0
20,7,47.8,6.87,157.5,2,15.0
6,2,28.5,8.32,153.3,0,10.0
6,3,16.0,5.8,126.1,0,8.0
18,1,35.6,9.68,151.9,2,17.0
2,0,17.8,7.25,123.7,0,9.0
8,4,25.3,7.42,120.3,1,6.0
10,2,37.0,6.36,105.9,1,10.0
16,5,28.3,7.96,156.2,2,10.0
3,1,36.6,7.68,124.0,0,11.0
9,2,32.4,10.19,81.6,1,9.0
4,2,38.9,9.03,140.8,0,12.0
16,3,18.5,7.38,121.3,2,12.0
13,5,42.5,6.0,124.0,1,7.0
10,2,28.2,5.26,125.3,1,5.0
8,4,44.2,6.77,123.3,1,8.0
4,1,25.3,6.4,184.6,0,7.0
19,4,47.4,8.42,163.3,2,20.0
13,5,24.3,7.83,144.0,1,4.0
7,3,17.6,8.02,134.8,1,5.0
9,0,32.3,6.86,152.6,1,5.0
15,7,41.9,8.18,134.9,1,10.0
15,7,38.3,6.3,146.3,1,9.0
10,2,41.3,7.89,141.2,1,8.0
7,0,38.5,9.0,132.6,1,15.0
14,5,25.4,7.56,148.8,1,4.0
14,6,38.1,8.53,121.6,1,12.0
12,7,32.7,5.63,131.2,1,10.0
2,0,26.3,5.53,110.4,0,2.0
10,3,33.4,8.39,129.9,1,9.0
13,4,31.5,9.26,79.4,1,12.0
20,3,43.3,7.71,139.1,2,16.0
11,2,27.9,10.57,144.6,1,8.0
7,1,27.5,6.27,151.7,1,5.0
12,9,26.4,7.18,108.0,1,1.0
4,0,47.2,8.17,138.8,0,14.0
2,0,26.9,8.56,130.0,0,5.0
14,4,42.4,7.3,144.8,1,8.0
20,9,23.7,6.73,117.0,2,10.0
17,9,36.1,8.74,129.9,2,7.0
12,8,34.1,8.16,98.9,1,5.0
1,1,41.9,7.59,115.7,0,12.0
20,8,40.7,8.6,130.1,2,11.0
9,5,32.7,7.84,133.5,1,5.0
6,1,27.7,7.83,96.3,0,6.0
18,4,45.0,7.79,119.8,2,13.0
15,3,26.9,7.01,133.2,1,6.0
15,6,13.9,6.89,158.2,1,6.0
6,4,17.1,7.37,113.1,0,2.0
20,6,19.1,8.04,139.8,2,6.0
10,7,32.4,5.75,118.8,1,3.0
11,4,49.7,9.13,121.1,1,12.0
16,7,32.4,8.02,112.4,2,4.0
14,9,25.7,6.72,109.1,1,3.0
4,1,32.4,9.94,120.5,0,8.0
7,4,44.4,8.05,151.0,1,7.0
8,4,25.7,6.4,114.9,1,4.0
19,5,36.7,9.89,111.8,2,12.0
15,4,30.0,9.63,134.2,1,9.0
8,2,52.9,6.91,130.1,1,7.0
15,4,33.2,8.0,128.6,1,10.0
15,5,34.8,7.45,135.1,1,7.0
8,2,32.7,5.73,109.8,1,3.0
9,3,28.7,8.39,112.0,1,10.0
18,9,39.6,9.01,149.7,2,9.0
12,3,22.7,8.0,127.1,1,9.0
3,1,16.0,8.04,141.9,0,6.0
15,4,30.8,9.13,154.5,1,9.0
12,5,38.5,6.64,146.9,1,10.0
11,3,27.4,10.18,102.6,1,9.0
15,4,33.5,7.07,127.7,1,2.0
19,6,22.2,7.21,150.8,2,9.0
7,2,40.5,7.31,140.5,1,10.0
9,1,37.2,7.22,133.7,1,12.0
4,1,32.2,7.77,97.2,0,6.0
13,7,33.3,7.72,129.9,1,6.0
9,1,20.9,8.16,131.4,1,4.0
7,2,21.2,7.02,101.5,1,3.0
14,2,31.0,8.2,145.9,1,13.0
9,0,36.1,6.69,127.6,1,15.0
10,2,36.5,8.88,90.4,1,15.0
9,1,29.1,8.86,118.7,1,12.0
6,1,38.0,7.99,124.3,0,9.0
3,0,43.4,7.22,127.4,0,11.0
17,5,31.3,8.37,158.4,2,9.0
2,0,34.5,6.93,141.6,0,13.0
7,3,30.3,8.04,102.7,1,6.0
14,7,31.0,7.82,100.2,1,4.0
3,1,33.4,11.16,124.7,0,12.0
14,4,45.6,6.53,132.5,1,18.0
15,5,32.4,4.8,149.8,1,3.0
14,3,38.6,7.23,164.6,1,4.0
7,4,28.4,5.94,165.7,1,7.0
1,0,24.8,7.13,121.2,0,4.0
18,3,35.1,6.44,148.7,2,17.0
7,1,41.9,6.91,138.5,1,5.0
17,4,45.8,6.72,108.2,2,13.0
4,0,12.4,8.0,92.2,0,11.0
4,2,51.6,7.94,132.9,0,17.0
16,2,35.3,9.29,100.1,2,19.0
19,6,39.3,8.05,113.0,2,9.0
18,3,18.1,9.11,116.3,2,11.0
16,5,30.1,7.64,134.4,2,11.0
5,3,32.4,9.91,155.6,0,11.0
19,5,22.6,8.57,130.3,2,7.0
14,5,10.0,7.06,119.2,1,1.0
4,1,34.7,8.74,88.6,0,13.0
3,1,31.6,8.03,139.2,0,10.0
18,3,43.5,7.76,130.6,2,14.0
6,2,30.7,8.12,119.0,0,17.0
16,4,31.3,8.9,153.3,2,13.0
3,0,37.6,5.46,106.2,0,11.0
6,2,40.3,7.58,116.3,0,15.0
6,1,26.3,8.82,125.1,0,12.0
6,2,39.6,8.3,118.8,0,11.0
14,2,27.8,6.65,141.0,1,7.0
19,3,32.1,5.16,139.3,2,10.0
19,7,32.4,10.04,151.0,2,12.0
15,4,38.8,7.78,140.0,1,12.0
5,4,34.5,8.0,127.7,0,17.0
20,9,23.4,8.95,123.2,2,13.0
11,3,17.0,8.0,139.1,1,7.0
11,1,30.5,5.0,126.2,1,6.0
15,2,39.8,7.45,130.9,1,12.0
16,6,35.6,7.96,140.2,2,12.0
20,7,33.9,8.54,132.8,2,8.0
12,2,32.4,6.67,136.2,1,4.0
13,3,34.5,8.21,114.2,1,6.0
15,3,24.0,8.21,157.0,1,7.0
6,3,38.2,9.18,107.9,0,6.0
7,2,38.8,7.63,138.8,1,2.0
13,1,29.2,8.53,129.9,1,14.0
2,0,35.5,8.35,151.6,0,14.0
7,1,18.3,9.05,147.7,1,10.0
15,3,33.4,7.02,130.0,1,4.0
20,9,30.9,4.31,161.1,2,5.0
11,3,42.1,7.72,126.3,1,12.0
8,0,30.4,7.72,147.6,1,11.0
9,3,38.9,6.61,115.5,1,10.0
14,4,28.9,6.19,138.1,1,6.0
11,1,13.7,7.31,111.4,1,6.0
1,0,30.2,7.86,130.4,0,11.0
11,2,33.6,8.11,129.0,1,12.0
9,6,33.2,5.26,147.6,1,5.0
15,4,32.4,5.9,116.6,1,8.0
18,6,27.9,9.36,191.5,2,18.0
20,7,29.4,7.77,102.4,2,11.0
13,5,23.0,8.0,134.7,1,4.0
8,0,16.0,6.4,135.8,1,5.0
9,3,31.1,7.99,140.8,1,4.0
4,1,26.0,7.55,119.7,0,2.0
19,5,40.6,7.26,134.8,2,11.0
17,5,32.4,6.25,129.9,2,4.0
18,2,34.3,6.96,167.5,2,8.0
7,3,49.0,10.37,117.3,1,11.0
7,3,30.5,7.58,127.0,1,4.0
18,2,32.0,8.95,116.7,2,16.0
11,2,35.4,7.76,114.0,1,11.0
15,6,36.0,8.0,129.9,1,15.0
10,4,28.7,7.24,143.4,1,11.0
9,0,23.9,9.61,116.5,1,8.0
13,1,37.2,8.45,114.1,1,9.0
17,1,16.7,7.05,110.7,2,13.0
7,5,38.7,7.53,136.1,1,9.0
17,7,28.9,9.29,130.4,2,14.0
5,0,32.0,4.59,130.5,0,10.0
9,0,27.8,8.37,114.8,1,6.0
19,3,43.4,8.65,138.7,2,10.0
20,9,34.0,7.1,116.8,2,7.0
19,1,29.4,8.19,131.4,2,15.0
7,1,29.2,8.6,127.2,1,9.0
17,6,30.8,6.52,96.2,2,15.0
19,3,51.2,9.01,170.6,2,21.0
20,4,21.5,8.36,141.5,2,10.0
1,0,40.7,7.82,133.6,0,12.0
15,4,36.5,8.13,136.8,1,9.0
20,4,32.4,8.85,171.0,2,18.0
16,6,37.0,10.78,152.7,2,15.0
5,2,32.0,8.73,137.0,0,12.0
16,5,40.2,8.97,115.8,2,10.0
3,1,33.8,8.23,119.0,0,6.0
10,5,38.0,10.28,93.9,1,9.0
13,2,43.4,6.24,122.6,1,11.0
10,4,32.7,5.92,143.2,1,10.0
14,5,28.6,8.18,142.7,1,7.0
5,1,26.8,8.79,142.3,0,12.0
13,5,35.6,4.91,119.7,1,4.0
13,4,25.0,8.0,141.0,1,9.0
13,3,29.2,7.78,146.5,1,10.0
6,2,24.3,8.89,85.5,0,11.0
7,3,36.1,8.51,136.1,1,8.0
6,1,26.0,5.83,171.6,0,7.0
10,2,32.4,6.7,124.2,1,3.0
12,2,23.1,7.03,79.6,1,2.0
8,1,27.4,8.89,113.7,1,5.0
9,1,28.2,8.45,93.7,1,12.0
6,2,34.0,7.26,117.3,0,8.0
5,0,30.7,8.17,105.5,0,16.0
14,2,35.0,6.73,148.6,1,15.0
17,6,35.6,10.46,145.6,2,15.0
6,2,37.9,8.69,136.9,0,18.0
18,5,16.7,8.94,154.5,2,7.0
12,6,23.0,8.0,118.7,1,10.0
4,1,36.4,9.22,129.9,0,15.0
8,2,33.7,8.04,173.9,1,8.0
1,0,39.8,7.78,141.7,0,7.0
1,0,19.6,9.55,141.7,0,9.0
7,3,28.2,8.03,114.6,1,7.0
10,3,29.6,7.1,121.7,1,6.0
16,6,33.3,10.36,109.9,2,16.0
3,2,32.3,6.88,163.6,0,11.0
17,7,35.8,5.92,98.8,2,5.0
5,0,31.1,8.0,148.3,0,14.0
3,0,43.0,7.12,141.6,0,12.0
14,9,45.5,8.52,97.9,1,9.0
16,5,23.1,10.18,152.8,2,13.0
13,6,32.4,8.0,124.8,1,4.0
3,0,38.4,7.95,103.6,0,11.0
3,1,36.7,9.78,137.3,0,12.0
8,1,28.7,8.82,113.6,1,10.0
10,2,34.0,7.78,125.9,1,11.0
20,4,19.3,10.87,119.9,2,21.0
6,3,31.8,7.89,112.4,0,10.0
4,3,20.3,8.48,106.2,0,10.0
19,4,36.1,9.98,145.9,2,18.0
4,2,23.1,9.18,136.5,0,11.0
1,0,33.3,9.59,135.2,0,15.0
9,3,34.6,6.92,122.7,1,6.0
9,7,32.6,9.47,131.0,1,8.0
13,5,26.9,8.2,115.3,1,1.0
18,7,30.3,7.11,114.9,2,6.0
19,6,41.4,8.27,164.2,2,10.0
6,0,28.6,8.23,147.7,0,13.0
20,4,32.2,10.24,118.8,2,18.0
13,3,27.5,8.46,100.1,1,9.0
2,1,40.2,7.06,96.0,0,9.0
19,1,32.6,6.79,117.3,2,13.0
3,0,25.9,7.94,132.2,0,10.0
12,2,32.1,6.38,132.4,1,8.0
16,4,30.1,7.14,133.0,2,8.0
5,1,43.1,7.71,136.7,0,12.0
6,1,31.6,7.49,109.2,0,10.0
10,4,20.9,8.87,160.2,1,10.0
18,6,36.0,7.11,126.1,2,5.0
5,4,46.3,5.04,135.9,0,4.0
14,8,41.6,5.98,116.9,1,5.0
10,2,23.2,7.98,136.2,1,7.0
3,1,29.9,7.3,171.5,0,4.0
15,6,31.8,6.52,110.2,1,3.0
17,2,31.9,10.35,107.7,2,9.0
12,3,35.0,8.99,112.7,1,5.0
4,3,29.2,7.93,123.3,0,6.0
4,0,24.7,8.28,119.6,0,6.0
9,5,39.6,7.68,109.2,1,7.0
11,3,23.0,6.5,129.0,1,9.0
12,2,25.6,9.24,161.2,1,10.0
5,1,23.0,9.02,127.0,0,7.0
11,3,36.9,5.63,128.1,1,9.0
6,5,32.9,8.27,129.9,0,12.0
14,4,39.1,8.4,143.0,1,4.0
16,3,25.7,7.61,157.5,2,11.0
14,3,22.0,10.52,134.8,1,7.0
1,0,28.4,10.39,129.9,0,11.0
20,8,30.5,7.55,110.2,2,9.0
1,1,33.7,8.0,144.8,0,10.0
20,4,32.4,7.59,113.1,2,8.0
1,0,35.8,7.27,112.5,0,9.0
11,2,24.8,6.9,133.9,1,5.0
3,1,26.8,8.61,160.8,0,13.0
2,0,41.4,10.35,144.5,0,18.0
14,5,14.5,9.86,129.2,1,10.0
15,9,34.6,8.95,110.4,1,11.0
3,2,34.5,5.11,160.4,0,10.0
20,9,25.4,5.76,128.9,2,6.0
7,5,28.4,9.28,124.2,1,13.0
7,3,41.8,8.0,141.1,1,8.0
6,1,32.4,8.66,121.0,0,13.0
10,2,40.5,7.63,114.9,1,10.0
4,1,32.4,9.62,116.9,0,10.0
9,2,26.5,8.9,116.8,1,7.0
5,4,19.4,9.36,107.5,0,4.0
2,1,31.6,5.77,105.2,0,8.0
8,1,38.4,8.41,149.4,1,8.0
14,3,17.2,10.13,143.4,1,6.0
16,5,24.6,8.63,113.5,2,7.0
8,2,25.5,9.14,147.8,1,15.0
7,1,32.4,8.0,136.2,1,11.0
16,5,33.8,8.13,123.5,2,8.0
14,2,25.8,9.68,105.5,1,12.0
17,5,33.4,7.2,136.8,2,15.0
19,4,22.8,7.08,167.3,2,13.0
17,5,28.6,7.43,130.3,2,8.0
19,6,21.9,8.03,150.0,2,13.0
9,1,30.8,6.07,129.9,1,5.0
8,1,25.6,8.88,148.4,1,6.0
7,1,37.5,7.8,127.0,1,5.0
5,3,32.4,9.02,81.9,0,9.0
15,3,30.2,5.46,115.6,1,3.0
15,6,46.1,9.03,132.6,1,10.0
17,6,35.1,9.6,151.7,2,18.0
4,2,29.1,8.53,126.9,0,11.0
10,2,27.3,8.04,130.6,1,7.0
5,0,22.6,8.0,118.3,0,8.0
18,6,31.5,9.53,161.2,2,14.0
6,0,34.5,8.63,160.0,0,12.0
3,1,16.7,8.72,116.5,0,4.0
12,5,21.1,9.99,99.7,1,9.0
18,7,27.9,8.91,93.9,2,8.0
19,4,23.2,7.04,142.1,2,6.0
2,2,32.3,9.52,132.7,0,9.0
7,2,33.5,7.85,129.9,1,9.0
4,2,31.0,8.04,135.4,0,1.0
7,4,36.4,8.13,105.4,1,3.0
11,2,27.3,9.16,145.9,1,5.0
6,1,31.6,10.1,122.4,0,12.0
2,0,24.0,8.03,108.4,0,4.0
11,3,34.3,10.08,122.7,1,8.0
2,1,32.6,8.2,122.0,0,6.0
5,0,22.4,9.68,137.3,0,14.0
1,0,30.8,8.24,153.3,0,9.0
2,0,31.7,7.41,152.3,0,14.0
9,4,32.4,10.31,133.2,1,8.0
18,2,34.5,7.29,126.3,2,14.0
16,5,26.2,7.21,118.6,2,9.0
2,1,38.1,6.49,94.6,0,7.0
1,0,36.2,9.52,129.6,0,10.0
7,2,26.2,9.8,129.9,1,6.0
14,5,22.9,8.45,154.4,1,5.0
15,6,26.8,6.82,126.0,1,3.0
17,8,20.2,7.99,144.9,2,5.0
7,0,33.7,7.64,120.3,1,13.0
4,2,41.5,6.76,116.5,0,9.0
1,0,43.4,7.41,142.1,0,17.0
3,0,23.3,8.61,135.6,0,7.0
2,2,38.3,7.27,136.4,0,14.0
18,6,32.7,8.35,128.1,2,18.0
6,1,12.8,5.87,145.8,0,2.0
17,2,29.3,10.02,142.9,2,12.0
12,6,28.5,7.53,86.5,1,3.0
11,5,41.7,9.04,124.9,1,12.0
10,5,25.0,8.23,150.3,1,7.0
17,1,36.5,8.48,109.6,2,9.0
1,0,31.1,6.64,96.2,0,13.0
2,0,20.4,7.09,127.2,0,8.0
9,2,27.6,7.11,140.4,1,7.0
8,0,44.3,8.03,120.8,1,15.0
11,2,30.6,8.0,129.9,1,8.0
15,5,39.2,8.52,166.9,1,10.0
12,5,38.8,6.92,91.5,1,6.0
6,1,28.4,8.1,122.3,0,5.0
7,1,21.7,7.9,84.4,1,12.0
16,5,32.4,7.58,143.2,2,11.0
5,4,43.6,7.98,116.4,0,11.0
11,2,33.2,8.92,120.5,1,9.0
11,0,18.1,7.14,153.0,1,4.0
16,6,38.7,7.58,129.9,2,14.0
15,8,17.7,9.18,98.4,1,6.0
10,6,25.4,8.56,84.5,1,8.0
7,0,32.7,9.53,155.4,1,11.0
8,2,32.4,9.72,150.8,1,10.0
9,0,38.5,6.37,124.1,1,10.0
5,2,28.1,8.35,104.5,0,3.0
13,5,32.2,7.39,146.7,1,6.0
5,1,39.4,6.56,185.1,0,8.0
13,2,43.4,7.05,125.3,1,9.0
16,3,30.0,8.0,105.9,2,11.0
20,7,30.3,7.65,154.8,2,16.0
3,2,25.4,7.27,107.4,0,6.0
16,8,37.3,7.98,122.7,2,20.0
2,1,40.2,10.94,77.2,0,8.0
7,2,16.5,5.93,123.9,1,5.0
4,0,28.8,9.36,104.4,0,10.0
4,0,22.3,7.98,155.2,0,11.0
4,0,33.2,7.47,110.5,0,2.0
1,0,22.1,8.0,145.6,0,7.0
17,7,21.4,8.92,127.9,2,7.0
2,1,41.0,6.27,132.5,0,4.0
8,2,30.7,8.99,140.4,1,8.0
14,6,31.5,10.09,128.9,1,4.0
20,4,35.5,6.46,117.0,2,11.0
18,4,39.8,9.4,113.8,2,9.0
3,1,28.7,8.03,140.2,0,9.0
20,3,28.8,5.49,129.9,2,14.0
14,6,28.9,6.55,163.6,1,5.0
4,1,40.7,8.21,132.6,0,13.0
9,2,31.5,8.48,123.3,1,14.0
19,7,29.7,6.1,135.3,2,7.0
8,2,35.1,8.04,118.1,1,11.0
4,1,46.7,8.99,126.4,0,11.0
18,8,32.6,9.2,107.4,2,4.0
20,1,29.8,7.5,137.5,2,11.0
20,3,47.5,8.53,128.4,2,21.0
20,8,32.4,9.29,129.9,2,13.0
18,6,41.5,9.02,159.7,2,17.0
10,1,28.0,9.07,113.9,1,12.0
4,0,27.2,8.14,127.4,0,5.0
13,3,17.3,7.89,97.0,1,6.0
5,2,39.7,8.33,141.0,0,7.0
10,4,32.6,7.08,129.7,1,2.0
14,8,17.6,9.33,130.3,1,4.0
19,5,41.6,6.16,126.9,2,20.0
6,1,29.3,7.39,118.4,0,8.0
6,4,30.3,7.96,179.9,0,6.0
15,5,19.9,8.56,130.8,1,7.0
1,0,35.9,8.79,135.9,0,7.0
12,5,36.0,9.79,107.2,1,7.0
15,6,31.6,8.09,147.7,1,9.0
12,6,28.7,7.14,129.9,1,4.0
8,2,53.0,7.83,138.9,1,14.0
17,2,22.4,7.62,148.0,2,13.0
8,3,26.2,8.62,127.9,1,10.0
15,3,37.7,6.72,116.5,1,5.0
10,1,23.9,7.79,83.4,1,10.0
1,0,23.3,9.95,122.3,0,11.0
11,7,41.1,8.22,116.4,1,6.0
1,1,36.8,6.74,107.1,0,8.0
19,5,35.9,7.59,159.1,2,18.0
13,6,33.5,5.32,149.7,1,6.0
8,1,26.5,7.93,93.4,1,11.0
10,2,30.0,8.0,133.1,1,14.0
13,3,31.4,6.58,113.7,1,3.0
6,3,38.8,6.25,137.3,0,5.0
6,1,35.4,7.22,114.0,0,6.0
9,4,24.6,9.11,119.2,1,7.0
6,0,38.3,10.05,149.3,0,16.0
16,5,18.6,8.54,146.4,2,11.0
3,0,29.4,6.46,160.2,0,8.0
17,2,22.9,7.97,129.9,2,17.0
7,1,25.1,10.15,100.9,1,12.0
12,5,32.4,7.63,148.4,1,7.0
4,3,20.2,8.17,148.5,0,4.0
8,1,25.4,8.29,142.6,1,4.0
16,5,36.1,6.14,115.1,2,9.0
6,2,28.2,9.2,108.6,0,7.0
3,1,33.2,9.02,140.7,0,7.0
11,2,43.4,8.0,112.3,1,4.0
4,1,37.2,6.4,123.8,0,9.0
7,1,28.3,6.84,188.1,1,8.0
10,4,30.9,8.9,172.6,1,6.0
12,6,36.2,7.1,145.9,1,5.0
13,5,37.1,8.48,116.8,1,6.0
14,2,32.2,7.78,129.9,1,12.0
17,4,34.9,8.09,144.3,2,14.0
2,0,34.9,8.6,159.9,0,11.0
8,5,31.3,8.33,119.8,1,8.0
1,0,27.2,7.98,120.9,0,8.0
1,1,37.9,8.39,131.8,0,9.0
5,2,34.3,8.26,102.2,0,4.0
12,4,15.4,8.0,102.8,1,4.0
18,7,25.4,7.48,106.5,2,7.0
16,5,28.2,10.26,140.9,2,16.0
13,8,30.4,7.47,135.4,1,2.0
16,6,41.6,9.64,152.7,2,14.0
4,1,57.6,7.18,95.3,0,13.0
17,6,32.4,8.97,99.7,2,5.0
18,4,34.4,10.14,139.1,2,17.0
2,0,32.6,7.59,112.6,0,9.0
10,2,30.6,8.0,114.0,1,9.0
17,6,36.3,7.48,150.3,2,10.0
10,4,32.4,7.98,118.9,1,8.0
17,5,29.1,8.39,121.3,2,15.0
19,5,32.2,7.95,125.0,2,18.0
10,4,36.5,7.5,126.2,1,5.0
2,0,35.7,10.35,143.7,0,12.0
7,1,33.5,7.76,105.8,1,14.0
5,2,27.3,7.26,126.2,0,8.0
10,2,54.6,9.0,153.2,1,11.0
12,7,34.9,9.02,172.7,1,8.0
10,5,38.1,9.69,102.9,1,4.0
4,1,27.9,8.0,136.6,0,12.0
7,1,33.5,8.42,126.2,1,11.0
14,4,33.5,7.65,129.9,1,7.0
1,0,16.7,5.72,114.2,0,3.0
5,1,26.3,6.87,145.1,0,7.0
18,4,26.1,8.25,144.1,2,18.0
2,0,27.2,6.58,180.5,0,11.0
9,2,23.4,6.1,103.6,1,2.0
5,3,32.4,8.08,95.0,0,12.0
3,1,43.2,8.93,171.1,0,15.0
9,4,33.0,7.7,129.0,1,6.0
11,4,22.5,9.08,120.9,1,3.0
4,0,23.8,8.74,133.8,0,5.0
2,1,29.0,9.38,102.1,0,10.0
3,0,20.7,10.61,137.5,0,11.0
14,5,34.4,11.14,128.4,1,15.0
18,5,42.8,8.88,151.5,2,15.0
4,1,27.4,7.45,147.1,0,9.0
7,4,32.6,8.07,148.8,1,7.0
7,1,28.6,9.89,133.8,1,15.0
8,2,27.0,6.93,162.1,1,2.0
5,1,33.5,9.74,141.5,0,15.0
2,1,26.7,7.8,119.3,0,7.0
11,1,25.5,8.27,113.8,1,16.0
8,1,19.0,7.03,116.1,1,6.0
7,2,32.5,6.41,141.8,1,10.0
6,3,40.5,7.67,103.4,0,14.0
19,7,37.7,9.56,133.1,2,16.0
13,0,43.9,7.16,113.3,1,12.0
9,3,26.6,9.94,104.9,1,11.0
5,3,38.8,7.31,108.2,0,7.0
17,3,23.2,6.72,129.5,2,12.0
18,6,37.7,8.3,145.3,2,18.0
1,0,45.2,8.81,116.5,0,12.0
19,6,36.0,8.23,88.5,2,19.0
14,2,45.3,8.18,193.1,1,9.0
2,2,27.2,9.92,152.4,0,10.0
16,3,30.9,8.11,148.6,2,9.0
3,1,24.7,7.44,162.6,0,8.0
2,0,32.3,6.64,131.8,0,10.0
3,0,34.2,9.53,127.3,0,18.0
10,2,32.2,7.49,157.1,1,13.0
13,6,28.2,7.61,157.0,1,4.0
9,3,28.1,9.26,142.3,1,13.0
3,3,32.4,10.46,147.6,0,8.0
4,0,30.7,8.3,105.2,0,9.0
18,3,22.8,7.84,124.9,2,14.0
20,8,16.8,7.99,164.1,2,10.0
16,4,27.2,7.45,146.1,2,4.0
3,0,20.9,7.57,129.9,0,9.0
17,6,25.3,7.58,119.4,2,15.0
14,6,28.6,9.09,160.8,1,11.0
11,5,30.8,7.89,139.1,1,8.0
3,0,26.7,9.63,133.6,0,15.0
20,8,49.5,7.86,134.2,2,12.0
9,5,21.9,7.56,128.3,1,2.0
1,0,41.7,9.53,119.5,0,14.0
5,1,30.7,8.03,113.3,0,8.0
9,2,26.7,7.85,150.2,1,7.0
2,1,36.7,8.04,134.8,0,7.0
7,3,28.4,9.76,144.1,1,4.0
10,2,25.5,8.37,140.9,1,6.0
19,4,46.3,9.5,158.2,2,20.0
2,1,14.4,7.72,139.1,0,8.0
12,5,30.0,9.31,146.5,1,7.0
19,8,33.5,8.29,133.3,2,13.0
17,5,43.3,9.06,129.9,2,15.0
19,7,28.8,9.16,125.5,2,11.0
4,0,53.3,6.87,141.8,0,15.0
17,7,38.1,8.09,143.6,2,10.0
20,5,13.1,9.15,159.0,2,6.0
7,0,20.4,9.34,120.8,1,7.0
10,3,33.9,9.5,134.5,1,10.0
11,1,22.8,8.13,127.4,1,6.0
10,5,36.4,9.85,162.5,1,10.0
6,1,28.4,7.21,137.5,0,11.0
20,7,22.4,6.21,137.9,2,5.0
20,9,24.3,7.67,129.3,2,5.0
8,4,38.8,9.44,125.5,1,6.0
17,4,15.8,6.7,101.0,2,8.0
8,2,40.4,6.24,104.8,1,8.0
16,2,40.6,5.94,133.6,2,11.0
12,1,29.3,8.88,129.9,1,6.0
10,2,20.8,6.26,129.9,1,5.0
3,0,36.4,8.66,148.8,0,15.0
14,2,28.1,8.0,131.9,1,8.0
7,0,19.9,7.08,123.0,1,6.0
5,3,47.3,6.8,125.8,0,7.0
4,3,24.9,8.25,134.9,0,12.0
20,7,20.2,7.1,122.4,2,4.0
3,1,34.3,7.99,151.3,0,17.0
16,3,31.5,8.48,129.8,2,15.0
18,8,43.9,8.74,135.0,2,13.0
1,1,29.0,9.12,113.7,0,11.0
12,2,29.0,8.2,151.3,1,8.0
12,2,34.7,6.74,158.8,1,12.0
8,0,33.6,8.56,129.9,1,8.0
14,7,33.8,8.79,138.0,1,6.0
9,4,34.2,7.78,127.8,1,10.0
9,5,33.3,7.65,129.9,1,6.0
9,2,28.7,10.97,139.0,1,10.0
17,3,38.7,6.45,85.3,2,7.0
13,3,29.1,8.59,145.2,1,4.0
8,4,38.4,9.26,152.2,1,13.0
19,2,43.1,7.59,154.5,2,14.0
17,2,26.6,7.8,111.1,2,12.0
19,9,51.2,7.52,129.4,2,17.0
15,6,26.3,8.0,119.2,1,5.0
8,1,26.4,9.08,91.7,1,12.0
16,3,36.3,7.76,117.6,2,15.0
7,2,35.5,11.73,108.3,1,14.0
6,1,32.6,7.46,136.7,0,5.0
10,1,38.5,8.0,97.4,1,10.0
20,9,34.0,8.65,110.4,2,10.0
12,3,48.5,8.13,119.6,1,15.0
8,0,32.4,9.76,145.4,1,12.0
10,2,25.2,8.0,185.6,1,5.0
6,2,27.6,8.51,136.1,0,7.0
14,4,35.8,8.0,109.4,1,5.0
8,2,35.9,7.48,116.4,1,6.0
12,2,33.7,7.42,143.2,1,9.0
8,4,25.2,6.84,103.1,1,3.0
7,1,40.9,6.02,151.9,1,6.0
20,3,47.5,8.47,135.5,2,15.0
7,3,32.4,7.92,127.5,1,6.0
2,0,46.5,7.64,96.3,0,13.0
8,4,38.9,8.91,148.4,1,7.0
11,2,49.7,8.54,114.8,1,16.0
2,0,35.8,7.68,133.1,0,11.0
7,1,33.1,11.66,126.9,1,14.0
4,1,38.7,9.22,98.3,0,12.0
11,6,28.5,10.93,129.9,1,9.0
15,7,35.3,7.5,105.8,1,3.0
20,6,42.6,8.3,117.0,2,14.0
8,4,38.6,6.51,138.7,1,4.0
18,4,31.8,7.6,144.0,2,15.0
5,0,33.6,7.3,129.6,0,10.0
16,3,38.1,11.59,112.3,2,15.0
12,5,37.8,7.17,117.1,1,4.0
16,2,38.0,7.72,116.7,2,11.0
16,2,34.7,6.26,87.3,2,7.0
11,2,25.4,8.64,131.5,1,5.0
6,2,26.7,6.92,96.7,0,8.0
11,2,35.7,9.1,131.5,1,7.0
17,8,38.7,5.85,100.8,2,10.0
20,7,37.6,7.85,105.9,2,10.0
19,9,26.6,5.79,143.4,2,5.0
4,0,30.8,7.41,130.5,0,7.0
12,4,22.6,7.66,92.3,1,2.0
3,4,20.9,7.28,118.8,0,4.0
14,3,32.7,7.4,135.2,1,11.0
20,4,42.9,9.17,117.6,2,16.0
2,0,32.4,8.0,123.1,0,15.0
14,3,47.3,8.41,134.9,1,11.0
19,4,30.7,6.97,130.9,2,12.0
17,4,32.2,8.08,110.2,2,15.0
8,2,24.1,7.57,130.4,1,7.0
3,0,29.2,9.07,124.3,0,15.0
19,5,22.5,8.35,164.5,2,9.0
19,2,19.6,6.11,127.9,2,8.0
12,1,22.6,9.32,129.9,1,8.0
20,9,32.7,9.16,135.2,2,9.0
1,0,26.1,9.79,123.6,0,14.0
13,1,28.0,8.0,115.6,1,10.0
1,0,35.3,8.36,129.9,0,9.0
19,5,19.6,6.58,139.4,2,12.0
14,2,32.6,7.94,171.7,1,5.0
19,5,38.8,8.48,144.8,2,13.0
12,5,39.5,7.24,145.2,1,8.0
2,0,36.1,8.41,144.4,0,13.0
1,0,31.6,8.2,116.2,0,6.0
7,1,27.0,7.46,104.8,1,8.0
15,7,31.3,9.68,109.9,1,7.0
4,1,45.2,7.72,143.8,0,10.0
18,5,34.2,8.16,158.4,2,16.0
5,1,31.1,6.24,144.7,0,7.0
10,3,36.5,8.62,126.7,1,9.0
5,0,32.4,7.43,163.5,0,16.0
10,3,33.8,9.15,129.9,1,6.0
10,3,30.0,6.43,129.9,1,7.0
1,0,28.7,8.52,135.1,0,11.0
12,6,40.0,5.38,155.8,1,5.0
16,7,16.4,8.74,113.1,2,10.0
19,5,35.8,7.79,95.9,2,17.0
7,1,28.2,8.48,130.8,1,6.0
18,6,16.8,7.28,145.4,2,11.0
18,4,24.2,6.86,70.7,2,11.0
20,6,31.7,7.48,129.9,2,5.0
8,2,32.8,8.23,102.7,1,10.0
18,4,32.4,8.69,144.5,2,12.0
12,3,38.5,8.36,90.1,1,4.0
2,0,19.6,6.88,100.5,0,10.0
6,2,35.0,10.21,142.4,0,7.0
14,5,37.8,8.4,154.3,1,8.0
4,0,33.8,7.25,129.8,0,10.0
9,3,36.0,8.51,177.9,1,10.0
16,7,32.4,8.31,109.5,2,11.0
3,0,24.1,7.79,109.3,0,10.0
10,1,42.9,7.65,124.0,1,9.0
5,2,29.8,9.18,123.0,0,14.0
11,2,49.8,10.07,135.7,1,19.0
5,1,21.8,5.56,115.1,0,6.0
20,7,44.5,9.48,141.4,2,15.0
2,1,27.1,8.02,140.9,0,9.0
20,6,38.9,8.28,162.3,2,8.0
16,3,29.6,9.62,120.2,2,15.0
18,4,32.9,4.81,136.7,2,14.0
18,7,36.8,8.98,142.1,2,13.0
4,1,27.1,9.54,129.9,0,9.0
19,5,38.4,7.17,125.8,2,13.0
12,3,29.9,6.33,129.9,1,5.0
20,7,32.4,9.97,131.7,2,14.0
18,5,10.8,5.89,141.9,2,5.0
12,3,29.3,8.5,128.8,1,6.0
8,0,32.4,9.23,114.4,1,11.0
3,2,37.6,8.48,96.4,0,13.0
3,1,39.1,8.68,139.1,0,9.0
8,3,32.4,7.68,130.7,1,5.0
17,9,45.4,8.56,157.8,2,11.0
11,4,34.3,7.15,101.0,1,3.0
10,4,26.7,7.31,120.6,1,10.0
5,0,38.8,8.0,103.6,0,11.0
12,2,39.4,6.15,150.5,1,7.0
13,1,37.0,8.69,154.8,1,13.0
20,8,28.8,5.02,168.5,2,8.0
15,2,34.3,8.44,140.4,1,8.0
13,5,43.1,8.55,129.9,1,6.0
19,8,35.8,8.0,138.7,2,12.0
9,2,20.2,6.52,141.5,1,7.0
19,4,27.0,7.51,131.0,2,14.0
8,1,26.6,8.77,142.4,1,9.0
3,0,26.0,8.41,172.8,0,11.0
9,3,15.1,6.67,134.4,1,7.0
3,1,32.4,8.13,130.5,0,10.0
3,0,25.0,8.31,134.0,0,5.0
18,3,25.6,8.26,127.0,2,10.0
16,7,16.5,6.82,134.9,2,10.0
5,2,32.4,8.19,126.3,0,9.0
17,9,31.3,9.1,152.9,2,10.0
2,0,29.2,8.64,150.9,0,6.0
6,1,29.6,8.49,173.3,0,11.0
15,2,36.7,9.97,129.5,1,7.0
7,2,28.2,8.2,135.8,1,7.0
15,4,16.1,6.99,134.9,1,3.0
18,3,21.7,6.99,134.0,2,15.0
2,0,21.3,8.0,152.6,0,8.0
1,0,34.2,6.27,97.5,0,2.0
19,4,39.4,8.0,139.2,2,10.0
11,2,43.7,8.56,169.9,1,18.0
11,2,18.9,9.41,157.3,1,8.0
10,2,37.0,6.15,155.0,1,11.0
9,4,27.1,8.12,146.8,1,6.0
14,3,55.4,7.92,118.1,1,11.0
12,6,43.1,8.05,115.0,1,7.0
4,1,45.6,8.17,115.2,0,5.0
13,8,38.4,7.96,107.2,1,7.0
14,9,35.1,9.67,148.9,1,13.0
3,1,28.8,8.0,159.4,0,14.0
8,2,27.2,10.57,138.7,1,9.0
16,5,32.4,7.99,146.1,2,9.0
13,4,36.9,7.51,135.9,1,10.0
3,2,44.5,6.84,141.4,0,9.0
1,0,29.1,7.38,87.7,0,8.0
12,6,26.2,8.86,136.3,1,10.0
10,3,20.1,9.04,121.5,1,5.0
20,5,34.0,8.81,129.2,2,16.0
11,2,32.4,7.2,134.5,1,13.0
19,7,42.2,7.21,115.7,2,11.0
5,1,43.0,10.35,108.5,0,14.0
9,3,35.3,7.0,115.1,1,10.0
3,1,32.7,9.7,101.0,0,3.0
12,0,42.3,8.49,106.9,1,9.0
4,0,23.1,7.12,109.6,0,5.0
10,3,28.5,6.58,101.3,1,3.0
7,5,45.7,8.0,140.6,1,9.0
4,1,23.4,8.5,112.0,0,10.0
2,3,31.7,6.91,92.7,0,5.0
11,3,37.1,9.87,122.0,1,15.0
19,2,32.7,8.0,107.7,2,10.0
4,0,41.2,8.84,159.2,0,11.0
9,0,44.2,8.74,132.7,1,15.0
5,3,35.8,9.95,100.6,0,12.0
17,5,43.1,7.47,141.4,2,6.0
9,3,24.6,8.13,131.7,1,3.0
20,6,30.7,6.32,125.2,2,7.0
5,1,51.2,8.12,161.5,0,15.0
2,1,47.5,9.37,110.5,0,15.0
12,5,32.4,8.26,150.7,1,4.0
14,2,31.9,10.78,121.8,1,10.0
20,9,33.1,8.62,129.6,2,14.0
18,5,35.3,7.35,115.0,2,10.0
18,8,42.2,8.55,116.3,2,15.0
13,5,46.7,6.24,121.3,1,9.0
8,2,32.3,7.04,92.0,1,5.0
9,4,41.0,6.54,136.9,1,7.0
3,1,37.2,8.02,132.3,0,10.0
9,3,31.8,7.93,100.0,1,8.0
8,0,18.4,9.45,143.2,1,10.0
1,1,40.1,7.88,159.1,0,14.0
5,2,36.8,6.8,116.7,0,4.0
11,5,32.4,9.87,114.3,1,8.0
8,4,24.1,4.47,152.3,1,6.0
20,9,47.7,8.05,138.1,2,10.0
10,3,33.2,8.26,127.3,1,7.0
20,9,22.9,7.99,146.3,2,6.0
14,3,21.6,8.0,135.5,1,7.0
1,1,37.4,8.13,158.6,0,11.0
5,4,37.7,8.6,129.7,0,10.0
15,5,28.3,7.28,138.5,1,5.0
11,3,35.7,6.25,152.0,1,3.0
7,5,37.3,7.94,81.0,1,8.0
11,3,33.1,6.77,152.7,1,9.0
19,4,26.4,7.13,119.9,2,3.0
8,2,39.7,9.39,140.0,1,12.0
1,0,38.7,9.87,163.3,0,14.0
7,2,36.5,9.37,129.9,1,8.0
19,5,25.3,9.15,120.9,2,17.0
16,9,21.4,8.07,128.9,2,7.0
17,7,32.6,9.22,101.0,2,9.0
19,9,39.4,8.0,174.0,2,15.0
3,1,40.3,10.34,129.1,0,9.0
6,2,36.7,6.9,162.9,0,19.0
2,2,28.4,8.81,123.3,0,10.0
1,1,25.6,6.48,130.7,0,4.0
17,4,32.4,8.81,148.9,2,11.0
19,6,31.9,5.94,108.0,2,11.0
4,0,40.9,6.54,127.9,0,9.0
15,2,28.2,6.46,129.9,1,7.0
11,6,28.8,8.3,125.7,1,9.0
2,1,48.4,8.43,120.3,0,10.0
19,7,44.4,10.94,152.3,2,19.0
18,4,24.9,7.89,158.0,2,3.0
12,2,43.8,8.93,161.2,1,15.0
15,2,23.0,8.19,116.5,1,6.0
8,4,28.5,8.83,118.4,1,7.0
16,5,29.4,8.17,120.6,2,14.0
9,4,31.4,9.32,144.4,1,8.0
20,7,37.0,6.74,106.1,2,9.0
2,0,32.9,5.06,107.2,0,5.0
4,0,36.9,8.5,115.7,0,7.0
20,4,28.8,5.83,129.9,2,7.0
6,1,32.4,9.57,147.7,0,14.0
7,3,32.6,7.34,146.3,1,7.0
16,9,20.9,6.75,120.4,2,9.0
4,2,35.9,11.24,126.1,0,14.0
11,8,32.8,7.98,79.2,1,9.0
6,2,26.3,7.75,120.9,0,9.0
4,2,28.6,8.9,154.9,0,5.0
20,9,32.4,8.98,119.8,2,5.0
4,3,30.0,9.37,108.1,0,9.0
2,0,46.1,6.4,157.5,0,13.0
14,6,48.7,8.64,107.7,1,8.0
18,6,10.2,7.65,160.9,2,4.0
3,0,35.9,6.89,187.8,0,14.0
15,5,39.6,8.0,127.8,1,6.0
11,5,30.3,5.83,154.9,1,5.0
17,9,39.4,9.11,96.6,2,9.0
3,0,45.2,7.65,129.9,0,4.0
20,5,21.0,7.43,114.1,2,10.0
13,3,33.1,7.83,129.9,1,9.0
17,6,47.7,7.8,130.0,2,12.0
8,3,22.1,8.0,129.9,1,9.0
19,4,31.1,6.69,104.2,2,11.0
13,3,32.4,7.54,127.5,1,7.0
3,0,40.4,7.74,117.1,0,4.0
19,4,41.5,6.72,111.6,2,7.0
16,2,33.3,8.19,109.9,2,12.0
7,2,32.3,7.13,133.8,1,10.0
11,1,18.2,6.31,115.6,1,5.0
8,2,43.4,8.0,129.9,1,8.0
11,5,29.2,9.86,94.6,1,7.0
20,9,30.9,8.06,140.1,2,5.0
18,6,39.8,7.88,134.8,2,17.0
5,3,33.6,7.85,125.4,0,10.0
20,6,40.0,7.38,133.2,2,18.0
9,3,36.8,9.4,129.9,1,9.0
15,5,33.6,8.11,101.0,1,6.0
16,6,34.5,5.39,131.3,2,6.0
10,0,23.0,9.44,103.9,1,5.0
10,4,30.8,9.14,131.8,1,10.0
10,7,40.7,8.72,124.8,1,16.0
18,5,24.8,4.69,129.9,2,7.0
8,2,26.3,8.0,147.0,1,7.0
6,0,25.0,9.07,146.4,0,14.0
8,0,33.2,8.46,151.7,1,8.0
4,0,43.2,8.25,122.1,0,13.0
8,3,32.4,9.07,144.1,1,9.0
3,1,14.6,8.17,129.9,0,5.0
2,0,37.2,9.44,122.6,0,10.0
15,3,28.5,8.19,132.3,1,11.0
2,3,36.1,8.1,127.4,0,7.0
12,5,30.8,9.07,157.9,1,8.0
16,4,25.1,7.52,146.2,2,11.0
15,9,31.4,6.68,123.3,1,4.0
9,2,28.5,8.0,121.9,1,5.0
4,2,32.4,8.71,129.9,0,11.0
19,4,24.9,9.11,129.9,2,13.0
17,4,23.0,9.12,136.3,2,15.0
13,5,37.9,7.92,143.2,1,7.0
2,1,40.9,7.79,156.1,0,12.0
1,0,36.6,7.29,129.9,0,16.0
7,1,26.8,8.3,131.7,1,6.0
4,0,26.1,6.03,139.7,0,8.0
18,9,26.5,8.03,121.4,2,8.0
5,0,39.1,11.42,164.0,0,12.0
6,1,25.4,6.2,129.9,0,6.0
20,9,39.1,8.19,131.2,2,9.0
17,2,37.1,8.45,168.3,2,16.0
5,2,41.9,8.0,92.8,0,6.0
8,3,40.5,6.84,134.3,1,10.0
11,3,36.3,8.62,116.8,1,12.0
14,3,20.3,7.36,130.0,1,4.0
19,9,36.9,6.29,105.9,2,13.0
18,5,32.9,9.14,122.6,2,15.0
20,7,29.0,8.8,130.5,2,9.0
1,0,42.9,6.84,129.9,0,5.0
5,2,30.8,7.35,147.9,0,11.0
12,0,27.8,7.3,83.5,1,6.0
1,0,41.0,6.03,127.5,0,12.0
8,0,28.8,8.91,126.5,1,8.0
4,2,27.4,8.96,129.9,0,7.0
19,6,23.0,7.6,130.6,2,13.0
2,0,25.4,7.97,113.4,0,7.0
3,1,26.1,8.14,99.1,0,4.0
4,1,37.0,8.29,134.3,0,11.0
3,0,23.8,6.38,110.1,0,6.0
12,7,17.1,8.59,138.1,1,4.0
8,2,34.4,6.59,111.3,1,6.0
19,9,26.9,8.0,143.9,2,11.0
6,3,31.9,6.72,128.9,0,2.0
11,1,42.3,6.44,130.3,1,16.0
14,3,32.6,7.97,125.1,1,12.0
13,6,44.1,7.94,121.9,1,12.0
16,3,32.4,8.12,125.3,2,13.0
5,2,40.1,6.93,153.6,0,14.0
11,7,27.6,8.24,99.3,1,3.0
17,3,32.9,8.0,117.0,2,10.0
18,2,24.5,9.4,151.1,2,13.0
13,4,25.5,8.22,146.4,1,13.0
14,6,30.2,7.28,156.9,1,5.0
18,7,21.4,6.38,129.9,2,1.0
13,3,33.3,6.16,103.6,1,6.0
19,3,29.6,8.39,107.8,2,15.0
3,1,33.9,8.95,124.0,0,13.0
7,3,21.5,8.0,129.9,1,5.0
3,1,37.6,8.31,124.9,0,12.0
2,1,45.6,8.0,123.4,0,11.0
10,6,43.9,8.86,137.9,1,11.0
5,1,32.4,9.04,130.6,0,15.0
9,7,32.3,5.28,129.9,1,2.0
9,3,29.2,9.24,110.0,1,15.0
13,4,35.9,8.3,148.9,1,8.0
19,9,30.1,7.36,151.0,2,8.0
17,5,18.1,7.4,108.8,2,11.0
8,3,38.6,8.04,121.9,1,9.0
7,3,30.1,7.4,143.3,1,5.0
16,7,20.3,6.88,107.2,2,8.0
3,2,27.9,7.15,137.3,0,9.0
11,2,30.3,6.75,123.5,1,3.0
9,1,32.1,9.62,105.7,1,14.0
4,2,32.2,8.07,165.5,0,3.0
13,5,32.4,10.7,123.2,1,10.0
7,1,21.7,8.45,140.5,1,12.0
4,1,30.8,8.71,107.6,0,9.0
14,3,25.0,6.73,161.0,1,10.0
4,2,42.0,7.74,168.9,0,17.0
14,8,27.5,8.09,100.0,1,6.0
4,1,29.2,7.24,126.7,0,8.0
9,4,40.4,7.44,156.6,1,14.0
17,6,42.6,8.0,120.6,2,17.0
5,3,43.8,8.53,138.2,0,9.0
16,1,18.9,6.4,96.4,2,10.0
15,1,35.9,8.34,114.2,1,8.0
19,6,34.2,8.66,136.1,2,10.0
4,1,31.6,7.29,118.2,0,6.0
15,3,32.5,7.17,122.8,1,7.0
19,7,42.3,8.53,99.7,2,9.0
16,5,40.3,4.91,143.1,2,8.0
4,1,39.2,8.0,103.2,0,6.0
17,9,33.7,9.96,160.8,2,12.0
3,2,50.2,4.88,116.3,0,7.0
12,2,28.8,8.0,146.0,1,14.0
10,5,19.1,8.65,144.0,1,5.0
11,4,29.9,6.27,129.9,1,5.0
11,2,32.5,8.62,118.5,1,8.0
1,0,42.4,8.0,120.9,0,9.0
11,2,27.9,6.59,122.2,1,9.0
19,6,35.9,7.15,104.0,2,12.0
9,1,20.2,8.03,129.9,1,6.0
6,3,40.7,9.17,116.2,0,14.0
20,9,32.5,7.35,127.7,2,9.0
2,1,29.8,7.95,150.1,0,13.0
10,3,49.1,7.2,141.4,1,8.0
11,2,40.6,8.03,117.6,1,9.0
10,3,23.7,9.26,129.9,1,4.0
19,3,31.1,8.13,143.3,2,13.0
9,1,53.9,7.57,129.9,1,18.0
20,6,47.8,8.0,119.7,2,14.0
2,1,39.4,7.04,150.0,0,12.0
15,6,17.2,8.0,145.6,1,1.0
12,5,42.7,9.44,99.9,1,17.0
5,1,26.9,9.97,109.9,0,5.0
5,1,42.6,5.85,143.9,0,11.0
15,2,26.2,8.7,106.5,1,7.0
13,2,35.9,9.03,146.1,1,17.0
13,3,26.9,6.55,168.7,1,13.0
2,1,29.1,7.43,137.5,0,6.0
12,5,37.0,7.31,111.5,1,4.0
20,5,21.4,10.28,133.5,2,17.0
1,0,51.0,9.98,150.7,0,17.0
10,2,23.8,6.89,132.0,1,7.0
10,5,23.3,6.25,139.7,1,3.0
18,6,37.0,8.93,114.0,2,8.0
6,1,42.3,8.65,115.5,0,11.0
10,3,29.4,9.49,148.1,1,12.0
15,7,23.4,6.73,115.8,1,3.0
2,1,24.6,8.87,78.3,0,10.0
17,1,23.8,7.12,123.9,2,15.0
17,5,34.5,8.75,136.3,2,19.0
15,5,31.4,7.96,151.2,1,10.0
13,3,35.4,10.28,162.9,1,12.0
15,5,34.9,8.54,131.7,1,11.0
16,3,38.6,7.62,129.9,2,16.0
19,6,28.7,8.17,132.4,2,9.0
9,3,26.1,7.88,129.9,1,8.0
10,1,33.3,6.61,126.3,1,10.0
13,5,31.6,8.0,137.7,1,11.0
4,2,32.4,9.92,115.4,0,7.0
18,8,26.3,7.79,169.6,2,13.0
16,4,37.1,8.84,82.2,2,15.0
13,1,22.6,10.46,141.4,1,12.0
7,4,28.5,9.48,136.4,1,12.0
7,6,41.0,7.63,137.4,1,7.0
9,5,32.4,7.89,106.3,1,7.0
14,9,40.4,5.94,96.4,1,2.0
16,5,20.7,8.93,142.1,2,8.0
14,3,19.3,9.49,156.8,1,10.0
19,6,20.0,9.5,134.4,2,9.0
20,7,32.9,8.84,146.1,2,15.0
15,2,37.8,8.42,120.8,1,15.0
8,6,42.3,6.8,136.6,1,5.0
12,5,41.7,8.38,154.5,1,8.0
9,2,38.9,7.24,123.7,1,6.0
13,2,25.3,8.63,153.7,1,11.0
17,7,25.3,7.08,97.3,2,8.0
8,5,38.3,8.62,117.7,1,8.0
11,6,43.4,9.59,140.9,1,15.0
1,0,23.8,8.45,168.1,0,11.0
15,7,42.4,8.39,130.3,1,13.0
10,1,16.6,9.1,109.3,1,3.0
10,4,35.1,10.12,167.6,1,7.0
11,3,31.2,7.87,127.5,1,8.0
5,1,30.4,8.63,143.3,0,2.0
12,4,32.3,8.0,123.3,1,15.0
15,5,25.2,8.8,132.8,1,10.0
7,6,35.6,5.6,118.8,1,5.0
3,1,32.5,7.14,175.2,0,13.0
8,1,39.5,8.9,153.8,1,12.0
4,1,44.7,7.52,165.4,0,5.0
8,2,33.0,9.73,114.2,1,8.0
13,5,25.5,10.23,129.9,1,10.0
3,1,22.9,8.0,124.1,0,8.0
15,5,45.6,8.0,180.3,1,11.0
5,2,44.6,7.57,129.9,0,12.0
18,5,39.1,7.5,151.0,2,16.0
15,4,32.5,9.84,109.5,1,7.0
6,2,38.5,6.76,113.4,0,5.0
12,2,42.4,8.89,128.4,1,6.0
3,1,27.1,9.67,172.2,0,19.0
2,0,32.2,8.98,129.9,0,14.0
20,7,23.2,8.52,88.9,2,10.0
17,5,31.0,7.81,143.3,2,10.0
4,0,44.4,10.22,107.0,0,9.0
6,2,40.6,7.71,116.4,0,9.0
4,1,33.1,9.14,140.2,0,13.0
8,2,10.5,7.81,158.0,1,2.0
6,3,26.8,5.79,157.0,0,4.0
7,1,32.8,7.68,136.6,1,5.0
11,2,30.3,7.81,136.9,1,11.0
4,1,32.3,7.83,156.9,0,15.0
18,6,33.9,7.21,98.5,2,10.0
15,3,27.7,8.75,166.5,1,7.0
16,6,31.9,8.88,129.9,2,19.0
4,0,32.4,8.0,135.2,0,4.0
15,4,26.4,7.62,120.1,1,6.0
17,7,46.8,6.74,106.9,2,12.0
4,2,28.2,8.31,139.2,0,14.0
16,3,14.0,9.65,129.9,2,11.0
8,2,46.3,9.65,127.9,1,13.0
16,6,25.2,7.28,126.9,2,10.0
10,5,39.2,10.39,160.5,1,12.0
17,7,26.6,7.57,173.9,2,7.0
3,4,36.6,6.78,155.1,0,10.0
8,1,31.6,6.37,135.5,1,3.0
6,1,40.0,6.71,97.3,0,6.0
5,1,30.3,8.4,129.9,0,12.0
7,1,26.8,7.69,143.4,1,6.0
8,2,34.1,8.0,145.4,1,6.0
3,0,28.9,8.0,107.2,0,7.0
15,4,16.6,6.7,147.0,1,3.0
12,0,27.2,6.93,161.2,1,5.0
17,2,55.0,9.22,110.3,2,18.0
15,3,17.4,10.16,143.7,1,15.0
3,2,33.9,10.24,113.8,0,12.0
2,0,30.1,8.82,127.9,0,15.0
9,4,46.7,7.41,111.0,1,8.0
10,3,23.1,7.2,123.0,1,4.0
5,1,32.8,8.91,129.9,0,9.0
16,5,37.5,7.7,138.2,2,21.0
12,2,30.6,8.49,147.8,1,12.0
15,3,25.9,10.32,154.3,1,13.0
3,0,31.8,8.26,117.0,0,15.0
17,7,29.5,10.73,137.2,2,11.0
5,2,29.5,6.65,108.0,0,9.0
9,4,39.4,8.54,127.8,1,8.0
9,1,35.2,8.38,129.9,1,11.0
17,5,36.4,6.82,111.5,2,10.0
6,1,34.6,8.96,141.2,0,14.0
5,1,39.7,9.84,126.9,0,13.0
7,2,42.4,10.64,133.1,1,8.0
8,2,29.7,8.49,154.5,1,12.0
4,1,38.6,5.72,121.4,0,4.0
4,2,21.6,8.57,147.0,0,11.0
5,2,14.0,8.89,129.9,0,4.0
10,4,46.6,7.72,157.6,1,11.0
7,1,29.3,8.26,126.2,1,6.0
8,3,34.0,7.42,110.5,1,10.0
15,1,22.2,7.84,115.8,1,6.0
5,1,21.8,9.22,98.3,0,16.0
19,9,26.3,9.67,143.7,2,12.0
16,5,37.1,6.48,145.0,2,11.0
4,1,27.9,7.39,132.3,0,12.0
7,2,29.3,6.09,102.5,1,1.0
4,0,26.0,10.21,122.7,0,14.0
6,2,41.3,9.04,157.6,0,7.0
8,2,38.9,5.6,142.2,1,11.0
3,1,28.1,7.92,145.7,0,15.0
1,0,37.5,7.66,196.2,0,11.0
9,3,30.0,7.09,136.6,1,6.0
15,6,29.3,9.24,86.8,1,12.0
7,1,31.6,9.22,108.0,1,12.0
18,5,37.1,8.32,136.1,2,18.0
8,5,24.9,7.23,129.9,1,4.0
19,3,36.0,7.24,126.6,2,14.0
5,1,52.0,8.05,126.9,0,12.0
11,1,33.5,7.45,114.3,1,9.0
16,4,32.3,7.99,137.5,2,15.0
2,2,31.3,8.67,157.9,0,11.0
19,8,35.8,6.16,164.6,2,14.0
8,4,19.1,7.09,164.1,1,2.0
10,4,45.6,7.96,110.9,1,5.0
13,3,39.8,9.88,129.9,1,16.0
13,6,26.8,9.01,123.7,1,7.0
1,1,32.3,8.0,141.8,0,5.0
18,3,27.5,8.48,128.3,2,13.0
13,2,34.4,7.88,125.5,1,9.0
20,7,32.5,9.29,159.1,2,16.0
10,1,33.8,8.52,132.0,1,8.0
13,2,23.8,9.53,132.5,1,7.0
9,2,28.1,6.37,138.3,1,6.0
18,6,32.4,7.03,143.5,2,11.0
17,5,27.7,8.33,143.6,2,6.0
19,8,10.9,8.59,161.0,2,6.0
11,1,30.8,10.88,104.3,1,7.0
16,5,51.3,5.83,136.5,2,9.0
8,3,38.8,7.96,128.0,1,9.0
10,2,27.3,7.91,124.0,1,5.0
16,8,31.6,8.29,145.2,2,10.0
2,2,37.4,10.08,155.9,0,16.0
15,2,17.9,9.05,118.2,1,6.0
1,1,25.2,6.08,163.7,0,5.0
12,4,32.4,9.84,101.4,1,11.0
10,5,44.8,9.81,141.8,1,12.0
10,5,28.5,8.32,112.2,1,4.0
10,2,44.5,6.06,117.2,1,14.0
10,7,26.0,7.82,129.9,1,3.0
9,0,10.0,8.56,122.0,1,3.0
10,3,38.0,9.2,72.7,1,7.0
12,3,36.3,5.88,142.2,1,4.0
16,3,37.9,7.08,145.6,2,14.0
12,4,37.6,9.32,126.8,1,4.0
13,3,33.5,9.8,125.2,1,11.0
17,0,29.9,8.52,122.5,2,12.0
20,4,30.2,9.38,95.8,2,8.0
3,0,28.3,8.0,93.7,0,10.0
15,5,28.8,9.16,146.1,1,11.0
5,2,17.5,8.17,151.3,0,9.0
4,1,32.4,8.58,141.9,0,12.0
16,4,30.7,6.53,137.6,2,10.0
2,1,14.1,8.87,145.7,0,11.0
17,5,15.9,6.5,144.3,2,9.0
16,3,29.3,8.87,114.3,2,16.0
20,8,31.0,7.47,134.4,2,13.0
14,5,29.5,8.44,124.1,1,3.0
18,2,13.0,8.0,124.3,2,8.0
3,1,44.4,7.4,152.8,0,14.0
18,8,20.5,8.44,161.5,2,8.0
4,1,25.5,8.91,83.1,0,12.0
7,7,21.9,9.31,124.9,1,3.0
3,3,42.4,6.62,123.9,0,3.0
9,2,35.4,6.2,153.2,1,6.0
15,3,28.2,6.83,101.0,1,9.0
6,1,27.7,6.72,70.2,0,8.0
17,4,33.4,9.88,146.4,2,12.0
13,4,22.0,9.61,149.3,1,11.0
13,3,35.0,6.8,94.3,1,5.0
19,6,27.6,10.05,127.5,2,11.0
9,3,36.2,9.54,160.6,1,12.0
7,2,35.9,6.04,108.4,1,5.0
20,3,27.3,6.76,132.0,2,14.0
12,5,15.6,6.01,140.2,1,3.0
13,5,30.0,7.9,101.4,1,5.0
6,3,20.4,8.02,118.7,0,7.0
5,1,32.6,8.02,96.2,0,11.0
4,3,29.9,5.57,126.7,0,6.0
5,0,27.3,6.29,114.2,0,8.0
4,3,21.6,8.31,134.2,0,9.0
15,6,41.5,8.75,142.7,1,8.0
2,0,28.4,5.58,157.8,0,3.0
13,4,50.8,6.46,176.6,1,9.0
19,5,32.3,9.23,134.2,2,15.0
16,3,34.8,6.53,123.7,2,11.0
9,3,32.3,7.98,122.5,1,11.0
2,0,34.7,6.42,110.7,0,10.0
17,1,40.7,9.0,139.0,2,21.0
1,1,40.8,8.0,120.1,0,6.0
14,2,17.9,7.63,140.4,1,10.0
14,4,38.8,8.0,111.3,1,9.0
4,2,36.0,8.73,120.7,0,10.0
15,2,32.4,7.44,138.6,1,5.0
4,0,45.7,8.0,127.5,0,13.0
5,1,46.0,7.72,91.6,0,11.0
17,8,39.2,6.45,129.7,2,10.0
20,3,27.7,7.88,114.0,2,13.0
6,3,22.5,8.0,153.6,0,11.0
19,5,38.0,7.5,149.4,2,14.0
19,5,42.9,9.2,129.9,2,19.0
16,3,15.8,6.72,146.0,2,4.0
3,2,40.7,5.95,137.8,0,9.0
6,2,30.0,7.37,100.3,0,5.0
14,5,17.5,8.15,129.9,1,5.0
20,5,35.8,7.87,104.4,2,5.0
17,8,39.3,7.82,152.9,2,5.0
9,1,29.2,6.65,117.1,1,14.0
5,3,23.5,6.82,99.6,0,4.0
20,9,45.7,7.41,172.4,2,16.0
6,2,26.7,7.32,99.1,0,4.0
7,1,41.3,9.32,113.9,1,12.0
20,9,19.9,8.32,117.8,2,8.0
12,1,35.3,7.36,120.9,1,9.0
6,1,35.1,9.31,144.0,0,7.0
1,1,39.0,8.54,131.2,0,11.0
9,2,43.9,6.37,150.1,1,7.0
20,8,25.5,4.11,137.4,2,6.0
9,1,36.2,6.41,96.5,1,3.0
14,5,21.1,8.71,129.9,1,7.0
6,0,21.0,9.07,134.7,0,16.0
16,6,27.4,6.01,117.5,2,8.0
16,4,35.3,8.0,171.5,2,11.0
13,2,32.4,8.74,142.2,1,10.0
16,7,46.9,9.67,148.8,2,21.0
12,3,29.2,9.14,149.5,1,11.0
8,2,34.4,9.62,121.6,1,9.0
15,6,39.5,8.59,142.7,1,14.0
17,3,38.1,8.55,129.9,2,16.0
17,4,30.6,7.6,118.9,2,16.0
5,1,32.6,8.98,105.6,0,12.0
14,5,31.1,6.4,130.5,1,5.0
1,1,30.3,7.83,141.7,0,10.0
12,5,29.3,8.65,129.9,1,14.0
12,2,31.0,9.69,126.4,1,12.0
8,4,28.8,7.43,130.5,1,8.0
20,4,22.9,9.16,124.3,2,16.0
18,3,38.9,7.76,161.0,2,16.0
1,0,36.1,9.18,135.4,0,11.0
5,2,47.0,7.04,120.3,0,9.0
5,1,35.0,8.0,93.8,0,11.0
18,7,28.7,7.89,126.1,2,10.0
11,3,27.0,6.58,118.5,1,7.0
15,1,32.4,8.0,117.7,1,9.0
17,8,36.4,9.59,148.9,2,11.0
16,2,30.0,6.78,131.6,2,13.0
2,1,20.2,6.22,129.9,0,8.0
3,1,26.1,8.48,142.4,0,10.0
8,9,32.1,5.99,98.4,1,7.0
7,0,37.9,9.88,143.9,1,16.0
15,4,32.4,9.85,120.5,1,10.0
4,1,34.1,9.25,131.7,0,10.0
8,2,33.8,7.99,129.5,1,10.0
5,1,28.4,10.0,127.0,0,13.0
4,1,27.3,8.0,134.2,0,11.0
4,1,26.1,7.36,131.6,0,11.0
4,2,33.1,9.73,167.4,0,7.0
12,9,41.0,6.91,134.5,1,5.0
9,4,41.6,7.76,134.9,1,7.0
9,2,23.0,5.85,115.8,1,3.0
10,0,30.5,8.18,137.6,1,11.0
15,5,14.5,7.65,109.5,1,7.0
18,2,32.9,7.46,153.0,2,12.0
11,5,36.8,7.8,100.3,1,4.0
13,1,44.6,7.3,113.1,1,11.0
15,4,17.7,8.05,97.4,1,7.0
14,2,23.3,9.54,138.4,1,14.0
3,0,33.2,6.73,121.5,0,7.0
20,6,19.1,9.04,143.7,2,11.0
4,1,33.4,8.26,110.5,0,7.0
9,5,37.0,8.45,140.6,1,5.0
14,3,21.7,7.96,141.6,1,10.0
9,4,33.1,7.14,134.2,1,5.0
5,1,22.3,8.53,130.6,0,6.0
19,7,43.0,8.62,132.7,2,12.0
2,1,33.7,7.04,111.8,0,4.0
5,0,32.4,8.0,129.9,0,9.0
20,7,22.1,8.1,140.9,2,8.0
15,4,35.1,8.91,122.6,1,9.0
2,0,42.9,9.21,139.1,0,12.0
16,2,25.8,9.44,161.0,2,14.0
20,5,28.5,8.45,120.9,2,12.0
2,3,26.0,7.68,118.0,0,5.0
9,2,44.4,8.0,123.5,1,8.0
10,1,16.7,6.51,130.8,1,7.0
3,2,42.3,7.18,142.3,0,14.0
5,2,29.0,7.94,129.4,0,13.0
4,1,31.4,7.68,171.6,0,9.0
4,4,29.3,8.11,138.4,0,7.0
9,4,33.9,6.35,145.6,1,9.0
10,0,26.2,8.0,129.3,1,5.0
5,0,40.5,8.93,150.2,0,12.0
6,3,40.8,7.0,125.9,0,18.0
4,0,32.4,8.0,117.1,0,7.0
16,5,37.3,8.11,148.1,2,19.0
5,1,29.1,6.88,128.9,0,8.0
19,6,32.4,9.33,134.9,2,12.0
11,3,44.2,6.49,149.6,1,7.0
17,3,26.6,8.0,132.8,2,13.0
13,6,39.4,7.1,127.0,1,4.0
6,3,35.7,8.19,119.3,0,7.0
13,5,30.4,7.4,151.2,1,7.0
6,1,34.9,7.97,123.2,0,12.0
3,2,34.0,9.47,129.0,0,10.0
6,2,22.7,7.18,135.7,0,7.0
6,4,27.1,7.17,135.7,0,5.0
3,0,23.6,7.62,150.3,0,14.0
1,0,29.8,9.77,128.6,0,9.0
19,4,42.8,7.89,129.9,2,15.0
11,2,36.6,9.48,125.0,1,13.0
9,1,20.5,7.79,137.4,1,10.0
19,4,29.8,9.43,126.3,2,14.0
5,2,33.9,8.0,171.9,0,8.0
9,3,38.0,8.0,123.0,1,12.0
17,7,26.8,6.28,124.8,2,2.0
13,3,22.1,6.1,132.3,1,5.0
8,4,31.5,9.28,124.7,1,7.0
6,2,36.6,9.27,136.3,0,21.0
1,0,33.9,10.91,154.6,0,11.0
2,0,24.9,6.22,132.9,0,7.0
4,1,46.0,8.58,133.7,0,10.0
16,4,31.2,6.77,125.4,2,10.0
13,3,33.5,7.11,119.9,1,5.0
9,5,26.7,7.4,131.9,1,5.0
16,9,40.9,8.46,130.2,2,8.0
4,1,36.6,7.2,153.5,0,8.0
5,2,34.5,8.04,110.8,0,6.0
8,1,22.8,9.0,159.1,1,7.0
19,4,40.8,9.35,127.1,2,14.0
13,6,38.1,8.83,133.0,1,13.0
18,6,40.1,8.54,108.7,2,20.0
5,1,32.3,7.83,141.2,0,5.0
17,4,31.4,7.32,110.8,2,10.0
2,0,30.5,8.65,137.5,0,11.0
5,2,32.4,6.74,135.5,0,11.0
11,5,27.7,8.14,123.5,1,2.0
2,0,22.5,6.71,88.7,0,7.0
18,4,29.0,7.95,173.2,2,14.0
18,8,27.7,6.74,108.9,2,7.0
11,2,42.1,7.52,135.5,1,8.0
7,2,21.2,7.19,115.4,1,12.0
2,1,27.5,7.04,151.0,0,9.0
13,3,33.5,7.9,122.4,1,12.0
11,6,42.1,5.09,115.0,1,1.0
16,6,37.7,5.84,141.9,2,8.0
13,5,45.0,8.96,104.6,1,9.0
3,1,34.8,8.18,121.7,0,5.0
3,0,30.4,7.13,129.9,0,9.0
16,8,38.8,8.0,160.1,2,12.0
4,3,21.1,7.23,110.8,0,7.0
19,4,18.3,7.3,117.8,2,12.0
3,0,39.8,7.06,137.0,0,7.0
15,6,33.7,10.29,90.1,1,13.0
20,7,39.7,8.28,157.2,2,14.0
9,2,25.2,8.23,110.0,1,3.0
2,0,42.3,8.56,121.3,0,11.0
18,5,37.4,5.78,135.2,2,12.0
4,4,31.8,7.29,131.0,0,8.0
11,2,33.7,8.55,129.9,1,9.0
20,6,34.8,8.0,164.4,2,15.0
15,7,25.1,10.65,78.5,1,8.0
1,1,28.9,7.36,107.6,0,8.0
17,9,34.6,9.13,117.3,2,10.0
4,0,28.6,8.97,111.0,0,7.0
15,3,20.2,8.17,154.4,1,6.0
13,6,34.4,8.39,96.8,1,9.0
6,3,38.7,7.65,161.1,0,5.0
9,2,40.5,5.63,124.4,1,4.0
3,0,36.3,8.42,102.8,0,16.0
20,5,38.5,8.51,88.0,2,18.0
5,2,39.9,8.7,125.7,0,10.0
7,2,32.6,8.08,116.0,1,5.0
11,1,15.0,9.16,134.7,1,4.0
14,2,41.3,6.96,129.9,1,8.0
11,1,24.9,9.76,149.1,1,13.0
11,4,23.0,6.81,127.2,1,6.0
12,3,23.2,7.87,121.5,1,5.0
18,7,51.9,8.82,149.5,2,16.0
8,2,35.5,7.38,134.6,1,13.0
17,6,23.7,8.9,129.9,2,10.0
16,2,26.5,7.59,153.0,2,18.0
20,6,32.0,8.14,124.1,2,15.0
19,6,36.3,7.78,130.8,2,11.0
16,3,34.2,7.31,146.9,2,16.0
5,1,24.6,10.7,81.0,0,12.0
16,3,34.5,8.0,128.0,2,9.0
15,5,27.1,5.26,125.5,1,3.0
6,3,40.4,7.04,137.5,0,7.0
14,3,32.5,8.16,114.0,1,10.0
6,3,25.9,7.55,129.9,0,9.0
11,1,37.5,9.22,115.2,1,12.0
16,4,35.1,9.18,120.8,2,14.0
4,2,28.2,7.62,116.7,0,14.0
7,0,37.8,5.98,154.6,1,6.0
16,9,37.0,6.46,88.3,2,6.0
10,0,41.6,7.96,165.7,1,10.0
20,4,37.7,6.12,159.5,2,13.0
1,0,30.3,7.56,118.7,0,4.0
15,1,18.5,9.71,150.5,1,8.0
17,5,33.5,8.41,132.6,2,10.0
19,8,34.7,8.05,163.1,2,9.0
4,2,32.4,6.75,149.0,0,7.0
20,6,10.0,8.22,173.9,2,6.0
8,2,37.4,7.69,98.8,1,11.0
8,3,24.7,8.29,133.8,1,6.0
8,1,37.5,8.87,95.5,1,7.0
13,5,45.6,9.08,119.6,1,10.0
14,7,30.0,8.15,175.0,1,11.0
10,4,32.4,8.61,129.9,1,10.0
2,1,32.3,7.39,149.7,0,11.0
20,7,36.2,9.36,140.3,2,15.0
5,0,32.8,6.94,139.0,0,9.0
2,0,27.9,7.75,119.6,0,9.0
12,3,24.8,9.48,115.8,1,11.0
9,1,44.7,7.42,119.0,1,9.0
13,4,35.5,6.39,75.4,1,8.0
18,5,38.6,7.51,128.4,2,15.0
2,0,35.2,9.67,134.8,0,12.0
6,1,39.8,5.28,117.6,0,7.0
11,3,24.8,8.12,127.4,1,7.0
16,5,32.7,7.24,140.5,2,12.0
13,5,36.0,7.8,147.7,1,9.0
8,7,42.3,7.58,106.0,1,4.0
13,4,53.4,9.15,114.1,1,5.0
20,8,35.3,8.06,145.1,2,20.0
10,4,32.4,9.21,141.8,1,9.0
18,5,22.4,9.54,156.9,2,10.0
16,6,24.8,8.0,156.1,2,7.0
7,4,32.4,7.57,129.9,1,7.0
5,0,10.0,8.45,124.1,0,7.0
16,2,26.6,8.68,161.6,2,13.0
5,0,37.7,6.62,111.6,0,5.0
7,2,32.6,8.28,177.9,1,16.0
5,0,29.9,7.7,139.1,0,14.0
13,5,19.0,7.5,140.8,1,4.0
6,3,40.4,7.17,149.8,0,10.0
14,4,36.1,7.25,102.9,1,4.0
19,4,31.9,9.51,108.5,2,17.0
17,9,14.4,7.56,132.3,2,7.0
19,4,28.1,9.37,136.9,2,15.0
1,0,35.5,8.16,171.7,0,10.0
10,1,31.8,6.64,111.0,1,6.0
5,2,33.5,8.23,129.9,0,9.0
19,7,37.5,6.57,124.7,2,11.0
15,6,33.2,8.73,124.4,1,9.0
7,1,37.2,7.75,126.7,1,12.0
12,4,25.3,9.03,123.9,1,10.0
13,5,22.2,9.72,139.7,1,9.0
10,4,35.8,5.92,122.1,1,8.0
10,4,37.5,7.45,101.8,1,5.0
2,2,36.2,6.55,124.6,0,4.0
10,3,33.1,10.59,139.1,1,11.0
7,1,29.4,7.47,102.0,1,8.0
17,3,33.7,6.42,141.6,2,9.0
18,6,35.0,10.69,153.6,2,14.0
16,4,32.4,7.13,159.6,2,10.0
1,0,52.9,6.05,136.8,0,15.0
17,6,24.6,6.61,93.9,2,7.0
8,3,32.4,8.17,143.0,1,11.0
9,4,21.9,8.0,149.3,1,6.0
19,6,35.1,7.0,116.1,2,11.0
18,0,22.4,7.42,128.5,2,14.0
2,0,34.4,8.06,139.7,0,10.0
8,3,39.9,9.59,165.7,1,8.0
15,5,32.3,8.4,124.9,1,5.0
11,2,39.8,7.32,147.8,1,9.0
6,3,28.6,7.73,136.3,0,6.0
11,3,15.6,8.92,134.0,1,9.0
18,8,37.0,10.02,156.6,2,13.0
5,5,32.2,6.67,113.4,0,9.0
15,3,28.2,9.34,134.6,1,8.0
15,8,28.7,7.62,130.5,1,4.0
18,6,35.3,6.05,129.9,2,14.0
6,0,25.5,8.0,154.7,0,6.0
5,4,35.0,8.0,129.9,0,10.0
11,1,41.5,9.74,130.7,1,6.0
11,2,48.5,7.32,124.8,1,13.0
9,4,43.2,7.75,130.0,1,5.0
16,3,33.3,5.86,144.1,2,12.0
16,5,34.1,8.91,131.1,2,12.0
5,0,28.8,7.97,116.6,0,16.0
16,6,28.3,6.14,119.7,2,10.0
5,0,39.0,8.25,129.8,0,14.0
9,4,29.5,6.33,111.3,1,5.0
1,1,34.9,8.67,136.7,0,16.0
7,3,24.3,6.7,129.9,1,9.0
20,3,43.0,8.4,110.9,2,10.0
9,5,29.4,7.22,193.9,1,9.0
15,6,40.7,5.16,168.8,1,6.0
3,1,26.4,9.2,132.9,0,7.0
13,2,25.9,9.26,147.0,1,14.0
8,2,42.6,7.37,150.4,1,14.0
15,2,27.0,8.33,128.5,1,5.0
19,5,19.5,8.53,135.7,2,10.0
11,5,23.7,8.56,124.8,1,4.0
3,2,38.9,10.07,129.9,0,11.0
10,2,38.1,8.5,155.4,1,7.0
3,0,25.9,7.57,161.2,0,5.0
9,2,26.9,8.51,135.3,1,9.0
2,0,37.4,7.48,173.4,0,11.0
13,3,42.5,6.72,128.5,1,12.0
7,3,31.4,9.46,170.9,1,12.0
5,1,36.4,8.64,120.7,0,9.0
1,2,39.0,5.77,104.1,0,7.0
18,5,49.2,7.18,170.6,2,13.0
17,8,22.8,8.91,143.2,2,7.0
17,6,26.7,6.12,140.4,2,7.0
2,0,27.9,7.1,122.8,0,9.0
7,3,38.6,11.19,113.1,1,16.0
20,7,30.0,7.6,115.0,2,8.0
12,5,34.5,9.3,132.8,1,10.0
3,1,32.4,9.8,127.0,0,7.0
3,0,32.0,6.91,91.2,0,7.0
6,1,32.9,8.32,163.9,0,11.0
20,6,40.2,10.47,121.6,2,16.0
4,0,24.2,8.55,154.8,0,12.0
19,3,30.8,10.84,115.9,2,12.0
14,5,32.4,7.24,133.1,1,5.0
19,9,33.8,10.16,149.4,2,18.0
17,6,30.4,8.02,146.7,2,15.0
7,2,40.6,7.61,124.6,1,5.0
17,5,32.4,8.77,140.2,2,9.0
4,3,28.4,7.87,143.5,0,6.0
6,3,30.0,7.9,127.0,0,5.0
5,2,45.8,8.58,107.7,0,12.0
3,1,19.4,8.0,117.5,0,5.0
2,0,27.0,7.04,122.4,0,4.0
4,2,32.3,8.87,130.5,0,12.0
3,0,26.9,9.19,161.8,0,10.0
8,2,32.4,8.43,148.1,1,13.0
2,0,31.5,8.33,113.7,0,10.0
2,0,34.0,8.48,166.7,0,5.0
20,5,32.9,9.15,128.4,2,17.0
2,2,31.2,6.29,143.4,0,6.0
2,2,21.7,7.39,111.2,0,10.0
1,1,33.4,7.91,121.0,0,7.0
3,1,17.9,8.23,150.8,0,8.0
11,3,26.6,5.47,112.4,1,5.0
17,5,35.9,6.49,131.1,2,3.0
15,5,41.5,8.0,139.4,1,6.0
12,4,50.8,9.22,109.5,1,17.0
2,1,28.6,7.5,94.4,0,7.0
16,1,25.1,7.2,148.1,2,15.0
1,0,32.4,8.63,187.3,0,14.0
13,4,47.0,7.61,129.9,1,12.0
9,1,44.3,9.06,143.0,1,18.0
18,9,23.7,7.73,112.3,2,9.0
7,3,30.9,8.0,159.4,1,6.0
13,4,38.8,8.0,122.5,1,16.0
9,3,39.4,9.48,153.3,1,11.0
11,3,36.7,6.85,142.1,1,5.0
19,4,28.4,8.47,142.6,2,11.0
15,3,36.7,7.61,141.9,1,12.0
9,3,39.4,8.74,141.2,1,8.0
9,3,24.5,6.95,135.7,1,5.0
15,2,42.6,9.05,149.4,1,11.0
7,3,39.9,9.43,115.5,1,13.0
4,0,26.1,6.86,125.2,0,11.0
10,3,39.4,8.08,159.4,1,8.0
2,2,38.5,9.46,133.5,0,9.0
4,4,38.8,6.8,123.5,0,10.0
9,4,44.6,7.2,150.7,1,9.0
16,3,31.9,8.79,146.7,2,19.0
16,6,34.7,7.81,104.0,2,12.0
6,0,10.9,6.11,144.6,0,4.0
9,1,40.9,7.62,132.7,1,11.0
4,1,40.2,10.1,144.2,0,11.0
16,5,42.8,10.48,129.9,2,17.0
5,0,24.5,7.24,129.9,0,8.0
16,4,39.7,6.9,93.4,2,16.0
17,4,40.1,7.45,112.1,2,9.0
14,3,26.8,10.16,144.8,1,13.0
7,4,40.4,9.01,182.4,1,15.0
20,4,35.7,9.76,137.3,2,13.0
14,3,18.4,9.2,116.1,1,4.0
13,5,36.7,6.42,132.7,1,10.0
18,9,25.9,6.86,112.1,2,15.0
18,6,18.6,7.16,155.0,2,12.0
2,1,34.9,7.37,131.0,0,10.0
18,2,31.5,8.0,151.1,2,13.0
16,6,43.2,7.33,126.9,2,14.0
5,1,33.5,8.77,152.8,0,9.0
7,1,38.2,8.16,97.5,1,11.0
16,4,36.1,9.46,130.5,2,8.0
5,1,40.2,8.3,140.8,0,14.0
10,1,24.9,7.19,124.6,1,10.0
14,3,32.4,8.23,137.2,1,8.0
14,2,30.9,6.19,136.9,1,4.0
19,5,37.2,8.0,151.0,2,8.0
3,0,34.0,8.77,142.4,0,13.0
6,1,27.1,9.22,137.9,0,14.0
20,5,29.3,8.09,147.6,2,10.0
12,2,45.2,7.53,102.9,1,15.0
5,3,18.4,6.39,115.0,0,4.0
6,1,37.7,9.4,102.3,0,8.0
7,2,41.9,8.59,141.0,1,15.0
12,0,36.6,8.0,138.3,1,12.0
6,1,47.8,7.99,157.7,0,15.0
13,5,39.5,7.44,137.0,1,11.0
9,3,35.1,6.66,117.4,1,9.0
13,3,28.3,8.3,132.7,1,7.0
4,1,35.2,7.35,92.5,0,12.0
13,7,37.5,7.49,121.8,1,11.0
19,4,32.0,10.06,83.1,2,12.0
3,2,26.1,7.94,136.6,0,8.0
7,2,22.4,5.06,124.4,1,2.0
14,5,33.5,7.36,127.4,1,9.0
13,4,32.4,6.8,111.4,1,3.0
14,4,28.2,7.83,116.6,1,3.0
12,4,12.5,6.29,129.9,1,4.0
14,5,38.7,8.52,101.3,1,13.0
13,1,41.2,7.64,140.1,1,10.0
2,0,32.6,7.43,113.8,0,5.0
16,9,32.4,8.18,96.4,2,15.0
9,3,42.8,7.91,154.5,1,11.0
2,0,35.8,7.84,156.6,0,9.0
9,3,31.1,7.73,119.2,1,1.0
9,4,29.2,7.98,119.0,1,4.0
2,0,36.5,8.0,125.0,0,14.0
20,5,32.4,8.26,113.8,2,11.0
5,1,32.4,9.35,117.3,0,6.0
7,2,37.0,7.34,139.0,1,6.0
9,0,30.2,8.29,171.5,1,5.0
17,2,40.8,10.94,122.9,2,15.0
15,6,30.2,7.95,150.5,1,5.0
16,4,32.2,8.0,137.1,2,14.0
5,0,24.2,6.48,96.6,0,7.0
17,5,29.8,7.14,129.5,2,11.0
17,6,49.3,7.87,127.0,2,18.0
10,3,24.8,8.64,159.3,1,11.0
11,3,35.5,8.78,160.1,1,14.0
1,0,28.4,8.39,137.5,0,9.0
16,4,14.3,8.96,154.3,2,8.0
20,4,36.5,6.8,127.1,2,13.0
10,1,27.6,8.59,152.4,1,10.0
11,3,34.6,8.02,132.0,1,13.0
10,0,39.9,8.15,152.0,1,8.0
2,0,33.9,7.57,154.0,0,12.0
13,5,32.4,6.86,144.3,1,14.0
15,3,25.1,6.54,115.2,1,8.0
19,9,37.7,8.38,121.6,2,10.0
19,8,30.5,8.6,145.0,2,9.0
10,4,16.0,7.84,147.9,1,3.0
20,6,38.6,7.98,133.2,2,12.0
11,1,41.1,7.14,123.8,1,9.0
13,2,43.8,8.6,133.8,1,8.0
13,3,49.4,8.07,124.4,1,14.0
20,8,38.2,8.0,124.5,2,9.0
15,9,32.4,8.0,169.2,1,8.0
3,0,40.7,8.77,120.5,0,17.0
2,0,24.9,6.16,140.2,0,5.0
9,2,18.6,8.06,133.1,1,4.0
11,0,28.2,6.85,105.5,1,7.0
14,9,42.2,8.17,104.8,1,7.0
10,0,26.7,4.22,128.4,1,8.0
11,4,35.7,8.24,90.9,1,7.0
19,9,36.6,8.85,166.6,2,7.0
7,1,34.0,7.87,129.9,1,8.0
10,3,21.8,6.6,121.1,1,7.0
12,5,34.7,10.35,154.5,1,9.0
10,4,28.6,9.39,127.2,1,7.0
20,7,45.6,7.36,143.0,2,14.0
20,9,41.1,7.69,118.5,2,15.0
11,4,28.9,5.62,130.9,1,6.0
10,4,46.1,8.57,149.4,1,13.0
12,3,34.7,6.36,129.9,1,1.0
4,2,18.6,8.8,140.6,0,8.0
9,3,31.4,9.23,81.7,1,9.0
5,1,45.1,7.92,155.3,0,12.0
3,0,25.4,6.72,118.9,0,9.0
2,0,31.5,9.5,128.3,0,7.0
12,4,21.1,8.0,128.0,1,4.0
1,0,22.4,8.11,110.5,0,4.0
13,3,25.3,6.88,109.0,1,5.0
9,1,22.2,8.23,140.4,1,5.0
8,1,27.1,7.76,141.4,1,7.0
16,4,45.9,6.41,112.3,2,10.0
11,5,31.7,9.61,140.8,1,10.0
15,7,38.3,10.11,141.2,1,14.0
15,6,40.7,9.22,122.4,1,15.0
1,0,23.1,9.04,104.1,0,14.0
5,0,25.3,10.12,129.2,0,9.0
12,5,38.1,6.74,137.3,1,10.0
20,5,26.9,6.73,128.8,2,11.0
4,2,37.6,7.5,118.2,0,7.0
3,1,45.4,8.36,139.3,0,16.0
19,6,20.4,7.65,155.3,2,7.0
20,4,29.1,6.78,114.6,2,12.0
4,1,30.4,8.01,124.0,0,8.0
9,2,27.8,7.89,184.9,1,7.0
13,5,27.1,9.01,135.8,1,6.0
4,0,28.1,8.05,104.7,0,6.0
7,3,31.9,5.71,129.9,1,6.0
8,4,33.3,8.46,114.9,1,8.0
13,3,39.6,9.9,137.6,1,18.0
7,0,31.8,8.03,136.2,1,5.0
9,3,40.9,9.18,117.3,1,8.0
6,2,27.3,7.39,129.9,0,7.0
16,6,22.4,8.68,131.7,2,9.0
4,2,29.6,8.0,120.9,0,7.0
5,0,32.4,7.7,105.6,0,10.0
5,2,38.9,7.71,112.1,0,7.0
19,7,43.7,8.57,105.1,2,15.0
19,9,34.3,7.01,126.2,2,11.0
11,5,38.0,6.24,112.3,1,4.0
4,2,43.0,8.56,145.7,0,12.0
16,5,25.8,8.52,129.9,2,7.0
10,3,30.3,8.13,146.8,1,7.0
17,5,54.2,9.12,139.8,2,16.0
8,3,38.9,7.76,142.9,1,9.0
20,8,36.1,8.34,147.9,2,14.0
17,9,39.1,7.58,169.9,2,7.0
5,0,21.3,7.69,129.9,0,8.0
15,9,26.8,8.41,146.9,1,7.0
6,5,23.9,10.72,138.0,0,5.0
7,0,35.3,8.89,151.3,1,17.0
6,2,29.0,8.66,132.2,0,16.0
14,0,32.8,8.93,153.5,1,16.0
6,1,29.5,5.18,104.2,0,5.0
13,2,19.0,8.38,109.9,1,9.0
12,4,39.1,9.09,118.6,1,11.0
16,7,17.9,8.1,128.5,2,12.0
20,4,26.2,7.95,130.9,2,13.0
1,0,21.5,6.87,115.2,0,5.0
20,9,25.0,7.48,110.2,2,14.0
3,1,33.6,7.0,116.9,0,7.0
11,4,41.9,9.2,95.8,1,11.0
7,0,19.5,9.8,124.2,1,16.0
13,4,27.5,10.32,128.8,1,9.0
15,5,18.0,8.0,138.8,1,1.0
18,6,27.2,8.0,133.3,2,5.0
9,1,32.6,7.1,129.9,1,1.0
19,5,38.1,6.78,146.2,2,14.0
7,4,15.1,6.8,144.7,1,4.0
5,2,36.4,8.0,137.3,0,12.0
8,4,24.2,9.05,140.7,1,6.0
11,5,22.3,7.14,125.6,1,1.0
14,5,32.5,9.26,132.0,1,11.0
17,7,37.0,9.64,168.4,2,14.0
5,0,31.2,8.34,128.6,0,6.0
7,2,23.3,9.47,103.4,1,4.0
19,5,31.2,6.37,143.9,2,8.0
9,2,26.2,7.33,147.5,1,11.0
5,5,36.8,8.23,133.1,0,14.0
20,3,40.6,8.27,129.9,2,14.0
9,3,40.1,9.72,155.7,1,10.0
20,5,31.8,6.8,134.6,2,13.0
19,3,41.0,7.36,123.8,2,10.0
19,4,23.8,7.9,153.8,2,17.0
12,6,46.3,7.38,89.5,1,8.0
16,8,23.8,8.0,132.2,2,5.0
20,9,15.8,7.43,119.2,2,8.0
6,0,42.9,7.71,159.8,0,11.0
1,1,26.3,9.74,134.9,0,8.0
7,6,32.9,6.78,112.7,1,3.0
13,1,23.8,8.98,152.8,1,9.0
11,5,32.4,9.53,80.8,1,18.0
2,1,46.6,7.38,140.2,0,12.0
12,3,44.4,8.31,104.7,1,9.0
4,2,32.7,8.69,120.8,0,12.0
11,2,39.8,8.49,125.2,1,7.0
12,1,31.6,8.1,148.2,1,8.0
13,2,41.0,7.19,174.1,1,17.0
9,3,28.7,8.79,94.4,1,8.0
9,0,44.7,7.55,138.9,1,13.0
14,4,28.3,8.03,174.0,1,7.0
15,3,29.2,8.21,118.5,1,11.0
17,6,28.3,9.03,117.3,2,13.0
7,1,33.5,10.31,134.7,1,13.0
9,3,28.9,7.11,146.6,1,4.0
7,1,35.9,8.06,143.2,1,10.0
11,2,28.2,6.22,122.8,1,3.0
3,2,38.3,9.78,113.9,0,9.0
9,4,44.1,8.05,156.3,1,12.0
4,1,32.6,7.64,129.9,0,9.0
11,3,49.7,8.06,91.7,1,10.0
18,6,41.0,8.12,100.9,2,11.0
20,7,49.1,7.12,118.5,2,14.0
9,5,32.4,9.43,159.9,1,11.0
2,0,18.7,8.77,106.2,0,6.0
5,0,26.4,8.94,160.4,0,13.0
3,1,27.2,7.18,156.1,0,8.0
16,4,24.4,7.12,134.5,2,8.0
20,4,14.4,7.86,79.0,2,11.0
12,5,40.2,8.96,106.3,1,10.0
4,1,17.1,8.6,117.3,0,8.0
1,1,39.4,7.07,164.6,0,10.0
20,8,49.5,8.8,118.6,2,10.0
7,1,25.8,6.83,114.5,1,7.0
3,0,35.1,7.21,133.8,0,16.0
4,2,28.8,8.19,101.8,0,9.0
6,2,38.6,6.59,129.5,0,4.0
14,3,22.4,6.84,114.0,1,7.0
18,3,30.9,9.86,183.8,2,16.0
6,2,41.0,9.64,111.6,0,10.0
14,7,31.6,10.75,168.6,1,11.0
2,0,32.4,8.0,107.2,0,12.0
1,0,41.9,8.77,135.3,0,10.0
2,0,21.6,7.81,129.9,0,8.0
19,8,32.6,7.58,132.8,2,13.0
12,4,36.7,9.05,131.6,1,12.0
17,4,33.0,9.63,147.2,2,19.0
1,0,52.3,8.94,138.3,0,12.0
1,1,37.9,6.99,126.5,0,5.0
17,2,30.4,8.47,116.5,2,15.0
3,0,36.8,7.08,126.7,0,15.0
4,0,33.7,7.61,126.4,0,6.0
11,1,32.4,9.96,126.0,1,10.0
13,2,34.0,6.56,131.5,1,1.0
5,1,28.5,10.6,101.8,0,9.0
9,3,33.7,8.66,109.4,1,9.0
14,5,28.0,7.44,146.6,1,2.0
9,5,16.8,8.08,85.0,1,4.0
8,0,41.1,7.18,153.9,1,11.0
2,0,27.5,8.0,118.8,0,5.0
10,4,33.1,8.09,163.4,1,7.0
17,4,25.9,7.61,154.5,2,8.0
13,7,26.2,6.88,123.5,1,3.0
18,2,23.7,7.73,125.5,2,11.0
3,0,39.6,8.0,161.9,0,10.0
1,0,41.5,6.47,155.5,0,7.0
11,2,32.2,6.46,149.5,1,6.0
4,4,27.7,10.01,152.9,0,7.0
12,0,18.5,8.49,108.2,1,9.0
19,6,38.4,8.72,134.1,2,15.0
7,3,26.6,8.01,114.6,1,10.0
11,7,23.1,8.61,107.7,1,1.0
14,5,32.2,9.41,133.3,1,11.0
4,1,29.3,8.49,121.7,0,16.0
18,3,19.9,8.0,126.7,2,8.0
5,1,21.0,7.96,120.0,0,5.0
17,9,34.7,8.72,104.9,2,11.0
14,4,26.8,8.84,163.9,1,11.0
3,1,36.1,6.88,133.1,0,9.0
15,3,33.2,8.0,101.2,1,10.0
4,1,40.4,5.79,133.6,0,4.0
12,6,25.3,7.84,160.4,1,14.0
20,7,33.9,7.67,149.2,2,11.0
20,6,37.1,7.59,119.6,2,9.0
18,7,27.0,7.51,120.1,2,8.0
10,3,41.0,8.61,110.9,1,8.0
12,6,18.7,6.94,115.2,1,5.0
7,2,25.3,10.23,116.8,1,12.0
19,8,18.4,8.0,100.6,2,11.0
10,2,26.1,7.04,121.1,1,11.0
16,2,30.8,8.78,136.9,2,16.0
8,2,32.4,9.19,121.7,1,9.0
15,3,30.8,8.44,134.3,1,12.0
5,2,27.2,6.79,162.4,0,9.0
15,7,19.6,10.68,129.9,1,10.0
1,0,22.3,8.77,128.6,0,6.0
3,2,32.4,6.5,147.6,0,5.0
8,3,39.1,8.25,126.7,1,9.0
10,2,28.6,7.74,120.2,1,8.0
15,4,41.7,8.01,107.7,1,11.0
8,3,24.4,6.57,131.7,1,4.0
1,1,28.9,8.07,151.7,0,6.0
7,4,29.6,7.0,104.5,1,5.0
9,2,44.2,7.58,124.3,1,9.0
11,4,33.1,8.46,123.3,1,5.0
13,3,17.6,7.43,134.9,1,7.0
5,0,39.6,7.65,135.3,0,11.0
13,1,46.8,8.98,140.7,1,18.0
13,3,30.0,6.93,167.9,1,10.0
16,1,24.8,7.22,112.6,2,9.0
11,2,38.9,6.49,111.5,1,9.0
17,5,47.7,7.01,134.9,2,8.0
5,0,38.8,8.15,159.1,0,10.0
15,9,19.0,8.77,100.8,1,5.0
1,0,38.0,7.03,136.6,0,11.0
3,2,35.2,8.73,126.0,0,4.0
18,3,24.4,8.13,147.1,2,15.0
10,2,42.3,6.34,142.6,1,10.0
13,4,35.5,8.21,129.9,1,10.0
13,3,42.5,9.43,139.8,1,8.0
14,4,23.5,5.73,116.8,1,5.0
5,1,35.2,10.41,146.0,0,10.0
4,1,24.8,7.27,157.7,0,7.0
1,0,34.0,6.02,132.0,0,5.0
18,6,43.8,8.17,121.8,2,15.0
5,3,20.6,8.0,127.1,0,13.0
12,3,21.0,7.66,145.8,1,8.0
10,4,39.6,8.37,129.2,1,8.0
4,2,31.9,10.54,106.0,0,10.0
9,5,41.4,8.25,129.9,1,13.0
2,1,25.5,11.58,110.3,0,13.0
4,4,32.4,9.52,138.5,0,6.0
3,2,37.5,8.06,92.7,0,7.0
17,3,33.7,8.35,132.2,2,13.0
12,4,17.7,7.62,128.6,1,6.0
19,8,54.6,8.3,90.7,2,18.0
9,1,33.7,8.67,136.7,1,4.0
5,1,21.3,7.52,108.0,0,10.0
13,4,34.5,6.34,131.7,1,5.0
19,6,35.4,9.59,121.8,2,14.0
11,5,40.0,9.17,129.9,1,5.0
1,0,39.4,6.3,109.1,0,7.0
7,1,30.3,8.21,110.7,1,8.0
19,6,18.2,9.23,149.6,2,9.0
11,3,35.7,9.11,146.7,1,13.0
20,6,18.9,7.17,173.9,2,11.0
11,2,41.7,9.18,119.8,1,13.0
1,0,26.1,8.02,119.1,0,11.0
18,3,37.1,8.47,132.7,2,16.0
16,4,26.8,6.9,122.9,2,13.0
15,1,28.1,2.89,118.3,1,3.0
20,9,25.6,7.07,131.1,2,11.0
4,0,37.7,8.64,144.1,0,9.0
19,5,27.0,7.75,87.8,2,9.0
5,1,38.1,8.78,118.6,0,9.0
20,4,27.2,9.33,101.9,2,10.0
4,1,30.1,7.6,126.9,0,8.0
12,8,32.3,7.49,138.7,1,6.0
16,4,33.2,5.38,152.3,2,7.0
2,0,24.6,6.14,121.3,0,7.0
2,0,37.6,6.39,132.1,0,7.0
17,3,29.8,8.67,96.4,2,5.0
2,1,36.4,7.62,112.8,0,11.0
13,6,31.9,7.36,134.1,1,2.0
19,7,36.7,7.22,102.8,2,12.0
13,8,28.7,7.07,154.7,1,6.0
10,2,25.7,9.11,140.5,1,9.0
9,1,35.4,8.0,111.9,1,7.0
13,4,28.1,9.19,100.4,1,14.0
12,5,43.7,8.0,115.6,1,3.0
11,5,32.5,8.64,112.0,1,14.0
4,2,21.0,7.42,105.7,0,6.0
14,6,27.3,7.66,101.9,1,6.0
15,2,24.0,9.62,125.4,1,9.0
15,2,40.6,7.53,144.6,1,13.0
2,1,38.2,8.59,115.8,0,7.0
15,2,31.5,6.78,138.9,1,14.0
15,3,34.3,8.04,123.4,1,18.0
4,1,31.3,8.0,142.2,0,6.0
17,7,38.9,8.0,114.3,2,12.0
11,4,36.2,8.46,135.6,1,12.0
10,6,37.6,9.33,132.4,1,4.0
15,4,30.5,7.02,129.9,1,5.0
11,2,26.9,8.0,141.2,1,8.0
11,4,37.3,7.23,135.1,1,6.0
7,2,44.4,7.7,100.6,1,11.0
19,5,40.8,6.84,119.5,2,11.0
20,9,44.7,5.41,129.9,2,6.0
3,1,33.3,6.75,113.6,0,7.0
15,4,24.2,7.94,130.3,1,6.0
1,0,25.0,7.82,134.8,0,2.0
8,3,43.0,8.66,135.6,1,6.0
20,7,17.1,9.01,155.2,2,8.0
4,0,44.0,7.46,139.7,0,17.0
8,2,25.7,6.1,105.4,1,7.0
5,0,47.4,8.0,134.1,0,16.0
15,7,31.4,7.99,141.7,1,6.0
10,2,37.8,7.69,155.2,1,9.0
12,2,51.1,9.46,126.9,1,18.0
19,5,29.4,8.54,127.1,2,10.0
11,0,29.2,8.15,151.6,1,9.0
15,0,26.4,8.2,129.9,1,7.0
2,1,24.0,9.02,98.0,0,11.0
5,0,29.4,7.17,93.7,0,11.0
19,6,27.6,6.94,166.8,2,7.0
18,6,22.0,7.72,95.7,2,11.0
14,7,30.3,6.59,126.7,1,3.0
8,1,35.6,7.95,147.7,1,11.0
4,2,24.8,8.12,94.7,0,7.0
18,4,30.7,7.92,108.4,2,8.0
16,7,43.3,7.57,105.1,2,15.0
5,0,20.6,9.98,166.0,0,9.0
12,0,47.5,9.13,170.4,1,14.0
13,8,26.6,7.88,115.3,1,5.0
10,5,33.6,8.11,141.6,1,3.0
19,6,42.2,9.65,136.2,2,19.0
3,0,32.4,7.3,124.4,0,14.0
6,2,35.8,6.84,97.5,0,4.0
2,0,32.4,8.27,176.1,0,11.0
14,4,25.7,8.5,93.7,1,8.0
13,8,27.4,8.0,134.2,1,5.0
20,5,47.1,8.99,117.0,2,9.0
11,2,28.9,7.12,150.2,1,3.0
4,1,34.6,6.31,146.9,0,8.0
10,2,23.6,8.0,110.4,1,4.0
2,1,22.7,8.7,114.2,0,8.0
14,6,32.2,6.89,99.0,1,5.0
14,4,29.4,5.68,133.9,1,5.0
18,2,30.0,8.17,144.2,2,12.0
7,3,20.2,7.32,121.2,1,5.0
7,0,31.4,8.0,125.1,1,9.0
2,1,44.4,8.0,168.2,0,7.0
9,2,25.2,7.54,148.7,1,10.0
10,3,39.2,10.01,157.0,1,15.0
16,4,10.0,8.11,85.2,2,5.0
16,3,25.6,8.7,140.9,2,16.0
3,0,16.7,7.98,135.0,0,7.0
6,1,41.9,7.28,105.0,0,15.0
11,3,39.0,7.41,109.1,1,13.0
7,3,23.7,9.3,125.6,1,9.0
1,1,34.3,8.9,103.2,0,6.0
17,5,41.6,6.21,114.0,2,9.0
15,7,42.9,6.5,120.8,1,5.0
11,6,28.8,6.57,141.5,1,6.0
7,0,14.3,9.27,115.9,1,7.0
17,5,24.8,5.92,121.1,2,8.0
1,0,38.1,8.94,150.5,0,14.0
9,6,48.8,8.48,94.7,1,11.0
17,5,31.6,8.18,134.5,2,22.0
20,9,27.1,7.43,137.8,2,9.0
6,3,51.2,9.43,138.3,0,13.0
14,6,35.2,8.14,120.0,1,4.0
4,2,22.2,6.27,108.7,0,4.0
3,1,31.0,6.55,160.4,0,7.0
8,1,40.0,6.03,112.9,1,5.0
18,9,31.4,9.44,107.7,2,13.0
14,1,38.4,8.0,130.4,1,14.0
10,3,19.2,9.3,115.2,1,9.0
6,0,20.5,7.83,151.0,0,5.0
3,0,26.1,6.29,124.7,0,2.0
6,1,29.7,6.74,153.6,0,11.0
4,3,34.7,8.0,139.0,0,10.0
4,1,37.1,7.95,122.2,0,11.0
14,7,51.7,9.66,152.3,1,10.0
3,1,26.1,9.66,117.0,0,9.0
1,0,29.5,7.41,123.6,0,4.0
11,3,26.3,5.32,140.6,1,3.0
6,1,32.4,6.6,134.5,0,8.0
10,2,41.1,9.43,116.5,1,9.0
3,0,28.4,8.28,99.3,0,10.0
5,2,48.5,7.57,129.6,0,12.0
9,3,26.3,7.49,115.5,1,6.0
14,5,40.2,7.1,129.9,1,8.0
9,0,43.6,6.56,121.6,1,9.0
11,2,21.1,10.49,115.6,1,16.0
11,1,36.6,10.06,124.6,1,9.0
6,0,10.2,7.01,128.5,0,4.0
6,2,38.6,8.0,143.9,0,14.0
9,3,23.2,8.2,138.5,1,7.0
1,0,36.5,7.82,171.9,0,13.0
14,4,38.0,8.75,132.8,1,13.0
13,2,41.0,9.03,116.5,1,6.0
7,0,39.1,6.6,126.7,1,9.0
8,1,32.4,9.54,141.4,1,12.0
7,2,29.0,7.58,150.1,1,11.0
14,8,31.4,8.73,156.8,1,4.0
16,6,23.1,7.69,109.7,2,11.0
3,0,30.3,9.11,155.6,0,10.0
9,2,29.7,5.17,129.1,1,5.0
1,0,32.4,8.89,111.5,0,13.0
10,3,18.1,7.0,125.9,1,3.0
5,1,21.8,8.09,154.2,0,9.0
7,1,10.0,9.49,139.1,1,4.0
10,5,29.5,7.04,105.8,1,5.0
7,1,32.4,6.85,105.9,1,12.0
8,6,10.5,7.55,105.4,1,3.0
16,6,33.9,7.48,115.4,2,10.0
17,3,31.0,6.74,131.5,2,12.0
1,1,22.6,8.13,107.5,0,4.0
8,1,28.6,8.19,121.4,1,7.0
17,6,32.4,8.56,129.9,2,20.0
11,8,24.2,7.02,162.4,1,3.0
5,1,32.4,6.87,161.0,0,10.0
12,4,34.8,7.86,94.1,1,10.0
3,1,25.4,7.71,163.5,0,8.0
1,0,40.1,7.73,131.8,0,8.0
13,3,35.2,7.15,131.6,1,12.0
11,2,30.0,8.4,150.6,1,7.0
16,4,50.9,6.87,144.1,2,16.0
7,1,40.1,8.0,92.6,1,10.0
18,9,18.5,7.63,117.8,2,6.0
9,3,28.9,7.96,122.7,1,9.0
15,5,51.7,9.42,103.4,1,11.0
3,5,24.1,6.42,149.9,0,5.0
2,0,32.5,5.13,158.8,0,7.0
16,7,41.8,7.29,129.8,2,14.0
17,6,32.4,6.62,136.0,2,7.0
19,4,38.4,4.39,129.8,2,5.0
7,1,37.9,10.1,132.0,1,8.0
1,3,32.4,8.67,152.4,0,7.0
20,8,25.7,8.8,94.7,2,12.0
13,3,32.4,7.66,139.7,1,11.0
5,3,28.8,8.0,130.2,0,17.0
16,4,28.1,7.49,115.7,2,13.0
19,7,43.9,8.98,119.9,2,10.0
6,4,29.0,8.23,166.6,0,10.0
16,6,45.6,7.96,103.4,2,11.0
16,4,34.1,8.05,126.6,2,14.0
11,3,32.4,9.76,162.6,1,11.0
13,7,17.5,8.2,104.6,1,2.0
6,1,49.0,6.76,120.9,0,7.0
19,3,32.0,8.0,130.8,2,12.0
20,5,13.8,8.59,138.3,2,11.0
20,9,39.9,7.83,128.4,2,14.0
15,5,31.6,7.94,112.1,1,7.0
1,0,24.5,6.72,138.9,0,2.0
8,0,32.4,8.12,128.0,1,16.0
9,3,11.6,6.54,142.6,1,2.0
20,6,26.3,7.7,148.5,2,9.0
11,2,29.6,7.2,100.3,1,4.0
11,1,38.8,9.18,150.7,1,15.0
3,2,49.9,9.86,124.9,0,17.0
16,2,30.0,6.63,146.5,2,8.0
7,1,35.7,7.99,139.9,1,11.0
2,2,54.0,7.63,167.1,0,12.0
20,9,32.0,8.56,130.1,2,11.0
4,0,35.7,8.12,121.9,0,6.0
1,0,22.1,7.54,119.7,0,11.0
2,0,47.7,8.11,109.3,0,7.0
10,2,26.3,7.74,146.2,1,6.0
3,1,34.1,9.91,108.0,0,8.0
17,3,33.9,7.05,146.0,2,12.0
11,5,32.7,8.31,125.5,1,8.0
7,2,28.5,8.61,94.7,1,12.0
1,0,33.9,8.53,159.8,0,11.0
10,3,46.1,7.64,62.5,1,10.0
4,3,50.2,9.64,128.4,0,18.0
20,5,30.6,5.49,134.7,2,10.0
6,2,28.4,6.69,83.9,0,9.0
10,5,25.5,8.8,138.8,1,6.0
1,0,53.5,6.94,116.6,0,11.0
3,0,33.0,6.87,125.0,0,5.0
5,2,40.9,7.44,156.9,0,7.0
2,3,37.6,7.06,132.9,0,8.0
15,7,32.4,8.76,123.0,1,12.0
19,3,30.0,9.09,126.6,2,7.0
20,4,23.1,8.11,165.5,2,13.0
6,1,46.9,9.27,138.1,0,13.0
16,6,39.2,6.34,112.3,2,9.0
11,3,35.7,8.09,120.2,1,13.0
1,0,44.3,9.62,106.2,0,13.0
2,0,36.1,9.17,121.0,0,17.0
11,4,44.6,9.72,162.2,1,5.0
9,1,34.0,7.29,126.7,1,10.0
1,1,39.2,9.1,103.3,0,7.0
19,6,36.2,7.49,138.6,2,12.0
15,4,29.4,8.71,122.1,1,8.0
11,2,32.4,9.57,141.2,1,14.0
20,8,28.9,7.05,125.2,2,9.0
20,5,34.1,5.77,158.9,2,13.0
20,7,28.4,10.22,111.8,2,14.0
6,1,35.5,8.59,106.7,0,10.0
18,6,35.2,7.87,129.9,2,13.0
11,3,33.6,7.81,89.9,1,4.0
15,3,33.8,5.48,126.6,1,6.0
18,9,27.5,8.0,146.0,2,14.0
4,0,29.7,7.36,86.1,0,9.0
9,2,18.6,8.06,131.3,1,7.0
3,0,31.0,8.04,100.1,0,4.0
6,1,24.1,3.95,93.1,0,6.0
9,2,32.8,8.59,108.7,1,6.0
18,3,26.3,8.23,126.3,2,9.0
18,6,15.6,8.39,115.9,2,9.0
8,4,32.4,7.78,152.1,1,11.0
7,2,30.1,8.06,131.6,1,7.0
11,1,43.6,8.21,120.2,1,10.0
19,4,27.8,8.33,103.8,2,8.0
20,3,45.6,8.57,134.5,2,23.0
5,0,22.8,8.34,171.2,0,18.0
4,2,33.4,10.22,115.9,0,12.0
15,2,23.3,7.13,118.3,1,10.0
7,4,52.8,7.55,108.8,1,13.0
4,2,30.0,10.03,153.7,0,8.0
1,1,38.6,7.81,148.5,0,16.0
9,3,35.6,9.12,121.1,1,9.0
8,4,31.8,8.16,118.0,1,11.0
12,3,36.1,7.73,111.1,1,2.0
5,1,42.9,9.18,124.2,0,9.0
15,4,37.3,8.62,150.4,1,9.0
14,5,33.3,6.16,130.8,1,4.0
10,2,36.2,8.21,155.8,1,10.0
4,2,47.3,6.81,115.6,0,10.0
11,6,28.7,9.53,129.9,1,12.0
14,5,32.4,10.1,182.1,1,10.0
8,7,23.2,10.25,134.3,1,6.0
6,3,23.8,8.43,145.6,0,8.0
11,2,24.9,7.45,114.2,1,13.0
8,4,25.2,8.39,102.7,1,4.0
9,6,31.8,6.87,133.1,1,3.0
7,3,34.0,10.81,90.2,1,7.0
7,2,33.9,9.43,124.7,1,9.0
15,5,26.2,8.37,150.4,1,7.0
10,1,40.0,9.2,139.0,1,9.0
10,2,36.3,7.41,135.1,1,10.0
14,3,44.7,6.67,164.9,1,13.0
8,6,38.8,5.34,137.5,1,6.0
3,1,29.2,8.1,91.9,0,7.0
18,5,42.4,7.75,127.0,2,10.0
2,2,34.2,8.62,168.5,0,13.0
12,2,38.4,8.02,123.8,1,11.0
6,1,37.8,8.57,167.3,0,9.0
5,1,31.0,8.97,150.5,0,11.0
1,1,32.4,6.25,121.8,0,7.0
19,3,30.9,9.04,108.4,2,12.0
9,3,25.2,7.51,136.8,1,7.0
7,6,14.8,8.62,155.4,1,7.0
15,2,26.4,9.23,98.4,1,9.0
1,1,33.6,9.23,132.4,0,12.0
12,2,40.7,8.15,89.2,1,13.0
10,3,38.4,8.21,123.2,1,15.0
12,2,29.8,9.07,96.9,1,17.0
3,0,26.6,6.2,141.2,0,10.0
20,9,30.6,6.86,116.2,2,5.0
5,0,24.2,7.66,153.2,0,7.0
14,6,15.1,8.0,129.9,1,3.0
15,1,19.6,7.67,117.4,1,5.0
7,3,43.0,7.61,97.7,1,9.0
3,2,46.9,8.1,137.8,0,9.0
6,2,38.0,7.93,139.8,0,11.0
17,6,31.5,8.0,148.8,2,13.0
19,6,20.9,8.69,143.1,2,14.0
19,8,30.7,7.91,138.0,2,11.0
5,1,36.9,8.0,141.9,0,7.0
13,5,38.6,7.94,143.9,1,13.0
4,0,37.5,7.96,148.2,0,8.0
15,4,41.7,11.02,99.4,1,12.0
9,2,47.5,6.25,120.8,1,13.0
15,5,28.8,6.89,129.9,1,4.0
14,4,54.4,6.71,136.6,1,8.0
20,6,15.8,8.32,162.6,2,14.0
10,2,25.8,8.28,147.9,1,4.0
7,2,33.6,7.31,117.9,1,10.0
11,3,36.4,9.08,140.1,1,11.0
4,1,30.5,8.44,137.0,0,11.0
3,0,28.0,9.13,134.7,0,13.0
11,4,49.6,9.44,103.9,1,8.0
17,7,27.7,5.44,156.3,2,9.0
11,0,23.8,8.82,106.4,1,11.0
16,2,45.5,6.45,122.7,2,10.0
4,2,38.8,8.3,149.2,0,11.0
9,0,40.8,7.91,122.5,1,10.0
13,4,33.6,7.96,131.6,1,8.0
7,3,21.0,6.55,132.4,1,3.0
1,0,32.4,9.24,131.3,0,9.0
2,1,19.9,6.45,132.3,0,4.0
19,7,33.9,8.9,134.3,2,20.0
13,3,37.2,6.28,131.5,1,7.0
6,1,40.6,8.0,112.1,0,12.0
6,2,31.3,10.17,99.0,0,8.0
1,0,38.0,10.83,150.0,0,22.0
19,7,24.8,6.06,150.9,2,11.0
3,1,39.7,7.15,136.7,0,10.0
16,6,37.4,7.37,136.6,2,10.0
5,0,25.6,10.71,111.7,0,13.0
7,1,36.2,7.92,81.2,1,8.0
6,4,40.7,9.29,125.0,0,10.0
17,3,32.6,8.36,92.1,2,8.0
1,0,25.4,6.56,133.7,0,8.0
8,3,33.4,5.77,156.1,1,5.0
6,2,36.4,7.26,117.7,0,9.0
6,0,25.4,10.78,118.8,0,12.0
4,1,23.9,8.31,109.9,0,7.0
19,1,36.2,9.27,130.9,2,28.0
8,2,38.6,6.3,129.3,1,6.0
9,3,49.2,7.61,109.6,1,13.0
8,6,37.3,8.93,148.3,1,9.0
20,5,22.3,6.69,184.0,2,7.0
7,3,48.3,7.92,153.8,1,5.0
7,0,40.4,6.94,127.8,1,12.0
7,1,16.0,8.99,127.5,1,13.0
7,4,23.8,8.48,119.7,1,3.0
2,0,28.1,8.82,119.3,0,7.0
13,5,38.7,9.05,149.2,1,17.0
1,1,13.0,7.73,129.9,0,9.0
5,1,32.4,9.2,106.6,0,12.0
5,1,38.2,7.29,137.3,0,10.0
6,2,10.0,8.75,152.2,0,12.0
16,7,38.0,5.63,123.0,2,8.0
12,3,38.9,7.1,125.8,1,8.0
20,9,25.2,10.78,143.9,2,5.0
8,7,22.8,8.73,144.5,1,5.0
19,9,25.1,8.73,138.6,2,2.0
1,1,10.6,7.01,135.1,0,5.0
11,5,29.4,6.69,137.8,1,8.0
16,3,33.8,7.68,124.4,2,14.0
11,2,22.2,7.92,107.6,1,11.0
19,3,39.8,10.3,98.9,2,18.0
7,3,32.8,9.22,141.9,1,9.0
1,0,34.1,8.13,132.2,0,7.0
16,3,28.8,8.08,139.1,2,13.0
2,2,37.9,8.91,113.4,0,8.0
16,6,42.3,6.42,132.1,2,12.0
15,3,28.7,5.69,131.6,1,9.0
17,4,38.1,8.89,155.6,2,14.0
10,2,38.2,8.09,147.0,1,10.0
18,5,35.3,6.43,115.2,2,12.0
4,2,45.4,5.49,140.1,0,5.0
9,3,26.2,9.07,115.1,1,7.0
3,0,28.6,7.37,77.7,0,7.0
16,6,25.8,8.48,164.5,2,11.0
15,5,32.4,7.68,122.5,1,11.0
17,3,29.8,7.96,150.8,2,15.0
16,7,26.4,7.29,116.8,2,11.0
7,3,45.3,7.91,113.9,1,13.0
2,2,46.5,8.69,119.1,0,13.0
19,5,29.4,7.67,135.1,2,11.0
10,1,21.1,7.6,133.5,1,10.0
2,1,46.9,8.73,140.0,0,14.0
19,3,35.8,8.81,120.1,2,11.0
20,8,35.4,6.64,130.8,2,11.0
9,3,32.8,7.97,113.1,1,11.0
16,1,25.6,7.37,159.4,2,12.0
1,0,28.7,8.02,103.7,0,10.0
2,1,37.4,9.72,113.6,0,12.0
6,1,32.4,8.43,121.5,0,7.0
14,4,35.5,10.6,177.8,1,10.0
3,0,32.1,8.26,145.3,0,10.0
1,0,23.5,7.8,112.9,0,7.0
14,4,45.0,7.98,146.4,1,13.0
16,8,36.8,8.17,129.9,2,13.0
15,5,34.6,8.39,135.5,1,8.0
16,5,36.4,6.81,143.9,2,10.0
17,4,17.7,7.72,131.2,2,17.0
13,3,32.4,7.13,133.4,1,9.0
11,4,19.8,9.24,129.9,1,8.0
18,2,33.0,5.69,158.9,2,9.0
7,0,34.6,8.19,121.0,1,10.0
2,0,33.1,8.0,105.3,0,7.0
16,9,41.4,8.52,119.9,2,12.0
6,2,20.0,7.52,120.7,0,9.0
20,7,25.6,5.82,114.0,2,5.0
9,4,35.3,9.13,145.6,1,15.0
18,4,34.1,4.98,149.5,2,14.0
1,0,21.5,7.96,90.8,0,7.0
14,2,41.6,8.83,119.7,1,8.0
9,4,44.3,9.65,121.1,1,10.0
10,2,35.4,6.07,126.6,1,7.0
6,6,32.4,7.38,164.1,0,2.0
20,6,33.3,9.3,113.7,2,16.0
8,7,34.7,9.38,161.2,1,5.0
18,4,32.4,9.54,127.1,2,17.0
9,4,42.8,11.07,161.4,1,10.0
1,0,31.1,7.39,123.8,0,7.0
18,6,32.4,8.45,121.4,2,8.0
4,2,38.3,7.58,129.5,0,10.0
6,2,34.2,5.63,155.8,0,5.0
18,6,39.4,7.89,133.2,2,9.0
18,2,44.2,5.61,134.2,2,14.0
19,9,39.2,7.38,142.7,2,15.0
9,2,31.4,6.24,112.4,1,11.0
16,2,26.7,8.53,136.7,2,16.0
7,3,23.0,7.07,117.4,1,3.0
15,5,12.5,5.86,159.4,1,5.0
11,1,33.4,9.04,138.4,1,13.0
2,0,28.9,7.28,143.9,0,10.0
9,3,29.3,7.48,89.2,1,6.0
10,5,40.2,6.83,144.1,1,11.0
6,2,31.1,9.38,126.4,0,8.0
8,2,47.2,8.32,101.3,1,11.0
11,8,27.4,7.26,131.9,1,2.0
1,0,24.2,5.7,99.6,0,5.0
4,3,21.9,8.0,142.2,0,8.0
16,4,37.8,10.38,158.7,2,12.0
8,2,41.2,9.73,94.2,1,7.0
13,3,27.2,7.16,129.4,1,1.0
12,2,23.5,7.4,126.7,1,9.0
12,2,44.2,8.48,90.2,1,12.0
9,0,20.4,6.93,148.3,1,8.0
10,4,40.1,6.81,142.5,1,6.0
17,7,27.4,9.75,170.5,2,19.0
20,5,35.2,7.93,139.9,2,11.0
6,3,40.6,6.66,112.4,0,10.0
14,3,35.8,9.14,140.3,1,13.0
20,8,29.6,7.31,155.7,2,8.0
1,0,43.2,5.62,120.7,0,8.0
16,8,34.3,6.64,147.0,2,7.0
10,1,61.5,8.0,82.9,1,9.0
20,7,18.4,8.26,159.5,2,7.0
12,3,18.2,8.21,146.0,1,1.0
17,7,40.0,9.47,79.1,2,11.0
4,0,31.7,7.72,137.7,0,12.0
3,1,38.3,7.44,90.3,0,13.0
19,8,23.2,8.0,117.8,2,17.0
11,1,32.4,9.17,143.6,1,9.0
12,1,35.7,7.74,127.3,1,10.0
4,3,27.7,8.35,155.1,0,8.0
5,1,33.9,7.43,131.3,0,8.0
17,5,21.1,6.61,129.3,2,9.0
7,3,35.2,10.64,152.0,1,10.0
12,4,43.6,7.35,129.9,1,7.0
7,2,22.1,8.35,129.5,1,7.0
6,6,21.6,8.0,132.1,0,6.0
4,2,41.5,8.88,128.6,0,7.0
19,8,21.5,6.55,153.2,2,8.0
19,3,38.7,10.01,116.7,2,17.0
3,1,32.4,10.16,113.4,0,13.0
8,0,28.7,8.68,108.8,1,10.0
12,5,43.7,8.14,87.2,1,11.0
8,4,39.4,7.78,159.7,1,10.0
15,7,34.2,7.94,112.0,1,5.0
6,0,14.8,8.49,125.2,0,5.0
2,0,37.7,8.0,161.2,0,11.0
7,2,23.4,9.18,127.2,1,6.0
12,4,30.2,6.9,140.3,1,9.0
4,2,32.1,9.83,101.6,0,6.0
17,4,47.2,7.49,129.9,2,21.0
1,1,30.0,7.1,127.6,0,5.0
2,1,20.6,8.44,109.6,0,5.0
11,3,43.8,8.51,109.6,1,12.0
11,2,37.8,5.92,163.8,1,3.0
6,6,38.1,7.42,118.3,0,11.0
6,4,43.9,5.39,110.1,0,12.0
2,1,32.4,7.19,121.3,0,13.0
14,5,24.9,7.24,129.9,1,5.0
8,2,20.9,8.36,133.0,1,5.0
3,0,38.7,7.05,138.9,0,13.0
8,2,29.9,7.34,134.7,1,5.0
19,5,30.6,9.56,142.9,2,8.0
6,3,23.0,10.48,124.5,0,12.0
18,5,36.7,6.89,171.4,2,7.0
6,6,35.2,9.22,120.2,0,9.0
4,2,30.8,8.47,157.0,0,11.0
6,3,32.4,5.91,118.0,0,5.0
7,2,41.7,7.05,101.4,1,13.0
3,0,34.0,4.37,96.7,0,7.0
12,3,40.9,8.39,136.1,1,9.0
7,4,15.2,6.71,153.2,1,1.0
15,6,32.5,8.0,107.0,1,9.0
10,4,26.3,11.09,112.5,1,19.0
9,2,32.3,9.91,137.7,1,10.0
10,1,39.5,7.08,129.9,1,6.0
4,0,35.0,6.79,118.3,0,15.0
15,3,32.1,9.55,104.4,1,8.0
3,0,32.1,6.79,136.2,0,8.0
15,2,19.5,9.19,143.1,1,10.0
20,5,24.7,11.28,139.8,2,13.0
16,7,41.0,8.81,130.5,2,6.0
10,1,28.0,9.42,108.9,1,6.0
7,2,41.1,9.28,136.3,1,12.0
18,5,38.6,7.33,134.8,2,10.0
6,3,39.0,8.35,103.7,0,14.0
10,2,34.7,6.85,124.0,1,4.0
16,4,28.5,9.55,137.3,2,15.0
19,5,30.8,6.7,128.4,2,8.0
19,6,32.4,8.84,90.8,2,19.0
2,0,15.0,9.36,117.2,0,9.0
18,2,42.0,7.41,115.9,2,9.0
3,1,28.0,7.13,141.2,0,6.0
12,5,31.3,7.8,182.0,1,8.0
19,9,31.4,6.93,132.7,2,4.0
14,7,31.7,8.19,106.0,1,1.0
19,4,21.5,6.9,126.8,2,8.0
7,2,33.2,6.99,130.2,1,9.0
7,3,36.8,8.66,145.1,1,11.0
7,2,15.6,8.74,154.8,1,10.0
8,4,21.6,7.65,157.8,1,1.0
14,3,32.4,6.02,140.7,1,4.0
10,3,37.7,9.41,130.0,1,8.0
15,9,34.4,7.46,159.7,1,14.0
9,1,26.5,10.47,129.9,1,12.0
7,2,37.7,7.84,131.1,1,11.0
4,2,22.4,8.16,125.1,0,5.0
12,7,30.9,7.48,87.4,1,4.0
18,9,21.5,8.29,155.4,2,11.0
18,8,30.7,12.17,143.5,2,19.0
6,2,23.8,8.0,82.6,0,6.0
10,6,38.0,9.53,150.0,1,11.0
15,5,35.5,8.11,123.9,1,13.0
13,4,27.4,9.41,149.8,1,8.0
2,2,40.7,5.68,131.5,0,9.0
12,2,24.3,10.33,102.9,1,14.0
1,0,31.7,8.41,130.5,0,12.0
3,0,27.1,7.68,112.0,0,12.0
14,3,37.9,9.08,105.5,1,13.0
3,1,37.1,8.17,147.3,0,8.0
7,1,42.4,6.62,129.9,1,10.0
12,6,32.7,5.09,160.0,1,6.0
14,4,10.0,10.19,122.1,1,6.0
9,2,28.6,7.73,110.7,1,4.0
2,0,32.4,7.26,142.8,0,9.0
16,4,29.4,8.0,113.3,2,12.0
19,8,16.7,9.76,123.8,2,12.0
18,9,35.6,7.41,140.5,2,11.0
15,3,36.2,8.77,127.5,1,13.0
9,0,26.2,7.6,120.2,1,15.0
18,5,30.0,6.49,129.9,2,7.0
10,3,25.2,9.08,148.7,1,11.0
3,1,36.2,8.0,122.6,0,12.0
18,2,32.5,7.18,142.4,2,15.0
7,2,22.7,7.95,139.7,1,3.0
19,7,31.9,8.12,151.8,2,10.0
8,3,26.1,8.53,125.3,1,7.0
18,7,43.7,10.37,123.0,2,18.0
11,2,39.1,7.61,107.8,1,4.0
10,2,31.0,7.6,119.1,1,10.0
6,3,32.6,7.79,136.8,0,9.0
17,5,40.1,6.87,113.7,2,7.0
2,0,30.6,5.93,136.3,0,5.0
10,2,38.1,8.16,159.3,1,9.0
8,1,43.8,8.63,121.1,1,12.0
11,4,32.4,8.0,103.7,1,6.0
6,1,45.2,7.92,121.7,0,19.0
14,3,42.8,6.92,101.5,1,10.0
8,1,34.0,8.3,156.7,1,16.0
4,2,28.4,8.2,131.7,0,7.0
4,1,33.9,8.57,115.4,0,8.0
14,8,30.0,8.0,118.8,1,5.0
6,1,25.7,8.47,129.9,0,10.0
7,1,36.3,9.58,150.2,1,11.0
13,4,23.8,8.69,166.7,1,10.0
7,4,29.3,8.58,100.1,1,6.0
8,2,29.4,5.91,150.9,1,8.0
5,1,21.1,9.26,125.1,0,6.0
7,1,37.3,7.64,155.3,1,5.0
14,6,30.2,8.1,93.3,1,6.0
11,3,32.4,6.47,134.5,1,17.0
20,3,32.4,10.51,121.8,2,11.0
16,3,28.7,5.03,143.2,2,15.0
1,0,24.8,9.79,131.2,0,11.0
8,2,32.3,8.51,130.4,1,7.0
6,3,32.4,5.71,127.9,0,3.0
12,3,37.9,10.44,161.2,1,19.0
6,3,32.5,8.62,126.5,0,8.0
20,6,32.4,5.17,147.3,2,6.0
6,0,32.4,7.49,142.6,0,14.0
11,3,24.1,8.64,147.8,1,10.0
3,0,23.4,10.06,109.7,0,10.0
19,4,36.3,7.51,129.9,2,13.0
19,7,23.9,4.82,136.7,2,4.0
16,5,36.8,9.75,106.2,2,13.0
8,2,39.2,8.6,125.8,1,15.0
2,1,39.4,5.32,175.9,0,12.0
15,6,25.0,8.41,122.2,1,2.0
9,0,39.4,8.54,122.6,1,7.0
20,6,34.6,8.0,139.0,2,7.0
14,6,32.4,8.0,119.2,1,4.0
11,5,30.7,7.27,132.8,1,6.0
20,9,35.8,7.61,121.0,2,14.0
17,7,26.6,8.43,138.0,2,14.0
10,7,34.4,8.95,128.8,1,7.0
1,1,43.6,5.42,169.0,0,10.0
2,1,39.7,8.31,130.9,0,12.0
9,5,32.7,8.59,125.5,1,10.0
12,3,33.9,8.2,150.6,1,12.0
1,0,27.7,7.51,102.2,0,6.0
3,0,27.9,9.7,129.9,0,9.0
15,3,19.7,9.61,110.2,1,8.0
16,7,34.0,7.56,153.8,2,5.0
1,0,37.5,7.9,159.1,0,8.0
11,5,31.4,8.93,119.5,1,12.0
2,2,25.0,9.54,129.9,0,8.0
15,5,32.4,7.02,127.8,1,6.0
17,6,42.7,6.74,142.4,2,9.0
18,4,39.2,8.33,110.0,2,15.0
12,1,32.4,6.65,127.8,1,7.0
13,3,48.4,5.67,123.7,1,11.0
19,3,53.6,7.02,129.9,2,11.0
13,9,28.2,8.5,109.1,1,6.0
9,6,30.0,9.86,132.6,1,7.0
16,6,37.5,7.15,132.2,2,11.0
12,3,24.7,7.85,114.7,1,13.0
17,4,38.8,8.19,131.6,2,12.0
11,1,32.8,7.22,117.1,1,11.0
18,5,35.0,7.13,156.1,2,8.0
1,0,27.4,8.4,127.9,0,17.0
1,1,25.7,6.56,152.0,0,8.0
2,0,16.1,7.08,96.1,0,4.0
12,4,43.9,7.76,129.9,1,9.0
15,4,39.5,8.39,141.9,1,14.0
5,3,37.4,6.18,127.2,0,5.0
4,0,34.8,7.84,119.2,0,12.0
18,7,32.4,6.45,126.9,2,3.0
16,3,26.0,7.18,144.8,2,8.0
13,4,30.0,8.95,105.8,1,9.0
10,4,23.3,7.91,144.0,1,7.0
9,2,18.5,10.0,136.4,1,9.0
1,0,24.2,7.91,124.8,0,7.0
4,2,32.4,9.16,125.6,0,7.0
18,6,32.4,8.95,131.2,2,9.0
7,3,39.3,7.98,163.2,1,13.0
15,8,48.5,6.42,137.0,1,6.0
15,9,37.5,7.87,111.1,1,4.0
7,4,30.6,7.36,121.3,1,6.0
5,1,46.4,7.31,107.1,0,9.0
14,4,19.3,8.19,92.2,1,4.0
2,0,15.4,8.0,129.9,0,5.0
10,2,24.9,6.95,132.4,1,5.0
18,2,38.5,6.79,155.5,2,12.0
15,5,33.3,7.69,149.9,1,7.0
16,4,23.0,7.08,106.9,2,7.0
2,0,32.4,7.16,129.9,0,5.0
4,2,22.1,8.16,111.2,0,7.0
6,1,22.1,7.47,78.4,0,10.0
6,2,44.4,8.01,126.6,0,13.0
4,2,30.9,8.0,146.1,0,11.0
20,9,32.4,7.01,125.0,2,17.0
4,0,24.9,10.45,104.6,0,11.0
15,5,35.9,7.16,113.1,1,3.0
12,3,33.8,5.47,123.4,1,3.0
13,2,39.0,8.41,145.4,1,12.0
5,2,34.0,7.15,126.3,0,8.0
7,4,39.9,8.29,142.7,1,8.0
13,7,36.4,7.89,128.4,1,5.0
6,1,23.3,8.66,134.7,0,7.0
14,3,37.9,8.0,111.2,1,7.0
1,0,32.4,7.73,116.3,0,8.0
2,0,25.8,9.38,104.9,0,12.0
15,5,37.6,5.34,142.0,1,3.0
13,6,32.4,6.41,124.2,1,5.0
1,0,28.1,7.01,129.9,0,3.0
18,4,29.2,5.97,139.6,2,15.0
1,0,20.9,7.42,129.9,0,9.0
20,7,17.6,7.31,113.8,2,6.0
15,3,30.1,9.17,139.6,1,13.0
20,6,38.3,7.89,125.8,2,15.0
19,8,27.4,7.74,87.6,2,8.0
7,1,43.4,7.54,169.1,1,18.0
16,5,30.4,6.74,125.9,2,4.0
5,0,30.4,9.07,134.0,0,4.0
10,3,29.7,9.45,117.5,1,10.0
5,0,39.9,6.55,124.1,0,8.0
10,4,24.3,9.94,133.2,1,8.0
18,6,31.0,7.19,109.1,2,8.0
9,5,27.6,7.1,163.9,1,2.0
2,0,27.5,8.57,146.8,0,4.0
7,2,32.3,8.67,140.3,1,10.0
16,5,31.1,8.0,127.2,2,15.0
11,6,40.4,7.58,114.8,1,8.0
12,4,31.9,9.41,150.6,1,10.0
9,3,36.4,7.25,142.2,1,9.0
6,2,33.4,7.92,122.0,0,5.0
12,7,43.2,10.03,108.3,1,3.0
13,2,29.6,6.4,98.5,1,3.0
18,3,29.6,7.45,130.6,2,9.0
13,1,38.0,8.0,125.0,1,8.0
20,9,29.5,8.63,153.7,2,6.0
17,9,36.0,9.07,149.8,2,15.0
2,1,50.7,6.41,130.8,0,8.0
8,3,24.2,8.39,128.4,1,7.0
8,3,44.3,7.66,107.0,1,8.0
1,0,28.1,10.73,151.2,0,7.0
4,0,42.7,8.97,128.9,0,12.0
16,0,32.4,7.97,142.1,2,18.0
8,3,36.8,8.34,153.5,1,9.0
3,1,30.8,8.07,118.7,0,5.0
6,3,30.0,8.84,113.4,0,6.0
6,4,26.2,6.97,129.9,0,5.0
4,3,32.1,9.64,141.9,0,8.0
3,2,30.5,6.41,124.4,0,6.0
16,5,33.5,8.25,154.8,2,17.0
17,6,20.7,7.01,123.8,2,6.0
10,4,32.2,8.05,136.5,1,7.0
13,3,42.1,9.19,118.6,1,6.0
19,4,39.6,5.95,129.7,2,7.0
17,1,32.2,7.8,124.5,2,12.0
1,0,52.5,6.27,115.0,0,14.0
20,5,27.4,7.66,134.9,2,15.0
2,0,31.3,6.27,117.2,0,7.0
1,0,20.4,8.19,141.5,0,4.0
9,9,28.8,7.49,123.9,1,1.0
15,2,46.3,8.0,95.6,1,14.0
2,2,29.1,9.47,129.9,0,7.0
6,1,19.8,8.01,142.8,0,9.0
6,2,39.0,9.07,175.1,0,13.0
8,4,35.1,9.66,130.4,1,5.0
20,6,32.4,6.89,133.7,2,14.0
7,4,29.6,9.72,139.6,1,16.0
5,2,23.9,7.96,150.4,0,10.0
3,2,30.5,6.83,149.1,0,7.0
4,1,36.4,8.36,136.4,0,7.0
3,1,31.4,7.91,129.3,0,11.0
12,5,35.1,6.31,146.9,1,6.0
9,2,27.7,6.68,128.5,1,3.0
10,6,35.4,9.96,104.2,1,5.0
17,5,32.0,8.33,100.0,2,13.0
12,2,26.4,9.78,124.1,1,9.0
4,2,33.1,7.5,132.4,0,3.0
8,2,32.4,7.04,179.4,1,6.0
7,2,36.9,5.98,127.6,1,8.0
17,6,39.0,9.16,130.9,2,15.0
7,1,32.4,8.49,121.9,1,9.0
3,1,18.9,7.51,142.4,0,7.0
15,4,24.3,7.05,135.6,1,11.0
9,1,26.9,9.35,117.2,1,10.0
2,0,25.6,7.79,109.8,0,11.0
14,0,27.7,7.8,122.0,1,8.0
5,2,39.4,7.28,113.1,0,10.0
18,8,37.6,7.51,129.9,2,18.0
17,4,28.6,8.66,132.8,2,15.0
8,2,36.7,6.3,120.0,1,6.0
12,4,34.6,8.1,159.1,1,8.0
12,3,31.7,8.0,153.2,1,7.0
14,3,41.2,7.9,125.4,1,8.0
2,0,26.7,9.27,110.7,0,8.0
7,2,32.4,9.61,129.4,1,7.0
4,0,23.6,9.08,127.3,0,5.0
14,1,24.0,7.36,128.7,1,12.0
2,0,21.1,7.96,122.0,0,9.0
11,4,24.1,8.41,109.0,1,10.0
15,1,32.7,7.44,130.7,1,8.0
19,3,29.6,7.4,123.0,2,16.0
6,0,32.4,7.32,124.8,0,9.0
1,0,29.6,11.05,131.9,0,13.0
15,2,46.2,7.67,128.6,1,7.0
1,0,22.9,9.28,131.4,0,14.0
2,0,22.0,6.96,122.1,0,9.0
20,5,25.2,10.04,129.9,2,18.0
18,9,31.4,7.55,129.9,2,8.0
15,2,36.1,8.0,129.9,1,11.0
17,3,36.9,5.8,112.2,2,16.0
2,0,39.6,9.34,129.9,0,8.0
2,3,31.1,9.6,104.2,0,7.0
7,1,28.8,6.58,96.1,1,8.0
1,1,45.1,9.41,140.1,0,15.0
18,9,10.0,6.4,155.5,2,7.0
2,0,32.4,8.76,141.2,0,13.0
11,1,35.4,7.65,120.3,1,7.0
18,4,47.0,9.6,95.7,2,18.0
15,6,18.7,8.3,133.8,1,10.0
5,4,28.6,9.12,97.9,0,7.0
10,2,21.1,9.49,128.3,1,10.0
11,5,17.6,7.65,114.0,1,6.0
16,6,30.4,7.97,84.4,2,9.0
9,4,32.4,6.67,159.6,1,4.0
6,2,41.6,7.64,104.9,0,13.0
16,3,27.7,10.31,122.9,2,7.0
18,9,37.3,8.91,127.4,2,7.0
10,3,30.4,6.75,120.6,1,7.0
1,0,36.5,9.96,139.3,0,12.0
11,2,41.2,8.47,115.2,1,9.0
18,5,30.4,9.0,137.6,2,18.0
20,9,40.6,8.59,136.4,2,11.0
9,2,22.3,8.5,102.4,1,6.0
4,0,37.3,5.6,134.7,0,5.0
12,5,40.3,9.33,108.9,1,11.0
17,3,39.4,5.29,106.7,2,15.0
19,9,22.5,9.22,135.8,2,8.0
2,0,30.4,8.12,121.8,0,8.0
6,3,34.4,9.0,137.5,0,13.0
10,3,35.5,8.19,137.6,1,7.0
2,0,32.9,9.25,101.4,0,6.0
18,4,43.4,8.02,144.8,2,14.0
3,1,32.4,8.34,135.7,0,11.0
14,8,30.1,8.49,118.3,1,5.0
19,1,18.5,10.25,127.3,2,13.0
14,3,37.0,8.72,145.4,1,12.0
16,5,36.4,6.42,123.6,2,10.0
6,1,58.8,7.32,172.3,0,9.0
17,4,40.2,8.72,159.8,2,16.0
9,1,34.7,9.51,132.3,1,9.0
2,2,34.0,7.13,125.4,0,2.0
8,1,29.5,10.69,126.3,1,14.0
7,2,33.0,8.21,118.0,1,6.0
11,3,34.2,8.5,132.5,1,6.0
6,1,16.3,6.5,143.8,0,1.0
10,3,33.6,9.34,129.9,1,12.0
9,3,32.8,7.47,142.9,1,6.0
7,1,46.0,7.1,148.7,1,10.0
14,3,30.9,7.62,141.4,1,6.0
7,0,25.9,9.66,127.4,1,9.0
16,4,34.1,8.56,129.9,2,14.0
6,4,32.6,6.93,156.0,0,6.0
18,5,32.4,7.36,128.8,2,6.0
8,2,21.8,9.69,130.5,1,6.0
1,0,30.8,8.0,172.7,0,10.0
3,1,27.4,8.67,136.1,0,12.0
17,7,30.3,8.97,129.9,2,9.0
18,4,37.9,3.9,147.5,2,4.0
5,0,26.6,9.52,138.0,0,17.0
13,8,30.2,6.98,116.9,1,3.0
12,2,36.3,7.57,107.9,1,11.0
3,0,29.8,9.85,134.8,0,10.0
10,1,52.9,9.74,128.8,1,20.0
14,5,34.0,8.59,105.1,1,12.0
20,6,22.1,8.87,128.2,2,14.0
17,2,25.3,9.17,127.0,2,14.0
2,1,24.5,9.72,128.8,0,14.0
5,1,25.4,9.87,139.8,0,17.0
9,4,36.3,8.13,94.8,1,7.0
4,1,23.1,7.12,107.8,0,8.0
12,3,29.4,7.69,120.3,1,5.0
1,0,41.1,8.15,156.5,0,5.0
3,3,27.8,7.94,177.4,0,8.0
1,1,37.4,6.79,130.1,0,8.0
6,2,18.5,8.52,130.9,0,4.0
16,7,29.0,6.12,81.1,2,8.0
4,5,24.9,8.1,148.1,0,3.0
20,7,34.4,8.0,139.0,2,14.0
6,1,23.7,8.14,135.7,0,8.0
1,0,48.6,9.02,105.1,0,11.0
7,1,18.9,8.86,169.6,1,9.0
15,7,41.1,10.67,160.4,1,8.0
3,1,39.0,7.38,129.9,0,9.0
2,2,34.5,8.34,149.8,0,7.0
17,8,32.4,8.26,131.0,2,12.0
12,2,46.8,8.2,129.9,1,8.0
7,2,51.8,6.48,103.9,1,8.0
16,3,30.3,6.58,84.5,2,11.0
17,6,33.3,8.01,104.6,2,9.0
8,3,27.6,6.11,113.9,1,5.0
12,3,22.6,7.6,117.1,1,4.0
1,0,35.7,7.22,139.0,0,11.0
7,2,34.0,7.64,124.9,1,8.0
12,5,19.1,9.36,129.9,1,8.0
4,1,35.6,6.71,106.3,0,7.0
20,9,34.3,9.04,104.6,2,11.0
20,4,27.2,7.31,130.8,2,7.0
6,0,26.7,7.46,119.2,0,15.0
8,2,35.4,8.56,129.9,1,15.0
4,3,44.9,7.67,140.9,0,9.0
11,8,35.2,6.93,162.8,1,13.0
3,0,38.2,7.56,129.6,0,7.0
8,1,25.3,5.87,166.3,1,8.0
12,1,28.7,8.46,138.1,1,10.0
13,5,36.9,4.28,129.9,1,8.0
12,3,21.1,9.07,151.1,1,10.0
5,1,33.7,8.74,144.4,0,18.0
16,3,35.9,9.92,114.0,2,7.0
14,1,32.4,10.62,151.7,1,10.0
16,8,34.6,9.12,129.9,2,8.0
10,2,32.5,7.25,136.0,1,10.0
18,5,27.0,10.61,132.7,2,15.0
8,3,22.6,6.57,152.9,1,4.0
17,5,31.3,5.72,137.9,2,7.0
5,4,42.4,10.22,102.3,0,9.0
5,4,40.2,8.72,171.8,0,10.0
11,4,29.2,5.75,146.7,1,6.0
12,2,29.1,6.37,119.0,1,6.0
15,9,32.4,8.66,107.3,1,7.0
6,1,28.5,6.96,129.9,0,10.0
18,6,34.3,7.13,109.6,2,11.0
7,4,40.5,10.36,146.0,1,5.0
11,4,50.1,10.58,151.4,1,15.0
19,9,25.4,8.18,117.0,2,17.0
11,3,37.2,8.0,115.2,1,6.0
14,6,36.3,9.08,120.6,1,6.0
19,8,29.4,7.33,110.2,2,8.0
20,5,23.8,5.32,134.6,2,12.0
10,2,32.4,4.69,137.4,1,5.0
9,4,49.0,7.91,144.5,1,15.0
4,0,34.2,9.06,113.3,0,14.0
11,4,25.7,8.02,146.8,1,4.0
19,4,30.7,8.97,110.2,2,10.0
10,1,22.9,9.09,146.8,1,13.0
7,1,32.1,9.66,100.3,1,10.0
3,1,37.5,8.22,161.4,0,14.0
8,1,26.5,8.33,119.6,1,10.0
5,4,10.0,7.96,142.0,0,7.0
20,7,34.2,7.69,143.6,2,10.0
11,2,28.0,6.11,104.6,1,6.0
3,3,26.0,9.41,146.7,0,10.0
2,0,25.9,7.54,119.0,0,9.0
18,2,35.2,7.47,123.9,2,12.0
19,1,28.7,7.35,116.6,2,7.0
16,1,39.4,6.39,129.9,2,16.0
3,0,39.6,7.9,106.6,0,9.0
2,0,29.8,8.62,138.6,0,10.0
4,1,27.8,7.15,117.5,0,9.0
16,4,33.0,9.25,151.8,2,12.0
16,4,30.8,7.56,176.4,2,13.0
17,9,18.0,6.16,117.4,2,7.0
2,0,47.3,9.65,132.8,0,22.0
4,1,37.7,8.24,122.3,0,13.0
19,6,28.3,8.0,129.9,2,10.0
19,7,16.7,9.06,125.0,2,11.0
15,5,30.6,6.86,148.1,1,14.0
3,1,27.3,7.37,122.0,0,7.0
2,0,31.5,9.24,174.9,0,16.0
2,0,14.7,8.0,86.2,0,4.0
14,6,28.2,8.08,137.5,1,10.0
17,9,28.7,7.25,129.8,2,15.0
13,3,30.5,10.02,129.1,1,13.0
6,2,30.1,7.25,135.7,0,10.0
16,6,32.4,8.39,131.2,2,14.0
2,0,44.2,8.0,134.4,0,7.0
17,4,27.9,8.32,138.2,2,13.0
18,7,24.7,6.87,165.0,2,11.0
15,4,18.2,7.55,74.7,1,7.0
18,5,27.9,7.25,166.9,2,9.0
12,4,20.8,8.79,181.2,1,7.0
10,0,39.7,8.2,95.0,1,11.0
7,2,32.4,9.06,131.0,1,10.0
19,9,39.5,7.01,157.4,2,13.0
14,5,43.7,7.75,148.4,1,9.0
4,2,25.1,8.75,163.5,0,20.0
20,9,29.2,9.03,137.4,2,11.0
2,0,42.7,6.27,89.3,0,8.0
12,0,33.5,8.38,156.1,1,11.0
4,1,36.2,7.02,142.7,0,6.0
14,4,40.3,9.09,159.3,1,12.0
9,0,39.2,10.23,129.9,1,15.0
9,1,35.3,4.87,105.7,1,6.0
14,5,43.2,7.21,130.3,1,10.0
16,4,31.5,8.32,156.7,2,15.0
8,0,32.4,8.0,162.2,1,14.0
20,8,30.6,9.13,115.5,2,8.0
10,4,40.2,8.09,121.9,1,8.0
4,3,26.4,7.36,187.4,0,9.0
1,1,18.5,6.78,118.9,0,4.0
5,0,37.2,6.57,143.5,0,10.0
14,7,23.8,8.0,121.0,1,3.0
11,2,23.0,7.32,129.9,1,7.0
7,1,42.1,8.46,112.7,1,6.0
10,2,39.7,7.81,113.2,1,13.0
17,5,29.3,7.22,122.6,2,7.0
12,6,10.0,6.79,119.1,1,2.0
2,1,36.3,7.16,123.9,0,10.0
1,1,37.3,7.32,140.5,0,5.0
10,3,36.1,7.1,167.8,1,12.0
9,2,35.8,8.81,118.2,1,11.0
18,7,30.5,9.64,110.2,2,10.0
12,9,28.7,6.59,130.2,1,9.0
16,4,23.2,9.34,113.0,2,8.0
12,4,26.4,8.83,97.3,1,6.0
7,1,34.6,8.22,151.3,1,6.0
14,3,34.7,9.83,131.6,1,12.0
13,3,38.3,8.0,133.6,1,12.0
15,3,20.7,8.48,91.5,1,8.0
4,1,18.7,8.15,118.3,0,9.0
13,3,29.0,8.06,101.7,1,9.0
6,2,23.8,8.55,129.6,0,8.0
16,4,33.5,8.06,132.7,2,7.0
16,4,21.5,8.56,132.7,2,9.0
13,1,41.4,7.2,116.7,1,8.0
19,6,25.4,7.23,112.9,2,6.0
11,3,44.7,7.19,126.1,1,7.0
1,1,36.2,7.56,137.1,0,4.0
13,4,23.6,9.22,118.4,1,4.0
16,2,48.8,7.45,111.3,2,11.0
3,0,34.1,8.78,112.1,0,6.0
3,0,33.3,8.32,116.8,0,11.0
6,2,31.5,7.47,120.9,0,11.0
17,9,35.7,8.0,108.0,2,11.0
11,3,36.2,8.88,121.1,1,14.0
20,6,25.1,8.0,154.7,2,7.0
18,3,32.4,7.9,124.1,2,16.0
12,3,32.9,8.11,105.2,1,6.0
14,2,36.7,6.16,84.8,1,4.0
7,6,36.8,7.01,166.7,1,12.0
2,0,33.3,8.56,152.8,0,13.0
8,2,27.6,6.1,135.7,1,14.0
12,2,27.2,7.1,153.3,1,10.0
4,2,22.5,7.53,140.6,0,9.0
5,4,36.7,11.48,128.5,0,16.0
1,0,27.1,8.81,105.2,0,8.0
15,2,30.5,9.32,129.9,1,16.0
18,5,33.9,8.0,121.3,2,13.0
17,5,32.0,8.43,122.4,2,12.0
8,3,32.0,5.89,130.7,1,3.0
12,4,24.8,7.6,131.1,1,5.0
20,6,34.2,8.61,141.5,2,16.0
12,4,29.5,6.3,139.2,1,5.0
6,1,31.3,8.47,118.5,0,17.0
7,1,41.3,8.57,130.5,1,7.0
15,7,36.0,8.0,140.9,1,8.0
9,6,32.4,7.0,116.8,1,2.0
17,6,30.8,7.14,158.9,2,10.0
18,3,44.8,7.58,129.6,2,14.0
1,0,29.5,7.62,162.0,0,15.0
15,8,32.3,8.61,129.9,1,3.0
8,2,37.3,7.36,143.1,1,7.0
11,1,33.7,9.92,112.2,1,9.0
6,0,29.0,9.91,117.3,0,15.0
8,4,26.1,8.28,148.1,1,7.0
7,2,31.9,7.59,125.4,1,10.0
2,0,37.3,7.36,181.9,0,15.0
16,5,42.6,8.38,140.4,2,7.0
3,0,20.3,8.59,129.9,0,9.0
8,3,46.1,7.76,129.9,1,5.0
4,1,29.7,7.53,125.3,0,13.0
4,0,39.4,8.42,146.6,0,16.0
8,0,26.1,8.08,124.1,1,12.0
19,4,19.1,7.31,138.1,2,14.0
19,5,21.5,8.14,134.0,2,10.0
8,2,29.4,7.27,131.6,1,10.0
11,4,36.2,7.1,150.8,1,12.0
20,9,32.2,7.99,93.9,2,5.0
5,0,30.0,7.31,132.0,0,9.0
19,6,40.9,7.12,116.0,2,16.0
3,0,32.0,9.25,103.0,0,9.0
5,2,34.2,7.53,113.2,0,10.0
7,2,56.9,10.21,117.6,1,14.0
1,1,31.9,8.75,125.3,0,7.0
17,3,26.4,7.02,136.7,2,14.0
18,5,35.8,9.39,140.8,2,13.0
8,2,37.9,8.0,121.8,1,5.0
17,0,34.4,10.37,161.7,2,16.0
16,7,33.3,8.0,122.6,2,9.0
17,8,43.9,8.65,91.1,2,12.0
17,6,42.9,8.04,123.1,2,13.0
12,2,31.1,8.32,130.9,1,6.0
3,0,26.9,8.0,64.5,0,7.0
19,5,35.4,6.89,154.1,2,12.0
13,9,26.8,8.41,128.0,1,7.0
19,7,39.1,9.23,107.0,2,11.0
20,4,35.4,6.57,110.8,2,13.0
4,0,53.4,9.85,145.2,0,18.0
9,2,43.8,8.72,147.7,1,10.0
4,0,23.4,7.48,117.0,0,9.0
2,2,27.8,7.45,102.9,0,14.0
20,8,16.7,10.24,132.6,2,19.0
19,9,14.9,9.13,136.3,2,14.0
19,8,32.9,9.37,141.3,2,12.0
18,3,22.5,7.7,118.7,2,14.0
13,4,45.1,8.67,127.6,1,5.0
11,6,41.3,8.42,129.9,1,15.0
20,7,29.8,7.79,129.9,2,13.0
12,1,29.4,8.13,156.6,1,9.0
13,1,43.9,9.33,162.0,1,13.0
5,2,45.7,9.92,156.0,0,11.0
15,3,24.5,7.7,166.3,1,9.0
17,6,23.5,8.0,150.3,2,5.0
14,6,29.6,9.97,118.2,1,9.0
10,4,35.4,9.99,160.7,1,8.0
